solid ascii
  facet normal 7.088549e-16 -2.383145e-15 1.000000e+00
    outer loop
      vertex   4.435419e+01 4.826082e+00 8.000000e+00
      vertex   4.285938e+01 5.837288e+00 8.000000e+00
      vertex   4.029685e+01 5.075073e+00 8.000000e+00
    endloop
  endfacet
  facet normal 0.000000e+00 0.000000e+00 1.000000e+00
    outer loop
      vertex   4.285938e+01 5.837288e+00 8.000000e+00
      vertex   4.036029e+01 6.490007e+00 8.000000e+00
      vertex   4.029685e+01 5.075073e+00 8.000000e+00
    endloop
  endfacet
  facet normal -8.442931e-16 3.785772e-17 1.000000e+00
    outer loop
      vertex   4.029685e+01 5.075073e+00 8.000000e+00
      vertex   4.036029e+01 6.490007e+00 8.000000e+00
      vertex   3.619633e+01 5.270874e+00 8.000000e+00
    endloop
  endfacet
  facet normal 8.239756e-16 -5.660127e-15 1.000000e+00
    outer loop
      vertex   4.036029e+01 6.490007e+00 8.000000e+00
      vertex   3.780431e+01 6.117918e+00 8.000000e+00
      vertex   3.619633e+01 5.270874e+00 8.000000e+00
    endloop
  endfacet
  facet normal 1.572115e-02 2.561783e-01 9.665017e-01
    outer loop
      vertex   4.435419e+01 4.826082e+00 8.000000e+00
      vertex   4.029685e+01 5.075073e+00 8.000000e+00
      vertex   4.432101e+01 4.331075e+00 8.131745e+00
    endloop
  endfacet
  facet normal 1.559685e-02 2.555364e-01 9.666736e-01
    outer loop
      vertex   4.029685e+01 5.075073e+00 8.000000e+00
      vertex   4.026960e+01 4.580871e+00 8.131080e+00
      vertex   4.432101e+01 4.331075e+00 8.131745e+00
    endloop
  endfacet
  facet normal 4.310598e-02 7.010243e-01 7.118334e-01
    outer loop
      vertex   4.432101e+01 4.331075e+00 8.131745e+00
      vertex   4.026960e+01 4.580871e+00 8.131080e+00
      vertex   4.429657e+01 3.966497e+00 8.492267e+00
    endloop
  endfacet
  facet normal 4.276348e-02 6.996091e-01 7.132450e-01
    outer loop
      vertex   4.026960e+01 4.580871e+00 8.131080e+00
      vertex   4.024949e+01 4.216229e+00 8.489956e+00
      vertex   4.429657e+01 3.966497e+00 8.492267e+00
    endloop
  endfacet
  facet normal 5.915570e-02 9.611513e-01 2.696086e-01
    outer loop
      vertex   4.429657e+01 3.966497e+00 8.492267e+00
      vertex   4.024949e+01 4.216229e+00 8.489956e+00
      vertex   4.428731e+01 3.828411e+00 8.986571e+00
    endloop
  endfacet
  facet normal 5.867391e-02 9.602693e-01 2.728372e-01
    outer loop
      vertex   4.024949e+01 4.216229e+00 8.489956e+00
      vertex   4.024180e+01 4.076742e+00 8.982545e+00
      vertex   4.428731e+01 3.828411e+00 8.986571e+00
    endloop
  endfacet
  facet normal 1.221087e-02 2.557230e-01 9.666730e-01
    outer loop
      vertex   4.029685e+01 5.075073e+00 8.000000e+00
      vertex   3.619633e+01 5.270874e+00 8.000000e+00
      vertex   4.026960e+01 4.580871e+00 8.131080e+00
    endloop
  endfacet
  facet normal 1.204722e-02 2.548035e-01 9.669178e-01
    outer loop
      vertex   3.619633e+01 5.270874e+00 8.000000e+00
      vertex   3.617670e+01 4.777978e+00 8.130133e+00
      vertex   4.026960e+01 4.580871e+00 8.131080e+00
    endloop
  endfacet
  facet normal 3.355136e-02 7.001143e-01 7.132421e-01
    outer loop
      vertex   4.026960e+01 4.580871e+00 8.131080e+00
      vertex   3.617670e+01 4.777978e+00 8.130133e+00
      vertex   4.024949e+01 4.216229e+00 8.489956e+00
    endloop
  endfacet
  facet normal 3.309335e-02 6.980817e-01 7.152530e-01
    outer loop
      vertex   3.617670e+01 4.777978e+00 8.130133e+00
      vertex   3.616218e+01 4.413367e+00 8.486663e+00
      vertex   4.024949e+01 4.216229e+00 8.489956e+00
    endloop
  endfacet
  facet normal 4.612853e-02 9.609542e-01 2.728353e-01
    outer loop
      vertex   4.024949e+01 4.216229e+00 8.489956e+00
      vertex   3.616218e+01 4.413367e+00 8.486663e+00
      vertex   4.024180e+01 4.076742e+00 8.982545e+00
    endloop
  endfacet
  facet normal 4.546254e-02 9.596666e-01 2.774403e-01
    outer loop
      vertex   3.616218e+01 4.413367e+00 8.486663e+00
      vertex   3.615655e+01 4.271935e+00 8.976798e+00
      vertex   4.024180e+01 4.076742e+00 8.982545e+00
    endloop
  endfacet
  facet normal 2.513588e-01 3.266951e-01 9.110922e-01
    outer loop
      vertex   4.478671e+01 4.661684e+00 7.983371e+00
      vertex   4.518823e+01 4.507175e+00 7.927999e+00
      vertex   4.302773e+01 6.180954e+00 7.923880e+00
    endloop
  endfacet
  facet normal 3.380596e-01 4.384152e-01 8.327712e-01
    outer loop
      vertex   4.518823e+01 4.507175e+00 7.927999e+00
      vertex   4.543431e+01 4.720952e+00 7.715561e+00
      vertex   4.302773e+01 6.180954e+00 7.923880e+00
    endloop
  endfacet
  facet normal 3.426801e-01 4.469518e-01 8.263198e-01
    outer loop
      vertex   4.302773e+01 6.180954e+00 7.923880e+00
      vertex   4.543431e+01 4.720952e+00 7.715561e+00
      vertex   4.317044e+01 6.472301e+00 7.707107e+00
    endloop
  endfacet
  facet normal 5.075408e-01 6.587498e-01 5.553837e-01
    outer loop
      vertex   4.543431e+01 4.720952e+00 7.715561e+00
      vertex   4.560267e+01 4.867207e+00 7.388233e+00
      vertex   4.317044e+01 6.472301e+00 7.707107e+00
    endloop
  endfacet
  facet normal 5.096296e-01 6.634062e-01 5.478776e-01
    outer loop
      vertex   4.317044e+01 6.472301e+00 7.707107e+00
      vertex   4.560267e+01 4.867207e+00 7.388233e+00
      vertex   4.326580e+01 6.666973e+00 7.382683e+00
    endloop
  endfacet
  facet normal 5.641166e-01 7.336323e-01 3.788880e-01
    outer loop
      vertex   4.560267e+01 4.867207e+00 7.388233e+00
      vertex   4.560442e+01 4.868727e+00 7.382683e+00
      vertex   4.326580e+01 6.666973e+00 7.382683e+00
    endloop
  endfacet
  facet normal 5.983011e-01 7.780893e-01 1.913446e-01
    outer loop
      vertex   4.326580e+01 6.666973e+00 7.382683e+00
      vertex   4.560442e+01 4.868727e+00 7.382683e+00
      vertex   4.329929e+01 6.735332e+00 7.000000e+00
    endloop
  endfacet
  facet normal 5.983011e-01 7.780893e-01 1.913446e-01
    outer loop
      vertex   4.560442e+01 4.868727e+00 7.382683e+00
      vertex   4.566188e+01 4.918649e+00 7.000000e+00
      vertex   4.329929e+01 6.735332e+00 7.000000e+00
    endloop
  endfacet
  facet normal 5.026396e-02 1.924477e-01 9.800191e-01
    outer loop
      vertex   4.036029e+01 6.490007e+00 8.000000e+00
      vertex   4.285938e+01 5.837288e+00 8.000000e+00
      vertex   4.038150e+01 6.872102e+00 7.923880e+00
    endloop
  endfacet
  facet normal 5.026396e-02 1.924477e-01 9.800191e-01
    outer loop
      vertex   4.285938e+01 5.837288e+00 8.000000e+00
      vertex   4.302773e+01 6.180954e+00 7.923880e+00
      vertex   4.038150e+01 6.872102e+00 7.923880e+00
    endloop
  endfacet
  facet normal 1.423515e-01 5.450270e-01 8.262455e-01
    outer loop
      vertex   4.038150e+01 6.872102e+00 7.923880e+00
      vertex   4.302773e+01 6.180954e+00 7.923880e+00
      vertex   4.039948e+01 7.196027e+00 7.707107e+00
    endloop
  endfacet
  facet normal 1.423515e-01 5.450270e-01 8.262455e-01
    outer loop
      vertex   4.302773e+01 6.180954e+00 7.923880e+00
      vertex   4.317044e+01 6.472301e+00 7.707107e+00
      vertex   4.039948e+01 7.196027e+00 7.707107e+00
    endloop
  endfacet
  facet normal 2.114087e-01 8.094293e-01 5.478417e-01
    outer loop
      vertex   4.039948e+01 7.196027e+00 7.707107e+00
      vertex   4.317044e+01 6.472301e+00 7.707107e+00
      vertex   4.041150e+01 7.412466e+00 7.382683e+00
    endloop
  endfacet
  facet normal 2.114087e-01 8.094293e-01 5.478417e-01
    outer loop
      vertex   4.317044e+01 6.472301e+00 7.707107e+00
      vertex   4.326580e+01 6.666973e+00 7.382683e+00
      vertex   4.041150e+01 7.412466e+00 7.382683e+00
    endloop
  endfacet
  facet normal 2.480361e-01 9.496659e-01 1.913446e-01
    outer loop
      vertex   4.041150e+01 7.412466e+00 7.382683e+00
      vertex   4.326580e+01 6.666973e+00 7.382683e+00
      vertex   4.041572e+01 7.488470e+00 7.000000e+00
    endloop
  endfacet
  facet normal 2.480361e-01 9.496659e-01 1.913446e-01
    outer loop
      vertex   4.326580e+01 6.666973e+00 7.382683e+00
      vertex   4.329929e+01 6.735332e+00 7.000000e+00
      vertex   4.041572e+01 7.488470e+00 7.000000e+00
    endloop
  endfacet
  facet normal -2.865344e-02 1.968288e-01 9.800191e-01
    outer loop
      vertex   3.780431e+01 6.117918e+00 8.000000e+00
      vertex   4.036029e+01 6.490007e+00 8.000000e+00
      vertex   3.767504e+01 6.478107e+00 7.923880e+00
    endloop
  endfacet
  facet normal -2.865344e-02 1.968288e-01 9.800191e-01
    outer loop
      vertex   4.036029e+01 6.490007e+00 8.000000e+00
      vertex   4.038150e+01 6.872102e+00 7.923880e+00
      vertex   3.767504e+01 6.478107e+00 7.923880e+00
    endloop
  endfacet
  facet normal -8.114880e-02 5.574346e-01 8.262455e-01
    outer loop
      vertex   3.767504e+01 6.478107e+00 7.923880e+00
      vertex   4.038150e+01 6.872102e+00 7.923880e+00
      vertex   3.756545e+01 6.783460e+00 7.707107e+00
    endloop
  endfacet
  facet normal -8.114880e-02 5.574346e-01 8.262455e-01
    outer loop
      vertex   4.038150e+01 6.872102e+00 7.923880e+00
      vertex   4.039948e+01 7.196027e+00 7.707107e+00
      vertex   3.756545e+01 6.783460e+00 7.707107e+00
    endloop
  endfacet
  facet normal -1.205155e-01 8.278559e-01 5.478417e-01
    outer loop
      vertex   3.756545e+01 6.783460e+00 7.707107e+00
      vertex   4.039948e+01 7.196027e+00 7.707107e+00
      vertex   3.749222e+01 6.987491e+00 7.382683e+00
    endloop
  endfacet
  facet normal -1.205155e-01 8.278559e-01 5.478417e-01
    outer loop
      vertex   4.039948e+01 7.196027e+00 7.707107e+00
      vertex   4.041150e+01 7.412466e+00 7.382683e+00
      vertex   3.749222e+01 6.987491e+00 7.382683e+00
    endloop
  endfacet
  facet normal -1.413953e-01 9.712850e-01 1.913446e-01
    outer loop
      vertex   3.749222e+01 6.987491e+00 7.382683e+00
      vertex   4.041150e+01 7.412466e+00 7.382683e+00
      vertex   3.746651e+01 7.059137e+00 7.000000e+00
    endloop
  endfacet
  facet normal -1.413953e-01 9.712850e-01 1.913446e-01
    outer loop
      vertex   4.041150e+01 7.412466e+00 7.382683e+00
      vertex   4.041572e+01 7.488470e+00 7.000000e+00
      vertex   3.746651e+01 7.059137e+00 7.000000e+00
    endloop
  endfacet
  facet normal -5.084995e-01 8.395329e-01 1.913446e-01
    outer loop
      vertex   3.746651e+01 7.059137e+00 7.000000e+00
      vertex   3.491735e+01 5.515127e+00 7.000000e+00
      vertex   3.749222e+01 6.987491e+00 7.382683e+00
    endloop
  endfacet
  facet normal -5.084995e-01 8.395329e-01 1.913446e-01
    outer loop
      vertex   3.491735e+01 5.515127e+00 7.000000e+00
      vertex   3.496893e+01 5.459152e+00 7.382683e+00
      vertex   3.749222e+01 6.987491e+00 7.382683e+00
    endloop
  endfacet
  facet normal -4.791527e-01 7.910814e-01 3.802669e-01
    outer loop
      vertex   3.749222e+01 6.987491e+00 7.382683e+00
      vertex   3.496893e+01 5.459152e+00 7.382683e+00
      vertex   3.497130e+01 5.456581e+00 7.391018e+00
    endloop
  endfacet
  facet normal -4.328985e-01 7.158280e-01 5.478952e-01
    outer loop
      vertex   3.749222e+01 6.987491e+00 7.382683e+00
      vertex   3.497130e+01 5.456581e+00 7.391018e+00
      vertex   3.756545e+01 6.783460e+00 7.707107e+00
    endloop
  endfacet
  facet normal -4.305281e-01 7.085105e-01 5.591587e-01
    outer loop
      vertex   3.497130e+01 5.456581e+00 7.391018e+00
      vertex   3.512458e+01 5.290264e+00 7.719773e+00
      vertex   3.756545e+01 6.783460e+00 7.707107e+00
    endloop
  endfacet
  facet normal -2.825792e-01 4.690189e-01 8.367618e-01
    outer loop
      vertex   3.756545e+01 6.783460e+00 7.707107e+00
      vertex   3.512458e+01 5.290264e+00 7.719773e+00
      vertex   3.534822e+01 5.047590e+00 7.931321e+00
    endloop
  endfacet
  facet normal -2.100095e-01 3.463485e-01 9.142969e-01
    outer loop
      vertex   3.534822e+01 5.047590e+00 7.931321e+00
      vertex   3.575696e+01 5.156007e+00 7.984137e+00
      vertex   3.767504e+01 6.478107e+00 7.923880e+00
    endloop
  endfacet
  facet normal -7.619273e-02 1.554280e-01 9.849045e-01
    outer loop
      vertex   3.575696e+01 5.156007e+00 7.984137e+00
      vertex   3.619633e+01 5.270874e+00 8.000000e+00
      vertex   3.767504e+01 6.478107e+00 7.923880e+00
    endloop
  endfacet
  facet normal -9.179203e-02 1.742519e-01 9.804134e-01
    outer loop
      vertex   3.767504e+01 6.478107e+00 7.923880e+00
      vertex   3.619633e+01 5.270874e+00 8.000000e+00
      vertex   3.780431e+01 6.117918e+00 8.000000e+00
    endloop
  endfacet
  facet normal 9.378183e-02 1.471360e-01 9.846603e-01
    outer loop
      vertex   4.478671e+01 4.661684e+00 7.983371e+00
      vertex   4.302773e+01 6.180954e+00 7.923880e+00
      vertex   4.435419e+01 4.826082e+00 8.000000e+00
    endloop
  endfacet
  facet normal 1.103396e-01 1.631083e-01 9.804187e-01
    outer loop
      vertex   4.302773e+01 6.180954e+00 7.923880e+00
      vertex   4.285938e+01 5.837288e+00 8.000000e+00
      vertex   4.435419e+01 4.826082e+00 8.000000e+00
    endloop
  endfacet
  facet normal -2.932133e-01 4.812253e-01 8.261042e-01
    outer loop
      vertex   3.534822e+01 5.047590e+00 7.931321e+00
      vertex   3.767504e+01 6.478107e+00 7.923880e+00
      vertex   3.756545e+01 6.783460e+00 7.707107e+00
    endloop
  endfacet
  facet normal 4.680468e-02 9.813682e-01 -1.863488e-01
    outer loop
      vertex   3.265496e+01 4.460192e+00 7.198117e+00
      vertex   3.211699e+01 4.454754e+00 7.034361e+00
      vertex   3.390983e+01 4.510218e+00 7.776755e+00
    endloop
  endfacet
  facet normal -2.711096e-02 9.995900e-01 -9.208342e-03
    outer loop
      vertex   3.211699e+01 4.454754e+00 7.034361e+00
      vertex   3.211605e+01 4.454739e+00 7.035510e+00
      vertex   3.390983e+01 4.510218e+00 7.776755e+00
    endloop
  endfacet
  facet normal -1.696251e-01 9.245267e-01 3.412882e-01
    outer loop
      vertex   3.390983e+01 4.510218e+00 7.776755e+00
      vertex   3.211605e+01 4.454739e+00 7.035510e+00
      vertex   3.378254e+01 4.413887e+00 7.974444e+00
    endloop
  endfacet
  facet normal -4.783153e-02 9.906206e-01 1.279958e-01
    outer loop
      vertex   3.211605e+01 4.454739e+00 7.035510e+00
      vertex   3.364855e+01 4.379870e+00 8.187643e+00
      vertex   3.378254e+01 4.413887e+00 7.974444e+00
    endloop
  endfacet
  facet normal -2.177476e-02 9.893143e-01 1.441634e-01
    outer loop
      vertex   3.378254e+01 4.413887e+00 7.974444e+00
      vertex   3.364855e+01 4.379870e+00 8.187643e+00
      vertex   3.506601e+01 4.316342e+00 8.837694e+00
    endloop
  endfacet
  facet normal -3.263701e-01 8.000736e-01 5.033535e-01
    outer loop
      vertex   3.402221e+01 4.662645e+00 7.607341e+00
      vertex   3.384006e+01 4.621530e+00 7.554584e+00
      vertex   3.390983e+01 4.510218e+00 7.776755e+00
    endloop
  endfacet
  facet normal -2.955929e-01 8.137011e-01 5.005151e-01
    outer loop
      vertex   3.384006e+01 4.621530e+00 7.554584e+00
      vertex   3.329286e+01 4.522802e+00 7.391925e+00
      vertex   3.390983e+01 4.510218e+00 7.776755e+00
    endloop
  endfacet
  facet normal -1.938554e-01 9.199034e-01 3.408779e-01
    outer loop
      vertex   3.390983e+01 4.510218e+00 7.776755e+00
      vertex   3.329286e+01 4.522802e+00 7.391925e+00
      vertex   3.265496e+01 4.460192e+00 7.198117e+00
    endloop
  endfacet
  facet normal -2.342306e-01 7.909856e-01 5.652236e-01
    outer loop
      vertex   3.528047e+01 4.671998e+00 8.118354e+00
      vertex   3.390983e+01 4.510218e+00 7.776755e+00
      vertex   3.518037e+01 4.412631e+00 8.439836e+00
    endloop
  endfacet
  facet normal -1.223540e-01 9.209466e-01 3.699822e-01
    outer loop
      vertex   3.390983e+01 4.510218e+00 7.776755e+00
      vertex   3.378254e+01 4.413887e+00 7.974444e+00
      vertex   3.518037e+01 4.412631e+00 8.439836e+00
    endloop
  endfacet
  facet normal -7.082567e-02 9.739636e-01 2.153570e-01
    outer loop
      vertex   3.518037e+01 4.412631e+00 8.439836e+00
      vertex   3.378254e+01 4.413887e+00 7.974444e+00
      vertex   3.506601e+01 4.316342e+00 8.837694e+00
    endloop
  endfacet
  facet normal -2.653320e-01 4.677076e-01 8.431183e-01
    outer loop
      vertex   3.528047e+01 4.671998e+00 8.118354e+00
      vertex   3.534822e+01 5.047590e+00 7.931321e+00
      vertex   3.390983e+01 4.510218e+00 7.776755e+00
    endloop
  endfacet
  facet normal -3.536244e-01 8.140049e-01 4.608099e-01
    outer loop
      vertex   3.534822e+01 5.047590e+00 7.931321e+00
      vertex   3.439093e+01 4.756737e+00 7.710482e+00
      vertex   3.390983e+01 4.510218e+00 7.776755e+00
    endloop
  endfacet
  facet normal -3.420388e-01 8.000264e-01 4.929171e-01
    outer loop
      vertex   3.390983e+01 4.510218e+00 7.776755e+00
      vertex   3.439093e+01 4.756737e+00 7.710482e+00
      vertex   3.402221e+01 4.662645e+00 7.607341e+00
    endloop
  endfacet
  facet normal -1.173751e-02 9.999168e-01 5.354125e-03
    outer loop
      vertex   3.265496e+01 4.460192e+00 7.198117e+00
      vertex   3.211794e+01 4.454771e+00 7.033211e+00
      vertex   3.211699e+01 4.454754e+00 7.034361e+00
    endloop
  endfacet
  facet normal 2.192162e-02 9.992147e-01 3.300752e-02
    outer loop
      vertex   3.211794e+01 4.454771e+00 7.033211e+00
      vertex   3.210682e+01 4.455128e+00 7.029785e+00
      vertex   3.211699e+01 4.454754e+00 7.034361e+00
    endloop
  endfacet
  facet normal 2.255459e-02 9.992460e-01 3.160191e-02
    outer loop
      vertex   3.211699e+01 4.454754e+00 7.034361e+00
      vertex   3.210682e+01 4.455128e+00 7.029785e+00
      vertex   3.211605e+01 4.454739e+00 7.035510e+00
    endloop
  endfacet
  facet normal 2.334620e-02 9.992674e-01 3.032653e-02
    outer loop
      vertex   3.210682e+01 4.455128e+00 7.029785e+00
      vertex   3.211510e+01 4.454726e+00 7.036660e+00
      vertex   3.211605e+01 4.454739e+00 7.035510e+00
    endloop
  endfacet
  facet normal 2.499615e-02 9.991854e-01 3.168137e-02
    outer loop
      vertex   3.211510e+01 4.454726e+00 7.036660e+00
      vertex   3.364855e+01 4.379870e+00 8.187643e+00
      vertex   3.211605e+01 4.454739e+00 7.035510e+00
    endloop
  endfacet
  facet normal -1.020696e-01 2.577356e-01 9.608091e-01
    outer loop
      vertex   3.619633e+01 5.270874e+00 8.000000e+00
      vertex   3.575696e+01 5.156007e+00 7.984137e+00
      vertex   3.617670e+01 4.777978e+00 8.130133e+00
    endloop
  endfacet
  facet normal -1.535739e-03 3.587849e-01 9.334190e-01
    outer loop
      vertex   3.575696e+01 5.156007e+00 7.984137e+00
      vertex   3.571932e+01 4.721567e+00 8.151064e+00
      vertex   3.617670e+01 4.777978e+00 8.130133e+00
    endloop
  endfacet
  facet normal -5.361487e-02 6.992239e-01 7.128895e-01
    outer loop
      vertex   3.617670e+01 4.777978e+00 8.130133e+00
      vertex   3.571932e+01 4.721567e+00 8.151064e+00
      vertex   3.616218e+01 4.413367e+00 8.486663e+00
    endloop
  endfacet
  facet normal 1.030439e-02 7.432315e-01 6.689549e-01
    outer loop
      vertex   3.571932e+01 4.721567e+00 8.151064e+00
      vertex   3.566530e+01 4.411710e+00 8.496158e+00
      vertex   3.616218e+01 4.413367e+00 8.486663e+00
    endloop
  endfacet
  facet normal 2.094724e-03 9.607908e-01 2.772663e-01
    outer loop
      vertex   3.616218e+01 4.413367e+00 8.486663e+00
      vertex   3.566530e+01 4.411710e+00 8.496158e+00
      vertex   3.615655e+01 4.271935e+00 8.976798e+00
    endloop
  endfacet
  facet normal 2.351040e-02 9.661428e-01 2.569344e-01
    outer loop
      vertex   3.566530e+01 4.411710e+00 8.496158e+00
      vertex   3.560669e+01 4.293990e+00 8.944182e+00
      vertex   3.615655e+01 4.271935e+00 8.976798e+00
    endloop
  endfacet
  facet normal -2.142003e-01 3.664623e-01 9.054411e-01
    outer loop
      vertex   3.575696e+01 5.156007e+00 7.984137e+00
      vertex   3.534822e+01 5.047590e+00 7.931321e+00
      vertex   3.571932e+01 4.721567e+00 8.151064e+00
    endloop
  endfacet
  facet normal -1.175270e-01 4.595746e-01 8.803287e-01
    outer loop
      vertex   3.534822e+01 5.047590e+00 7.931321e+00
      vertex   3.528047e+01 4.671998e+00 8.118354e+00
      vertex   3.571932e+01 4.721567e+00 8.151064e+00
    endloop
  endfacet
  facet normal -1.329490e-01 7.477228e-01 6.505653e-01
    outer loop
      vertex   3.571932e+01 4.721567e+00 8.151064e+00
      vertex   3.528047e+01 4.671998e+00 8.118354e+00
      vertex   3.566530e+01 4.411710e+00 8.496158e+00
    endloop
  endfacet
  facet normal -6.971888e-02 7.868897e-01 6.131426e-01
    outer loop
      vertex   3.528047e+01 4.671998e+00 8.118354e+00
      vertex   3.518037e+01 4.412631e+00 8.439836e+00
      vertex   3.566530e+01 4.411710e+00 8.496158e+00
    endloop
  endfacet
  facet normal -2.727961e-02 9.676818e-01 2.506946e-01
    outer loop
      vertex   3.566530e+01 4.411710e+00 8.496158e+00
      vertex   3.518037e+01 4.412631e+00 8.439836e+00
      vertex   3.560669e+01 4.293990e+00 8.944182e+00
    endloop
  endfacet
  facet normal -5.818907e-03 9.723054e-01 2.336415e-01
    outer loop
      vertex   3.518037e+01 4.412631e+00 8.439836e+00
      vertex   3.506601e+01 4.316342e+00 8.837694e+00
      vertex   3.560669e+01 4.293990e+00 8.944182e+00
    endloop
  endfacet
  facet normal 4.364682e-02 9.990470e-01 -2.707266e-14
    outer loop
      vertex   8.100000e+01 0.000000e+00 5.950000e+01
      vertex   8.100000e+01 0.000000e+00 5.000000e-01
      vertex   8.031458e+01 2.994493e-02 5.950028e+01
    endloop
  endfacet
  facet normal 1.263522e-01 9.919850e-01 9.643912e-04
    outer loop
      vertex   8.100000e+01 0.000000e+00 5.000000e-01
      vertex   7.002139e+01 1.398378e+00 5.013056e-01
      vertex   8.031458e+01 2.994493e-02 5.950028e+01
    endloop
  endfacet
  facet normal 1.244118e-01 9.922298e-01 1.308585e-03
    outer loop
      vertex   8.031458e+01 2.994493e-02 5.950028e+01
      vertex   7.002139e+01 1.398378e+00 5.013056e-01
      vertex   7.439283e+01 7.724503e-01 5.950042e+01
    endloop
  endfacet
  facet normal 1.121995e-01 9.936832e-01 2.228854e-03
    outer loop
      vertex   7.002139e+01 1.398378e+00 5.013056e-01
      vertex   6.050010e+01 2.473451e+00 5.022213e-01
      vertex   7.439283e+01 7.724503e-01 5.950042e+01
    endloop
  endfacet
  facet normal 9.303089e-02 9.956400e-01 6.799049e-03
    outer loop
      vertex   7.439283e+01 7.724503e-01 5.950042e+01
      vertex   6.050010e+01 2.473451e+00 5.022213e-01
      vertex   4.833369e+01 3.586448e+00 3.989238e+00
    endloop
  endfacet
  facet normal 9.372801e-02 9.955548e-01 9.258519e-03
    outer loop
      vertex   6.050010e+01 2.473451e+00 5.022213e-01
      vertex   4.829491e+01 3.622506e+00 5.046026e-01
      vertex   4.833369e+01 3.586448e+00 3.989238e+00
    endloop
  endfacet
  facet normal 6.916759e-02 9.975192e-01 1.309040e-02
    outer loop
      vertex   4.539966e+01 3.754041e+00 8.843503e+00
      vertex   4.484847e+01 3.790814e+00 8.953781e+00
      vertex   5.673785e+01 2.302958e+00 5.951021e+01
    endloop
  endfacet
  facet normal 6.762704e-02 9.976199e-01 1.345566e-02
    outer loop
      vertex   4.484847e+01 3.790814e+00 8.953781e+00
      vertex   4.428731e+01 3.828411e+00 8.986571e+00
      vertex   5.673785e+01 2.302958e+00 5.951021e+01
    endloop
  endfacet
  facet normal 2.090162e-02 9.994683e-01 2.502602e-02
    outer loop
      vertex   5.673785e+01 2.302958e+00 5.951021e+01
      vertex   4.428731e+01 3.828411e+00 8.986571e+00
      vertex   4.939846e+01 2.456249e+00 5.951805e+01
    endloop
  endfacet
  facet normal 6.123481e-02 9.979045e-01 2.090394e-02
    outer loop
      vertex   4.428731e+01 3.828411e+00 8.986571e+00
      vertex   4.024180e+01 4.076742e+00 8.982545e+00
      vertex   4.939846e+01 2.456249e+00 5.951805e+01
    endloop
  endfacet
  facet normal 4.767970e-02 9.985890e-01 2.338197e-02
    outer loop
      vertex   4.939846e+01 2.456249e+00 5.951805e+01
      vertex   4.024180e+01 4.076742e+00 8.982545e+00
      vertex   3.615655e+01 4.271935e+00 8.976798e+00
    endloop
  endfacet
  facet normal 8.060645e-02 9.966632e-01 1.284871e-02
    outer loop
      vertex   4.836874e+01 3.553875e+00 7.010040e+00
      vertex   4.836034e+01 3.554465e+00 7.016960e+00
      vertex   7.439283e+01 7.724503e-01 5.950042e+01
    endloop
  endfacet
  facet normal 7.787425e-02 9.968619e-01 1.421445e-02
    outer loop
      vertex   4.836034e+01 3.554465e+00 7.016960e+00
      vertex   4.636998e+01 3.689605e+00 8.443764e+00
      vertex   7.439283e+01 7.724503e-01 5.950042e+01
    endloop
  endfacet
  facet normal 1.026086e-01 9.947217e-01 5.165439e-04
    outer loop
      vertex   7.439283e+01 7.724503e-01 5.950042e+01
      vertex   4.636998e+01 3.689605e+00 8.443764e+00
      vertex   6.477883e+01 1.764162e+00 5.950340e+01
    endloop
  endfacet
  facet normal 6.686170e-02 9.976707e-01 1.351579e-02
    outer loop
      vertex   4.636998e+01 3.689605e+00 8.443764e+00
      vertex   5.673785e+01 2.302958e+00 5.951021e+01
      vertex   6.477883e+01 1.764162e+00 5.950340e+01
    endloop
  endfacet
  facet normal 7.141589e-02 9.973673e-01 1.258293e-02
    outer loop
      vertex   4.636998e+01 3.689605e+00 8.443764e+00
      vertex   4.539966e+01 3.754041e+00 8.843503e+00
      vertex   5.673785e+01 2.302958e+00 5.951021e+01
    endloop
  endfacet
  facet normal 8.683644e-02 9.961750e-01 9.734091e-03
    outer loop
      vertex   4.833369e+01 3.586448e+00 3.989238e+00
      vertex   4.836874e+01 3.553875e+00 7.010040e+00
      vertex   7.439283e+01 7.724503e-01 5.950042e+01
    endloop
  endfacet
  facet normal 2.685584e-02 9.992126e-01 2.920548e-02
    outer loop
      vertex   3.364855e+01 4.379870e+00 8.187643e+00
      vertex   3.211510e+01 4.454726e+00 7.036660e+00
      vertex   4.939846e+01 2.456249e+00 5.951805e+01
    endloop
  endfacet
  facet normal 2.330415e-02 9.992668e-01 3.037720e-02
    outer loop
      vertex   3.211510e+01 4.454726e+00 7.036660e+00
      vertex   3.210682e+01 4.455128e+00 7.029785e+00
      vertex   4.939846e+01 2.456249e+00 5.951805e+01
    endloop
  endfacet
  facet normal 1.381783e-02 9.993430e-01 3.350526e-02
    outer loop
      vertex   4.939846e+01 2.456249e+00 5.951805e+01
      vertex   3.210682e+01 4.455128e+00 7.029785e+00
      vertex   2.302975e+01 4.799021e+00 5.161363e-01
    endloop
  endfacet
  facet normal 1.699359e-02 9.994325e-01 2.908442e-02
    outer loop
      vertex   3.210682e+01 4.455128e+00 7.029785e+00
      vertex   3.211509e+01 4.473572e+00 6.391156e+00
      vertex   2.302975e+01 4.799021e+00 5.161363e-01
    endloop
  endfacet
  facet normal 1.810277e-02 9.994614e-01 2.737074e-02
    outer loop
      vertex   2.302975e+01 4.799021e+00 5.161363e-01
      vertex   3.211509e+01 4.473572e+00 6.391156e+00
      vertex   3.216796e+01 4.539241e+00 3.958256e+00
    endloop
  endfacet
  facet normal 3.853603e-02 9.989244e-01 2.578968e-02
    outer loop
      vertex   3.615655e+01 4.271935e+00 8.976798e+00
      vertex   3.560669e+01 4.293990e+00 8.944182e+00
      vertex   4.939846e+01 2.456249e+00 5.951805e+01
    endloop
  endfacet
  facet normal 3.608891e-02 9.989982e-01 2.645971e-02
    outer loop
      vertex   3.560669e+01 4.293990e+00 8.944182e+00
      vertex   3.506601e+01 4.316342e+00 8.837694e+00
      vertex   4.939846e+01 2.456249e+00 5.951805e+01
    endloop
  endfacet
  facet normal 3.212772e-02 9.991031e-01 2.758379e-02
    outer loop
      vertex   4.939846e+01 2.456249e+00 5.951805e+01
      vertex   3.506601e+01 4.316342e+00 8.837694e+00
      vertex   3.364855e+01 4.379870e+00 8.187643e+00
    endloop
  endfacet
  facet normal -8.711210e-03 9.990128e-01 4.356067e-02
    outer loop
      vertex   4.939846e+01 2.456249e+00 5.951805e+01
      vertex   2.302975e+01 4.799021e+00 5.161363e-01
      vertex   4.660929e+01 2.431437e+00 5.952930e+01
    endloop
  endfacet
  facet normal -3.674893e-03 9.991295e-01 4.155302e-02
    outer loop
      vertex   2.302975e+01 4.799021e+00 5.161363e-01
      vertex   1.299730e+01 4.761397e+00 5.335301e-01
      vertex   4.660929e+01 2.431437e+00 5.952930e+01
    endloop
  endfacet
  facet normal -5.518185e-02 9.959649e-01 7.077338e-02
    outer loop
      vertex   4.660929e+01 2.431437e+00 5.952930e+01
      vertex   1.299730e+01 4.761397e+00 5.335301e-01
      vertex   4.513024e+01 2.348602e+00 5.954179e+01
    endloop
  endfacet
  facet normal -8.171191e-02 9.930162e-01 8.509976e-02
    outer loop
      vertex   1.299730e+01 4.761397e+00 5.335301e-01
      vertex   9.011062e+00 4.431618e+00 5.541279e-01
      vertex   4.513024e+01 2.348602e+00 5.954179e+01
    endloop
  endfacet
  facet normal -1.617194e-01 9.777582e-01 1.335509e-01
    outer loop
      vertex   4.513024e+01 2.348602e+00 5.954179e+01
      vertex   9.011062e+00 4.431618e+00 5.541279e-01
      vertex   4.193432e+01 1.811395e+00 5.960481e+01
    endloop
  endfacet
  facet normal -1.292532e-01 9.848312e-01 1.157635e-01
    outer loop
      vertex   9.011062e+00 4.431618e+00 5.541279e-01
      vertex   8.188265e+00 4.322951e+00 5.599126e-01
      vertex   4.193432e+01 1.811395e+00 5.960481e+01
    endloop
  endfacet
  facet normal -2.155821e-01 9.625886e-01 1.641571e-01
    outer loop
      vertex   4.193432e+01 1.811395e+00 5.960481e+01
      vertex   8.188265e+00 4.322951e+00 5.599126e-01
      vertex   4.382202e+00 3.461687e+00 6.118357e-01
    endloop
  endfacet
  facet normal -8.208860e-01 1.631032e-01 5.473056e-01
    outer loop
      vertex   5.182334e-01 -2.727205e-17 7.773501e-01
      vertex   3.991062e+01 3.262266e-01 5.976350e+01
      vertex   6.309028e-01 6.093446e-01 7.647478e-01
    endloop
  endfacet
  facet normal -7.465656e-01 4.398703e-01 4.991533e-01
    outer loop
      vertex   3.991062e+01 3.262266e-01 5.976350e+01
      vertex   4.011260e+01 7.027108e-01 5.973382e+01
      vertex   6.309028e-01 6.093446e-01 7.647478e-01
    endloop
  endfacet
  facet normal -7.482470e-01 4.357072e-01 5.002856e-01
    outer loop
      vertex   6.309028e-01 6.093446e-01 7.647478e-01
      vertex   4.011260e+01 7.027108e-01 5.973382e+01
      vertex   1.070563e+00 1.400402e+00 7.333762e-01
    endloop
  endfacet
  facet normal -6.157386e-01 6.695790e-01 4.153672e-01
    outer loop
      vertex   4.011260e+01 7.027108e-01 5.973382e+01
      vertex   4.059393e+01 1.177937e+00 5.968127e+01
      vertex   1.070563e+00 1.400402e+00 7.333762e-01
    endloop
  endfacet
  facet normal -6.125562e-01 6.737952e-01 4.132493e-01
    outer loop
      vertex   1.070563e+00 1.400402e+00 7.333762e-01
      vertex   4.059393e+01 1.177937e+00 5.968127e+01
      vertex   2.085015e+00 2.355475e+00 6.798615e-01
    endloop
  endfacet
  facet normal -3.976047e-01 8.747573e-01 2.769660e-01
    outer loop
      vertex   4.059393e+01 1.177937e+00 5.968127e+01
      vertex   4.193432e+01 1.811395e+00 5.960481e+01
      vertex   2.085015e+00 2.355475e+00 6.798615e-01
    endloop
  endfacet
  facet normal -4.090634e-01 8.669748e-01 2.846434e-01
    outer loop
      vertex   2.085015e+00 2.355475e+00 6.798615e-01
      vertex   4.193432e+01 1.811395e+00 5.960481e+01
      vertex   4.382202e+00 3.461687e+00 6.118357e-01
    endloop
  endfacet
  facet normal -8.197103e-01 1.715858e-01 5.464735e-01
    outer loop
      vertex   5.182334e-01 -2.727205e-17 7.773501e-01
      vertex   3.985157e+01 -2.715333e-17 5.977735e+01
      vertex   3.991062e+01 3.262266e-01 5.976350e+01
    endloop
  endfacet
  facet normal 1.894183e-02 9.995043e-01 2.514643e-02
    outer loop
      vertex   3.216796e+01 4.539241e+00 3.958256e+00
      vertex   3.223877e+01 4.624599e+00 5.121516e-01
      vertex   2.302975e+01 4.799021e+00 5.161363e-01
    endloop
  endfacet
  facet normal -5.309676e-01 8.252867e-01 1.922895e-01
    outer loop
      vertex   3.491735e+01 5.515127e+00 7.000000e+00
      vertex   3.377194e+01 4.774872e+00 7.014306e+00
      vertex   3.496893e+01 5.459152e+00 7.382683e+00
    endloop
  endfacet
  facet normal -5.329840e-01 8.199864e-01 2.086873e-01
    outer loop
      vertex   3.377194e+01 4.774872e+00 7.014306e+00
      vertex   3.380476e+01 4.697841e+00 7.400796e+00
      vertex   3.496893e+01 5.459152e+00 7.382683e+00
    endloop
  endfacet
  facet normal -5.016219e-01 7.761530e-01 3.820497e-01
    outer loop
      vertex   3.496893e+01 5.459152e+00 7.382683e+00
      vertex   3.380476e+01 4.697841e+00 7.400796e+00
      vertex   3.497130e+01 5.456581e+00 7.391018e+00
    endloop
  endfacet
  facet normal -4.766683e-01 7.389995e-01 4.760955e-01
    outer loop
      vertex   3.380476e+01 4.697841e+00 7.400796e+00
      vertex   3.384006e+01 4.621530e+00 7.554584e+00
      vertex   3.497130e+01 5.456581e+00 7.391018e+00
    endloop
  endfacet
  facet normal -3.444337e-01 6.069040e-01 7.162632e-01
    outer loop
      vertex   3.497130e+01 5.456581e+00 7.391018e+00
      vertex   3.384006e+01 4.621530e+00 7.554584e+00
      vertex   3.402221e+01 4.662645e+00 7.607341e+00
    endloop
  endfacet
  facet normal -2.915870e-01 8.285251e-01 4.780410e-01
    outer loop
      vertex   3.384006e+01 4.621530e+00 7.554584e+00
      vertex   3.380476e+01 4.697841e+00 7.400796e+00
      vertex   3.329286e+01 4.522802e+00 7.391925e+00
    endloop
  endfacet
  facet normal -3.195190e-01 9.237344e-01 2.112399e-01
    outer loop
      vertex   3.380476e+01 4.697841e+00 7.400796e+00
      vertex   3.377194e+01 4.774872e+00 7.014306e+00
      vertex   3.329286e+01 4.522802e+00 7.391925e+00
    endloop
  endfacet
  facet normal -1.982346e-01 9.125686e-01 3.576612e-01
    outer loop
      vertex   3.329286e+01 4.522802e+00 7.391925e+00
      vertex   3.377194e+01 4.774872e+00 7.014306e+00
      vertex   3.265496e+01 4.460192e+00 7.198117e+00
    endloop
  endfacet
  facet normal -2.521244e-01 9.610527e-01 1.131859e-01
    outer loop
      vertex   3.377194e+01 4.774872e+00 7.014306e+00
      vertex   3.265009e+01 4.479267e+00 7.025305e+00
      vertex   3.265496e+01 4.460192e+00 7.198117e+00
    endloop
  endfacet
  facet normal -4.405766e-02 9.928616e-01 1.108367e-01
    outer loop
      vertex   3.265496e+01 4.460192e+00 7.198117e+00
      vertex   3.265009e+01 4.479267e+00 7.025305e+00
      vertex   3.211794e+01 4.454771e+00 7.033211e+00
    endloop
  endfacet
  facet normal -4.121041e-02 9.711059e-01 2.350640e-01
    outer loop
      vertex   3.265009e+01 4.479267e+00 7.025305e+00
      vertex   3.210682e+01 4.455128e+00 7.029785e+00
      vertex   3.211794e+01 4.454771e+00 7.033211e+00
    endloop
  endfacet
  facet normal -4.519416e-01 6.932288e-01 5.614113e-01
    outer loop
      vertex   3.497130e+01 5.456581e+00 7.391018e+00
      vertex   3.402221e+01 4.662645e+00 7.607341e+00
      vertex   3.512458e+01 5.290264e+00 7.719773e+00
    endloop
  endfacet
  facet normal -3.462843e-01 4.619521e-01 8.165093e-01
    outer loop
      vertex   3.402221e+01 4.662645e+00 7.607341e+00
      vertex   3.439093e+01 4.756737e+00 7.710482e+00
      vertex   3.512458e+01 5.290264e+00 7.719773e+00
    endloop
  endfacet
  facet normal -3.254554e-01 4.328903e-01 8.406454e-01
    outer loop
      vertex   3.512458e+01 5.290264e+00 7.719773e+00
      vertex   3.439093e+01 4.756737e+00 7.710482e+00
      vertex   3.534822e+01 5.047590e+00 7.931321e+00
    endloop
  endfacet
  facet normal 8.004881e-02 9.596454e-01 2.695792e-01
    outer loop
      vertex   4.428731e+01 3.828411e+00 8.986571e+00
      vertex   4.484847e+01 3.790814e+00 8.953781e+00
      vertex   4.429657e+01 3.966497e+00 8.492267e+00
    endloop
  endfacet
  facet normal 1.022860e-01 9.641848e-01 2.447148e-01
    outer loop
      vertex   4.484847e+01 3.790814e+00 8.953781e+00
      vertex   4.480062e+01 3.910510e+00 8.502174e+00
      vertex   4.429657e+01 3.966497e+00 8.492267e+00
    endloop
  endfacet
  facet normal 6.371249e-02 6.995492e-01 7.117385e-01
    outer loop
      vertex   4.429657e+01 3.966497e+00 8.492267e+00
      vertex   4.480062e+01 3.910510e+00 8.502174e+00
      vertex   4.432101e+01 4.331075e+00 8.131745e+00
    endloop
  endfacet
  facet normal 1.432201e-01 7.410873e-01 6.559555e-01
    outer loop
      vertex   4.480062e+01 3.910510e+00 8.502174e+00
      vertex   4.477840e+01 4.223836e+00 8.153034e+00
      vertex   4.432101e+01 4.331075e+00 8.131745e+00
    endloop
  endfacet
  facet normal 1.508659e-02 2.562206e-01 9.665006e-01
    outer loop
      vertex   4.432101e+01 4.331075e+00 8.131745e+00
      vertex   4.477840e+01 4.223836e+00 8.153034e+00
      vertex   4.435419e+01 4.826082e+00 8.000000e+00
    endloop
  endfacet
  facet normal 1.696485e-01 3.532783e-01 9.200075e-01
    outer loop
      vertex   4.477840e+01 4.223836e+00 8.153034e+00
      vertex   4.478671e+01 4.661684e+00 7.983371e+00
      vertex   4.435419e+01 4.826082e+00 8.000000e+00
    endloop
  endfacet
  facet normal 1.129575e-01 9.633363e-01 2.433593e-01
    outer loop
      vertex   4.484847e+01 3.790814e+00 8.953781e+00
      vertex   4.539966e+01 3.754041e+00 8.843503e+00
      vertex   4.480062e+01 3.910510e+00 8.502174e+00
    endloop
  endfacet
  facet normal 1.291105e-01 9.676032e-01 2.169665e-01
    outer loop
      vertex   4.539966e+01 3.754041e+00 8.843503e+00
      vertex   4.529223e+01 3.858155e+00 8.443116e+00
      vertex   4.480062e+01 3.910510e+00 8.502174e+00
    endloop
  endfacet
  facet normal 1.573678e-01 7.399305e-01 6.540170e-01
    outer loop
      vertex   4.480062e+01 3.910510e+00 8.502174e+00
      vertex   4.529223e+01 3.858155e+00 8.443116e+00
      vertex   4.477840e+01 4.223836e+00 8.153034e+00
    endloop
  endfacet
  facet normal 2.210886e-01 7.775895e-01 5.886208e-01
    outer loop
      vertex   4.529223e+01 3.858155e+00 8.443116e+00
      vertex   4.521718e+01 4.125479e+00 8.118160e+00
      vertex   4.477840e+01 4.223836e+00 8.153034e+00
    endloop
  endfacet
  facet normal 1.527950e-01 3.545515e-01 9.224678e-01
    outer loop
      vertex   4.477840e+01 4.223836e+00 8.153034e+00
      vertex   4.521718e+01 4.125479e+00 8.118160e+00
      vertex   4.478671e+01 4.661684e+00 7.983371e+00
    endloop
  endfacet
  facet normal 2.880022e-01 4.444404e-01 8.482497e-01
    outer loop
      vertex   4.521718e+01 4.125479e+00 8.118160e+00
      vertex   4.518823e+01 4.507175e+00 7.927999e+00
      vertex   4.478671e+01 4.661684e+00 7.983371e+00
    endloop
  endfacet
  facet normal 4.207749e-01 6.652956e-01 6.167093e-01
    outer loop
      vertex   4.688433e+01 3.837464e+00 7.469995e+00
      vertex   4.606609e+01 4.128303e+00 7.714516e+00
      vertex   4.610643e+01 3.911436e+00 7.920944e+00
    endloop
  endfacet
  facet normal 4.386409e-01 6.610582e-01 6.087662e-01
    outer loop
      vertex   4.606609e+01 4.128303e+00 7.714516e+00
      vertex   4.601926e+01 4.147218e+00 7.727719e+00
      vertex   4.610643e+01 3.911436e+00 7.920944e+00
    endloop
  endfacet
  facet normal 4.339489e-01 6.615956e-01 6.115387e-01
    outer loop
      vertex   4.610643e+01 3.911436e+00 7.920944e+00
      vertex   4.601926e+01 4.147218e+00 7.727719e+00
      vertex   4.518823e+01 4.507175e+00 7.927999e+00
    endloop
  endfacet
  facet normal 8.019129e-02 9.966907e-01 1.330583e-02
    outer loop
      vertex   4.836874e+01 3.553875e+00 7.010040e+00
      vertex   4.835752e+01 3.554731e+00 7.013503e+00
      vertex   4.835846e+01 3.554640e+00 7.014655e+00
    endloop
  endfacet
  facet normal 8.553587e-02 9.962953e-01 8.908063e-03
    outer loop
      vertex   4.835752e+01 3.554731e+00 7.013503e+00
      vertex   4.828253e+01 3.560962e+00 7.036655e+00
      vertex   4.835846e+01 3.554640e+00 7.014655e+00
    endloop
  endfacet
  facet normal -9.116722e-02 8.283984e-01 -5.526705e-01
    outer loop
      vertex   4.835846e+01 3.554640e+00 7.014655e+00
      vertex   4.828253e+01 3.560962e+00 7.036655e+00
      vertex   4.610643e+01 3.911436e+00 7.920944e+00
    endloop
  endfacet
  facet normal 2.031510e-01 9.724277e-01 1.145169e-01
    outer loop
      vertex   4.828253e+01 3.560962e+00 7.036655e+00
      vertex   4.721695e+01 3.744661e+00 7.367083e+00
      vertex   4.610643e+01 3.911436e+00 7.920944e+00
    endloop
  endfacet
  facet normal 3.751531e-01 7.664041e-01 5.214259e-01
    outer loop
      vertex   4.610643e+01 3.911436e+00 7.920944e+00
      vertex   4.721695e+01 3.744661e+00 7.367083e+00
      vertex   4.688433e+01 3.837464e+00 7.469995e+00
    endloop
  endfacet
  facet normal 7.877802e-02 9.968357e-01 1.061542e-02
    outer loop
      vertex   4.836034e+01 3.554465e+00 7.016960e+00
      vertex   4.836874e+01 3.553875e+00 7.010040e+00
      vertex   4.835940e+01 3.554551e+00 7.015807e+00
    endloop
  endfacet
  facet normal 2.945390e-01 4.439458e-01 8.462617e-01
    outer loop
      vertex   4.518823e+01 4.507175e+00 7.927999e+00
      vertex   4.521718e+01 4.125479e+00 8.118160e+00
      vertex   4.610643e+01 3.911436e+00 7.920944e+00
    endloop
  endfacet
  facet normal 2.980006e-01 8.638641e-01 4.061211e-01
    outer loop
      vertex   4.521718e+01 4.125479e+00 8.118160e+00
      vertex   4.622739e+01 3.753610e+00 8.167902e+00
      vertex   4.610643e+01 3.911436e+00 7.920944e+00
    endloop
  endfacet
  facet normal 2.998649e-01 8.636977e-01 4.051016e-01
    outer loop
      vertex   4.610643e+01 3.911436e+00 7.920944e+00
      vertex   4.622739e+01 3.753610e+00 8.167902e+00
      vertex   4.835846e+01 3.554640e+00 7.014655e+00
    endloop
  endfacet
  facet normal 9.328308e-02 9.956394e-01 5.988074e-04
    outer loop
      vertex   4.622739e+01 3.753610e+00 8.167902e+00
      vertex   4.835940e+01 3.554551e+00 7.015807e+00
      vertex   4.835846e+01 3.554640e+00 7.014655e+00
    endloop
  endfacet
  facet normal 7.956337e-02 9.967588e-01 1.189597e-02
    outer loop
      vertex   4.835846e+01 3.554640e+00 7.014655e+00
      vertex   4.835940e+01 3.554551e+00 7.015807e+00
      vertex   4.836874e+01 3.553875e+00 7.010040e+00
    endloop
  endfacet
  facet normal 1.527292e-01 9.771576e-01 1.477727e-01
    outer loop
      vertex   4.529223e+01 3.858155e+00 8.443116e+00
      vertex   4.636998e+01 3.689605e+00 8.443764e+00
      vertex   4.622739e+01 3.753610e+00 8.167902e+00
    endloop
  endfacet
  facet normal 1.667903e-01 9.759697e-01 1.402291e-01
    outer loop
      vertex   4.636998e+01 3.689605e+00 8.443764e+00
      vertex   4.836034e+01 3.554465e+00 7.016960e+00
      vertex   4.622739e+01 3.753610e+00 8.167902e+00
    endloop
  endfacet
  facet normal 9.256665e-02 9.957062e-01 -7.385237e-04
    outer loop
      vertex   4.622739e+01 3.753610e+00 8.167902e+00
      vertex   4.836034e+01 3.554465e+00 7.016960e+00
      vertex   4.835940e+01 3.554551e+00 7.015807e+00
    endloop
  endfacet
  facet normal 2.566932e-01 7.746360e-01 5.779685e-01
    outer loop
      vertex   4.521718e+01 4.125479e+00 8.118160e+00
      vertex   4.529223e+01 3.858155e+00 8.443116e+00
      vertex   4.622739e+01 3.753610e+00 8.167902e+00
    endloop
  endfacet
  facet normal 1.509214e-01 9.658400e-01 2.106556e-01
    outer loop
      vertex   4.529223e+01 3.858155e+00 8.443116e+00
      vertex   4.539966e+01 3.754041e+00 8.843503e+00
      vertex   4.636998e+01 3.689605e+00 8.443764e+00
    endloop
  endfacet
  facet normal 7.285999e-01 6.555687e-01 1.984235e-01
    outer loop
      vertex   4.566188e+01 4.918649e+00 7.000000e+00
      vertex   4.569359e+01 4.765799e+00 7.388562e+00
      vertex   4.575116e+01 4.819283e+00 7.000478e+00
    endloop
  endfacet
  facet normal 5.827442e-01 7.888739e-01 1.951596e-01
    outer loop
      vertex   4.569359e+01 4.765799e+00 7.388562e+00
      vertex   4.690974e+01 3.866546e+00 7.392120e+00
      vertex   4.575116e+01 4.819283e+00 7.000478e+00
    endloop
  endfacet
  facet normal 5.812656e-01 7.888718e-01 1.995287e-01
    outer loop
      vertex   4.575116e+01 4.819283e+00 7.000478e+00
      vertex   4.690974e+01 3.866546e+00 7.392120e+00
      vertex   4.694451e+01 3.938669e+00 7.005657e+00
    endloop
  endfacet
  facet normal 3.753516e-01 9.044751e-01 2.025733e-01
    outer loop
      vertex   4.690974e+01 3.866546e+00 7.392120e+00
      vertex   4.721695e+01 3.744661e+00 7.367083e+00
      vertex   4.694451e+01 3.938669e+00 7.005657e+00
    endloop
  endfacet
  facet normal 2.579239e-01 9.188062e-01 2.987816e-01
    outer loop
      vertex   4.694451e+01 3.938669e+00 7.005657e+00
      vertex   4.721695e+01 3.744661e+00 7.367083e+00
      vertex   4.828321e+01 3.561521e+00 7.009819e+00
    endloop
  endfacet
  facet normal 1.773543e-01 9.838298e-01 2.498784e-02
    outer loop
      vertex   4.721695e+01 3.744661e+00 7.367083e+00
      vertex   4.828253e+01 3.560962e+00 7.036655e+00
      vertex   4.828321e+01 3.561521e+00 7.009819e+00
    endloop
  endfacet
  facet normal 8.983873e-02 9.956906e-01 2.300662e-02
    outer loop
      vertex   4.828321e+01 3.561521e+00 7.009819e+00
      vertex   4.828253e+01 3.560962e+00 7.036655e+00
      vertex   4.835752e+01 3.554731e+00 7.013503e+00
    endloop
  endfacet
  facet normal 7.357358e-01 6.485634e-01 1.950854e-01
    outer loop
      vertex   4.566188e+01 4.918649e+00 7.000000e+00
      vertex   4.560442e+01 4.868727e+00 7.382683e+00
      vertex   4.569359e+01 4.765799e+00 7.388562e+00
    endloop
  endfacet
  facet normal 6.864018e-01 6.166915e-01 3.854144e-01
    outer loop
      vertex   4.560442e+01 4.868727e+00 7.382683e+00
      vertex   4.560267e+01 4.867207e+00 7.388233e+00
      vertex   4.569359e+01 4.765799e+00 7.388562e+00
    endloop
  endfacet
  facet normal 6.143016e-01 5.526209e-01 5.632438e-01
    outer loop
      vertex   4.569359e+01 4.765799e+00 7.388562e+00
      vertex   4.560267e+01 4.867207e+00 7.388233e+00
      vertex   4.553019e+01 4.613985e+00 7.715726e+00
    endloop
  endfacet
  facet normal 6.149898e-01 5.521059e-01 5.629979e-01
    outer loop
      vertex   4.560267e+01 4.867207e+00 7.388233e+00
      vertex   4.543431e+01 4.720952e+00 7.715561e+00
      vertex   4.553019e+01 4.613985e+00 7.715726e+00
    endloop
  endfacet
  facet normal 4.059777e-01 3.651816e-01 8.377496e-01
    outer loop
      vertex   4.553019e+01 4.613985e+00 7.715726e+00
      vertex   4.543431e+01 4.720952e+00 7.715561e+00
      vertex   4.518823e+01 4.507175e+00 7.927999e+00
    endloop
  endfacet
  facet normal 4.412046e-01 5.993266e-01 6.679417e-01
    outer loop
      vertex   4.690974e+01 3.866546e+00 7.392120e+00
      vertex   4.569359e+01 4.765799e+00 7.388562e+00
      vertex   4.606609e+01 4.128303e+00 7.714516e+00
    endloop
  endfacet
  facet normal 5.561872e-01 6.122998e-01 5.619116e-01
    outer loop
      vertex   4.569359e+01 4.765799e+00 7.388562e+00
      vertex   4.553019e+01 4.613985e+00 7.715726e+00
      vertex   4.606609e+01 4.128303e+00 7.714516e+00
    endloop
  endfacet
  facet normal 4.048820e-01 4.447588e-01 7.989119e-01
    outer loop
      vertex   4.606609e+01 4.128303e+00 7.714516e+00
      vertex   4.553019e+01 4.613985e+00 7.715726e+00
      vertex   4.601926e+01 4.147218e+00 7.727719e+00
    endloop
  endfacet
  facet normal 3.804233e-01 4.197772e-01 8.240541e-01
    outer loop
      vertex   4.553019e+01 4.613985e+00 7.715726e+00
      vertex   4.518823e+01 4.507175e+00 7.927999e+00
      vertex   4.601926e+01 4.147218e+00 7.727719e+00
    endloop
  endfacet
  facet normal 8.886049e-02 9.951678e-01 4.177158e-02
    outer loop
      vertex   4.835752e+01 3.554731e+00 7.013503e+00
      vertex   4.836874e+01 3.553875e+00 7.010040e+00
      vertex   4.828321e+01 3.561521e+00 7.009819e+00
    endloop
  endfacet
  facet normal 3.632532e-01 8.277478e-01 4.276454e-01
    outer loop
      vertex   4.690974e+01 3.866546e+00 7.392120e+00
      vertex   4.688433e+01 3.837464e+00 7.469995e+00
      vertex   4.721695e+01 3.744661e+00 7.367083e+00
    endloop
  endfacet
  facet normal 4.140858e-01 8.001504e-01 4.339267e-01
    outer loop
      vertex   4.606609e+01 4.128303e+00 7.714516e+00
      vertex   4.688433e+01 3.837464e+00 7.469995e+00
      vertex   4.690974e+01 3.866546e+00 7.392120e+00
    endloop
  endfacet
  facet normal 7.438647e-01 6.683302e-01 1.363400e-04
    outer loop
      vertex   4.566188e+01 4.918649e+00 7.000000e+00
      vertex   4.575116e+01 4.819283e+00 7.000478e+00
      vertex   4.564398e+01 4.939179e+00 4.027744e+00
    endloop
  endfacet
  facet normal 6.123554e-01 7.905218e-01 9.805922e-03
    outer loop
      vertex   4.575116e+01 4.819283e+00 7.000478e+00
      vertex   4.685667e+01 4.000063e+00 4.006963e+00
      vertex   4.564398e+01 4.939179e+00 4.027744e+00
    endloop
  endfacet
  facet normal 6.123075e-01 7.906147e-01 2.813373e-03
    outer loop
      vertex   4.564398e+01 4.939179e+00 4.027744e+00
      vertex   4.685667e+01 4.000063e+00 4.006963e+00
      vertex   4.682935e+01 4.033688e+00 5.024804e-01
    endloop
  endfacet
  facet normal 2.697324e-01 9.629089e-01 7.136654e-03
    outer loop
      vertex   4.685667e+01 4.000063e+00 4.006963e+00
      vertex   4.833369e+01 3.586448e+00 3.989238e+00
      vertex   4.682935e+01 4.033688e+00 5.024804e-01
    endloop
  endfacet
  facet normal 2.701182e-01 9.628020e-01 6.956471e-03
    outer loop
      vertex   4.682935e+01 4.033688e+00 5.024804e-01
      vertex   4.833369e+01 3.586448e+00 3.989238e+00
      vertex   4.829491e+01 3.622506e+00 5.046026e-01
    endloop
  endfacet
  facet normal 5.920506e-01 8.058620e-01 -7.914392e-03
    outer loop
      vertex   4.574684e+01 4.828966e+00 5.003018e-01
      vertex   4.564398e+01 4.939179e+00 4.027744e+00
      vertex   4.682935e+01 4.033688e+00 5.024804e-01
    endloop
  endfacet
  facet normal 8.901640e-02 9.959829e-01 9.706727e-03
    outer loop
      vertex   4.836874e+01 3.553875e+00 7.010040e+00
      vertex   4.833369e+01 3.586448e+00 3.989238e+00
      vertex   4.828321e+01 3.561521e+00 7.009819e+00
    endloop
  endfacet
  facet normal 2.697775e-01 9.628422e-01 1.245371e-02
    outer loop
      vertex   4.833369e+01 3.586448e+00 3.989238e+00
      vertex   4.685667e+01 4.000063e+00 4.006963e+00
      vertex   4.828321e+01 3.561521e+00 7.009819e+00
    endloop
  endfacet
  facet normal 2.711187e-01 9.624740e-01 1.176277e-02
    outer loop
      vertex   4.828321e+01 3.561521e+00 7.009819e+00
      vertex   4.685667e+01 4.000063e+00 4.006963e+00
      vertex   4.694451e+01 3.938669e+00 7.005657e+00
    endloop
  endfacet
  facet normal 5.937681e-01 8.046357e-01 -9.208423e-04
    outer loop
      vertex   4.685667e+01 4.000063e+00 4.006963e+00
      vertex   4.575116e+01 4.819283e+00 7.000478e+00
      vertex   4.694451e+01 3.938669e+00 7.005657e+00
    endloop
  endfacet
  facet normal 7.345557e-01 6.785484e-01 2.189657e-04
    outer loop
      vertex   4.574684e+01 4.828966e+00 5.003018e-01
      vertex   4.562342e+01 4.962570e+00 5.000000e-01
      vertex   4.564398e+01 4.939179e+00 4.027744e+00
    endloop
  endfacet
  facet normal 2.558472e-01 9.667159e-01 1.586275e-03
    outer loop
      vertex   4.329640e+01 6.736745e+00 5.000000e-01
      vertex   4.046758e+01 7.485410e+00 5.000000e-01
      vertex   4.041572e+01 7.488470e+00 7.000000e+00
    endloop
  endfacet
  facet normal -1.335553e-01 9.910402e-01 -1.531979e-03
    outer loop
      vertex   4.046758e+01 7.485410e+00 5.000000e-01
      vertex   3.756758e+01 7.094598e+00 5.000000e-01
      vertex   4.041572e+01 7.488470e+00 7.000000e+00
    endloop
  endfacet
  facet normal -1.440563e-01 9.895645e-01 3.158713e-03
    outer loop
      vertex   4.041572e+01 7.488470e+00 7.000000e+00
      vertex   3.756758e+01 7.094598e+00 5.000000e-01
      vertex   3.746651e+01 7.059137e+00 7.000000e+00
    endloop
  endfacet
  facet normal -3.333334e-01 9.428090e-01 -3.955285e-05
    outer loop
      vertex   3.756758e+01 7.094598e+00 5.000000e-01
      vertex   3.743265e+01 7.046893e+00 5.000000e-01
      vertex   3.746651e+01 7.059137e+00 7.000000e+00
    endloop
  endfacet
  facet normal -5.108529e-01 8.596675e-01 1.041722e-03
    outer loop
      vertex   3.746651e+01 7.059137e+00 7.000000e+00
      vertex   3.743265e+01 7.046893e+00 5.000000e-01
      vertex   3.503786e+01 5.623801e+00 5.000000e-01
    endloop
  endfacet
  facet normal 6.089884e-01 7.931784e-01 1.083540e-03
    outer loop
      vertex   4.564398e+01 4.939179e+00 4.027744e+00
      vertex   4.333158e+01 6.719417e+00 5.000000e-01
      vertex   4.329929e+01 6.735332e+00 7.000000e+00
    endloop
  endfacet
  facet normal 4.418671e-01 8.970805e-01 -1.186902e-06
    outer loop
      vertex   4.333158e+01 6.719417e+00 5.000000e-01
      vertex   4.329640e+01 6.736745e+00 5.000000e-01
      vertex   4.329929e+01 6.735332e+00 7.000000e+00
    endloop
  endfacet
  facet normal 2.527053e-01 9.675433e-01 9.814654e-05
    outer loop
      vertex   4.329929e+01 6.735332e+00 7.000000e+00
      vertex   4.329640e+01 6.736745e+00 5.000000e-01
      vertex   4.041572e+01 7.488470e+00 7.000000e+00
    endloop
  endfacet
  facet normal 6.095631e-01 7.927355e-01 1.804516e-03
    outer loop
      vertex   4.329929e+01 6.735332e+00 7.000000e+00
      vertex   4.566188e+01 4.918649e+00 7.000000e+00
      vertex   4.564398e+01 4.939179e+00 4.027744e+00
    endloop
  endfacet
  facet normal -5.174981e-01 8.556730e-01 4.406671e-03
    outer loop
      vertex   3.497406e+01 5.566856e+00 4.064923e+00
      vertex   3.746651e+01 7.059137e+00 7.000000e+00
      vertex   3.503786e+01 5.623801e+00 5.000000e-01
    endloop
  endfacet
  facet normal -5.180653e-01 8.553261e-01 5.064777e-03
    outer loop
      vertex   3.497406e+01 5.566856e+00 4.064923e+00
      vertex   3.491735e+01 5.515127e+00 7.000000e+00
      vertex   3.746651e+01 7.059137e+00 7.000000e+00
    endloop
  endfacet
  facet normal 6.083800e-01 7.936440e-01 1.717321e-03
    outer loop
      vertex   4.564398e+01 4.939179e+00 4.027744e+00
      vertex   4.562342e+01 4.962570e+00 5.000000e-01
      vertex   4.333158e+01 6.719417e+00 5.000000e-01
    endloop
  endfacet
  facet normal 5.395056e-02 1.923002e-01 -9.798520e-01
    outer loop
      vertex   4.825390e+01 3.124211e+00 0.000000e+00
      vertex   4.660517e+01 3.586768e+00 0.000000e+00
      vertex   4.826968e+01 3.315967e+00 3.850180e-02
    endloop
  endfacet
  facet normal 5.386560e-02 1.917623e-01 -9.799621e-01
    outer loop
      vertex   4.660517e+01 3.586768e+00 0.000000e+00
      vertex   4.669122e+01 3.758311e+00 3.829790e-02
      vertex   4.826968e+01 3.315967e+00 3.850180e-02
    endloop
  endfacet
  facet normal 1.526988e-01 5.445103e-01 -8.247373e-01
    outer loop
      vertex   4.826968e+01 3.315967e+00 3.850180e-02
      vertex   4.669122e+01 3.758311e+00 3.829790e-02
      vertex   4.828303e+01 3.478191e+00 1.480776e-01
    endloop
  endfacet
  facet normal 1.525268e-01 5.431753e-01 -8.256490e-01
    outer loop
      vertex   4.669122e+01 3.758311e+00 3.829790e-02
      vertex   4.676409e+01 3.903575e+00 1.473247e-01
      vertex   4.828303e+01 3.478191e+00 1.480776e-01
    endloop
  endfacet
  facet normal 2.265800e-01 8.081010e-01 -5.437226e-01
    outer loop
      vertex   4.828303e+01 3.478191e+00 1.480776e-01
      vertex   4.676409e+01 3.903575e+00 1.473247e-01
      vertex   4.829189e+01 3.585900e+00 3.118520e-01
    endloop
  endfacet
  facet normal 2.265118e-01 8.066254e-01 -5.459376e-01
    outer loop
      vertex   4.676409e+01 3.903575e+00 1.473247e-01
      vertex   4.681261e+01 4.000307e+00 3.103783e-01
      vertex   4.829189e+01 3.585900e+00 3.118520e-01
    endloop
  endfacet
  facet normal 2.653245e-01 9.464606e-01 -1.838891e-01
    outer loop
      vertex   4.829189e+01 3.585900e+00 3.118520e-01
      vertex   4.681261e+01 4.000307e+00 3.103783e-01
      vertex   4.829491e+01 3.622506e+00 5.046026e-01
    endloop
  endfacet
  facet normal 2.655959e-01 9.456798e-01 -1.874792e-01
    outer loop
      vertex   4.681261e+01 4.000307e+00 3.103783e-01
      vertex   4.682935e+01 4.033688e+00 5.024804e-01
      vertex   4.829491e+01 3.622506e+00 5.046026e-01
    endloop
  endfacet
  facet normal 1.174671e-01 1.598946e-01 -9.801200e-01
    outer loop
      vertex   4.660517e+01 3.586768e+00 0.000000e+00
      vertex   4.538737e+01 4.481431e+00 0.000000e+00
      vertex   4.669122e+01 3.758311e+00 3.829790e-02
    endloop
  endfacet
  facet normal 1.171990e-01 1.594053e-01 -9.802318e-01
    outer loop
      vertex   4.538737e+01 4.481431e+00 0.000000e+00
      vertex   4.552498e+01 4.614475e+00 3.808911e-02
      vertex   4.669122e+01 3.758311e+00 3.829790e-02
    endloop
  endfacet
  facet normal 3.330318e-01 4.534427e-01 -8.267282e-01
    outer loop
      vertex   4.669122e+01 3.758311e+00 3.829790e-02
      vertex   4.552498e+01 4.614475e+00 3.808911e-02
      vertex   4.676409e+01 3.903575e+00 1.473247e-01
    endloop
  endfacet
  facet normal 3.324042e-01 4.522059e-01 -8.276577e-01
    outer loop
      vertex   4.552498e+01 4.614475e+00 3.808911e-02
      vertex   4.564163e+01 4.727249e+00 1.465533e-01
      vertex   4.676409e+01 3.903575e+00 1.473247e-01
    endloop
  endfacet
  facet normal 4.953054e-01 6.744604e-01 -5.475178e-01
    outer loop
      vertex   4.676409e+01 3.903575e+00 1.473247e-01
      vertex   4.564163e+01 4.727249e+00 1.465533e-01
      vertex   4.681261e+01 4.000307e+00 3.103783e-01
    endloop
  endfacet
  facet normal 4.947352e-01 6.730302e-01 -5.497886e-01
    outer loop
      vertex   4.564163e+01 4.727249e+00 1.465533e-01
      vertex   4.571954e+01 4.802571e+00 3.088674e-01
      vertex   4.681261e+01 4.000307e+00 3.103783e-01
    endloop
  endfacet
  facet normal 5.812835e-01 7.916313e-01 -1.882269e-01
    outer loop
      vertex   4.681261e+01 4.000307e+00 3.103783e-01
      vertex   4.571954e+01 4.802571e+00 3.088674e-01
      vertex   4.682935e+01 4.033688e+00 5.024804e-01
    endloop
  endfacet
  facet normal 5.813032e-01 7.907288e-01 -1.919236e-01
    outer loop
      vertex   4.571954e+01 4.802571e+00 3.088674e-01
      vertex   4.574684e+01 4.828966e+00 5.003018e-01
      vertex   4.682935e+01 4.033688e+00 5.024804e-01
    endloop
  endfacet
  facet normal 1.433947e-01 1.324614e-01 -9.807609e-01
    outer loop
      vertex   4.538737e+01 4.481431e+00 0.000000e+00
      vertex   4.524853e+01 4.631732e+00 0.000000e+00
      vertex   4.552498e+01 4.614475e+00 3.808911e-02
    endloop
  endfacet
  facet normal 1.433901e-01 1.323548e-01 -9.807760e-01
    outer loop
      vertex   4.524853e+01 4.631732e+00 0.000000e+00
      vertex   4.539200e+01 4.758338e+00 3.806023e-02
      vertex   4.552498e+01 4.614475e+00 3.808911e-02
    endloop
  endfacet
  facet normal 4.082565e-01 3.772308e-01 -8.312783e-01
    outer loop
      vertex   4.552498e+01 4.614475e+00 3.808911e-02
      vertex   4.539200e+01 4.758338e+00 3.806023e-02
      vertex   4.564163e+01 4.727249e+00 1.465533e-01
    endloop
  endfacet
  facet normal 4.082743e-01 3.769323e-01 -8.314049e-01
    outer loop
      vertex   4.539200e+01 4.758338e+00 3.806023e-02
      vertex   4.551362e+01 4.865670e+00 1.464466e-01
      vertex   4.564163e+01 4.727249e+00 1.465533e-01
    endloop
  endfacet
  facet normal 6.108564e-01 5.644936e-01 -5.551590e-01
    outer loop
      vertex   4.564163e+01 4.727249e+00 1.465533e-01
      vertex   4.551362e+01 4.865670e+00 1.464466e-01
      vertex   4.571954e+01 4.802571e+00 3.088674e-01
    endloop
  endfacet
  facet normal 6.109714e-01 5.640595e-01 -5.554735e-01
    outer loop
      vertex   4.551362e+01 4.865670e+00 1.464466e-01
      vertex   4.559489e+01 4.937386e+00 3.086583e-01
      vertex   4.571954e+01 4.802571e+00 3.088674e-01
    endloop
  endfacet
  facet normal 7.203604e-01 6.657634e-01 -1.945250e-01
    outer loop
      vertex   4.571954e+01 4.802571e+00 3.088674e-01
      vertex   4.559489e+01 4.937386e+00 3.086583e-01
      vertex   4.574684e+01 4.828966e+00 5.003018e-01
    endloop
  endfacet
  facet normal 7.206681e-01 6.652787e-01 -1.950432e-01
    outer loop
      vertex   4.559489e+01 4.937386e+00 3.086583e-01
      vertex   4.562342e+01 4.962570e+00 5.000000e-01
      vertex   4.574684e+01 4.828966e+00 5.003018e-01
    endloop
  endfacet
  facet normal -4.151927e-02 9.987979e-01 2.605728e-02
    outer loop
      vertex   3.211509e+01 4.473572e+00 6.391156e+00
      vertex   3.265009e+01 4.479267e+00 7.025305e+00
      vertex   3.216796e+01 4.539241e+00 3.958256e+00
    endloop
  endfacet
  facet normal -1.600041e-01 9.861157e-01 4.443476e-02
    outer loop
      vertex   3.265009e+01 4.479267e+00 7.025305e+00
      vertex   3.367084e+01 4.780878e+00 4.007421e+00
      vertex   3.216796e+01 4.539241e+00 3.958256e+00
    endloop
  endfacet
  facet normal -1.592926e-01 9.870672e-01 1.800835e-02
    outer loop
      vertex   3.216796e+01 4.539241e+00 3.958256e+00
      vertex   3.367084e+01 4.780878e+00 4.007421e+00
      vertex   3.373489e+01 4.855086e+00 5.065334e-01
    endloop
  endfacet
  facet normal -5.167111e-01 8.561157e-01 8.692908e-03
    outer loop
      vertex   3.367084e+01 4.780878e+00 4.007421e+00
      vertex   3.497406e+01 5.566856e+00 4.064923e+00
      vertex   3.373489e+01 4.855086e+00 5.065334e-01
    endloop
  endfacet
  facet normal -5.081089e-01 8.612802e-01 4.664279e-03
    outer loop
      vertex   3.373489e+01 4.855086e+00 5.065334e-01
      vertex   3.497406e+01 5.566856e+00 4.064923e+00
      vertex   3.503786e+01 5.623801e+00 5.000000e-01
    endloop
  endfacet
  facet normal -1.733702e-01 9.847906e-01 1.140940e-02
    outer loop
      vertex   3.241047e+01 4.621866e+00 5.115914e-01
      vertex   3.216796e+01 4.539241e+00 3.958256e+00
      vertex   3.373489e+01 4.855086e+00 5.065334e-01
    endloop
  endfacet
  facet normal -4.413876e-02 9.986254e-01 2.826875e-02
    outer loop
      vertex   3.211509e+01 4.473572e+00 6.391156e+00
      vertex   3.210682e+01 4.455128e+00 7.029785e+00
      vertex   3.265009e+01 4.479267e+00 7.025305e+00
    endloop
  endfacet
  facet normal -2.546892e-01 9.669660e-01 1.049529e-02
    outer loop
      vertex   3.265009e+01 4.479267e+00 7.025305e+00
      vertex   3.377194e+01 4.774872e+00 7.014306e+00
      vertex   3.367084e+01 4.780878e+00 4.007421e+00
    endloop
  endfacet
  facet normal -5.425091e-01 8.398137e-01 1.991935e-02
    outer loop
      vertex   3.377194e+01 4.774872e+00 7.014306e+00
      vertex   3.491735e+01 5.515127e+00 7.000000e+00
      vertex   3.367084e+01 4.780878e+00 4.007421e+00
    endloop
  endfacet
  facet normal -5.166079e-01 8.562069e-01 5.108460e-03
    outer loop
      vertex   3.367084e+01 4.780878e+00 4.007421e+00
      vertex   3.491735e+01 5.515127e+00 7.000000e+00
      vertex   3.497406e+01 5.566856e+00 4.064923e+00
    endloop
  endfacet
  facet normal 1.599346e-02 9.995573e-01 2.508716e-02
    outer loop
      vertex   3.241047e+01 4.621866e+00 5.115914e-01
      vertex   3.223877e+01 4.624599e+00 5.121516e-01
      vertex   3.216796e+01 4.539241e+00 3.958256e+00
    endloop
  endfacet
  facet normal -4.933274e-01 8.485064e-01 -1.914808e-01
    outer loop
      vertex   3.506304e+01 5.595262e+00 3.086583e-01
      vertex   3.503786e+01 5.623801e+00 5.000000e-01
      vertex   3.757992e+01 7.058595e+00 3.086583e-01
    endloop
  endfacet
  facet normal -4.835700e-01 8.137555e-01 -3.224315e-01
    outer loop
      vertex   3.503786e+01 5.623801e+00 5.000000e-01
      vertex   3.743265e+01 7.046893e+00 5.000000e-01
      vertex   3.757992e+01 7.058595e+00 3.086583e-01
    endloop
  endfacet
  facet normal -3.269290e-01 9.246948e-01 -1.950818e-01
    outer loop
      vertex   3.757992e+01 7.058595e+00 3.086583e-01
      vertex   3.743265e+01 7.046893e+00 5.000000e-01
      vertex   3.756758e+01 7.094598e+00 5.000000e-01
    endloop
  endfacet
  facet normal -2.654581e-02 1.969818e-01 -9.800477e-01
    outer loop
      vertex   4.043641e+01 6.986383e+00 4.336809e-16
      vertex   3.772974e+01 6.621625e+00 4.336809e-16
      vertex   4.044834e+01 7.177353e+00 3.806023e-02
    endloop
  endfacet
  facet normal -2.654581e-02 1.969818e-01 -9.800477e-01
    outer loop
      vertex   3.772974e+01 6.621625e+00 4.336809e-16
      vertex   3.766768e+01 6.802624e+00 3.806023e-02
      vertex   4.044834e+01 7.177353e+00 3.806023e-02
    endloop
  endfacet
  facet normal -7.519524e-02 5.579823e-01 -8.264390e-01
    outer loop
      vertex   4.044834e+01 7.177353e+00 3.806023e-02
      vertex   3.766768e+01 6.802624e+00 3.806023e-02
      vertex   4.045845e+01 7.339249e+00 1.464466e-01
    endloop
  endfacet
  facet normal -7.519524e-02 5.579823e-01 -8.264390e-01
    outer loop
      vertex   3.766768e+01 6.802624e+00 3.806023e-02
      vertex   3.761507e+01 6.956068e+00 1.464466e-01
      vertex   4.045845e+01 7.339249e+00 1.464466e-01
    endloop
  endfacet
  facet normal -1.117053e-01 8.289035e-01 -5.481249e-01
    outer loop
      vertex   4.045845e+01 7.339249e+00 1.464466e-01
      vertex   3.761507e+01 6.956068e+00 1.464466e-01
      vertex   4.046521e+01 7.447424e+00 3.086583e-01
    endloop
  endfacet
  facet normal -1.117053e-01 8.289035e-01 -5.481249e-01
    outer loop
      vertex   3.761507e+01 6.956068e+00 1.464466e-01
      vertex   3.757992e+01 7.058595e+00 3.086583e-01
      vertex   4.046521e+01 7.447424e+00 3.086583e-01
    endloop
  endfacet
  facet normal -1.310842e-01 9.727035e-01 -1.914808e-01
    outer loop
      vertex   4.046521e+01 7.447424e+00 3.086583e-01
      vertex   3.757992e+01 7.058595e+00 3.086583e-01
      vertex   4.046758e+01 7.485410e+00 5.000000e-01
    endloop
  endfacet
  facet normal -1.310842e-01 9.727035e-01 -1.914808e-01
    outer loop
      vertex   3.757992e+01 7.058595e+00 3.086583e-01
      vertex   3.756758e+01 7.094598e+00 5.000000e-01
      vertex   4.046758e+01 7.485410e+00 5.000000e-01
    endloop
  endfacet
  facet normal 5.085288e-02 1.921470e-01 -9.800477e-01
    outer loop
      vertex   4.307664e+01 6.287629e+00 4.336809e-16
      vertex   4.043641e+01 6.986383e+00 4.336809e-16
      vertex   4.316074e+01 6.459498e+00 3.806023e-02
    endloop
  endfacet
  facet normal 5.085288e-02 1.921470e-01 -9.800477e-01
    outer loop
      vertex   4.043641e+01 6.986383e+00 4.336809e-16
      vertex   4.044834e+01 7.177353e+00 3.806023e-02
      vertex   4.316074e+01 6.459498e+00 3.806023e-02
    endloop
  endfacet
  facet normal 1.440489e-01 5.442871e-01 -8.264390e-01
    outer loop
      vertex   4.316074e+01 6.459498e+00 3.806023e-02
      vertex   4.044834e+01 7.177353e+00 3.806023e-02
      vertex   4.323203e+01 6.605202e+00 1.464466e-01
    endloop
  endfacet
  facet normal 1.440489e-01 5.442871e-01 -8.264390e-01
    outer loop
      vertex   4.044834e+01 7.177353e+00 3.806023e-02
      vertex   4.045845e+01 7.339249e+00 1.464466e-01
      vertex   4.323203e+01 6.605202e+00 1.464466e-01
    endloop
  endfacet
  facet normal 2.139900e-01 8.085588e-01 -5.481249e-01
    outer loop
      vertex   4.323203e+01 6.605202e+00 1.464466e-01
      vertex   4.045845e+01 7.339249e+00 1.464466e-01
      vertex   4.327967e+01 6.702558e+00 3.086583e-01
    endloop
  endfacet
  facet normal 2.139900e-01 8.085588e-01 -5.481249e-01
    outer loop
      vertex   4.045845e+01 7.339249e+00 1.464466e-01
      vertex   4.046521e+01 7.447424e+00 3.086583e-01
      vertex   4.327967e+01 6.702558e+00 3.086583e-01
    endloop
  endfacet
  facet normal 2.511135e-01 9.488293e-01 -1.914808e-01
    outer loop
      vertex   4.327967e+01 6.702558e+00 3.086583e-01
      vertex   4.046521e+01 7.447424e+00 3.086583e-01
      vertex   4.329640e+01 6.736745e+00 5.000000e-01
    endloop
  endfacet
  facet normal 2.511135e-01 9.488293e-01 -1.914808e-01
    outer loop
      vertex   4.046521e+01 7.447424e+00 3.086583e-01
      vertex   4.046758e+01 7.485410e+00 5.000000e-01
      vertex   4.329640e+01 6.736745e+00 5.000000e-01
    endloop
  endfacet
  facet normal 4.333768e-01 8.798435e-01 -1.950897e-01
    outer loop
      vertex   4.329640e+01 6.736745e+00 5.000000e-01
      vertex   4.333158e+01 6.719417e+00 5.000000e-01
      vertex   4.327967e+01 6.702558e+00 3.086583e-01
    endloop
  endfacet
  facet normal 5.902845e-01 7.742220e-01 -2.283517e-01
    outer loop
      vertex   4.333158e+01 6.719417e+00 5.000000e-01
      vertex   4.559489e+01 4.937386e+00 3.086583e-01
      vertex   4.327967e+01 6.702558e+00 3.086583e-01
    endloop
  endfacet
  facet normal 5.071104e-01 6.651301e-01 -5.481249e-01
    outer loop
      vertex   4.327967e+01 6.702558e+00 3.086583e-01
      vertex   4.559489e+01 4.937386e+00 3.086583e-01
      vertex   4.323203e+01 6.605202e+00 1.464466e-01
    endloop
  endfacet
  facet normal 5.071104e-01 6.651301e-01 -5.481249e-01
    outer loop
      vertex   4.559489e+01 4.937386e+00 3.086583e-01
      vertex   4.551362e+01 4.865670e+00 1.464466e-01
      vertex   4.323203e+01 6.605202e+00 1.464466e-01
    endloop
  endfacet
  facet normal 3.413650e-01 4.477371e-01 -8.264390e-01
    outer loop
      vertex   4.323203e+01 6.605202e+00 1.464466e-01
      vertex   4.551362e+01 4.865670e+00 1.464466e-01
      vertex   4.316074e+01 6.459498e+00 3.806023e-02
    endloop
  endfacet
  facet normal 3.413650e-01 4.477371e-01 -8.264390e-01
    outer loop
      vertex   4.551362e+01 4.865670e+00 1.464466e-01
      vertex   4.539200e+01 4.758338e+00 3.806023e-02
      vertex   4.316074e+01 6.459498e+00 3.806023e-02
    endloop
  endfacet
  facet normal 1.205104e-01 1.580624e-01 -9.800477e-01
    outer loop
      vertex   4.316074e+01 6.459498e+00 3.806023e-02
      vertex   4.539200e+01 4.758338e+00 3.806023e-02
      vertex   4.307664e+01 6.287629e+00 4.336809e-16
    endloop
  endfacet
  facet normal 1.205104e-01 1.580624e-01 -9.800477e-01
    outer loop
      vertex   4.539200e+01 4.758338e+00 3.806023e-02
      vertex   4.524853e+01 4.631732e+00 0.000000e+00
      vertex   4.307664e+01 6.287629e+00 4.336809e-16
    endloop
  endfacet
  facet normal -9.990352e-02 1.718307e-01 -9.800477e-01
    outer loop
      vertex   3.772974e+01 6.621625e+00 4.336809e-16
      vertex   3.536867e+01 5.248881e+00 0.000000e+00
      vertex   3.766768e+01 6.802624e+00 3.806023e-02
    endloop
  endfacet
  facet normal -9.990352e-02 1.718307e-01 -9.800477e-01
    outer loop
      vertex   3.536867e+01 5.248881e+00 0.000000e+00
      vertex   3.524207e+01 5.392357e+00 3.806023e-02
      vertex   3.766768e+01 6.802624e+00 3.806023e-02
    endloop
  endfacet
  facet normal -2.829927e-01 4.867378e-01 -8.264390e-01
    outer loop
      vertex   3.766768e+01 6.802624e+00 3.806023e-02
      vertex   3.524207e+01 5.392357e+00 3.806023e-02
      vertex   3.761507e+01 6.956068e+00 1.464466e-01
    endloop
  endfacet
  facet normal -2.829927e-01 4.867378e-01 -8.264390e-01
    outer loop
      vertex   3.524207e+01 5.392357e+00 3.806023e-02
      vertex   3.513475e+01 5.513990e+00 1.464466e-01
      vertex   3.761507e+01 6.956068e+00 1.464466e-01
    endloop
  endfacet
  facet normal -4.203962e-01 7.230672e-01 -5.481249e-01
    outer loop
      vertex   3.761507e+01 6.956068e+00 1.464466e-01
      vertex   3.513475e+01 5.513990e+00 1.464466e-01
      vertex   3.757992e+01 7.058595e+00 3.086583e-01
    endloop
  endfacet
  facet normal -4.203962e-01 7.230672e-01 -5.481249e-01
    outer loop
      vertex   3.513475e+01 5.513990e+00 1.464466e-01
      vertex   3.506304e+01 5.595262e+00 3.086583e-01
      vertex   3.757992e+01 7.058595e+00 3.086583e-01
    endloop
  endfacet
  facet normal 5.971123e-01 7.789451e-01 -1.915761e-01
    outer loop
      vertex   4.333158e+01 6.719417e+00 5.000000e-01
      vertex   4.562342e+01 4.962570e+00 5.000000e-01
      vertex   4.559489e+01 4.937386e+00 3.086583e-01
    endloop
  endfacet
  facet normal -1.008722e-01 1.709887e-01 -9.800957e-01
    outer loop
      vertex   3.536867e+01 5.248881e+00 0.000000e+00
      vertex   3.390302e+01 4.384248e+00 0.000000e+00
      vertex   3.524207e+01 5.392357e+00 3.806023e-02
    endloop
  endfacet
  facet normal -1.018862e-01 1.723229e-01 -9.797571e-01
    outer loop
      vertex   3.390302e+01 4.384248e+00 0.000000e+00
      vertex   3.383817e+01 4.565865e+00 3.868777e-02
      vertex   3.524207e+01 5.392357e+00 3.806023e-02
    endloop
  endfacet
  facet normal -2.856818e-01 4.846395e-01 -8.267469e-01
    outer loop
      vertex   3.524207e+01 5.392357e+00 3.806023e-02
      vertex   3.383817e+01 4.565865e+00 3.868777e-02
      vertex   3.513475e+01 5.513990e+00 1.464466e-01
    endloop
  endfacet
  facet normal -2.882765e-01 4.878690e-01 -8.239420e-01
    outer loop
      vertex   3.383817e+01 4.565865e+00 3.868777e-02
      vertex   3.378335e+01 4.719378e+00 1.487641e-01
      vertex   3.513475e+01 5.513990e+00 1.464466e-01
    endloop
  endfacet
  facet normal -4.244922e-01 7.203342e-01 -5.485664e-01
    outer loop
      vertex   3.513475e+01 5.513990e+00 1.464466e-01
      vertex   3.378335e+01 4.719378e+00 1.487641e-01
      vertex   3.506304e+01 5.595262e+00 3.086583e-01
    endloop
  endfacet
  facet normal -4.276083e-01 7.236426e-01 -5.417495e-01
    outer loop
      vertex   3.378335e+01 4.719378e+00 1.487641e-01
      vertex   3.374705e+01 4.821028e+00 3.131946e-01
      vertex   3.506304e+01 5.595262e+00 3.086583e-01
    endloop
  endfacet
  facet normal -4.981684e-01 8.456263e-01 -1.916883e-01
    outer loop
      vertex   3.506304e+01 5.595262e+00 3.086583e-01
      vertex   3.374705e+01 4.821028e+00 3.131946e-01
      vertex   3.503786e+01 5.623801e+00 5.000000e-01
    endloop
  endfacet
  facet normal -5.004447e-01 8.467146e-01 -1.806360e-01
    outer loop
      vertex   3.374705e+01 4.821028e+00 3.131946e-01
      vertex   3.373489e+01 4.855086e+00 5.065334e-01
      vertex   3.503786e+01 5.623801e+00 5.000000e-01
    endloop
  endfacet
  facet normal -3.456956e-02 1.963948e-01 -9.799153e-01
    outer loop
      vertex   3.390302e+01 4.384248e+00 0.000000e+00
      vertex   3.241320e+01 4.122008e+00 0.000000e+00
      vertex   3.383817e+01 4.565865e+00 3.868777e-02
    endloop
  endfacet
  facet normal -3.496151e-02 1.976303e-01 -9.796530e-01
    outer loop
      vertex   3.241320e+01 4.122008e+00 0.000000e+00
      vertex   3.241214e+01 4.316021e+00 3.917705e-02
      vertex   3.383817e+01 4.565865e+00 3.868777e-02
    endloop
  endfacet
  facet normal -9.780632e-02 5.566306e-01 -8.249826e-01
    outer loop
      vertex   3.383817e+01 4.565865e+00 3.868777e-02
      vertex   3.241214e+01 4.316021e+00 3.917705e-02
      vertex   3.378335e+01 4.719378e+00 1.487641e-01
    endloop
  endfacet
  facet normal -9.887074e-02 5.596574e-01 -8.228050e-01
    outer loop
      vertex   3.241214e+01 4.316021e+00 3.917705e-02
      vertex   3.241124e+01 4.479630e+00 1.505688e-01
      vertex   3.378335e+01 4.719378e+00 1.487641e-01
    endloop
  endfacet
  facet normal -1.452013e-01 8.269183e-01 -5.432520e-01
    outer loop
      vertex   3.378335e+01 4.719378e+00 1.487641e-01
      vertex   3.241124e+01 4.479630e+00 1.505688e-01
      vertex   3.374705e+01 4.821028e+00 3.131946e-01
    endloop
  endfacet
  facet normal -1.466660e-01 8.301220e-01 -5.379466e-01
    outer loop
      vertex   3.241124e+01 4.479630e+00 1.505688e-01
      vertex   3.241066e+01 4.587198e+00 3.167193e-01
      vertex   3.374705e+01 4.821028e+00 3.131946e-01
    endloop
  endfacet
  facet normal -1.699595e-01 9.686258e-01 -1.813226e-01
    outer loop
      vertex   3.374705e+01 4.821028e+00 3.131946e-01
      vertex   3.241066e+01 4.587198e+00 3.167193e-01
      vertex   3.373489e+01 4.855086e+00 5.065334e-01
    endloop
  endfacet
  facet normal -1.714571e-01 9.699332e-01 -1.727198e-01
    outer loop
      vertex   3.241066e+01 4.587198e+00 3.167193e-01
      vertex   3.241047e+01 4.621866e+00 5.115914e-01
      vertex   3.373489e+01 4.855086e+00 5.065334e-01
    endloop
  endfacet
  facet normal 3.166449e-03 1.979504e-01 -9.802069e-01
    outer loop
      vertex   3.241320e+01 4.122008e+00 0.000000e+00
      vertex   3.222005e+01 4.125097e+00 0.000000e+00
      vertex   3.241214e+01 4.316021e+00 3.917705e-02
    endloop
  endfacet
  facet normal 4.502568e-02 1.571374e-01 -9.865498e-01
    outer loop
      vertex   3.222005e+01 4.125097e+00 0.000000e+00
      vertex   3.222592e+01 4.281805e+00 2.522844e-02
      vertex   3.241214e+01 4.316021e+00 3.917705e-02
    endloop
  endfacet
  facet normal -4.141637e-02 5.621465e-01 -8.260000e-01
    outer loop
      vertex   3.241214e+01 4.316021e+00 3.917705e-02
      vertex   3.222592e+01 4.281805e+00 2.522844e-02
      vertex   3.241124e+01 4.479630e+00 1.505688e-01
    endloop
  endfacet
  facet normal 1.124846e-01 4.544825e-01 -8.836248e-01
    outer loop
      vertex   3.222592e+01 4.281805e+00 2.522844e-02
      vertex   3.223120e+01 4.422700e+00 9.836786e-02
      vertex   3.241124e+01 4.479630e+00 1.505688e-01
    endloop
  endfacet
  facet normal 1.039609e-02 6.577312e-01 -7.531809e-01
    outer loop
      vertex   3.241124e+01 4.479630e+00 1.505688e-01
      vertex   3.223120e+01 4.422700e+00 9.836786e-02
      vertex   3.223345e+01 4.482670e+00 1.507693e-01
    endloop
  endfacet
  facet normal 1.533192e-02 9.907595e-01 -1.347612e-01
    outer loop
      vertex   3.223877e+01 4.624599e+00 5.121516e-01
      vertex   3.241047e+01 4.621866e+00 5.115914e-01
      vertex   3.223796e+01 4.603204e+00 3.547665e-01
    endloop
  endfacet
  facet normal 5.260550e-02 9.831870e-01 -1.748600e-01
    outer loop
      vertex   3.241047e+01 4.621866e+00 5.115914e-01
      vertex   3.241066e+01 4.587198e+00 3.167193e-01
      vertex   3.223796e+01 4.603204e+00 3.547665e-01
    endloop
  endfacet
  facet normal -1.325860e-02 8.987391e-01 -4.382832e-01
    outer loop
      vertex   3.223796e+01 4.603204e+00 3.547665e-01
      vertex   3.241066e+01 4.587198e+00 3.167193e-01
      vertex   3.223535e+01 4.533562e+00 2.120375e-01
    endloop
  endfacet
  facet normal 6.740371e-02 8.376359e-01 -5.420543e-01
    outer loop
      vertex   3.241066e+01 4.587198e+00 3.167193e-01
      vertex   3.241124e+01 4.479630e+00 1.505688e-01
      vertex   3.223535e+01 4.533562e+00 2.120375e-01
    endloop
  endfacet
  facet normal 1.242684e-02 7.689904e-01 -6.391395e-01
    outer loop
      vertex   3.223535e+01 4.533562e+00 2.120375e-01
      vertex   3.241124e+01 4.479630e+00 1.505688e-01
      vertex   3.223345e+01 4.482670e+00 1.507693e-01
    endloop
  endfacet
  facet normal 4.250329e-16 -8.633796e-17 -1.000000e+00
    outer loop
      vertex   1.027469e+00 4.588661e-01 0.000000e+00
      vertex   1.418334e+00 1.127288e+00 1.084202e-16
      vertex   9.342585e-01 1.140688e-16 0.000000e+00
    endloop
  endfacet
  facet normal -3.335286e-16 2.394004e-16 -1.000000e+00
    outer loop
      vertex   1.418334e+00 1.127288e+00 1.084202e-16
      vertex   2.348749e+00 1.970645e+00 0.000000e+00
      vertex   9.342585e-01 1.140688e-16 0.000000e+00
    endloop
  endfacet
  facet normal 0.000000e+00 0.000000e+00 -1.000000e+00
    outer loop
      vertex   9.342585e-01 1.140688e-16 0.000000e+00
      vertex   2.348749e+00 1.970645e+00 0.000000e+00
      vertex   4.537467e+00 2.999751e+00 0.000000e+00
    endloop
  endfacet
  facet normal 3.313284e-17 -5.103661e-18 -1.000000e+00
    outer loop
      vertex   1.031287e+01 -4.072392e+00 0.000000e+00
      vertex   7.106307e+00 -3.645725e+00 -1.084202e-16
      vertex   8.258069e+00 3.831486e+00 -1.084202e-16
    endloop
  endfacet
  facet normal -3.246854e-17 5.001335e-18 -1.000000e+00
    outer loop
      vertex   7.106307e+00 -3.645725e+00 -1.084202e-16
      vertex   3.902120e+00 -2.768972e+00 0.000000e+00
      vertex   8.258069e+00 3.831486e+00 -1.084202e-16
    endloop
  endfacet
  facet normal -2.987608e-17 3.290447e-18 -1.000000e+00
    outer loop
      vertex   8.258069e+00 3.831486e+00 -1.084202e-16
      vertex   3.902120e+00 -2.768972e+00 0.000000e+00
      vertex   4.537467e+00 2.999751e+00 0.000000e+00
    endloop
  endfacet
  facet normal -6.717635e-17 7.398570e-18 -1.000000e+00
    outer loop
      vertex   3.902120e+00 -2.768972e+00 0.000000e+00
      vertex   2.374173e+00 -1.987969e+00 1.084202e-16
      vertex   4.537467e+00 2.999751e+00 0.000000e+00
    endloop
  endfacet
  facet normal 6.901811e-17 -5.167225e-17 -1.000000e+00
    outer loop
      vertex   4.537467e+00 2.999751e+00 0.000000e+00
      vertex   2.374173e+00 -1.987969e+00 1.084202e-16
      vertex   1.433400e+00 -1.146321e+00 0.000000e+00
    endloop
  endfacet
  facet normal -1.440479e-16 1.078453e-16 -1.000000e+00
    outer loop
      vertex   1.433400e+00 -1.146321e+00 0.000000e+00
      vertex   1.088424e+00 -6.017713e-01 1.084202e-16
      vertex   4.537467e+00 2.999751e+00 0.000000e+00
    endloop
  endfacet
  facet normal -2.364218e-17 -7.462762e-18 -1.000000e+00
    outer loop
      vertex   1.088424e+00 -6.017713e-01 1.084202e-16
      vertex   9.448056e-01 -1.467864e-01 1.084202e-16
      vertex   4.537467e+00 2.999751e+00 0.000000e+00
    endloop
  endfacet
  facet normal 5.802142e-16 -6.969355e-16 -1.000000e+00
    outer loop
      vertex   4.537467e+00 2.999751e+00 0.000000e+00
      vertex   9.448056e-01 -1.467864e-01 1.084202e-16
      vertex   9.342585e-01 1.140688e-16 0.000000e+00
    endloop
  endfacet
  facet normal -0.000000e+00 0.000000e+00 -1.000000e+00
    outer loop
      vertex   3.222005e+01 4.125097e+00 0.000000e+00
      vertex   3.222005e+01 -4.125097e+00 0.000000e+00
      vertex   2.302096e+01 4.299359e+00 0.000000e+00
    endloop
  endfacet
  facet normal 1.031002e-17 1.125804e-17 -1.000000e+00
    outer loop
      vertex   3.222005e+01 -4.125097e+00 0.000000e+00
      vertex   2.191592e+01 -4.319126e+00 -1.084202e-16
      vertex   2.302096e+01 4.299359e+00 0.000000e+00
    endloop
  endfacet
  facet normal -4.563552e-20 1.258581e-17 -1.000000e+00
    outer loop
      vertex   2.302096e+01 4.299359e+00 0.000000e+00
      vertex   2.191592e+01 -4.319126e+00 -1.084202e-16
      vertex   1.302130e+01 4.263100e+00 0.000000e+00
    endloop
  endfacet
  facet normal -1.565970e-17 -3.596604e-18 -1.000000e+00
    outer loop
      vertex   2.191592e+01 -4.319126e+00 -1.084202e-16
      vertex   1.499538e+01 -4.332080e+00 0.000000e+00
      vertex   1.302130e+01 4.263100e+00 0.000000e+00
    endloop
  endfacet
  facet normal 0.000000e+00 -0.000000e+00 -1.000000e+00
    outer loop
      vertex   1.302130e+01 4.263100e+00 0.000000e+00
      vertex   1.499538e+01 -4.332080e+00 0.000000e+00
      vertex   1.031287e+01 -4.072392e+00 0.000000e+00
    endloop
  endfacet
  facet normal 0.000000e+00 -0.000000e+00 -1.000000e+00
    outer loop
      vertex   4.043641e+01 6.986383e+00 4.336809e-16
      vertex   4.307664e+01 6.287629e+00 4.336809e-16
      vertex   3.772974e+01 6.621625e+00 4.336809e-16
    endloop
  endfacet
  facet normal -0.000000e+00 0.000000e+00 -1.000000e+00
    outer loop
      vertex   4.307664e+01 6.287629e+00 4.336809e-16
      vertex   3.772974e+01 -6.621625e+00 4.336809e-16
      vertex   3.772974e+01 6.621625e+00 4.336809e-16
    endloop
  endfacet
  facet normal 1.836795e-16 2.117284e-30 -1.000000e+00
    outer loop
      vertex   3.772974e+01 6.621625e+00 4.336809e-16
      vertex   3.772974e+01 -6.621625e+00 4.336809e-16
      vertex   3.536867e+01 5.248881e+00 0.000000e+00
    endloop
  endfacet
  facet normal 1.928944e-17 -3.269760e-17 -1.000000e+00
    outer loop
      vertex   3.772974e+01 -6.621625e+00 4.336809e-16
      vertex   3.390302e+01 4.384248e+00 0.000000e+00
      vertex   3.536867e+01 5.248881e+00 0.000000e+00
    endloop
  endfacet
  facet normal 0.000000e+00 0.000000e+00 -1.000000e+00
    outer loop
      vertex   4.825390e+01 -3.124211e+00 0.000000e+00
      vertex   4.825390e+01 3.124211e+00 0.000000e+00
      vertex   6.939627e+01 -9.700016e-01 0.000000e+00
    endloop
  endfacet
  facet normal -1.059614e-17 -5.471812e-17 -1.000000e+00
    outer loop
      vertex   4.825390e+01 3.124211e+00 0.000000e+00
      vertex   6.996142e+01 9.019885e-01 -1.084202e-16
      vertex   6.939627e+01 -9.700016e-01 0.000000e+00
    endloop
  endfacet
  facet normal 7.716367e-18 -6.024665e-17 -1.000000e+00
    outer loop
      vertex   6.939627e+01 -9.700016e-01 0.000000e+00
      vertex   6.996142e+01 9.019885e-01 -1.084202e-16
      vertex   7.696970e+01 -1.084611e-12 0.000000e+00
    endloop
  endfacet
  facet normal 2.345242e-17 -7.620322e-18 -1.000000e+00
    outer loop
      vertex   8.258069e+00 3.831486e+00 -1.084202e-16
      vertex   1.302130e+01 4.263100e+00 0.000000e+00
      vertex   1.031287e+01 -4.072392e+00 0.000000e+00
    endloop
  endfacet
  facet normal -0.000000e+00 0.000000e+00 -1.000000e+00
    outer loop
      vertex   4.660498e+01 -3.586864e+00 0.000000e+00
      vertex   4.524853e+01 -4.631732e+00 0.000000e+00
      vertex   4.660517e+01 3.586768e+00 0.000000e+00
    endloop
  endfacet
  facet normal -9.804164e-17 1.618394e-17 -1.000000e+00
    outer loop
      vertex   4.524853e+01 -4.631732e+00 0.000000e+00
      vertex   4.043641e+01 -6.986383e+00 4.336809e-16
      vertex   4.660517e+01 3.586768e+00 0.000000e+00
    endloop
  endfacet
  facet normal -2.109261e-17 -2.871098e-17 -1.000000e+00
    outer loop
      vertex   4.660517e+01 3.586768e+00 0.000000e+00
      vertex   4.043641e+01 -6.986383e+00 4.336809e-16
      vertex   4.538737e+01 4.481431e+00 0.000000e+00
    endloop
  endfacet
  facet normal -4.816147e-18 -3.573796e-17 -1.000000e+00
    outer loop
      vertex   4.043641e+01 -6.986383e+00 4.336809e-16
      vertex   3.772974e+01 -6.621625e+00 4.336809e-16
      vertex   4.538737e+01 4.481431e+00 0.000000e+00
    endloop
  endfacet
  facet normal -2.420888e-17 -2.236305e-17 -1.000000e+00
    outer loop
      vertex   4.538737e+01 4.481431e+00 0.000000e+00
      vertex   3.772974e+01 -6.621625e+00 4.336809e-16
      vertex   4.524853e+01 4.631732e+00 0.000000e+00
    endloop
  endfacet
  facet normal -1.517562e-16 6.285612e-17 -1.000000e+00
    outer loop
      vertex   3.772974e+01 -6.621625e+00 4.336809e-16
      vertex   4.307664e+01 6.287629e+00 4.336809e-16
      vertex   4.524853e+01 4.631732e+00 0.000000e+00
    endloop
  endfacet
  facet normal 0.000000e+00 0.000000e+00 -1.000000e+00
    outer loop
      vertex   3.536867e+01 -5.248881e+00 0.000000e+00
      vertex   3.522084e+01 -5.123987e+00 0.000000e+00
      vertex   3.390302e+01 4.384248e+00 0.000000e+00
    endloop
  endfacet
  facet normal 0.000000e+00 0.000000e+00 -1.000000e+00
    outer loop
      vertex   3.522084e+01 -5.123987e+00 0.000000e+00
      vertex   3.390231e+01 -4.383992e+00 0.000000e+00
      vertex   3.390302e+01 4.384248e+00 0.000000e+00
    endloop
  endfacet
  facet normal 0.000000e+00 0.000000e+00 -1.000000e+00
    outer loop
      vertex   3.390302e+01 4.384248e+00 0.000000e+00
      vertex   3.390231e+01 -4.383992e+00 0.000000e+00
      vertex   3.241320e+01 4.122008e+00 0.000000e+00
    endloop
  endfacet
  facet normal 0.000000e+00 0.000000e+00 -1.000000e+00
    outer loop
      vertex   3.390231e+01 -4.383992e+00 0.000000e+00
      vertex   3.222005e+01 -4.125097e+00 0.000000e+00
      vertex   3.241320e+01 4.122008e+00 0.000000e+00
    endloop
  endfacet
  facet normal -0.000000e+00 0.000000e+00 -1.000000e+00
    outer loop
      vertex   3.241320e+01 4.122008e+00 0.000000e+00
      vertex   3.222005e+01 -4.125097e+00 0.000000e+00
      vertex   3.222005e+01 4.125097e+00 0.000000e+00
    endloop
  endfacet
  facet normal 2.015044e-16 3.065809e-17 -1.000000e+00
    outer loop
      vertex   3.390302e+01 4.384248e+00 0.000000e+00
      vertex   3.772974e+01 -6.621625e+00 4.336809e-16
      vertex   3.536867e+01 -5.248881e+00 0.000000e+00
    endloop
  endfacet
  facet normal 0.000000e+00 0.000000e+00 -1.000000e+00
    outer loop
      vertex   4.660498e+01 -3.586864e+00 0.000000e+00
      vertex   4.660517e+01 3.586768e+00 0.000000e+00
      vertex   4.805035e+01 -3.145631e+00 0.000000e+00
    endloop
  endfacet
  facet normal 0.000000e+00 0.000000e+00 -1.000000e+00
    outer loop
      vertex   4.660517e+01 3.586768e+00 0.000000e+00
      vertex   4.825390e+01 3.124211e+00 0.000000e+00
      vertex   4.805035e+01 -3.145631e+00 0.000000e+00
    endloop
  endfacet
  facet normal 0.000000e+00 0.000000e+00 -1.000000e+00
    outer loop
      vertex   4.805035e+01 -3.145631e+00 0.000000e+00
      vertex   4.825390e+01 3.124211e+00 0.000000e+00
      vertex   4.825390e+01 -3.124211e+00 0.000000e+00
    endloop
  endfacet
  facet normal 1.061668e-16 -4.011501e-16 -1.000000e+00
    outer loop
      vertex   4.524853e+01 -4.631732e+00 0.000000e+00
      vertex   4.307664e+01 -6.287629e+00 4.336809e-16
      vertex   4.043641e+01 -6.986383e+00 4.336809e-16
    endloop
  endfacet
  facet normal 1.990355e-02 1.944255e-01 -9.807153e-01
    outer loop
      vertex   6.996142e+01 9.019885e-01 -1.084202e-16
      vertex   4.825390e+01 3.124211e+00 0.000000e+00
      vertex   6.998441e+01 1.092248e+00 3.818524e-02
    endloop
  endfacet
  facet normal 1.997909e-02 1.952364e-01 -9.805527e-01
    outer loop
      vertex   4.825390e+01 3.124211e+00 0.000000e+00
      vertex   4.826968e+01 3.315967e+00 3.850180e-02
      vertex   6.998441e+01 1.092248e+00 3.818524e-02
    endloop
  endfacet
  facet normal 5.667514e-02 5.535540e-01 -8.308826e-01
    outer loop
      vertex   6.998441e+01 1.092248e+00 3.818524e-02
      vertex   4.826968e+01 3.315967e+00 3.850180e-02
      vertex   7.000388e+01 1.253448e+00 1.469085e-01
    endloop
  endfacet
  facet normal 5.686342e-02 5.556109e-01 -8.294957e-01
    outer loop
      vertex   4.826968e+01 3.315967e+00 3.850180e-02
      vertex   4.828303e+01 3.478191e+00 1.480776e-01
      vertex   7.000388e+01 1.253448e+00 1.469085e-01
    endloop
  endfacet
  facet normal 8.478655e-02 8.280882e-01 -5.541490e-01
    outer loop
      vertex   7.000388e+01 1.253448e+00 1.469085e-01
      vertex   4.828303e+01 3.478191e+00 1.480776e-01
      vertex   7.001687e+01 1.360965e+00 3.095633e-01
    endloop
  endfacet
  facet normal 8.498271e-02 8.303648e-01 -5.507015e-01
    outer loop
      vertex   4.828303e+01 3.478191e+00 1.480776e-01
      vertex   4.829189e+01 3.585900e+00 3.118520e-01
      vertex   7.001687e+01 1.360965e+00 3.095633e-01
    endloop
  endfacet
  facet normal 8.279698e-02 8.090548e-01 -5.818720e-01
    outer loop
      vertex   7.001687e+01 1.360965e+00 3.095633e-01
      vertex   4.829189e+01 3.585900e+00 3.118520e-01
      vertex   6.050010e+01 2.473451e+00 5.022213e-01
    endloop
  endfacet
  facet normal 9.203756e-02 9.780060e-01 -1.871718e-01
    outer loop
      vertex   4.829189e+01 3.585900e+00 3.118520e-01
      vertex   4.829491e+01 3.622506e+00 5.046026e-01
      vertex   6.050010e+01 2.473451e+00 5.022213e-01
    endloop
  endfacet
  facet normal 1.258712e-01 9.889996e-01 -7.769299e-02
    outer loop
      vertex   8.099621e+01 -3.891202e-13 4.809554e-01
      vertex   8.098328e+01 -3.814223e-13 4.600061e-01
      vertex   7.002139e+01 1.398378e+00 5.013056e-01
    endloop
  endfacet
  facet normal 1.186396e-01 9.395065e-01 -3.213287e-01
    outer loop
      vertex   8.098328e+01 -3.814223e-13 4.600061e-01
      vertex   8.051070e+01 8.730030e-14 2.855217e-01
      vertex   7.002139e+01 1.398378e+00 5.013056e-01
    endloop
  endfacet
  facet normal 1.257662e-01 9.731365e-01 -1.928425e-01
    outer loop
      vertex   7.002139e+01 1.398378e+00 5.013056e-01
      vertex   8.051070e+01 8.730030e-14 2.855217e-01
      vertex   7.001687e+01 1.360965e+00 3.095633e-01
    endloop
  endfacet
  facet normal 1.040615e-01 8.125068e-01 -5.735886e-01
    outer loop
      vertex   8.051070e+01 8.730030e-14 2.855217e-01
      vertex   8.013089e+01 5.036119e-13 2.166157e-01
      vertex   7.001687e+01 1.360965e+00 3.095633e-01
    endloop
  endfacet
  facet normal 9.450270e-02 7.472231e-01 -6.578198e-01
    outer loop
      vertex   7.001687e+01 1.360965e+00 3.095633e-01
      vertex   8.013089e+01 5.036119e-13 2.166157e-01
      vertex   7.986855e+01 7.799678e-13 1.789284e-01
    endloop
  endfacet
  facet normal 1.056436e-12 1.000000e+00 -1.749680e-13
    outer loop
      vertex   8.098328e+01 -3.814223e-13 4.600061e-01
      vertex   8.094795e+01 -3.494384e-13 4.294763e-01
      vertex   8.051070e+01 8.730030e-14 2.855217e-01
    endloop
  endfacet
  facet normal 1.263093e-01 9.916724e-01 -2.513572e-02
    outer loop
      vertex   7.002139e+01 1.398378e+00 5.013056e-01
      vertex   8.100000e+01 0.000000e+00 5.000000e-01
      vertex   8.099621e+01 -3.891202e-13 4.809554e-01
    endloop
  endfacet
  facet normal 2.653531e-02 2.041159e-01 -9.785870e-01
    outer loop
      vertex   7.697808e+01 -1.224633e-12 1.455358e-06
      vertex   6.998441e+01 1.092248e+00 3.818524e-02
      vertex   7.825985e+01 9.600873e-13 3.475794e-02
    endloop
  endfacet
  facet normal 7.246840e-02 5.516654e-01 -8.309113e-01
    outer loop
      vertex   6.998441e+01 1.092248e+00 3.818524e-02
      vertex   7.000388e+01 1.253448e+00 1.469085e-01
      vertex   7.825985e+01 9.600873e-13 3.475794e-02
    endloop
  endfacet
  facet normal 6.886099e-02 5.292264e-01 -8.456817e-01
    outer loop
      vertex   7.825985e+01 9.600873e-13 3.475794e-02
      vertex   7.000388e+01 1.253448e+00 1.469085e-01
      vertex   7.954008e+01 1.088905e-12 1.390029e-01
    endloop
  endfacet
  facet normal 1.080252e-01 8.253484e-01 -5.541936e-01
    outer loop
      vertex   7.000388e+01 1.253448e+00 1.469085e-01
      vertex   7.001687e+01 1.360965e+00 3.095633e-01
      vertex   7.954008e+01 1.088905e-12 1.390029e-01
    endloop
  endfacet
  facet normal 8.666528e-02 6.957867e-01 -7.130007e-01
    outer loop
      vertex   7.954008e+01 1.088905e-12 1.390029e-01
      vertex   7.001687e+01 1.360965e+00 3.095633e-01
      vertex   7.986855e+01 7.799678e-13 1.789284e-01
    endloop
  endfacet
  facet normal 2.494496e-02 1.938175e-01 -9.807204e-01
    outer loop
      vertex   6.996142e+01 9.019885e-01 -1.084202e-16
      vertex   6.998441e+01 1.092248e+00 3.818524e-02
      vertex   7.696970e+01 -1.084611e-12 0.000000e+00
    endloop
  endfacet
  facet normal 1.736271e-04 3.604789e-02 -9.993500e-01
    outer loop
      vertex   6.998441e+01 1.092248e+00 3.818524e-02
      vertex   7.697808e+01 -1.224633e-12 1.455358e-06
      vertex   7.696970e+01 -1.084611e-12 0.000000e+00
    endloop
  endfacet
  facet normal 1.100753e-01 9.750359e-01 -1.928432e-01
    outer loop
      vertex   6.050010e+01 2.473451e+00 5.022213e-01
      vertex   7.002139e+01 1.398378e+00 5.013056e-01
      vertex   7.001687e+01 1.360965e+00 3.095633e-01
    endloop
  endfacet
  facet normal 1.989348e-02 -1.952435e-01 -9.805530e-01
    outer loop
      vertex   4.825390e+01 -3.124211e+00 0.000000e+00
      vertex   6.939627e+01 -9.700016e-01 0.000000e+00
      vertex   4.826968e+01 -3.315967e+00 3.850180e-02
    endloop
  endfacet
  facet normal 1.980451e-02 -1.944449e-01 -9.807135e-01
    outer loop
      vertex   6.939627e+01 -9.700016e-01 0.000000e+00
      vertex   6.941909e+01 -1.160292e+00 3.818939e-02
      vertex   4.826968e+01 -3.315967e+00 3.850180e-02
    endloop
  endfacet
  facet normal 5.662114e-02 -5.556323e-01 -8.294979e-01
    outer loop
      vertex   4.826968e+01 -3.315967e+00 3.850180e-02
      vertex   6.941909e+01 -1.160292e+00 3.818939e-02
      vertex   4.828303e+01 -3.478191e+00 1.480776e-01
    endloop
  endfacet
  facet normal 5.639195e-02 -5.536073e-01 -8.308664e-01
    outer loop
      vertex   6.941909e+01 -1.160292e+00 3.818939e-02
      vertex   6.943841e+01 -1.321515e+00 1.469238e-01
      vertex   4.828303e+01 -3.478191e+00 1.480776e-01
    endloop
  endfacet
  facet normal 8.462468e-02 -8.303993e-01 -5.507048e-01
    outer loop
      vertex   4.828303e+01 -3.478191e+00 1.480776e-01
      vertex   6.943841e+01 -1.321515e+00 1.469238e-01
      vertex   4.829189e+01 -3.585900e+00 3.118520e-01
    endloop
  endfacet
  facet normal 8.435839e-02 -8.281603e-01 -5.541067e-01
    outer loop
      vertex   6.943841e+01 -1.321515e+00 1.469238e-01
      vertex   6.945130e+01 -1.429041e+00 3.095933e-01
      vertex   4.829189e+01 -3.585900e+00 3.118520e-01
    endloop
  endfacet
  facet normal 8.360148e-02 -8.207463e-01 -5.651428e-01
    outer loop
      vertex   4.829189e+01 -3.585900e+00 3.118520e-01
      vertex   6.945130e+01 -1.429041e+00 3.095933e-01
      vertex   6.050010e+01 -2.473451e+00 5.022213e-01
    endloop
  endfacet
  facet normal 1.096247e-01 -9.751012e-01 -1.927696e-01
    outer loop
      vertex   6.945130e+01 -1.429041e+00 3.095933e-01
      vertex   6.945579e+01 -1.466445e+00 5.013489e-01
      vertex   6.050010e+01 -2.473451e+00 5.022213e-01
    endloop
  endfacet
  facet normal 9.328262e-02 -9.765326e-01 -1.941196e-01
    outer loop
      vertex   8.094795e+01 -3.494384e-13 4.294763e-01
      vertex   7.988067e+01 -1.160792e-01 5.005513e-01
      vertex   7.987646e+01 -7.841230e-02 3.090403e-01
    endloop
  endfacet
  facet normal 1.260016e-01 -9.728529e-01 -1.941157e-01
    outer loop
      vertex   7.988067e+01 -1.160792e-01 5.005513e-01
      vertex   6.945579e+01 -1.466445e+00 5.013489e-01
      vertex   7.987646e+01 -7.841230e-02 3.090403e-01
    endloop
  endfacet
  facet normal 1.260612e-01 -9.731134e-01 -1.927662e-01
    outer loop
      vertex   7.987646e+01 -7.841230e-02 3.090403e-01
      vertex   6.945579e+01 -1.466445e+00 5.013489e-01
      vertex   6.945130e+01 -1.429041e+00 3.095933e-01
    endloop
  endfacet
  facet normal 2.482742e-02 -1.938437e-01 -9.807182e-01
    outer loop
      vertex   6.939627e+01 -9.700016e-01 0.000000e+00
      vertex   7.696970e+01 -1.084611e-12 0.000000e+00
      vertex   6.941909e+01 -1.160292e+00 3.818939e-02
    endloop
  endfacet
  facet normal 1.736394e-04 -3.402450e-02 -9.994210e-01
    outer loop
      vertex   7.696970e+01 -1.084611e-12 0.000000e+00
      vertex   7.697808e+01 -1.224633e-12 1.455358e-06
      vertex   6.941909e+01 -1.160292e+00 3.818939e-02
    endloop
  endfacet
  facet normal 2.653009e-02 -2.050376e-01 -9.783945e-01
    outer loop
      vertex   6.941909e+01 -1.160292e+00 3.818939e-02
      vertex   7.697808e+01 -1.224633e-12 1.455358e-06
      vertex   7.825985e+01 9.600873e-13 3.475794e-02
    endloop
  endfacet
  facet normal 7.209015e-02 -5.517430e-01 -8.308927e-01
    outer loop
      vertex   6.941909e+01 -1.160292e+00 3.818939e-02
      vertex   7.825985e+01 9.600873e-13 3.475794e-02
      vertex   6.943841e+01 -1.321515e+00 1.469238e-01
    endloop
  endfacet
  facet normal 6.878019e-02 -5.308193e-01 -8.446894e-01
    outer loop
      vertex   7.825985e+01 9.600873e-13 3.475794e-02
      vertex   7.954008e+01 1.088905e-12 1.390029e-01
      vertex   6.943841e+01 -1.321515e+00 1.469238e-01
    endloop
  endfacet
  facet normal 1.051806e-01 -8.074802e-01 -5.804419e-01
    outer loop
      vertex   6.943841e+01 -1.321515e+00 1.469238e-01
      vertex   7.954008e+01 1.088905e-12 1.390029e-01
      vertex   7.987646e+01 -7.841230e-02 3.090403e-01
    endloop
  endfacet
  facet normal 6.295635e-02 -8.530936e-01 -5.179458e-01
    outer loop
      vertex   7.954008e+01 1.088905e-12 1.390029e-01
      vertex   7.986855e+01 7.799678e-13 1.789284e-01
      vertex   7.987646e+01 -7.841230e-02 3.090403e-01
    endloop
  endfacet
  facet normal 7.442308e-02 -8.521074e-01 -5.180485e-01
    outer loop
      vertex   7.987646e+01 -7.841230e-02 3.090403e-01
      vertex   7.986855e+01 7.799678e-13 1.789284e-01
      vertex   8.013089e+01 5.036119e-13 2.166157e-01
    endloop
  endfacet
  facet normal 1.069208e-01 -8.255213e-01 -5.541502e-01
    outer loop
      vertex   7.987646e+01 -7.841230e-02 3.090403e-01
      vertex   6.945130e+01 -1.429041e+00 3.095933e-01
      vertex   6.943841e+01 -1.321515e+00 1.469238e-01
    endloop
  endfacet
  facet normal 1.047035e-01 -9.422821e-01 -3.180276e-01
    outer loop
      vertex   8.094795e+01 -3.494384e-13 4.294763e-01
      vertex   7.987646e+01 -7.841230e-02 3.090403e-01
      vertex   8.051070e+01 8.730030e-14 2.855217e-01
    endloop
  endfacet
  facet normal 8.898683e-02 -8.668877e-01 -4.904968e-01
    outer loop
      vertex   7.987646e+01 -7.841230e-02 3.090403e-01
      vertex   8.013089e+01 5.036119e-13 2.166157e-01
      vertex   8.051070e+01 8.730030e-14 2.855217e-01
    endloop
  endfacet
  facet normal -4.973090e-11 -1.000000e+00 3.032854e-11
    outer loop
      vertex   8.099621e+01 -3.891202e-13 4.809554e-01
      vertex   8.100000e+01 0.000000e+00 5.000000e-01
      vertex   8.098328e+01 -3.814223e-13 4.600061e-01
    endloop
  endfacet
  facet normal 1.030346e-01 -9.937446e-01 -4.307679e-02
    outer loop
      vertex   8.100000e+01 0.000000e+00 5.000000e-01
      vertex   7.988067e+01 -1.160792e-01 5.005513e-01
      vertex   8.098328e+01 -3.814223e-13 4.600061e-01
    endloop
  endfacet
  facet normal 9.979665e-02 -9.882823e-01 -1.154934e-01
    outer loop
      vertex   8.098328e+01 -3.814223e-13 4.600061e-01
      vertex   7.988067e+01 -1.160792e-01 5.005513e-01
      vertex   8.094795e+01 -3.494384e-13 4.294763e-01
    endloop
  endfacet
  facet normal 9.203756e-02 -9.780060e-01 -1.871718e-01
    outer loop
      vertex   6.050010e+01 -2.473451e+00 5.022213e-01
      vertex   4.829491e+01 -3.622506e+00 5.046026e-01
      vertex   4.829189e+01 -3.585900e+00 3.118520e-01
    endloop
  endfacet
  facet normal -8.255828e-02 9.919060e-01 -9.647125e-02
    outer loop
      vertex   1.299730e+01 4.761397e+00 5.335301e-01
      vertex   1.299806e+01 4.745675e+00 3.712323e-01
      vertex   9.011062e+00 4.431618e+00 5.541279e-01
    endloop
  endfacet
  facet normal -8.745478e-02 9.639900e-01 -2.511472e-01
    outer loop
      vertex   1.299806e+01 4.745675e+00 3.712323e-01
      vertex   8.189424e+00 4.314794e+00 3.918280e-01
      vertex   9.011062e+00 4.431618e+00 5.541279e-01
    endloop
  endfacet
  facet normal -1.311148e-01 9.901577e-01 -4.895536e-02
    outer loop
      vertex   9.011062e+00 4.431618e+00 5.541279e-01
      vertex   8.189424e+00 4.314794e+00 3.918280e-01
      vertex   8.188265e+00 4.322951e+00 5.599126e-01
    endloop
  endfacet
  facet normal -2.168614e-01 9.749814e-01 -4.880989e-02
    outer loop
      vertex   8.189424e+00 4.314794e+00 3.918280e-01
      vertex   4.379587e+00 3.469465e+00 4.333512e-01
      vertex   8.188265e+00 4.322951e+00 5.599126e-01
    endloop
  endfacet
  facet normal -2.198837e-01 9.744557e-01 4.568627e-02
    outer loop
      vertex   8.188265e+00 4.322951e+00 5.599126e-01
      vertex   4.379587e+00 3.469465e+00 4.333512e-01
      vertex   4.382202e+00 3.461687e+00 6.118357e-01
    endloop
  endfacet
  facet normal -4.237273e-01 9.046398e-01 4.562960e-02
    outer loop
      vertex   4.379587e+00 3.469465e+00 4.333512e-01
      vertex   2.066149e+00 2.383003e+00 4.901094e-01
      vertex   4.382202e+00 3.461687e+00 6.118357e-01
    endloop
  endfacet
  facet normal -4.233452e-01 8.896539e-01 1.711574e-01
    outer loop
      vertex   4.382202e+00 3.461687e+00 6.118357e-01
      vertex   2.066149e+00 2.383003e+00 4.901094e-01
      vertex   2.085015e+00 2.355475e+00 6.798615e-01
    endloop
  endfacet
  facet normal -6.593173e-01 7.319866e-01 1.717450e-01
    outer loop
      vertex   2.066149e+00 2.383003e+00 4.901094e-01
      vertex   1.026187e+00 1.435252e+00 5.371322e-01
      vertex   2.085015e+00 2.355475e+00 6.798615e-01
    endloop
  endfacet
  facet normal -6.517565e-01 7.075764e-01 2.730368e-01
    outer loop
      vertex   2.085015e+00 2.355475e+00 6.798615e-01
      vertex   1.026187e+00 1.435252e+00 5.371322e-01
      vertex   1.070563e+00 1.400402e+00 7.333762e-01
    endloop
  endfacet
  facet normal -8.286037e-01 4.881654e-01 2.740630e-01
    outer loop
      vertex   1.026187e+00 1.435252e+00 5.371322e-01
      vertex   5.640744e-01 6.347028e-01 5.659302e-01
      vertex   1.070563e+00 1.400402e+00 7.333762e-01
    endloop
  endfacet
  facet normal -8.179841e-01 4.678966e-01 3.346264e-01
    outer loop
      vertex   1.070563e+00 1.400402e+00 7.333762e-01
      vertex   5.640744e-01 6.347028e-01 5.659302e-01
      vertex   6.309028e-01 6.093446e-01 7.647478e-01
    endloop
  endfacet
  facet normal -9.238594e-01 1.863459e-01 3.343037e-01
    outer loop
      vertex   5.640744e-01 6.347028e-01 5.659302e-01
      vertex   4.403491e-01 -2.065692e-17 5.778039e-01
      vertex   6.309028e-01 6.093446e-01 7.647478e-01
    endloop
  endfacet
  facet normal -9.168607e-01 1.769311e-01 3.578573e-01
    outer loop
      vertex   6.309028e-01 6.093446e-01 7.647478e-01
      vertex   4.403491e-01 -2.065692e-17 5.778039e-01
      vertex   5.182334e-01 -2.727205e-17 7.773501e-01
    endloop
  endfacet
  facet normal 1.701937e-02 9.008754e-01 -4.337440e-01
    outer loop
      vertex   3.223796e+01 4.603204e+00 3.547665e-01
      vertex   2.302817e+01 4.709419e+00 2.139961e-01
      vertex   2.302939e+01 4.778644e+00 3.578210e-01
    endloop
  endfacet
  facet normal -3.140266e-03 9.010682e-01 -4.336661e-01
    outer loop
      vertex   2.302817e+01 4.709419e+00 2.139961e-01
      vertex   1.300129e+01 4.678630e+00 2.226293e-01
      vertex   2.302939e+01 4.778644e+00 3.578210e-01
    endloop
  endfacet
  facet normal -3.545522e-03 9.114872e-01 -4.113133e-01
    outer loop
      vertex   2.302939e+01 4.778644e+00 3.578210e-01
      vertex   1.300129e+01 4.678630e+00 2.226293e-01
      vertex   1.299806e+01 4.745675e+00 3.712323e-01
    endloop
  endfacet
  facet normal -8.180340e-02 9.077992e-01 -4.113500e-01
    outer loop
      vertex   1.300129e+01 4.678630e+00 2.226293e-01
      vertex   8.198359e+00 4.251887e+00 2.359973e-01
      vertex   1.299806e+01 4.745675e+00 3.712323e-01
    endloop
  endfacet
  facet normal -8.425965e-02 9.223093e-01 -3.771549e-01
    outer loop
      vertex   1.299806e+01 4.745675e+00 3.712323e-01
      vertex   8.198359e+00 4.251887e+00 2.359973e-01
      vertex   8.189424e+00 4.314794e+00 3.918280e-01
    endloop
  endfacet
  facet normal -2.012583e-01 9.042594e-01 -3.765767e-01
    outer loop
      vertex   8.198359e+00 4.251887e+00 2.359973e-01
      vertex   4.397134e+00 3.417263e+00 2.633775e-01
      vertex   8.189424e+00 4.314794e+00 3.918280e-01
    endloop
  endfacet
  facet normal -2.093539e-01 9.284747e-01 -3.067665e-01
    outer loop
      vertex   8.189424e+00 4.314794e+00 3.918280e-01
      vertex   4.397134e+00 3.417263e+00 2.633775e-01
      vertex   4.379587e+00 3.469465e+00 4.333512e-01
    endloop
  endfacet
  facet normal -4.039567e-01 8.619319e-01 -3.064185e-01
    outer loop
      vertex   4.397134e+00 3.417263e+00 2.633775e-01
      vertex   2.089243e+00 2.349305e+00 3.018259e-01
      vertex   4.379587e+00 3.469465e+00 4.333512e-01
    endloop
  endfacet
  facet normal -4.198574e-01 8.830689e-01 -2.095448e-01
    outer loop
      vertex   4.379587e+00 3.469465e+00 4.333512e-01
      vertex   2.089243e+00 2.349305e+00 3.018259e-01
      vertex   2.066149e+00 2.383003e+00 4.901094e-01
    endloop
  endfacet
  facet normal -6.548818e-01 7.258980e-01 -2.102424e-01
    outer loop
      vertex   2.089243e+00 2.349305e+00 3.018259e-01
      vertex   1.047213e+00 1.418739e+00 3.346952e-01
      vertex   2.066149e+00 2.383003e+00 4.901094e-01
    endloop
  endfacet
  facet normal -6.711154e-01 7.299985e-01 -1.292527e-01
    outer loop
      vertex   2.066149e+00 2.383003e+00 4.901094e-01
      vertex   1.047213e+00 1.418739e+00 3.346952e-01
      vertex   1.026187e+00 1.435252e+00 5.371322e-01
    endloop
  endfacet
  facet normal -8.549557e-01 5.022065e-01 -1.297668e-01
    outer loop
      vertex   1.047213e+00 1.418739e+00 3.346952e-01
      vertex   5.799852e-01 6.286654e-01 3.553407e-01
      vertex   1.026187e+00 1.435252e+00 5.371322e-01
    endloop
  endfacet
  facet normal -8.645571e-01 4.961990e-01 -7.954590e-02
    outer loop
      vertex   1.026187e+00 1.435252e+00 5.371322e-01
      vertex   5.799852e-01 6.286654e-01 3.553407e-01
      vertex   5.640744e-01 6.347028e-01 5.659302e-01
    endloop
  endfacet
  facet normal -9.773498e-01 1.961442e-01 -7.946550e-02
    outer loop
      vertex   5.799852e-01 6.286654e-01 3.553407e-01
      vertex   4.531162e-01 -2.174130e-17 3.639778e-01
      vertex   5.640744e-01 6.347028e-01 5.659302e-01
    endloop
  endfacet
  facet normal -9.800483e-01 1.899503e-01 -5.851660e-02
    outer loop
      vertex   5.640744e-01 6.347028e-01 5.659302e-01
      vertex   4.531162e-01 -2.174130e-17 3.639778e-01
      vertex   4.403491e-01 -2.065692e-17 5.778039e-01
    endloop
  endfacet
  facet normal 1.291602e-02 7.183102e-01 -6.956031e-01
    outer loop
      vertex   3.223345e+01 4.482670e+00 1.507693e-01
      vertex   2.302622e+01 4.598403e+00 9.931964e-02
      vertex   2.302817e+01 4.709419e+00 2.139961e-01
    endloop
  endfacet
  facet normal -2.515769e-03 7.184992e-01 -6.955233e-01
    outer loop
      vertex   2.302622e+01 4.598403e+00 9.931964e-02
      vertex   1.300664e+01 4.567392e+00 1.035256e-01
      vertex   2.302817e+01 4.709419e+00 2.139961e-01
    endloop
  endfacet
  facet normal -2.831664e-03 7.307596e-01 -6.826290e-01
    outer loop
      vertex   2.302817e+01 4.709419e+00 2.139961e-01
      vertex   1.300664e+01 4.567392e+00 1.035256e-01
      vertex   1.300129e+01 4.678630e+00 2.226293e-01
    endloop
  endfacet
  facet normal -6.562799e-02 7.277762e-01 -6.826674e-01
    outer loop
      vertex   1.300664e+01 4.567392e+00 1.035256e-01
      vertex   8.214058e+00 4.141357e+00 1.100731e-01
      vertex   1.300129e+01 4.678630e+00 2.226293e-01
    endloop
  endfacet
  facet normal -6.809054e-02 7.455823e-01 -6.629259e-01
    outer loop
      vertex   1.300129e+01 4.678630e+00 2.226293e-01
      vertex   8.214058e+00 4.141357e+00 1.100731e-01
      vertex   8.198359e+00 4.251887e+00 2.359973e-01
    endloop
  endfacet
  facet normal -1.628268e-01 7.313680e-01 -6.622600e-01
    outer loop
      vertex   8.214058e+00 4.141357e+00 1.100731e-01
      vertex   4.432600e+00 3.311745e+00 1.236196e-01
      vertex   8.198359e+00 4.251887e+00 2.359973e-01
    endloop
  endfacet
  facet normal -1.723564e-01 7.646095e-01 -6.210198e-01
    outer loop
      vertex   8.198359e+00 4.251887e+00 2.359973e-01
      vertex   4.432600e+00 3.311745e+00 1.236196e-01
      vertex   4.397134e+00 3.417263e+00 2.633775e-01
    endloop
  endfacet
  facet normal -3.327537e-01 7.100690e-01 -6.205457e-01
    outer loop
      vertex   4.432600e+00 3.311745e+00 1.236196e-01
      vertex   2.150868e+00 2.259384e+00 1.429669e-01
      vertex   4.397134e+00 3.417263e+00 2.633775e-01
    endloop
  endfacet
  facet normal -3.553170e-01 7.476532e-01 -5.610387e-01
    outer loop
      vertex   4.397134e+00 3.417263e+00 2.633775e-01
      vertex   2.150868e+00 2.259384e+00 1.429669e-01
      vertex   2.089243e+00 2.349305e+00 3.018259e-01
    endloop
  endfacet
  facet normal -5.540029e-01 6.138515e-01 -5.623763e-01
    outer loop
      vertex   2.150868e+00 2.259384e+00 1.429669e-01
      vertex   1.130136e+00 1.353618e+00 1.598280e-01
      vertex   2.089243e+00 2.349305e+00 3.018259e-01
    endloop
  endfacet
  facet normal -5.813296e-01 6.328995e-01 -5.113650e-01
    outer loop
      vertex   2.089243e+00 2.349305e+00 3.018259e-01
      vertex   1.130136e+00 1.353618e+00 1.598280e-01
      vertex   1.047213e+00 1.418739e+00 3.346952e-01
    endloop
  endfacet
  facet normal -7.403219e-01 4.345741e-01 -5.129024e-01
    outer loop
      vertex   1.130136e+00 1.353618e+00 1.598280e-01
      vertex   6.757943e-01 5.923103e-01 1.705801e-01
      vertex   1.047213e+00 1.418739e+00 3.346952e-01
    endloop
  endfacet
  facet normal -7.603995e-01 4.371280e-01 -4.803246e-01
    outer loop
      vertex   1.047213e+00 1.418739e+00 3.346952e-01
      vertex   6.757943e-01 5.923103e-01 1.705801e-01
      vertex   5.799852e-01 6.286654e-01 3.553407e-01
    endloop
  endfacet
  facet normal -8.600568e-01 1.728953e-01 -4.800099e-01
    outer loop
      vertex   6.757943e-01 5.923103e-01 1.705801e-01
      vertex   5.541915e-01 -3.032616e-17 1.751169e-01
      vertex   5.799852e-01 6.286654e-01 3.553407e-01
    endloop
  endfacet
  facet normal -8.689957e-01 1.689798e-01 -4.650724e-01
    outer loop
      vertex   5.799852e-01 6.286654e-01 3.553407e-01
      vertex   5.541915e-01 -3.032616e-17 1.751169e-01
      vertex   4.531162e-01 -2.174130e-17 3.639778e-01
    endloop
  endfacet
  facet normal 8.736747e-03 4.625149e-01 -8.865685e-01
    outer loop
      vertex   3.223120e+01 4.422700e+00 9.836786e-02
      vertex   2.302373e+01 4.456909e+00 2.547909e-02
      vertex   2.302622e+01 4.598403e+00 9.931964e-02
    endloop
  endfacet
  facet normal -1.628982e-03 4.626753e-01 -8.865263e-01
    outer loop
      vertex   2.302373e+01 4.456909e+00 2.547909e-02
      vertex   1.301356e+01 4.423791e+00 2.658835e-02
      vertex   2.302622e+01 4.598403e+00 9.931964e-02
    endloop
  endfacet
  facet normal -1.831497e-03 4.721918e-01 -8.814939e-01
    outer loop
      vertex   2.302622e+01 4.598403e+00 9.931964e-02
      vertex   1.301356e+01 4.423791e+00 2.658835e-02
      vertex   1.300664e+01 4.567392e+00 1.035256e-01
    endloop
  endfacet
  facet normal -4.244226e-02 4.702465e-01 -8.815140e-01
    outer loop
      vertex   1.301356e+01 4.423791e+00 2.658835e-02
      vertex   8.234742e+00 3.995724e+00 2.832031e-02
      vertex   1.300664e+01 4.567392e+00 1.035256e-01
    endloop
  endfacet
  facet normal -4.424033e-02 4.842427e-01 -8.738145e-01
    outer loop
      vertex   1.300664e+01 4.567392e+00 1.035256e-01
      vertex   8.234742e+00 3.995724e+00 2.832031e-02
      vertex   8.214058e+00 4.141357e+00 1.100731e-01
    endloop
  endfacet
  facet normal -1.058583e-01 4.752819e-01 -8.734421e-01
    outer loop
      vertex   8.234742e+00 3.995724e+00 2.832031e-02
      vertex   4.481457e+00 3.166387e+00 3.192405e-02
      vertex   8.214058e+00 4.141357e+00 1.100731e-01
    endloop
  endfacet
  facet normal -1.133295e-01 5.025730e-01 -8.570746e-01
    outer loop
      vertex   8.214058e+00 4.141357e+00 1.100731e-01
      vertex   4.481457e+00 3.166387e+00 3.192405e-02
      vertex   4.432600e+00 3.311745e+00 1.236196e-01
    endloop
  endfacet
  facet normal -2.187833e-01 4.669495e-01 -8.567917e-01
    outer loop
      vertex   4.481457e+00 3.166387e+00 3.192405e-02
      vertex   2.241875e+00 2.126592e+00 3.711959e-02
      vertex   4.432600e+00 3.311745e+00 1.236196e-01
    endloop
  endfacet
  facet normal -2.378871e-01 5.004836e-01 -8.324217e-01
    outer loop
      vertex   4.432600e+00 3.311745e+00 1.236196e-01
      vertex   2.241875e+00 2.126592e+00 3.711959e-02
      vertex   2.150868e+00 2.259384e+00 1.429669e-01
    endloop
  endfacet
  facet normal -3.703795e-01 4.103886e-01 -8.333068e-01
    outer loop
      vertex   2.241875e+00 2.126592e+00 3.711959e-02
      vertex   1.261125e+00 1.250748e+00 4.169553e-02
      vertex   2.150868e+00 2.259384e+00 1.429669e-01
    endloop
  endfacet
  facet normal -3.948035e-01 4.297980e-01 -8.120369e-01
    outer loop
      vertex   2.150868e+00 2.259384e+00 1.429669e-01
      vertex   1.261125e+00 1.250748e+00 4.169553e-02
      vertex   1.130136e+00 1.353618e+00 1.598280e-01
    endloop
  endfacet
  facet normal -5.019059e-01 2.947124e-01 -8.131636e-01
    outer loop
      vertex   1.261125e+00 1.250748e+00 4.169553e-02
      vertex   8.343950e-01 5.321287e-01 4.463754e-02
      vertex   1.130136e+00 1.353618e+00 1.598280e-01
    endloop
  endfacet
  facet normal -5.209795e-01 2.996282e-01 -7.992517e-01
    outer loop
      vertex   1.130136e+00 1.353618e+00 1.598280e-01
      vertex   8.343950e-01 5.321287e-01 4.463754e-02
      vertex   6.757943e-01 5.923103e-01 1.705801e-01
    endloop
  endfacet
  facet normal -5.892862e-01 1.192465e-01 -7.990757e-01
    outer loop
      vertex   8.343950e-01 5.321287e-01 4.463754e-02
      vertex   7.250237e-01 -4.483584e-17 4.588463e-02
      vertex   6.757943e-01 5.923103e-01 1.705801e-01
    endloop
  endfacet
  facet normal -5.991662e-01 1.169438e-01 -7.920379e-01
    outer loop
      vertex   6.757943e-01 5.923103e-01 1.705801e-01
      vertex   7.250237e-01 -4.483584e-17 4.588463e-02
      vertex   5.541915e-01 -3.032616e-17 1.751169e-01
    endloop
  endfacet
  facet normal 3.009935e-03 1.595935e-01 -9.871782e-01
    outer loop
      vertex   3.222592e+01 4.281805e+00 2.522844e-02
      vertex   2.302096e+01 4.299359e+00 0.000000e+00
      vertex   2.302373e+01 4.456909e+00 2.547909e-02
    endloop
  endfacet
  facet normal -5.789034e-04 1.596557e-01 -9.871726e-01
    outer loop
      vertex   2.302096e+01 4.299359e+00 0.000000e+00
      vertex   1.302130e+01 4.263100e+00 0.000000e+00
      vertex   2.302373e+01 4.456909e+00 2.547909e-02
    endloop
  endfacet
  facet normal -6.493100e-04 1.632128e-01 -9.865907e-01
    outer loop
      vertex   2.302373e+01 4.456909e+00 2.547909e-02
      vertex   1.302130e+01 4.263100e+00 0.000000e+00
      vertex   1.301356e+01 4.423791e+00 2.658835e-02
    endloop
  endfacet
  facet normal -1.472792e-02 1.625351e-01 -9.865928e-01
    outer loop
      vertex   1.302130e+01 4.263100e+00 0.000000e+00
      vertex   8.258069e+00 3.831486e+00 -1.084202e-16
      vertex   1.301356e+01 4.423791e+00 2.658835e-02
    endloop
  endfacet
  facet normal -1.538666e-02 1.677840e-01 -9.857037e-01
    outer loop
      vertex   1.301356e+01 4.423791e+00 2.658835e-02
      vertex   8.258069e+00 3.831486e+00 -1.084202e-16
      vertex   8.234742e+00 3.995724e+00 2.832031e-02
    endloop
  endfacet
  facet normal -3.682516e-02 1.647300e-01 -9.856510e-01
    outer loop
      vertex   8.258069e+00 3.831486e+00 -1.084202e-16
      vertex   4.537467e+00 2.999751e+00 0.000000e+00
      vertex   8.234742e+00 3.995724e+00 2.832031e-02
    endloop
  endfacet
  facet normal -3.964389e-02 1.751395e-01 -9.837451e-01
    outer loop
      vertex   8.234742e+00 3.995724e+00 2.832031e-02
      vertex   4.537467e+00 2.999751e+00 0.000000e+00
      vertex   4.481457e+00 3.166387e+00 3.192405e-02
    endloop
  endfacet
  facet normal -7.651668e-02 1.627369e-01 -9.836981e-01
    outer loop
      vertex   4.537467e+00 2.999751e+00 0.000000e+00
      vertex   2.348749e+00 1.970645e+00 0.000000e+00
      vertex   4.481457e+00 3.166387e+00 3.192405e-02
    endloop
  endfacet
  facet normal -8.395388e-02 1.759248e-01 -9.808171e-01
    outer loop
      vertex   4.481457e+00 3.166387e+00 3.192405e-02
      vertex   2.348749e+00 1.970645e+00 0.000000e+00
      vertex   2.241875e+00 2.126592e+00 3.711959e-02
    endloop
  endfacet
  facet normal -1.305448e-01 1.440208e-01 -9.809261e-01
    outer loop
      vertex   2.348749e+00 1.970645e+00 0.000000e+00
      vertex   1.418334e+00 1.127288e+00 1.084202e-16
      vertex   2.241875e+00 2.126592e+00 3.711959e-02
    endloop
  endfacet
  facet normal -1.402103e-01 1.518925e-01 -9.784016e-01
    outer loop
      vertex   2.241875e+00 2.126592e+00 3.711959e-02
      vertex   1.418334e+00 1.127288e+00 1.084202e-16
      vertex   1.261125e+00 1.250748e+00 4.169553e-02
    endloop
  endfacet
  facet normal -1.778571e-01 1.040033e-01 -9.785449e-01
    outer loop
      vertex   1.418334e+00 1.127288e+00 1.084202e-16
      vertex   1.027469e+00 4.588661e-01 0.000000e+00
      vertex   1.261125e+00 1.250748e+00 4.169553e-02
    endloop
  endfacet
  facet normal -1.855554e-01 1.061871e-01 -9.768795e-01
    outer loop
      vertex   1.261125e+00 1.250748e+00 4.169553e-02
      vertex   1.027469e+00 4.588661e-01 0.000000e+00
      vertex   8.343950e-01 5.321287e-01 4.463754e-02
    endloop
  endfacet
  facet normal -2.096781e-01 4.259242e-02 -9.768424e-01
    outer loop
      vertex   1.027469e+00 4.588661e-01 0.000000e+00
      vertex   9.342585e-01 1.140688e-16 0.000000e+00
      vertex   8.343950e-01 5.321287e-01 4.463754e-02
    endloop
  endfacet
  facet normal -2.140206e-01 4.170164e-02 -9.759386e-01
    outer loop
      vertex   8.343950e-01 5.321287e-01 4.463754e-02
      vertex   9.342585e-01 1.140688e-16 0.000000e+00
      vertex   7.250237e-01 -4.483584e-17 4.588463e-02
    endloop
  endfacet
  facet normal 1.872672e-02 9.916386e-01 -1.276797e-01
    outer loop
      vertex   3.223877e+01 4.624599e+00 5.121516e-01
      vertex   2.302939e+01 4.778644e+00 3.578210e-01
      vertex   2.302975e+01 4.799021e+00 5.161363e-01
    endloop
  endfacet
  facet normal -3.430278e-03 9.918131e-01 -1.276520e-01
    outer loop
      vertex   2.302939e+01 4.778644e+00 3.578210e-01
      vertex   1.299806e+01 4.745675e+00 3.712323e-01
      vertex   2.302975e+01 4.799021e+00 5.161363e-01
    endloop
  endfacet
  facet normal -3.899890e-03 9.953315e-01 -9.643609e-02
    outer loop
      vertex   2.302975e+01 4.799021e+00 5.161363e-01
      vertex   1.299806e+01 4.745675e+00 3.712323e-01
      vertex   1.299730e+01 4.761397e+00 5.335301e-01
    endloop
  endfacet
  facet normal 1.882982e-02 9.906979e-01 -1.347706e-01
    outer loop
      vertex   3.223877e+01 4.624599e+00 5.121516e-01
      vertex   3.223796e+01 4.603204e+00 3.547665e-01
      vertex   2.302939e+01 4.778644e+00 3.578210e-01
    endloop
  endfacet
  facet normal 1.706746e-02 8.984687e-01 -4.387057e-01
    outer loop
      vertex   3.223535e+01 4.533562e+00 2.120375e-01
      vertex   2.302817e+01 4.709419e+00 2.139961e-01
      vertex   3.223796e+01 4.603204e+00 3.547665e-01
    endloop
  endfacet
  facet normal 1.455073e-02 7.689359e-01 -6.391603e-01
    outer loop
      vertex   2.302817e+01 4.709419e+00 2.139961e-01
      vertex   3.223535e+01 4.533562e+00 2.120375e-01
      vertex   3.223345e+01 4.482670e+00 1.507693e-01
    endloop
  endfacet
  facet normal 8.737577e-03 4.604543e-01 -8.876404e-01
    outer loop
      vertex   3.223120e+01 4.422700e+00 9.836786e-02
      vertex   3.222592e+01 4.281805e+00 2.522844e-02
      vertex   2.302373e+01 4.456909e+00 2.547909e-02
    endloop
  endfacet
  facet normal 3.008820e-03 1.588327e-01 -9.873009e-01
    outer loop
      vertex   3.222592e+01 4.281805e+00 2.522844e-02
      vertex   3.222005e+01 4.125097e+00 0.000000e+00
      vertex   2.302096e+01 4.299359e+00 0.000000e+00
    endloop
  endfacet
  facet normal 1.247566e-02 6.576714e-01 -7.532016e-01
    outer loop
      vertex   3.223345e+01 4.482670e+00 1.507693e-01
      vertex   3.223120e+01 4.422700e+00 9.836786e-02
      vertex   2.302622e+01 4.598403e+00 9.931964e-02
    endloop
  endfacet
  facet normal -9.310865e-01 -6.400536e-02 3.591395e-01
    outer loop
      vertex   5.182334e-01 -2.727205e-17 7.773501e-01
      vertex   4.553938e-01 -2.152641e-01 5.760714e-01
      vertex   5.315938e-01 -2.046023e-01 7.755237e-01
    endloop
  endfacet
  facet normal -8.906484e-01 -2.835783e-01 3.554276e-01
    outer loop
      vertex   4.553938e-01 -2.152641e-01 5.760714e-01
      vertex   6.396040e-01 -8.137660e-01 5.601592e-01
      vertex   5.315938e-01 -2.046023e-01 7.755237e-01
    endloop
  endfacet
  facet normal -9.057077e-01 -2.747243e-01 3.228314e-01
    outer loop
      vertex   5.315938e-01 -2.046023e-01 7.755237e-01
      vertex   6.396040e-01 -8.137660e-01 5.601592e-01
      vertex   7.014573e-01 -7.845504e-01 7.585513e-01
    endloop
  endfacet
  facet normal -7.959461e-01 -5.116779e-01 3.235051e-01
    outer loop
      vertex   6.396040e-01 -8.137660e-01 5.601592e-01
      vertex   1.043571e+00 -1.457329e+00 5.361703e-01
      vertex   7.014573e-01 -7.845504e-01 7.585513e-01
    endloop
  endfacet
  facet normal -8.182820e-01 -5.061554e-01 2.724359e-01
    outer loop
      vertex   7.014573e-01 -7.845504e-01 7.585513e-01
      vertex   1.043571e+00 -1.457329e+00 5.361703e-01
      vertex   1.087296e+00 -1.422445e+00 7.323094e-01
    endloop
  endfacet
  facet normal -6.370526e-01 -7.218384e-01 2.703947e-01
    outer loop
      vertex   1.043571e+00 -1.457329e+00 5.361703e-01
      vertex   2.093791e+00 -2.401814e+00 4.891263e-01
      vertex   1.087296e+00 -1.422445e+00 7.323094e-01
    endloop
  endfacet
  facet normal -6.660110e-01 -7.264857e-01 1.692566e-01
    outer loop
      vertex   1.087296e+00 -1.422445e+00 7.323094e-01
      vertex   2.093791e+00 -2.401814e+00 4.891263e-01
      vertex   2.112251e+00 -2.374567e+00 6.787141e-01
    endloop
  endfacet
  facet normal -4.440693e-01 -8.797795e-01 1.696773e-01
    outer loop
      vertex   2.093791e+00 -2.401814e+00 4.891263e-01
      vertex   3.720305e+00 -3.231418e+00 4.444332e-01
      vertex   2.112251e+00 -2.374567e+00 6.787141e-01
    endloop
  endfacet
  facet normal -4.610501e-01 -8.845604e-01 7.060991e-02
    outer loop
      vertex   2.112251e+00 -2.374567e+00 6.787141e-01
      vertex   3.720305e+00 -3.231418e+00 4.444332e-01
      vertex   3.725019e+00 -3.219429e+00 6.253941e-01
    endloop
  endfacet
  facet normal -2.607758e-01 -9.628161e-01 7.057785e-02
    outer loop
      vertex   3.720305e+00 -3.231418e+00 4.444332e-01
      vertex   7.018095e+00 -4.127804e+00 4.009111e-01
      vertex   3.725019e+00 -3.219429e+00 6.253941e-01
    endloop
  endfacet
  facet normal -2.675800e-01 -9.631296e-01 -2.796889e-02
    outer loop
      vertex   3.725019e+00 -3.219429e+00 6.253941e-01
      vertex   7.018095e+00 -4.127804e+00 4.009111e-01
      vertex   7.017233e+00 -4.132516e+00 5.714179e-01
    endloop
  endfacet
  facet normal -1.307697e-01 -9.910159e-01 -2.804772e-02
    outer loop
      vertex   7.018095e+00 -4.127804e+00 4.009111e-01
      vertex   1.026689e+01 -4.555949e+00 3.814319e-01
      vertex   7.017233e+00 -4.132516e+00 5.714179e-01
    endloop
  endfacet
  facet normal -1.330530e-01 -9.884261e-01 -7.287441e-02
    outer loop
      vertex   7.017233e+00 -4.132516e+00 5.714179e-01
      vertex   1.026689e+01 -4.555949e+00 3.814319e-01
      vertex   1.026575e+01 -4.567975e+00 5.466461e-01
    endloop
  endfacet
  facet normal -5.463749e-02 -9.958436e-01 -7.287155e-02
    outer loop
      vertex   1.026689e+01 -4.555949e+00 3.814319e-01
      vertex   1.498432e+01 -4.813637e+00 3.659082e-01
      vertex   1.026575e+01 -4.567975e+00 5.466461e-01
    endloop
  endfacet
  facet normal -5.583995e-02 -9.924919e-01 -1.088201e-01
    outer loop
      vertex   1.026575e+01 -4.567975e+00 5.466461e-01
      vertex   1.498432e+01 -4.813637e+00 3.659082e-01
      vertex   1.498392e+01 -4.831238e+00 5.266450e-01
    endloop
  endfacet
  facet normal 2.054889e-03 -9.940565e-01 -1.088459e-01
    outer loop
      vertex   1.498432e+01 -4.813637e+00 3.659082e-01
      vertex   2.192441e+01 -4.798402e+00 3.577973e-01
      vertex   1.498392e+01 -4.831238e+00 5.266450e-01
    endloop
  endfacet
  facet normal 1.585120e-03 -9.918092e-01 -1.277187e-01
    outer loop
      vertex   1.498392e+01 -4.831238e+00 5.266450e-01
      vertex   2.192441e+01 -4.798402e+00 3.577973e-01
      vertex   2.192477e+01 -4.818788e+00 5.161054e-01
    endloop
  endfacet
  facet normal 1.873045e-02 -9.916315e-01 -1.277350e-01
    outer loop
      vertex   2.192441e+01 -4.798402e+00 3.577973e-01
      vertex   3.223796e+01 -4.603204e+00 3.547665e-01
      vertex   2.192477e+01 -4.818788e+00 5.161054e-01
    endloop
  endfacet
  facet normal 1.860098e-02 -9.907023e-01 -1.347700e-01
    outer loop
      vertex   2.192477e+01 -4.818788e+00 5.161054e-01
      vertex   3.223796e+01 -4.603204e+00 3.547665e-01
      vertex   3.223877e+01 -4.624599e+00 5.121516e-01
    endloop
  endfacet
  facet normal -9.956504e-01 -6.908239e-02 -6.251284e-02
    outer loop
      vertex   4.403491e-01 -2.065692e-17 5.778039e-01
      vertex   4.686609e-01 -2.134078e-01 3.627127e-01
      vertex   4.553938e-01 -2.152641e-01 5.760714e-01
    endloop
  endfacet
  facet normal -9.515839e-01 -3.011144e-01 -6.179147e-02
    outer loop
      vertex   4.686609e-01 -2.134078e-01 3.627127e-01
      vertex   6.568127e-01 -8.056377e-01 3.511698e-01
      vertex   4.553938e-01 -2.152641e-01 5.760714e-01
    endloop
  endfacet
  facet normal -9.525655e-01 -2.907998e-01 -8.974669e-02
    outer loop
      vertex   4.553938e-01 -2.152641e-01 5.760714e-01
      vertex   6.568127e-01 -8.056377e-01 3.511698e-01
      vertex   6.396040e-01 -8.137660e-01 5.601592e-01
    endloop
  endfacet
  facet normal -8.389923e-01 -5.366560e-01 -8.995700e-02
    outer loop
      vertex   6.568127e-01 -8.056377e-01 3.511698e-01
      vertex   1.064713e+00 -1.440462e+00 3.340127e-01
      vertex   6.396040e-01 -8.137660e-01 5.601592e-01
    endloop
  endfacet
  facet normal -8.417916e-01 -5.234870e-01 -1.317128e-01
    outer loop
      vertex   6.396040e-01 -8.137660e-01 5.601592e-01
      vertex   1.064713e+00 -1.440462e+00 3.340127e-01
      vertex   1.043571e+00 -1.457329e+00 5.361703e-01
    endloop
  endfacet
  facet normal -6.578217e-01 -7.417495e-01 -1.306838e-01
    outer loop
      vertex   1.064713e+00 -1.440462e+00 3.340127e-01
      vertex   2.116858e+00 -2.367767e+00 3.011490e-01
      vertex   1.043571e+00 -1.457329e+00 5.361703e-01
    endloop
  endfacet
  facet normal -6.587676e-01 -7.219767e-01 -2.116009e-01
    outer loop
      vertex   1.043571e+00 -1.457329e+00 5.361703e-01
      vertex   2.116858e+00 -2.367767e+00 3.011490e-01
      vertex   2.093791e+00 -2.401814e+00 4.891263e-01
    endloop
  endfacet
  facet normal -4.416789e-01 -8.717445e-01 -2.120880e-01
    outer loop
      vertex   2.116858e+00 -2.367767e+00 3.011490e-01
      vertex   3.739528e+00 -3.182525e+00 2.707877e-01
      vertex   2.093791e+00 -2.401814e+00 4.891263e-01
    endloop
  endfacet
  facet normal -4.413626e-01 -8.498090e-01 -2.881384e-01
    outer loop
      vertex   2.093791e+00 -2.401814e+00 4.891263e-01
      vertex   3.739528e+00 -3.182525e+00 2.707877e-01
      vertex   3.720305e+00 -3.231418e+00 4.444332e-01
    endloop
  endfacet
  facet normal -2.509923e-01 -9.241539e-01 -2.879973e-01
    outer loop
      vertex   3.739528e+00 -3.182525e+00 2.707877e-01
      vertex   7.029224e+00 -4.066987e+00 2.419365e-01
      vertex   3.720305e+00 -3.231418e+00 4.444332e-01
    endloop
  endfacet
  facet normal -2.490245e-01 -8.986190e-01 -3.612072e-01
    outer loop
      vertex   3.720305e+00 -3.231418e+00 4.444332e-01
      vertex   7.029224e+00 -4.066987e+00 2.419365e-01
      vertex   7.018095e+00 -4.127804e+00 4.009111e-01
    endloop
  endfacet
  facet normal -1.221658e-01 -9.241077e-01 -3.620779e-01
    outer loop
      vertex   7.029224e+00 -4.066987e+00 2.419365e-01
      vertex   1.027308e+01 -4.490843e+00 2.292326e-01
      vertex   7.018095e+00 -4.127804e+00 4.009111e-01
    endloop
  endfacet
  facet normal -1.223817e-01 -9.106928e-01 -3.945394e-01
    outer loop
      vertex   7.018095e+00 -4.127804e+00 4.009111e-01
      vertex   1.027308e+01 -4.490843e+00 2.292326e-01
      vertex   1.026689e+01 -4.555949e+00 3.814319e-01
    endloop
  endfacet
  facet normal -5.045098e-02 -9.174992e-01 -3.945250e-01
    outer loop
      vertex   1.027308e+01 -4.490843e+00 2.292326e-01
      vertex   1.498588e+01 -4.745672e+00 2.191954e-01
      vertex   1.026689e+01 -4.555949e+00 3.814319e-01
    endloop
  endfacet
  facet normal -5.087215e-02 -9.059863e-01 -4.202390e-01
    outer loop
      vertex   1.026689e+01 -4.555949e+00 3.814319e-01
      vertex   1.498588e+01 -4.745672e+00 2.191954e-01
      vertex   1.498432e+01 -4.813637e+00 3.659082e-01
    endloop
  endfacet
  facet normal 1.841875e-03 -9.073736e-01 -4.203211e-01
    outer loop
      vertex   1.498588e+01 -4.745672e+00 2.191954e-01
      vertex   2.192318e+01 -4.729175e+00 2.139808e-01
      vertex   1.498432e+01 -4.813637e+00 3.659082e-01
    endloop
  endfacet
  facet normal 1.470995e-03 -9.010379e-01 -4.337378e-01
    outer loop
      vertex   1.498432e+01 -4.813637e+00 3.659082e-01
      vertex   2.192318e+01 -4.729175e+00 2.139808e-01
      vertex   2.192441e+01 -4.798402e+00 3.577973e-01
    endloop
  endfacet
  facet normal 1.648238e-02 -9.008665e-01 -4.337833e-01
    outer loop
      vertex   2.192318e+01 -4.729175e+00 2.139808e-01
      vertex   3.223747e+01 -4.590122e+00 3.171104e-01
      vertex   2.192441e+01 -4.798402e+00 3.577973e-01
    endloop
  endfacet
  facet normal 1.777748e-02 -9.443946e-01 -3.283334e-01
    outer loop
      vertex   2.192441e+01 -4.798402e+00 3.577973e-01
      vertex   3.223747e+01 -4.590122e+00 3.171104e-01
      vertex   3.223796e+01 -4.603204e+00 3.547665e-01
    endloop
  endfacet
  facet normal 8.648179e-03 -4.604573e-01 -8.876397e-01
    outer loop
      vertex   3.222592e+01 -4.281805e+00 2.522844e-02
      vertex   3.223120e+01 -4.422700e+00 9.836786e-02
      vertex   2.192122e+01 -4.618159e+00 9.931223e-02
    endloop
  endfacet
  facet normal 1.239938e-02 -6.576736e-01 -7.532009e-01
    outer loop
      vertex   3.223120e+01 -4.422700e+00 9.836786e-02
      vertex   3.223345e+01 -4.482670e+00 1.507693e-01
      vertex   2.192122e+01 -4.618159e+00 9.931223e-02
    endloop
  endfacet
  facet normal 1.290848e-02 -7.182888e-01 -6.956254e-01
    outer loop
      vertex   2.192122e+01 -4.618159e+00 9.931223e-02
      vertex   3.223345e+01 -4.482670e+00 1.507693e-01
      vertex   2.192318e+01 -4.729175e+00 2.139808e-01
    endloop
  endfacet
  facet normal 1.446563e-02 -7.689381e-01 -6.391595e-01
    outer loop
      vertex   3.223345e+01 -4.482670e+00 1.507693e-01
      vertex   3.223535e+01 -4.533562e+00 2.120375e-01
      vertex   2.192318e+01 -4.729175e+00 2.139808e-01
    endloop
  endfacet
  facet normal 1.660863e-02 -8.802722e-01 -4.741783e-01
    outer loop
      vertex   2.192318e+01 -4.729175e+00 2.139808e-01
      vertex   3.223535e+01 -4.533562e+00 2.120375e-01
      vertex   3.223747e+01 -4.590122e+00 3.171104e-01
    endloop
  endfacet
  facet normal 8.722448e-03 -4.624986e-01 -8.865771e-01
    outer loop
      vertex   3.222592e+01 -4.281805e+00 2.522844e-02
      vertex   2.192122e+01 -4.618159e+00 9.931223e-02
      vertex   2.191871e+01 -4.476670e+00 2.547714e-02
    endloop
  endfacet
  facet normal 7.626030e-04 -4.626269e-01 -8.865527e-01
    outer loop
      vertex   2.192122e+01 -4.618159e+00 9.931223e-02
      vertex   1.498843e+01 -4.634452e+00 1.018506e-01
      vertex   2.191871e+01 -4.476670e+00 2.547714e-02
    endloop
  endfacet
  facet normal 9.245223e-04 -4.682958e-01 -8.835713e-01
    outer loop
      vertex   2.191871e+01 -4.476670e+00 2.547714e-02
      vertex   1.498843e+01 -4.634452e+00 1.018506e-01
      vertex   1.499171e+01 -4.491608e+00 2.614628e-02
    endloop
  endfacet
  facet normal -2.623229e-02 -4.676480e-01 -8.835254e-01
    outer loop
      vertex   1.498843e+01 -4.634452e+00 1.018506e-01
      vertex   1.028364e+01 -4.379806e+00 1.067545e-01
      vertex   1.499171e+01 -4.491608e+00 2.614628e-02
    endloop
  endfacet
  facet normal -2.638787e-02 -4.783460e-01 -8.777749e-01
    outer loop
      vertex   1.499171e+01 -4.491608e+00 2.614628e-02
      vertex   1.028364e+01 -4.379806e+00 1.067545e-01
      vertex   1.029741e+01 -4.235025e+00 2.744167e-02
    endloop
  endfacet
  facet normal -6.374095e-02 -4.747986e-01 -8.777832e-01
    outer loop
      vertex   1.028364e+01 -4.379806e+00 1.067545e-01
      vertex   7.049324e+00 -3.957142e+00 1.129958e-01
      vertex   1.029741e+01 -4.235025e+00 2.744167e-02
    endloop
  endfacet
  facet normal -6.468094e-02 -4.880550e-01 -8.704130e-01
    outer loop
      vertex   1.029741e+01 -4.235025e+00 2.744167e-02
      vertex   7.049324e+00 -3.957142e+00 1.129958e-01
      vertex   7.076055e+00 -3.811055e+00 2.909551e-02
    endloop
  endfacet
  facet normal -1.315078e-01 -4.754943e-01 -8.698338e-01
    outer loop
      vertex   7.049324e+00 -3.957142e+00 1.129958e-01
      vertex   3.780156e+00 -3.079187e+00 1.273182e-01
      vertex   7.076055e+00 -3.811055e+00 2.909551e-02
    endloop
  endfacet
  facet normal -1.373758e-01 -5.042377e-01 -8.525680e-01
    outer loop
      vertex   7.076055e+00 -3.811055e+00 2.909551e-02
      vertex   3.780156e+00 -3.079187e+00 1.273182e-01
      vertex   3.836841e+00 -2.935009e+00 3.291281e-02
    endloop
  endfacet
  facet normal -2.402702e-01 -4.638695e-01 -8.526988e-01
    outer loop
      vertex   3.780156e+00 -3.079187e+00 1.273182e-01
      vertex   2.178034e+00 -2.277470e+00 1.426228e-01
      vertex   3.836841e+00 -2.935009e+00 3.291281e-02
    endloop
  endfacet
  facet normal -2.501169e-01 -4.918316e-01 -8.339923e-01
    outer loop
      vertex   3.836841e+00 -2.935009e+00 3.291281e-02
      vertex   2.178034e+00 -2.277470e+00 1.426228e-01
      vertex   2.268260e+00 -2.144296e+00 3.702669e-02
    endloop
  endfacet
  facet normal -3.717772e-01 -4.089355e-01 -8.333987e-01
    outer loop
      vertex   2.178034e+00 -2.277470e+00 1.426228e-01
      vertex   1.147203e+00 -1.374650e+00 1.594748e-01
      vertex   2.268260e+00 -2.144296e+00 3.702669e-02
    endloop
  endfacet
  facet normal -3.879565e-01 -4.358924e-01 -8.120884e-01
    outer loop
      vertex   2.268260e+00 -2.144296e+00 3.702669e-02
      vertex   1.147203e+00 -1.374650e+00 1.594748e-01
      vertex   1.277315e+00 -1.270846e+00 4.159919e-02
    endloop
  endfacet
  facet normal -4.925531e-01 -3.072373e-01 -8.142461e-01
    outer loop
      vertex   1.147203e+00 -1.374650e+00 1.594748e-01
      vertex   7.500519e-01 -7.615972e-01 1.683975e-01
      vertex   1.277315e+00 -1.270846e+00 4.159919e-02
    endloop
  endfacet
  facet normal -5.023357e-01 -3.201071e-01 -8.032374e-01
    outer loop
      vertex   1.277315e+00 -1.270846e+00 4.159919e-02
      vertex   7.500519e-01 -7.615972e-01 1.683975e-01
      vertex   9.028971e-01 -6.894026e-01 4.403880e-02
    endloop
  endfacet
  facet normal -5.703069e-01 -1.750440e-01 -8.025644e-01
    outer loop
      vertex   7.500519e-01 -7.615972e-01 1.683975e-01
      vertex   5.689699e-01 -1.993727e-01 1.744510e-01
      vertex   9.028971e-01 -6.894026e-01 4.403880e-02
    endloop
  endfacet
  facet normal -5.793266e-01 -1.834190e-01 -7.941903e-01
    outer loop
      vertex   9.028971e-01 -6.894026e-01 4.403880e-02
      vertex   5.689699e-01 -1.993727e-01 1.744510e-01
      vertex   7.379837e-01 -1.757246e-01 4.570136e-02
    endloop
  endfacet
  facet normal -6.017224e-01 -4.193830e-02 -7.976035e-01
    outer loop
      vertex   5.689699e-01 -1.993727e-01 1.744510e-01
      vertex   5.541915e-01 -3.032616e-17 1.751169e-01
      vertex   7.379837e-01 -1.757246e-01 4.570136e-02
    endloop
  endfacet
  facet normal -6.027314e-01 -4.362155e-02 -7.967509e-01
    outer loop
      vertex   7.379837e-01 -1.757246e-01 4.570136e-02
      vertex   5.541915e-01 -3.032616e-17 1.751169e-01
      vertex   7.250237e-01 -4.483584e-17 4.588463e-02
    endloop
  endfacet
  facet normal -2.137734e-01 -1.474746e-02 -9.767719e-01
    outer loop
      vertex   7.250237e-01 -4.483584e-17 4.588463e-02
      vertex   9.448056e-01 -1.467864e-01 1.084202e-16
      vertex   7.379837e-01 -1.757246e-01 4.570136e-02
    endloop
  endfacet
  facet normal -2.065971e-01 -6.521331e-02 -9.762504e-01
    outer loop
      vertex   9.448056e-01 -1.467864e-01 1.084202e-16
      vertex   1.088424e+00 -6.017713e-01 1.084202e-16
      vertex   7.379837e-01 -1.757246e-01 4.570136e-02
    endloop
  endfacet
  facet normal -2.027294e-01 -6.192208e-02 -9.772750e-01
    outer loop
      vertex   7.379837e-01 -1.757246e-01 4.570136e-02
      vertex   1.088424e+00 -6.017713e-01 1.084202e-16
      vertex   9.028971e-01 -6.894026e-01 4.403880e-02
    endloop
  endfacet
  facet normal -1.785732e-01 -1.131273e-01 -9.774016e-01
    outer loop
      vertex   1.088424e+00 -6.017713e-01 1.084202e-16
      vertex   1.433400e+00 -1.146321e+00 0.000000e+00
      vertex   9.028971e-01 -6.894026e-01 4.403880e-02
    endloop
  endfacet
  facet normal -1.744780e-01 -1.082481e-01 -9.786929e-01
    outer loop
      vertex   9.028971e-01 -6.894026e-01 4.403880e-02
      vertex   1.433400e+00 -1.146321e+00 0.000000e+00
      vertex   1.277315e+00 -1.270846e+00 4.159919e-02
    endloop
  endfacet
  facet normal -1.378394e-01 -1.540736e-01 -9.783975e-01
    outer loop
      vertex   1.433400e+00 -1.146321e+00 0.000000e+00
      vertex   2.374173e+00 -1.987969e+00 1.084202e-16
      vertex   1.277315e+00 -1.270846e+00 4.159919e-02
    endloop
  endfacet
  facet normal -1.310532e-01 -1.435471e-01 -9.809278e-01
    outer loop
      vertex   1.277315e+00 -1.270846e+00 4.159919e-02
      vertex   2.374173e+00 -1.987969e+00 1.084202e-16
      vertex   2.268260e+00 -2.144296e+00 3.702669e-02
    endloop
  endfacet
  facet normal -8.821977e-02 -1.725922e-01 -9.810348e-01
    outer loop
      vertex   2.374173e+00 -1.987969e+00 1.084202e-16
      vertex   3.902120e+00 -2.768972e+00 0.000000e+00
      vertex   2.268260e+00 -2.144296e+00 3.702669e-02
    endloop
  endfacet
  facet normal -8.414966e-02 -1.618168e-01 -9.832264e-01
    outer loop
      vertex   2.268260e+00 -2.144296e+00 3.702669e-02
      vertex   3.902120e+00 -2.768972e+00 0.000000e+00
      vertex   3.836841e+00 -2.935009e+00 3.291281e-02
    endloop
  endfacet
  facet normal -4.814984e-02 -1.759687e-01 -9.832175e-01
    outer loop
      vertex   3.902120e+00 -2.768972e+00 0.000000e+00
      vertex   7.106307e+00 -3.645725e+00 -1.084202e-16
      vertex   3.836841e+00 -2.935009e+00 3.291281e-02
    endloop
  endfacet
  facet normal -4.578734e-02 -1.650075e-01 -9.852289e-01
    outer loop
      vertex   3.836841e+00 -2.935009e+00 3.291281e-02
      vertex   7.106307e+00 -3.645725e+00 -1.084202e-16
      vertex   7.076055e+00 -3.811055e+00 2.909551e-02
    endloop
  endfacet
  facet normal -2.252425e-02 -1.692786e-01 -9.853108e-01
    outer loop
      vertex   7.106307e+00 -3.645725e+00 -1.084202e-16
      vertex   1.031287e+01 -4.072392e+00 0.000000e+00
      vertex   7.076055e+00 -3.811055e+00 2.909551e-02
    endloop
  endfacet
  facet normal -2.212951e-02 -1.642947e-01 -9.861630e-01
    outer loop
      vertex   7.076055e+00 -3.811055e+00 2.909551e-02
      vertex   1.031287e+01 -4.072392e+00 0.000000e+00
      vertex   1.029741e+01 -4.235025e+00 2.744167e-02
    endloop
  endfacet
  facet normal -9.179955e-03 -1.655261e-01 -9.861627e-01
    outer loop
      vertex   1.031287e+01 -4.072392e+00 0.000000e+00
      vertex   1.499538e+01 -4.332080e+00 0.000000e+00
      vertex   1.029741e+01 -4.235025e+00 2.744167e-02
    endloop
  endfacet
  facet normal -9.101262e-03 -1.615294e-01 -9.868259e-01
    outer loop
      vertex   1.029741e+01 -4.235025e+00 2.744167e-02
      vertex   1.499538e+01 -4.332080e+00 0.000000e+00
      vertex   1.499171e+01 -4.491608e+00 2.614628e-02
    endloop
  endfacet
  facet normal 3.027668e-04 -1.617464e-01 -9.868323e-01
    outer loop
      vertex   1.499538e+01 -4.332080e+00 0.000000e+00
      vertex   2.191592e+01 -4.319126e+00 -1.084202e-16
      vertex   1.499171e+01 -4.491608e+00 2.614628e-02
    endloop
  endfacet
  facet normal 2.488930e-04 -1.596357e-01 -9.871760e-01
    outer loop
      vertex   1.499171e+01 -4.491608e+00 2.614628e-02
      vertex   2.191592e+01 -4.319126e+00 -1.084202e-16
      vertex   2.191871e+01 -4.476670e+00 2.547714e-02
    endloop
  endfacet
  facet normal 3.005056e-03 -1.595874e-01 -9.871792e-01
    outer loop
      vertex   2.191592e+01 -4.319126e+00 -1.084202e-16
      vertex   3.222005e+01 -4.125097e+00 0.000000e+00
      vertex   2.191871e+01 -4.476670e+00 2.547714e-02
    endloop
  endfacet
  facet normal 2.979034e-03 -1.588338e-01 -9.873008e-01
    outer loop
      vertex   2.191871e+01 -4.476670e+00 2.547714e-02
      vertex   3.222005e+01 -4.125097e+00 0.000000e+00
      vertex   3.222592e+01 -4.281805e+00 2.522844e-02
    endloop
  endfacet
  facet normal -8.789854e-01 -6.122243e-02 -4.729021e-01
    outer loop
      vertex   4.531162e-01 -2.174130e-17 3.639778e-01
      vertex   5.689699e-01 -1.993727e-01 1.744510e-01
      vertex   4.686609e-01 -2.134078e-01 3.627127e-01
    endloop
  endfacet
  facet normal -8.423092e-01 -2.662462e-01 -4.686451e-01
    outer loop
      vertex   5.689699e-01 -1.993727e-01 1.744510e-01
      vertex   7.500519e-01 -7.615972e-01 1.683975e-01
      vertex   4.686609e-01 -2.134078e-01 3.627127e-01
    endloop
  endfacet
  facet normal -8.348340e-01 -2.557255e-01 -4.875003e-01
    outer loop
      vertex   4.686609e-01 -2.134078e-01 3.627127e-01
      vertex   7.500519e-01 -7.615972e-01 1.683975e-01
      vertex   6.568127e-01 -8.056377e-01 3.511698e-01
    endloop
  endfacet
  facet normal -7.356071e-01 -4.694368e-01 -4.883763e-01
    outer loop
      vertex   7.500519e-01 -7.615972e-01 1.683975e-01
      vertex   1.147203e+00 -1.374650e+00 1.594748e-01
      vertex   6.568127e-01 -8.056377e-01 3.511698e-01
    endloop
  endfacet
  facet normal -7.274963e-01 -4.535321e-01 -5.148376e-01
    outer loop
      vertex   6.568127e-01 -8.056377e-01 3.511698e-01
      vertex   1.147203e+00 -1.374650e+00 1.594748e-01
      vertex   1.064713e+00 -1.440462e+00 3.340127e-01
    endloop
  endfacet
  facet normal -5.707262e-01 -6.420956e-01 -5.118445e-01
    outer loop
      vertex   1.147203e+00 -1.374650e+00 1.594748e-01
      vertex   2.178034e+00 -2.277470e+00 1.426228e-01
      vertex   1.064713e+00 -1.440462e+00 3.340127e-01
    endloop
  endfacet
  facet normal -5.563311e-01 -6.112788e-01 -5.628800e-01
    outer loop
      vertex   1.064713e+00 -1.440462e+00 3.340127e-01
      vertex   2.178034e+00 -2.277470e+00 1.426228e-01
      vertex   2.116858e+00 -2.367767e+00 3.011490e-01
    endloop
  endfacet
  facet normal -3.739087e-01 -7.364435e-01 -5.637759e-01
    outer loop
      vertex   2.178034e+00 -2.277470e+00 1.426228e-01
      vertex   3.780156e+00 -3.079187e+00 1.273182e-01
      vertex   2.116858e+00 -2.367767e+00 3.011490e-01
    endloop
  endfacet
  facet normal -3.646556e-01 -7.035172e-01 -6.099916e-01
    outer loop
      vertex   2.116858e+00 -2.367767e+00 3.011490e-01
      vertex   3.780156e+00 -3.079187e+00 1.273182e-01
      vertex   3.739528e+00 -3.182525e+00 2.707877e-01
    endloop
  endfacet
  facet normal -2.080581e-01 -7.647806e-01 -6.097724e-01
    outer loop
      vertex   3.780156e+00 -3.079187e+00 1.273182e-01
      vertex   7.049324e+00 -3.957142e+00 1.129958e-01
      vertex   3.739528e+00 -3.182525e+00 2.707877e-01
    endloop
  endfacet
  facet normal -2.019362e-01 -7.297807e-01 -6.531783e-01
    outer loop
      vertex   3.739528e+00 -3.182525e+00 2.707877e-01
      vertex   7.049324e+00 -3.957142e+00 1.129958e-01
      vertex   7.029224e+00 -4.066987e+00 2.419365e-01
    endloop
  endfacet
  facet normal -9.924394e-02 -7.497772e-01 -6.542054e-01
    outer loop
      vertex   7.049324e+00 -3.957142e+00 1.129958e-01
      vertex   1.028364e+01 -4.379806e+00 1.067545e-01
      vertex   7.029224e+00 -4.066987e+00 2.419365e-01
    endloop
  endfacet
  facet normal -9.841640e-02 -7.330284e-01 -6.730405e-01
    outer loop
      vertex   7.029224e+00 -4.066987e+00 2.419365e-01
      vertex   1.028364e+01 -4.379806e+00 1.067545e-01
      vertex   1.027308e+01 -4.490843e+00 2.292326e-01
    endloop
  endfacet
  facet normal -4.067276e-02 -7.385013e-01 -6.730241e-01
    outer loop
      vertex   1.028364e+01 -4.379806e+00 1.067545e-01
      vertex   1.498843e+01 -4.634452e+00 1.018506e-01
      vertex   1.027308e+01 -4.490843e+00 2.292326e-01
    endloop
  endfacet
  facet normal -4.065343e-02 -7.247518e-01 -6.878097e-01
    outer loop
      vertex   1.027308e+01 -4.490843e+00 2.292326e-01
      vertex   1.498843e+01 -4.634452e+00 1.018506e-01
      vertex   1.498588e+01 -4.745672e+00 2.191954e-01
    endloop
  endfacet
  facet normal 1.453835e-03 -7.258087e-01 -6.878951e-01
    outer loop
      vertex   1.498843e+01 -4.634452e+00 1.018506e-01
      vertex   2.192122e+01 -4.618159e+00 9.931223e-02
      vertex   1.498588e+01 -4.745672e+00 2.191954e-01
    endloop
  endfacet
  facet normal 1.185690e-03 -7.184486e-01 -6.955790e-01
    outer loop
      vertex   1.498588e+01 -4.745672e+00 2.191954e-01
      vertex   2.192122e+01 -4.618159e+00 9.931223e-02
      vertex   2.192318e+01 -4.729175e+00 2.139808e-01
    endloop
  endfacet
  facet normal -9.294093e-01 -6.787568e-02 3.627552e-01
    outer loop
      vertex   5.182334e-01 -2.727205e-17 7.773501e-01
      vertex   4.403491e-01 -2.065692e-17 5.778039e-01
      vertex   4.553938e-01 -2.152641e-01 5.760714e-01
    endloop
  endfacet
  facet normal -9.956193e-01 -7.216897e-02 -5.944631e-02
    outer loop
      vertex   4.403491e-01 -2.065692e-17 5.778039e-01
      vertex   4.531162e-01 -2.174130e-17 3.639778e-01
      vertex   4.686609e-01 -2.134078e-01 3.627127e-01
    endloop
  endfacet
  facet normal -8.798869e-01 -6.364838e-02 -4.709012e-01
    outer loop
      vertex   4.531162e-01 -2.174130e-17 3.639778e-01
      vertex   5.541915e-01 -3.032616e-17 1.751169e-01
      vertex   5.689699e-01 -1.993727e-01 1.744510e-01
    endloop
  endfacet
  facet normal -2.141816e-01 -1.538967e-02 -9.766726e-01
    outer loop
      vertex   7.250237e-01 -4.483584e-17 4.588463e-02
      vertex   9.342585e-01 1.140688e-16 0.000000e+00
      vertex   9.448056e-01 -1.467864e-01 1.084202e-16
    endloop
  endfacet
  facet normal 1.211794e-01 -1.573157e-01 -9.800854e-01
    outer loop
      vertex   4.524853e+01 -4.631732e+00 0.000000e+00
      vertex   4.660498e+01 -3.586864e+00 0.000000e+00
      vertex   4.539200e+01 -4.758338e+00 3.806023e-02
    endloop
  endfacet
  facet normal 1.216234e-01 -1.577713e-01 -9.799571e-01
    outer loop
      vertex   4.660498e+01 -3.586864e+00 0.000000e+00
      vertex   4.669104e+01 -3.758403e+00 3.829787e-02
      vertex   4.539200e+01 -4.758338e+00 3.806023e-02
    endloop
  endfacet
  facet normal 3.433007e-01 -4.457944e-01 -8.266874e-01
    outer loop
      vertex   4.539200e+01 -4.758338e+00 3.806023e-02
      vertex   4.669104e+01 -3.758403e+00 3.829787e-02
      vertex   4.551362e+01 -4.865670e+00 1.464466e-01
    endloop
  endfacet
  facet normal 3.444298e-01 -4.468912e-01 -8.256248e-01
    outer loop
      vertex   4.669104e+01 -3.758403e+00 3.829787e-02
      vertex   4.676391e+01 -3.903664e+00 1.473246e-01
      vertex   4.551362e+01 -4.865670e+00 1.464466e-01
    endloop
  endfacet
  facet normal 5.101395e-01 -6.625119e-01 -5.484849e-01
    outer loop
      vertex   4.551362e+01 -4.865670e+00 1.464466e-01
      vertex   4.676391e+01 -3.903664e+00 1.473246e-01
      vertex   4.559489e+01 -4.937386e+00 3.086583e-01
    endloop
  endfacet
  facet normal 5.114729e-01 -6.636167e-01 -5.459014e-01
    outer loop
      vertex   4.676391e+01 -3.903664e+00 1.473246e-01
      vertex   4.681244e+01 -4.000393e+00 3.103781e-01
      vertex   4.559489e+01 -4.937386e+00 3.086583e-01
    endloop
  endfacet
  facet normal 5.987460e-01 -7.776714e-01 -1.916521e-01
    outer loop
      vertex   4.559489e+01 -4.937386e+00 3.086583e-01
      vertex   4.681244e+01 -4.000393e+00 3.103781e-01
      vertex   4.562342e+01 -4.962570e+00 5.000000e-01
    endloop
  endfacet
  facet normal 5.996671e-01 -7.779834e-01 -1.874599e-01
    outer loop
      vertex   4.681244e+01 -4.000393e+00 3.103781e-01
      vertex   4.682918e+01 -4.033774e+00 5.024801e-01
      vertex   4.562342e+01 -4.962570e+00 5.000000e-01
    endloop
  endfacet
  facet normal 5.792891e-02 -1.897610e-01 -9.801199e-01
    outer loop
      vertex   4.660498e+01 -3.586864e+00 0.000000e+00
      vertex   4.805035e+01 -3.145631e+00 0.000000e+00
      vertex   4.669104e+01 -3.758403e+00 3.829787e-02
    endloop
  endfacet
  facet normal 5.813117e-02 -1.902036e-01 -9.800221e-01
    outer loop
      vertex   4.805035e+01 -3.145631e+00 0.000000e+00
      vertex   4.807483e+01 -3.336420e+00 3.848039e-02
      vertex   4.669104e+01 -3.758403e+00 3.829787e-02
    endloop
  endfacet
  facet normal 1.642075e-01 -5.381222e-01 -8.267166e-01
    outer loop
      vertex   4.669104e+01 -3.758403e+00 3.829787e-02
      vertex   4.807483e+01 -3.336420e+00 3.848039e-02
      vertex   4.676391e+01 -3.903664e+00 1.473246e-01
    endloop
  endfacet
  facet normal 1.647435e-01 -5.392050e-01 -8.259041e-01
    outer loop
      vertex   4.807483e+01 -3.336420e+00 3.848039e-02
      vertex   4.809554e+01 -3.497843e+00 1.479986e-01
      vertex   4.676391e+01 -3.903664e+00 1.473246e-01
    endloop
  endfacet
  facet normal 2.441985e-01 -8.003853e-01 -5.474948e-01
    outer loop
      vertex   4.676391e+01 -3.903664e+00 1.473246e-01
      vertex   4.809554e+01 -3.497843e+00 1.479986e-01
      vertex   4.681244e+01 -4.000393e+00 3.103781e-01
    endloop
  endfacet
  facet normal 2.448962e-01 -8.015256e-01 -5.455113e-01
    outer loop
      vertex   4.809554e+01 -3.497843e+00 1.479986e-01
      vertex   4.810929e+01 -3.605053e+00 3.116974e-01
      vertex   4.681244e+01 -4.000393e+00 3.103781e-01
    endloop
  endfacet
  facet normal 2.865608e-01 -9.393927e-01 -1.882131e-01
    outer loop
      vertex   4.681244e+01 -4.000393e+00 3.103781e-01
      vertex   4.810929e+01 -3.605053e+00 3.116974e-01
      vertex   4.682918e+01 -4.033774e+00 5.024801e-01
    endloop
  endfacet
  facet normal 2.871916e-01 -9.398407e-01 -1.849875e-01
    outer loop
      vertex   4.810929e+01 -3.605053e+00 3.116974e-01
      vertex   4.811397e+01 -3.641548e+00 5.043801e-01
      vertex   4.682918e+01 -4.033774e+00 5.024801e-01
    endloop
  endfacet
  facet normal 2.053488e-02 -1.951355e-01 -9.805613e-01
    outer loop
      vertex   4.805035e+01 -3.145631e+00 0.000000e+00
      vertex   4.825390e+01 -3.124211e+00 0.000000e+00
      vertex   4.807483e+01 -3.336420e+00 3.848039e-02
    endloop
  endfacet
  facet normal 2.059612e-02 -1.951851e-01 -9.805501e-01
    outer loop
      vertex   4.825390e+01 -3.124211e+00 0.000000e+00
      vertex   4.826968e+01 -3.315967e+00 3.850180e-02
      vertex   4.807483e+01 -3.336420e+00 3.848039e-02
    endloop
  endfacet
  facet normal 5.838447e-02 -5.553383e-01 -8.295726e-01
    outer loop
      vertex   4.807483e+01 -3.336420e+00 3.848039e-02
      vertex   4.826968e+01 -3.315967e+00 3.850180e-02
      vertex   4.809554e+01 -3.497843e+00 1.479986e-01
    endloop
  endfacet
  facet normal 5.856954e-02 -5.554590e-01 -8.294787e-01
    outer loop
      vertex   4.826968e+01 -3.315967e+00 3.850180e-02
      vertex   4.828303e+01 -3.478191e+00 1.480776e-01
      vertex   4.809554e+01 -3.497843e+00 1.479986e-01
    endloop
  endfacet
  facet normal 8.722727e-02 -8.299943e-01 -5.509091e-01
    outer loop
      vertex   4.809554e+01 -3.497843e+00 1.479986e-01
      vertex   4.828303e+01 -3.478191e+00 1.480776e-01
      vertex   4.810929e+01 -3.605053e+00 3.116974e-01
    endloop
  endfacet
  facet normal 8.753563e-02 -8.301164e-01 -5.506763e-01
    outer loop
      vertex   4.828303e+01 -3.478191e+00 1.480776e-01
      vertex   4.829189e+01 -3.585900e+00 3.118520e-01
      vertex   4.810929e+01 -3.605053e+00 3.116974e-01
    endloop
  endfacet
  facet normal 1.026224e-01 -9.768854e-01 -1.875192e-01
    outer loop
      vertex   4.810929e+01 -3.605053e+00 3.116974e-01
      vertex   4.829189e+01 -3.585900e+00 3.118520e-01
      vertex   4.811397e+01 -3.641548e+00 5.043801e-01
    endloop
  endfacet
  facet normal 1.030456e-01 -9.769143e-01 -1.871365e-01
    outer loop
      vertex   4.829189e+01 -3.585900e+00 3.118520e-01
      vertex   4.829491e+01 -3.622506e+00 5.046026e-01
      vertex   4.811397e+01 -3.641548e+00 5.043801e-01
    endloop
  endfacet
  facet normal 5.971123e-01 -7.789451e-01 -1.915761e-01
    outer loop
      vertex   4.562342e+01 -4.962570e+00 5.000000e-01
      vertex   4.333158e+01 -6.719417e+00 5.000000e-01
      vertex   4.559489e+01 -4.937386e+00 3.086583e-01
    endloop
  endfacet
  facet normal 5.902845e-01 -7.742220e-01 -2.283517e-01
    outer loop
      vertex   4.333158e+01 -6.719417e+00 5.000000e-01
      vertex   4.327967e+01 -6.702558e+00 3.086583e-01
      vertex   4.559489e+01 -4.937386e+00 3.086583e-01
    endloop
  endfacet
  facet normal 5.071104e-01 -6.651301e-01 -5.481249e-01
    outer loop
      vertex   4.559489e+01 -4.937386e+00 3.086583e-01
      vertex   4.327967e+01 -6.702558e+00 3.086583e-01
      vertex   4.551362e+01 -4.865670e+00 1.464466e-01
    endloop
  endfacet
  facet normal 5.071104e-01 -6.651301e-01 -5.481249e-01
    outer loop
      vertex   4.327967e+01 -6.702558e+00 3.086583e-01
      vertex   4.323203e+01 -6.605202e+00 1.464466e-01
      vertex   4.551362e+01 -4.865670e+00 1.464466e-01
    endloop
  endfacet
  facet normal 3.413650e-01 -4.477371e-01 -8.264390e-01
    outer loop
      vertex   4.551362e+01 -4.865670e+00 1.464466e-01
      vertex   4.323203e+01 -6.605202e+00 1.464466e-01
      vertex   4.539200e+01 -4.758338e+00 3.806023e-02
    endloop
  endfacet
  facet normal 3.413650e-01 -4.477371e-01 -8.264390e-01
    outer loop
      vertex   4.323203e+01 -6.605202e+00 1.464466e-01
      vertex   4.316074e+01 -6.459498e+00 3.806023e-02
      vertex   4.539200e+01 -4.758338e+00 3.806023e-02
    endloop
  endfacet
  facet normal 1.205104e-01 -1.580624e-01 -9.800477e-01
    outer loop
      vertex   4.539200e+01 -4.758338e+00 3.806023e-02
      vertex   4.316074e+01 -6.459498e+00 3.806023e-02
      vertex   4.524853e+01 -4.631732e+00 0.000000e+00
    endloop
  endfacet
  facet normal 1.205104e-01 -1.580624e-01 -9.800477e-01
    outer loop
      vertex   4.316074e+01 -6.459498e+00 3.806023e-02
      vertex   4.307664e+01 -6.287629e+00 4.336809e-16
      vertex   4.524853e+01 -4.631732e+00 0.000000e+00
    endloop
  endfacet
  facet normal 5.085288e-02 -1.921470e-01 -9.800477e-01
    outer loop
      vertex   4.043641e+01 -6.986383e+00 4.336809e-16
      vertex   4.307664e+01 -6.287629e+00 4.336809e-16
      vertex   4.044834e+01 -7.177353e+00 3.806023e-02
    endloop
  endfacet
  facet normal 5.085288e-02 -1.921470e-01 -9.800477e-01
    outer loop
      vertex   4.307664e+01 -6.287629e+00 4.336809e-16
      vertex   4.316074e+01 -6.459498e+00 3.806023e-02
      vertex   4.044834e+01 -7.177353e+00 3.806023e-02
    endloop
  endfacet
  facet normal 1.440489e-01 -5.442871e-01 -8.264390e-01
    outer loop
      vertex   4.044834e+01 -7.177353e+00 3.806023e-02
      vertex   4.316074e+01 -6.459498e+00 3.806023e-02
      vertex   4.045845e+01 -7.339249e+00 1.464466e-01
    endloop
  endfacet
  facet normal 1.440489e-01 -5.442871e-01 -8.264390e-01
    outer loop
      vertex   4.316074e+01 -6.459498e+00 3.806023e-02
      vertex   4.323203e+01 -6.605202e+00 1.464466e-01
      vertex   4.045845e+01 -7.339249e+00 1.464466e-01
    endloop
  endfacet
  facet normal 2.139900e-01 -8.085588e-01 -5.481249e-01
    outer loop
      vertex   4.045845e+01 -7.339249e+00 1.464466e-01
      vertex   4.323203e+01 -6.605202e+00 1.464466e-01
      vertex   4.046521e+01 -7.447424e+00 3.086583e-01
    endloop
  endfacet
  facet normal 2.139900e-01 -8.085588e-01 -5.481249e-01
    outer loop
      vertex   4.323203e+01 -6.605202e+00 1.464466e-01
      vertex   4.327967e+01 -6.702558e+00 3.086583e-01
      vertex   4.046521e+01 -7.447424e+00 3.086583e-01
    endloop
  endfacet
  facet normal 2.511135e-01 -9.488293e-01 -1.914808e-01
    outer loop
      vertex   4.046521e+01 -7.447424e+00 3.086583e-01
      vertex   4.327967e+01 -6.702558e+00 3.086583e-01
      vertex   4.046758e+01 -7.485410e+00 5.000000e-01
    endloop
  endfacet
  facet normal 2.511135e-01 -9.488293e-01 -1.914808e-01
    outer loop
      vertex   4.327967e+01 -6.702558e+00 3.086583e-01
      vertex   4.329640e+01 -6.736745e+00 5.000000e-01
      vertex   4.046758e+01 -7.485410e+00 5.000000e-01
    endloop
  endfacet
  facet normal -2.654581e-02 -1.969818e-01 -9.800477e-01
    outer loop
      vertex   3.772974e+01 -6.621625e+00 4.336809e-16
      vertex   4.043641e+01 -6.986383e+00 4.336809e-16
      vertex   3.766768e+01 -6.802624e+00 3.806023e-02
    endloop
  endfacet
  facet normal -2.654581e-02 -1.969818e-01 -9.800477e-01
    outer loop
      vertex   4.043641e+01 -6.986383e+00 4.336809e-16
      vertex   4.044834e+01 -7.177353e+00 3.806023e-02
      vertex   3.766768e+01 -6.802624e+00 3.806023e-02
    endloop
  endfacet
  facet normal -7.519524e-02 -5.579823e-01 -8.264390e-01
    outer loop
      vertex   3.766768e+01 -6.802624e+00 3.806023e-02
      vertex   4.044834e+01 -7.177353e+00 3.806023e-02
      vertex   3.761507e+01 -6.956068e+00 1.464466e-01
    endloop
  endfacet
  facet normal -7.519524e-02 -5.579823e-01 -8.264390e-01
    outer loop
      vertex   4.044834e+01 -7.177353e+00 3.806023e-02
      vertex   4.045845e+01 -7.339249e+00 1.464466e-01
      vertex   3.761507e+01 -6.956068e+00 1.464466e-01
    endloop
  endfacet
  facet normal -1.117053e-01 -8.289035e-01 -5.481249e-01
    outer loop
      vertex   3.761507e+01 -6.956068e+00 1.464466e-01
      vertex   4.045845e+01 -7.339249e+00 1.464466e-01
      vertex   3.757992e+01 -7.058595e+00 3.086583e-01
    endloop
  endfacet
  facet normal -1.117053e-01 -8.289035e-01 -5.481249e-01
    outer loop
      vertex   4.045845e+01 -7.339249e+00 1.464466e-01
      vertex   4.046521e+01 -7.447424e+00 3.086583e-01
      vertex   3.757992e+01 -7.058595e+00 3.086583e-01
    endloop
  endfacet
  facet normal -1.310842e-01 -9.727035e-01 -1.914808e-01
    outer loop
      vertex   3.757992e+01 -7.058595e+00 3.086583e-01
      vertex   4.046521e+01 -7.447424e+00 3.086583e-01
      vertex   3.756758e+01 -7.094598e+00 5.000000e-01
    endloop
  endfacet
  facet normal -1.310842e-01 -9.727035e-01 -1.914808e-01
    outer loop
      vertex   4.046521e+01 -7.447424e+00 3.086583e-01
      vertex   4.046758e+01 -7.485410e+00 5.000000e-01
      vertex   3.756758e+01 -7.094598e+00 5.000000e-01
    endloop
  endfacet
  facet normal -3.269290e-01 -9.246948e-01 -1.950818e-01
    outer loop
      vertex   3.756758e+01 -7.094598e+00 5.000000e-01
      vertex   3.743265e+01 -7.046893e+00 5.000000e-01
      vertex   3.757992e+01 -7.058595e+00 3.086583e-01
    endloop
  endfacet
  facet normal -4.767397e-01 -8.199761e-01 -3.167939e-01
    outer loop
      vertex   3.743265e+01 -7.046893e+00 5.000000e-01
      vertex   3.506304e+01 -5.595262e+00 3.086583e-01
      vertex   3.757992e+01 -7.058595e+00 3.086583e-01
    endloop
  endfacet
  facet normal -4.203962e-01 -7.230672e-01 -5.481249e-01
    outer loop
      vertex   3.757992e+01 -7.058595e+00 3.086583e-01
      vertex   3.506304e+01 -5.595262e+00 3.086583e-01
      vertex   3.761507e+01 -6.956068e+00 1.464466e-01
    endloop
  endfacet
  facet normal -4.203962e-01 -7.230672e-01 -5.481249e-01
    outer loop
      vertex   3.506304e+01 -5.595262e+00 3.086583e-01
      vertex   3.513475e+01 -5.513990e+00 1.464466e-01
      vertex   3.761507e+01 -6.956068e+00 1.464466e-01
    endloop
  endfacet
  facet normal -2.829927e-01 -4.867378e-01 -8.264390e-01
    outer loop
      vertex   3.761507e+01 -6.956068e+00 1.464466e-01
      vertex   3.513475e+01 -5.513990e+00 1.464466e-01
      vertex   3.766768e+01 -6.802624e+00 3.806023e-02
    endloop
  endfacet
  facet normal -2.829927e-01 -4.867378e-01 -8.264390e-01
    outer loop
      vertex   3.513475e+01 -5.513990e+00 1.464466e-01
      vertex   3.524207e+01 -5.392357e+00 3.806023e-02
      vertex   3.766768e+01 -6.802624e+00 3.806023e-02
    endloop
  endfacet
  facet normal -9.990352e-02 -1.718307e-01 -9.800477e-01
    outer loop
      vertex   3.766768e+01 -6.802624e+00 3.806023e-02
      vertex   3.524207e+01 -5.392357e+00 3.806023e-02
      vertex   3.772974e+01 -6.621625e+00 4.336809e-16
    endloop
  endfacet
  facet normal -9.990352e-02 -1.718307e-01 -9.800477e-01
    outer loop
      vertex   3.524207e+01 -5.392357e+00 3.806023e-02
      vertex   3.536867e+01 -5.248881e+00 0.000000e+00
      vertex   3.772974e+01 -6.621625e+00 4.336809e-16
    endloop
  endfacet
  facet normal -5.013665e-01 -8.437036e-01 -1.918224e-01
    outer loop
      vertex   3.743265e+01 -7.046893e+00 5.000000e-01
      vertex   3.503786e+01 -5.623801e+00 5.000000e-01
      vertex   3.506304e+01 -5.595262e+00 3.086583e-01
    endloop
  endfacet
  facet normal 4.333768e-01 -8.798435e-01 -1.950897e-01
    outer loop
      vertex   4.333158e+01 -6.719417e+00 5.000000e-01
      vertex   4.329640e+01 -6.736745e+00 5.000000e-01
      vertex   4.327967e+01 -6.702558e+00 3.086583e-01
    endloop
  endfacet
  facet normal -1.260515e-01 -1.491995e-01 -9.807398e-01
    outer loop
      vertex   3.536867e+01 -5.248881e+00 0.000000e+00
      vertex   3.510041e+01 -5.272902e+00 3.813255e-02
      vertex   3.522084e+01 -5.123987e+00 0.000000e+00
    endloop
  endfacet
  facet normal -9.704796e-02 -1.725198e-01 -9.802136e-01
    outer loop
      vertex   3.510041e+01 -5.272902e+00 3.813255e-02
      vertex   3.383748e+01 -4.565621e+00 3.868804e-02
      vertex   3.522084e+01 -5.123987e+00 0.000000e+00
    endloop
  endfacet
  facet normal -9.759506e-02 -1.738958e-01 -9.799160e-01
    outer loop
      vertex   3.522084e+01 -5.123987e+00 0.000000e+00
      vertex   3.383748e+01 -4.565621e+00 3.868804e-02
      vertex   3.390231e+01 -4.383992e+00 0.000000e+00
    endloop
  endfacet
  facet normal -2.687722e-02 -1.990713e-01 -9.796164e-01
    outer loop
      vertex   3.383748e+01 -4.565621e+00 3.868804e-02
      vertex   3.222592e+01 -4.281805e+00 2.522844e-02
      vertex   3.390231e+01 -4.383992e+00 0.000000e+00
    endloop
  endfacet
  facet normal -2.459175e-02 -1.597933e-01 -9.868441e-01
    outer loop
      vertex   3.390231e+01 -4.383992e+00 0.000000e+00
      vertex   3.222592e+01 -4.281805e+00 2.522844e-02
      vertex   3.222005e+01 -4.125097e+00 0.000000e+00
    endloop
  endfacet
  facet normal -3.587514e-01 -4.249408e-01 -8.310973e-01
    outer loop
      vertex   3.524207e+01 -5.392357e+00 3.806023e-02
      vertex   3.499835e+01 -5.399104e+00 1.467138e-01
      vertex   3.510041e+01 -5.272902e+00 3.813255e-02
    endloop
  endfacet
  facet normal -2.751564e-01 -4.894391e-01 -8.274891e-01
    outer loop
      vertex   3.499835e+01 -5.399104e+00 1.467138e-01
      vertex   3.378269e+01 -4.719143e+00 1.487651e-01
      vertex   3.510041e+01 -5.272902e+00 3.813255e-02
    endloop
  endfacet
  facet normal -2.764028e-01 -4.928990e-01 -8.250164e-01
    outer loop
      vertex   3.510041e+01 -5.272902e+00 3.813255e-02
      vertex   3.378269e+01 -4.719143e+00 1.487651e-01
      vertex   3.383748e+01 -4.565621e+00 3.868804e-02
    endloop
  endfacet
  facet normal -8.653344e-02 -5.599375e-01 -8.240036e-01
    outer loop
      vertex   3.378269e+01 -4.719143e+00 1.487651e-01
      vertex   3.223345e+01 -4.482670e+00 1.507693e-01
      vertex   3.383748e+01 -4.565621e+00 3.868804e-02
    endloop
  endfacet
  facet normal -8.630399e-02 -6.573644e-01 -7.486145e-01
    outer loop
      vertex   3.383748e+01 -4.565621e+00 3.868804e-02
      vertex   3.223345e+01 -4.482670e+00 1.507693e-01
      vertex   3.223120e+01 -4.422700e+00 9.836786e-02
    endloop
  endfacet
  facet normal -5.366576e-01 -6.358508e-01 -5.547002e-01
    outer loop
      vertex   3.513475e+01 -5.513990e+00 1.464466e-01
      vertex   3.493023e+01 -5.483341e+00 3.091819e-01
      vertex   3.499835e+01 -5.399104e+00 1.467138e-01
    endloop
  endfacet
  facet normal -4.095040e-01 -7.283664e-01 -5.493531e-01
    outer loop
      vertex   3.493023e+01 -5.483341e+00 3.091819e-01
      vertex   3.374641e+01 -4.820799e+00 3.131965e-01
      vertex   3.499835e+01 -5.399104e+00 1.467138e-01
    endloop
  endfacet
  facet normal -4.105230e-01 -7.323101e-01 -5.433164e-01
    outer loop
      vertex   3.499835e+01 -5.399104e+00 1.467138e-01
      vertex   3.374641e+01 -4.820799e+00 3.131965e-01
      vertex   3.378269e+01 -4.719143e+00 1.487651e-01
    endloop
  endfacet
  facet normal -1.283855e-01 -8.306179e-01 -5.418404e-01
    outer loop
      vertex   3.374641e+01 -4.820799e+00 3.131965e-01
      vertex   3.223747e+01 -4.590122e+00 3.171104e-01
      vertex   3.378269e+01 -4.719143e+00 1.487651e-01
    endloop
  endfacet
  facet normal -1.240691e-01 -8.747724e-01 -4.683804e-01
    outer loop
      vertex   3.378269e+01 -4.719143e+00 1.487651e-01
      vertex   3.223747e+01 -4.590122e+00 3.171104e-01
      vertex   3.223535e+01 -4.533562e+00 2.120375e-01
    endloop
  endfacet
  facet normal -6.326452e-01 -7.498132e-01 -1.937529e-01
    outer loop
      vertex   3.506304e+01 -5.595262e+00 3.086583e-01
      vertex   3.490643e+01 -5.512767e+00 5.007555e-01
      vertex   3.493023e+01 -5.483341e+00 3.091819e-01
    endloop
  endfacet
  facet normal -4.811351e-01 -8.555475e-01 -1.911739e-01
    outer loop
      vertex   3.490643e+01 -5.512767e+00 5.007555e-01
      vertex   3.373425e+01 -4.854858e+00 5.065362e-01
      vertex   3.493023e+01 -5.483341e+00 3.091819e-01
    endloop
  endfacet
  facet normal -4.807503e-01 -8.578979e-01 -1.813571e-01
    outer loop
      vertex   3.493023e+01 -5.483341e+00 3.091819e-01
      vertex   3.373425e+01 -4.854858e+00 5.065362e-01
      vertex   3.374641e+01 -4.820799e+00 3.131965e-01
    endloop
  endfacet
  facet normal -1.503345e-01 -9.719846e-01 -1.806808e-01
    outer loop
      vertex   3.373425e+01 -4.854858e+00 5.065362e-01
      vertex   3.223877e+01 -4.624599e+00 5.121516e-01
      vertex   3.374641e+01 -4.820799e+00 3.131965e-01
    endloop
  endfacet
  facet normal -1.450909e-01 -9.804995e-01 -1.325493e-01
    outer loop
      vertex   3.374641e+01 -4.820799e+00 3.131965e-01
      vertex   3.223877e+01 -4.624599e+00 5.121516e-01
      vertex   3.223796e+01 -4.603204e+00 3.547665e-01
    endloop
  endfacet
  facet normal -1.260813e-01 -1.489263e-01 -9.807775e-01
    outer loop
      vertex   3.536867e+01 -5.248881e+00 0.000000e+00
      vertex   3.524207e+01 -5.392357e+00 3.806023e-02
      vertex   3.510041e+01 -5.272902e+00 3.813255e-02
    endloop
  endfacet
  facet normal -3.589137e-01 -4.241827e-01 -8.314144e-01
    outer loop
      vertex   3.524207e+01 -5.392357e+00 3.806023e-02
      vertex   3.513475e+01 -5.513990e+00 1.464466e-01
      vertex   3.499835e+01 -5.399104e+00 1.467138e-01
    endloop
  endfacet
  facet normal -5.371223e-01 -6.347699e-01 -5.554879e-01
    outer loop
      vertex   3.513475e+01 -5.513990e+00 1.464466e-01
      vertex   3.506304e+01 -5.595262e+00 3.086583e-01
      vertex   3.493023e+01 -5.483341e+00 3.091819e-01
    endloop
  endfacet
  facet normal -6.336239e-01 -7.486495e-01 -1.950505e-01
    outer loop
      vertex   3.506304e+01 -5.595262e+00 3.086583e-01
      vertex   3.503786e+01 -5.623801e+00 5.000000e-01
      vertex   3.490643e+01 -5.512767e+00 5.007555e-01
    endloop
  endfacet
  facet normal -1.438324e-01 -9.353725e-01 -3.230951e-01
    outer loop
      vertex   3.223796e+01 -4.603204e+00 3.547665e-01
      vertex   3.223747e+01 -4.590122e+00 3.171104e-01
      vertex   3.374641e+01 -4.820799e+00 3.131965e-01
    endloop
  endfacet
  facet normal -1.176912e-01 -7.656913e-01 -6.323493e-01
    outer loop
      vertex   3.223535e+01 -4.533562e+00 2.120375e-01
      vertex   3.223345e+01 -4.482670e+00 1.507693e-01
      vertex   3.378269e+01 -4.719143e+00 1.487651e-01
    endloop
  endfacet
  facet normal -7.391925e-02 -4.616498e-01 -8.839771e-01
    outer loop
      vertex   3.223120e+01 -4.422700e+00 9.836786e-02
      vertex   3.222592e+01 -4.281805e+00 2.522844e-02
      vertex   3.383748e+01 -4.565621e+00 3.868804e-02
    endloop
  endfacet
  facet normal -1.520633e-01 -9.881401e-01 2.135125e-02
    outer loop
      vertex   3.223877e+01 -4.624599e+00 5.121516e-01
      vertex   3.373425e+01 -4.854858e+00 5.065362e-01
      vertex   3.216796e+01 -4.539241e+00 3.958256e+00
    endloop
  endfacet
  facet normal -1.592916e-01 -9.870680e-01 1.797322e-02
    outer loop
      vertex   3.373425e+01 -4.854858e+00 5.065362e-01
      vertex   3.367084e+01 -4.780878e+00 4.007421e+00
      vertex   3.216796e+01 -4.539241e+00 3.958256e+00
    endloop
  endfacet
  facet normal -1.594404e-01 -9.869355e-01 2.317476e-02
    outer loop
      vertex   3.216796e+01 -4.539241e+00 3.958256e+00
      vertex   3.367084e+01 -4.780878e+00 4.007421e+00
      vertex   3.211509e+01 -4.473572e+00 6.391156e+00
    endloop
  endfacet
  facet normal -1.279638e-01 -9.907928e-01 4.421522e-02
    outer loop
      vertex   3.367084e+01 -4.780878e+00 4.007421e+00
      vertex   3.323780e+01 -4.590517e+00 7.019851e+00
      vertex   3.211509e+01 -4.473572e+00 6.391156e+00
    endloop
  endfacet
  facet normal -1.185814e-01 -9.925737e-01 2.712910e-02
    outer loop
      vertex   3.211509e+01 -4.473572e+00 6.391156e+00
      vertex   3.323780e+01 -4.590517e+00 7.019851e+00
      vertex   3.210682e+01 -4.455128e+00 7.029785e+00
    endloop
  endfacet
  facet normal -5.171014e-01 -8.555516e-01 2.524940e-02
    outer loop
      vertex   3.461709e+01 -5.264357e+00 7.004146e+00
      vertex   3.367084e+01 -4.780878e+00 4.007421e+00
      vertex   3.497406e+01 -5.566856e+00 4.064923e+00
    endloop
  endfacet
  facet normal -5.167121e-01 -8.561147e-01 8.731311e-03
    outer loop
      vertex   3.367084e+01 -4.780878e+00 4.007421e+00
      vertex   3.373425e+01 -4.854858e+00 5.065362e-01
      vertex   3.497406e+01 -5.566856e+00 4.064923e+00
    endloop
  endfacet
  facet normal -4.894566e-01 -8.720187e-01 -3.947220e-03
    outer loop
      vertex   3.497406e+01 -5.566856e+00 4.064923e+00
      vertex   3.373425e+01 -4.854858e+00 5.065362e-01
      vertex   3.490643e+01 -5.512767e+00 5.007555e-01
    endloop
  endfacet
  facet normal -6.410090e-01 -7.675325e-01 1.142038e-03
    outer loop
      vertex   3.497406e+01 -5.566856e+00 4.064923e+00
      vertex   3.491735e+01 -5.515127e+00 7.000000e+00
      vertex   3.461709e+01 -5.264357e+00 7.004146e+00
    endloop
  endfacet
  facet normal -4.603607e-01 -8.877294e-01 2.141462e-03
    outer loop
      vertex   3.461709e+01 -5.264357e+00 7.004146e+00
      vertex   3.342230e+01 -4.644727e+00 7.018003e+00
      vertex   3.367084e+01 -4.780878e+00 4.007421e+00
    endloop
  endfacet
  facet normal -2.816669e-01 -9.593011e-01 2.013034e-02
    outer loop
      vertex   3.342230e+01 -4.644727e+00 7.018003e+00
      vertex   3.323780e+01 -4.590517e+00 7.019851e+00
      vertex   3.367084e+01 -4.780878e+00 4.007421e+00
    endloop
  endfacet
  facet normal -6.453629e-01 -7.638759e-01 6.519090e-04
    outer loop
      vertex   3.490643e+01 -5.512767e+00 5.007555e-01
      vertex   3.503786e+01 -5.623801e+00 5.000000e-01
      vertex   3.497406e+01 -5.566856e+00 4.064923e+00
    endloop
  endfacet
  facet normal 1.190291e-01 -9.928470e-01 9.324709e-03
    outer loop
      vertex   4.836874e+01 -3.553875e+00 7.010040e+00
      vertex   4.804384e+01 -3.592834e+00 7.009172e+00
      vertex   4.833369e+01 -3.586448e+00 3.989238e+00
    endloop
  endfacet
  facet normal 2.698485e-01 -9.626070e-01 2.386400e-02
    outer loop
      vertex   4.804384e+01 -3.592834e+00 7.009172e+00
      vertex   4.685667e+01 -4.000063e+00 4.006963e+00
      vertex   4.833369e+01 -3.586448e+00 3.989238e+00
    endloop
  endfacet
  facet normal 2.697324e-01 -9.629088e-01 7.147067e-03
    outer loop
      vertex   4.833369e+01 -3.586448e+00 3.989238e+00
      vertex   4.685667e+01 -4.000063e+00 4.006963e+00
      vertex   4.682918e+01 -4.033774e+00 5.024801e-01
    endloop
  endfacet
  facet normal 6.123074e-01 -7.906148e-01 2.802842e-03
    outer loop
      vertex   4.685667e+01 -4.000063e+00 4.006963e+00
      vertex   4.564398e+01 -4.939179e+00 4.027744e+00
      vertex   4.682918e+01 -4.033774e+00 5.024801e-01
    endloop
  endfacet
  facet normal 6.102403e-01 -7.922146e-01 1.697003e-03
    outer loop
      vertex   4.682918e+01 -4.033774e+00 5.024801e-01
      vertex   4.564398e+01 -4.939179e+00 4.027744e+00
      vertex   4.562342e+01 -4.962570e+00 5.000000e-01
    endloop
  endfacet
  facet normal 2.919836e-01 -9.564177e-01 -3.286872e-03
    outer loop
      vertex   4.811397e+01 -3.641548e+00 5.043801e-01
      vertex   4.833369e+01 -3.586448e+00 3.989238e+00
      vertex   4.682918e+01 -4.033774e+00 5.024801e-01
    endloop
  endfacet
  facet normal 3.155374e-01 -9.489050e-01 3.938526e-03
    outer loop
      vertex   4.804384e+01 -3.592834e+00 7.009172e+00
      vertex   4.682832e+01 -3.997043e+00 7.005226e+00
      vertex   4.685667e+01 -4.000063e+00 4.006963e+00
    endloop
  endfacet
  facet normal 6.199143e-01 -7.846413e-01 6.650406e-03
    outer loop
      vertex   4.682832e+01 -3.997043e+00 7.005226e+00
      vertex   4.566188e+01 -4.918649e+00 7.000000e+00
      vertex   4.685667e+01 -4.000063e+00 4.006963e+00
    endloop
  endfacet
  facet normal 6.122978e-01 -7.906252e-01 1.773469e-03
    outer loop
      vertex   4.685667e+01 -4.000063e+00 4.006963e+00
      vertex   4.566188e+01 -4.918649e+00 7.000000e+00
      vertex   4.564398e+01 -4.939179e+00 4.027744e+00
    endloop
  endfacet
  facet normal 1.046516e-01 -9.944671e-01 9.125690e-03
    outer loop
      vertex   4.811397e+01 -3.641548e+00 5.043801e-01
      vertex   4.829491e+01 -3.622506e+00 5.046026e-01
      vertex   4.833369e+01 -3.586448e+00 3.989238e+00
    endloop
  endfacet
  facet normal -1.335553e-01 -9.910402e-01 -1.531979e-03
    outer loop
      vertex   3.756758e+01 -7.094598e+00 5.000000e-01
      vertex   4.046758e+01 -7.485410e+00 5.000000e-01
      vertex   4.041572e+01 -7.488470e+00 7.000000e+00
    endloop
  endfacet
  facet normal 2.558472e-01 -9.667159e-01 1.586275e-03
    outer loop
      vertex   4.046758e+01 -7.485410e+00 5.000000e-01
      vertex   4.329640e+01 -6.736745e+00 5.000000e-01
      vertex   4.041572e+01 -7.488470e+00 7.000000e+00
    endloop
  endfacet
  facet normal 2.527053e-01 -9.675433e-01 9.814654e-05
    outer loop
      vertex   4.041572e+01 -7.488470e+00 7.000000e+00
      vertex   4.329640e+01 -6.736745e+00 5.000000e-01
      vertex   4.329929e+01 -6.735332e+00 7.000000e+00
    endloop
  endfacet
  facet normal 4.418671e-01 -8.970805e-01 -1.186902e-06
    outer loop
      vertex   4.329640e+01 -6.736745e+00 5.000000e-01
      vertex   4.333158e+01 -6.719417e+00 5.000000e-01
      vertex   4.329929e+01 -6.735332e+00 7.000000e+00
    endloop
  endfacet
  facet normal 6.083806e-01 -7.936447e-01 1.079378e-03
    outer loop
      vertex   4.329929e+01 -6.735332e+00 7.000000e+00
      vertex   4.333158e+01 -6.719417e+00 5.000000e-01
      vertex   4.562342e+01 -4.962570e+00 5.000000e-01
    endloop
  endfacet
  facet normal -5.146113e-01 -8.574229e-01 1.065527e-03
    outer loop
      vertex   3.497406e+01 -5.566856e+00 4.064923e+00
      vertex   3.743265e+01 -7.046893e+00 5.000000e-01
      vertex   3.746651e+01 -7.059137e+00 7.000000e+00
    endloop
  endfacet
  facet normal -3.333334e-01 -9.428090e-01 -3.955285e-05
    outer loop
      vertex   3.743265e+01 -7.046893e+00 5.000000e-01
      vertex   3.756758e+01 -7.094598e+00 5.000000e-01
      vertex   3.746651e+01 -7.059137e+00 7.000000e+00
    endloop
  endfacet
  facet normal -1.440563e-01 -9.895645e-01 3.158713e-03
    outer loop
      vertex   3.746651e+01 -7.059137e+00 7.000000e+00
      vertex   3.756758e+01 -7.094598e+00 5.000000e-01
      vertex   4.041572e+01 -7.488470e+00 7.000000e+00
    endloop
  endfacet
  facet normal -5.180653e-01 -8.553261e-01 5.064777e-03
    outer loop
      vertex   3.746651e+01 -7.059137e+00 7.000000e+00
      vertex   3.491735e+01 -5.515127e+00 7.000000e+00
      vertex   3.497406e+01 -5.566856e+00 4.064923e+00
    endloop
  endfacet
  facet normal 6.094840e-01 -7.927965e-01 1.705268e-03
    outer loop
      vertex   4.564398e+01 -4.939179e+00 4.027744e+00
      vertex   4.329929e+01 -6.735332e+00 7.000000e+00
      vertex   4.562342e+01 -4.962570e+00 5.000000e-01
    endloop
  endfacet
  facet normal 6.095631e-01 -7.927355e-01 1.804516e-03
    outer loop
      vertex   4.564398e+01 -4.939179e+00 4.027744e+00
      vertex   4.566188e+01 -4.918649e+00 7.000000e+00
      vertex   4.329929e+01 -6.735332e+00 7.000000e+00
    endloop
  endfacet
  facet normal -5.108478e-01 -8.596589e-01 4.589361e-03
    outer loop
      vertex   3.497406e+01 -5.566856e+00 4.064923e+00
      vertex   3.503786e+01 -5.623801e+00 5.000000e-01
      vertex   3.743265e+01 -7.046893e+00 5.000000e-01
    endloop
  endfacet
  facet normal -2.100095e-01 -3.463485e-01 9.142969e-01
    outer loop
      vertex   3.575696e+01 -5.156007e+00 7.984137e+00
      vertex   3.534822e+01 -5.047590e+00 7.931321e+00
      vertex   3.767504e+01 -6.478107e+00 7.923880e+00
    endloop
  endfacet
  facet normal -2.846383e-01 -4.673344e-01 8.370063e-01
    outer loop
      vertex   3.534822e+01 -5.047590e+00 7.931321e+00
      vertex   3.512458e+01 -5.290264e+00 7.719773e+00
      vertex   3.767504e+01 -6.478107e+00 7.923880e+00
    endloop
  endfacet
  facet normal -2.907502e-01 -4.822875e-01 8.263553e-01
    outer loop
      vertex   3.767504e+01 -6.478107e+00 7.923880e+00
      vertex   3.512458e+01 -5.290264e+00 7.719773e+00
      vertex   3.756545e+01 -6.783460e+00 7.707107e+00
    endloop
  endfacet
  facet normal -4.305281e-01 -7.085105e-01 5.591587e-01
    outer loop
      vertex   3.512458e+01 -5.290264e+00 7.719773e+00
      vertex   3.497130e+01 -5.456581e+00 7.391018e+00
      vertex   3.756545e+01 -6.783460e+00 7.707107e+00
    endloop
  endfacet
  facet normal -4.328985e-01 -7.158280e-01 5.478952e-01
    outer loop
      vertex   3.756545e+01 -6.783460e+00 7.707107e+00
      vertex   3.497130e+01 -5.456581e+00 7.391018e+00
      vertex   3.749222e+01 -6.987491e+00 7.382683e+00
    endloop
  endfacet
  facet normal -4.791527e-01 -7.910814e-01 3.802669e-01
    outer loop
      vertex   3.497130e+01 -5.456581e+00 7.391018e+00
      vertex   3.496893e+01 -5.459152e+00 7.382683e+00
      vertex   3.749222e+01 -6.987491e+00 7.382683e+00
    endloop
  endfacet
  facet normal -5.084995e-01 -8.395329e-01 1.913446e-01
    outer loop
      vertex   3.749222e+01 -6.987491e+00 7.382683e+00
      vertex   3.496893e+01 -5.459152e+00 7.382683e+00
      vertex   3.746651e+01 -7.059137e+00 7.000000e+00
    endloop
  endfacet
  facet normal -5.084995e-01 -8.395329e-01 1.913446e-01
    outer loop
      vertex   3.496893e+01 -5.459152e+00 7.382683e+00
      vertex   3.491735e+01 -5.515127e+00 7.000000e+00
      vertex   3.746651e+01 -7.059137e+00 7.000000e+00
    endloop
  endfacet
  facet normal -2.865344e-02 -1.968288e-01 9.800191e-01
    outer loop
      vertex   4.036029e+01 -6.490007e+00 8.000000e+00
      vertex   3.780431e+01 -6.117918e+00 8.000000e+00
      vertex   4.038150e+01 -6.872102e+00 7.923880e+00
    endloop
  endfacet
  facet normal -2.865344e-02 -1.968288e-01 9.800191e-01
    outer loop
      vertex   3.780431e+01 -6.117918e+00 8.000000e+00
      vertex   3.767504e+01 -6.478107e+00 7.923880e+00
      vertex   4.038150e+01 -6.872102e+00 7.923880e+00
    endloop
  endfacet
  facet normal -8.114880e-02 -5.574346e-01 8.262455e-01
    outer loop
      vertex   4.038150e+01 -6.872102e+00 7.923880e+00
      vertex   3.767504e+01 -6.478107e+00 7.923880e+00
      vertex   4.039948e+01 -7.196027e+00 7.707107e+00
    endloop
  endfacet
  facet normal -8.114880e-02 -5.574346e-01 8.262455e-01
    outer loop
      vertex   3.767504e+01 -6.478107e+00 7.923880e+00
      vertex   3.756545e+01 -6.783460e+00 7.707107e+00
      vertex   4.039948e+01 -7.196027e+00 7.707107e+00
    endloop
  endfacet
  facet normal -1.205155e-01 -8.278559e-01 5.478417e-01
    outer loop
      vertex   4.039948e+01 -7.196027e+00 7.707107e+00
      vertex   3.756545e+01 -6.783460e+00 7.707107e+00
      vertex   4.041150e+01 -7.412466e+00 7.382683e+00
    endloop
  endfacet
  facet normal -1.205155e-01 -8.278559e-01 5.478417e-01
    outer loop
      vertex   3.756545e+01 -6.783460e+00 7.707107e+00
      vertex   3.749222e+01 -6.987491e+00 7.382683e+00
      vertex   4.041150e+01 -7.412466e+00 7.382683e+00
    endloop
  endfacet
  facet normal -1.413953e-01 -9.712850e-01 1.913446e-01
    outer loop
      vertex   4.041150e+01 -7.412466e+00 7.382683e+00
      vertex   3.749222e+01 -6.987491e+00 7.382683e+00
      vertex   4.041572e+01 -7.488470e+00 7.000000e+00
    endloop
  endfacet
  facet normal -1.413953e-01 -9.712850e-01 1.913446e-01
    outer loop
      vertex   3.749222e+01 -6.987491e+00 7.382683e+00
      vertex   3.746651e+01 -7.059137e+00 7.000000e+00
      vertex   4.041572e+01 -7.488470e+00 7.000000e+00
    endloop
  endfacet
  facet normal 5.026396e-02 -1.924477e-01 9.800191e-01
    outer loop
      vertex   4.285938e+01 -5.837288e+00 8.000000e+00
      vertex   4.036029e+01 -6.490007e+00 8.000000e+00
      vertex   4.302773e+01 -6.180954e+00 7.923880e+00
    endloop
  endfacet
  facet normal 5.026396e-02 -1.924477e-01 9.800191e-01
    outer loop
      vertex   4.036029e+01 -6.490007e+00 8.000000e+00
      vertex   4.038150e+01 -6.872102e+00 7.923880e+00
      vertex   4.302773e+01 -6.180954e+00 7.923880e+00
    endloop
  endfacet
  facet normal 1.423515e-01 -5.450270e-01 8.262455e-01
    outer loop
      vertex   4.302773e+01 -6.180954e+00 7.923880e+00
      vertex   4.038150e+01 -6.872102e+00 7.923880e+00
      vertex   4.317044e+01 -6.472301e+00 7.707107e+00
    endloop
  endfacet
  facet normal 1.423515e-01 -5.450270e-01 8.262455e-01
    outer loop
      vertex   4.038150e+01 -6.872102e+00 7.923880e+00
      vertex   4.039948e+01 -7.196027e+00 7.707107e+00
      vertex   4.317044e+01 -6.472301e+00 7.707107e+00
    endloop
  endfacet
  facet normal 2.114087e-01 -8.094293e-01 5.478417e-01
    outer loop
      vertex   4.317044e+01 -6.472301e+00 7.707107e+00
      vertex   4.039948e+01 -7.196027e+00 7.707107e+00
      vertex   4.326580e+01 -6.666973e+00 7.382683e+00
    endloop
  endfacet
  facet normal 2.114087e-01 -8.094293e-01 5.478417e-01
    outer loop
      vertex   4.039948e+01 -7.196027e+00 7.707107e+00
      vertex   4.041150e+01 -7.412466e+00 7.382683e+00
      vertex   4.326580e+01 -6.666973e+00 7.382683e+00
    endloop
  endfacet
  facet normal 2.480361e-01 -9.496659e-01 1.913446e-01
    outer loop
      vertex   4.326580e+01 -6.666973e+00 7.382683e+00
      vertex   4.041150e+01 -7.412466e+00 7.382683e+00
      vertex   4.329929e+01 -6.735332e+00 7.000000e+00
    endloop
  endfacet
  facet normal 2.480361e-01 -9.496659e-01 1.913446e-01
    outer loop
      vertex   4.041150e+01 -7.412466e+00 7.382683e+00
      vertex   4.041572e+01 -7.488470e+00 7.000000e+00
      vertex   4.329929e+01 -6.735332e+00 7.000000e+00
    endloop
  endfacet
  facet normal 5.983011e-01 -7.780893e-01 1.913446e-01
    outer loop
      vertex   4.329929e+01 -6.735332e+00 7.000000e+00
      vertex   4.566188e+01 -4.918649e+00 7.000000e+00
      vertex   4.326580e+01 -6.666973e+00 7.382683e+00
    endloop
  endfacet
  facet normal 5.983011e-01 -7.780893e-01 1.913446e-01
    outer loop
      vertex   4.566188e+01 -4.918649e+00 7.000000e+00
      vertex   4.560442e+01 -4.868727e+00 7.382683e+00
      vertex   4.326580e+01 -6.666973e+00 7.382683e+00
    endloop
  endfacet
  facet normal 5.641166e-01 -7.336323e-01 3.788880e-01
    outer loop
      vertex   4.326580e+01 -6.666973e+00 7.382683e+00
      vertex   4.560442e+01 -4.868727e+00 7.382683e+00
      vertex   4.560267e+01 -4.867207e+00 7.388233e+00
    endloop
  endfacet
  facet normal 5.096296e-01 -6.634062e-01 5.478776e-01
    outer loop
      vertex   4.326580e+01 -6.666973e+00 7.382683e+00
      vertex   4.560267e+01 -4.867207e+00 7.388233e+00
      vertex   4.317044e+01 -6.472301e+00 7.707107e+00
    endloop
  endfacet
  facet normal 5.075408e-01 -6.587498e-01 5.553837e-01
    outer loop
      vertex   4.560267e+01 -4.867207e+00 7.388233e+00
      vertex   4.543431e+01 -4.720952e+00 7.715561e+00
      vertex   4.317044e+01 -6.472301e+00 7.707107e+00
    endloop
  endfacet
  facet normal 3.369376e-01 -4.395593e-01 8.326228e-01
    outer loop
      vertex   4.317044e+01 -6.472301e+00 7.707107e+00
      vertex   4.543431e+01 -4.720952e+00 7.715561e+00
      vertex   4.518823e+01 -4.507175e+00 7.927999e+00
    endloop
  endfacet
  facet normal 2.513588e-01 -3.266951e-01 9.110922e-01
    outer loop
      vertex   4.518823e+01 -4.507175e+00 7.927999e+00
      vertex   4.478671e+01 -4.661684e+00 7.983371e+00
      vertex   4.302773e+01 -6.180954e+00 7.923880e+00
    endloop
  endfacet
  facet normal 9.378183e-02 -1.471360e-01 9.846603e-01
    outer loop
      vertex   4.478671e+01 -4.661684e+00 7.983371e+00
      vertex   4.435419e+01 -4.826082e+00 8.000000e+00
      vertex   4.302773e+01 -6.180954e+00 7.923880e+00
    endloop
  endfacet
  facet normal 1.103396e-01 -1.631083e-01 9.804187e-01
    outer loop
      vertex   4.302773e+01 -6.180954e+00 7.923880e+00
      vertex   4.435419e+01 -4.826082e+00 8.000000e+00
      vertex   4.285938e+01 -5.837288e+00 8.000000e+00
    endloop
  endfacet
  facet normal -7.619273e-02 -1.554280e-01 9.849045e-01
    outer loop
      vertex   3.575696e+01 -5.156007e+00 7.984137e+00
      vertex   3.767504e+01 -6.478107e+00 7.923880e+00
      vertex   3.619633e+01 -5.270874e+00 8.000000e+00
    endloop
  endfacet
  facet normal -9.179203e-02 -1.742519e-01 9.804134e-01
    outer loop
      vertex   3.767504e+01 -6.478107e+00 7.923880e+00
      vertex   3.780431e+01 -6.117918e+00 8.000000e+00
      vertex   3.619633e+01 -5.270874e+00 8.000000e+00
    endloop
  endfacet
  facet normal 3.440714e-01 -4.461589e-01 8.261701e-01
    outer loop
      vertex   4.518823e+01 -4.507175e+00 7.927999e+00
      vertex   4.302773e+01 -6.180954e+00 7.923880e+00
      vertex   4.317044e+01 -6.472301e+00 7.707107e+00
    endloop
  endfacet
  facet normal 3.743535e-01 -8.112215e-01 4.491984e-01
    outer loop
      vertex   4.717991e+01 -3.754193e+00 7.378575e+00
      vertex   4.676037e+01 -3.876083e+00 7.508086e+00
      vertex   4.679128e+01 -3.926198e+00 7.391824e+00
    endloop
  endfacet
  facet normal 5.536708e-01 -7.010711e-01 4.493862e-01
    outer loop
      vertex   4.676037e+01 -3.876083e+00 7.508086e+00
      vertex   4.560267e+01 -4.867207e+00 7.388233e+00
      vertex   4.679128e+01 -3.926198e+00 7.391824e+00
    endloop
  endfacet
  facet normal 6.079146e-01 -7.686328e-01 1.991067e-01
    outer loop
      vertex   4.679128e+01 -3.926198e+00 7.391824e+00
      vertex   4.560267e+01 -4.867207e+00 7.388233e+00
      vertex   4.682832e+01 -3.997043e+00 7.005226e+00
    endloop
  endfacet
  facet normal 6.113594e-01 -6.927280e-01 3.825802e-01
    outer loop
      vertex   4.560267e+01 -4.867207e+00 7.388233e+00
      vertex   4.560442e+01 -4.868727e+00 7.382683e+00
      vertex   4.682832e+01 -3.997043e+00 7.005226e+00
    endloop
  endfacet
  facet normal 6.079077e-01 -7.704949e-01 1.917965e-01
    outer loop
      vertex   4.682832e+01 -3.997043e+00 7.005226e+00
      vertex   4.560442e+01 -4.868727e+00 7.382683e+00
      vertex   4.566188e+01 -4.918649e+00 7.000000e+00
    endloop
  endfacet
  facet normal 1.175627e-01 -9.834777e-01 1.376610e-01
    outer loop
      vertex   4.836874e+01 -3.553875e+00 7.010040e+00
      vertex   4.835752e+01 -3.554731e+00 7.013503e+00
      vertex   4.804384e+01 -3.592834e+00 7.009172e+00
    endloop
  endfacet
  facet normal 1.195591e-01 -9.910379e-01 5.957797e-02
    outer loop
      vertex   4.835752e+01 -3.554731e+00 7.013503e+00
      vertex   4.804111e+01 -3.587022e+00 7.111310e+00
      vertex   4.804384e+01 -3.592834e+00 7.009172e+00
    endloop
  endfacet
  facet normal 2.084407e-01 -9.761245e-01 6.110224e-02
    outer loop
      vertex   4.804384e+01 -3.592834e+00 7.009172e+00
      vertex   4.804111e+01 -3.587022e+00 7.111310e+00
      vertex   4.717991e+01 -3.754193e+00 7.378575e+00
    endloop
  endfacet
  facet normal 4.021203e-01 -8.929863e-01 2.021751e-01
    outer loop
      vertex   4.679128e+01 -3.926198e+00 7.391824e+00
      vertex   4.682832e+01 -3.997043e+00 7.005226e+00
      vertex   4.717991e+01 -3.754193e+00 7.378575e+00
    endloop
  endfacet
  facet normal 2.995434e-01 -9.037553e-01 3.057778e-01
    outer loop
      vertex   4.682832e+01 -3.997043e+00 7.005226e+00
      vertex   4.804384e+01 -3.592834e+00 7.009172e+00
      vertex   4.717991e+01 -3.754193e+00 7.378575e+00
    endloop
  endfacet
  facet normal 3.995628e-01 -4.244357e-01 8.125293e-01
    outer loop
      vertex   4.610301e+01 -4.113536e+00 7.704017e+00
      vertex   4.543431e+01 -4.720952e+00 7.715561e+00
      vertex   4.643995e+01 -3.985377e+00 7.605275e+00
    endloop
  endfacet
  facet normal 5.289724e-01 -6.395456e-01 5.578258e-01
    outer loop
      vertex   4.543431e+01 -4.720952e+00 7.715561e+00
      vertex   4.560267e+01 -4.867207e+00 7.388233e+00
      vertex   4.643995e+01 -3.985377e+00 7.605275e+00
    endloop
  endfacet
  facet normal 4.099436e-01 -5.653952e-01 7.157336e-01
    outer loop
      vertex   4.643995e+01 -3.985377e+00 7.605275e+00
      vertex   4.560267e+01 -4.867207e+00 7.388233e+00
      vertex   4.676037e+01 -3.876083e+00 7.508086e+00
    endloop
  endfacet
  facet normal 3.762113e-01 -3.982712e-01 8.365675e-01
    outer loop
      vertex   4.518823e+01 -4.507175e+00 7.927999e+00
      vertex   4.543431e+01 -4.720952e+00 7.715561e+00
      vertex   4.610301e+01 -4.113536e+00 7.704017e+00
    endloop
  endfacet
  facet normal -1.035592e-02 -9.374149e-01 -3.480603e-01
    outer loop
      vertex   4.804111e+01 -3.587022e+00 7.111310e+00
      vertex   4.835846e+01 -3.554640e+00 7.014655e+00
      vertex   4.653747e+01 -3.818196e+00 7.778658e+00
    endloop
  endfacet
  facet normal 1.306965e-01 -9.909583e-01 -3.033402e-02
    outer loop
      vertex   4.835846e+01 -3.554640e+00 7.014655e+00
      vertex   4.835940e+01 -3.554551e+00 7.015807e+00
      vertex   4.653747e+01 -3.818196e+00 7.778658e+00
    endloop
  endfacet
  facet normal 2.701571e-01 -9.033951e-01 3.330052e-01
    outer loop
      vertex   4.653747e+01 -3.818196e+00 7.778658e+00
      vertex   4.835940e+01 -3.554551e+00 7.015807e+00
      vertex   4.665706e+01 -3.707770e+00 7.981202e+00
    endloop
  endfacet
  facet normal 1.531255e-01 -9.815828e-01 1.142271e-01
    outer loop
      vertex   4.835940e+01 -3.554551e+00 7.015807e+00
      vertex   4.679066e+01 -3.661557e+00 8.199232e+00
      vertex   4.665706e+01 -3.707770e+00 7.981202e+00
    endloop
  endfacet
  facet normal 1.261188e-01 -9.833087e-01 1.311411e-01
    outer loop
      vertex   4.665706e+01 -3.707770e+00 7.981202e+00
      vertex   4.679066e+01 -3.661557e+00 8.199232e+00
      vertex   4.539966e+01 -3.754041e+00 8.843503e+00
    endloop
  endfacet
  facet normal 4.116897e-01 -7.606605e-01 5.019036e-01
    outer loop
      vertex   4.643995e+01 -3.985377e+00 7.605275e+00
      vertex   4.676037e+01 -3.876083e+00 7.508086e+00
      vertex   4.653747e+01 -3.818196e+00 7.778658e+00
    endloop
  endfacet
  facet normal 3.782544e-01 -7.910149e-01 4.808524e-01
    outer loop
      vertex   4.676037e+01 -3.876083e+00 7.508086e+00
      vertex   4.717991e+01 -3.754193e+00 7.378575e+00
      vertex   4.653747e+01 -3.818196e+00 7.778658e+00
    endloop
  endfacet
  facet normal 2.657333e-01 -9.227642e-01 2.790916e-01
    outer loop
      vertex   4.653747e+01 -3.818196e+00 7.778658e+00
      vertex   4.717991e+01 -3.754193e+00 7.378575e+00
      vertex   4.804111e+01 -3.587022e+00 7.111310e+00
    endloop
  endfacet
  facet normal 3.213944e-01 -7.663680e-01 5.562246e-01
    outer loop
      vertex   4.521718e+01 -4.125479e+00 8.118160e+00
      vertex   4.653747e+01 -3.818196e+00 7.778658e+00
      vertex   4.529223e+01 -3.858155e+00 8.443116e+00
    endloop
  endfacet
  facet normal 2.223296e-01 -9.051874e-01 3.622227e-01
    outer loop
      vertex   4.653747e+01 -3.818196e+00 7.778658e+00
      vertex   4.665706e+01 -3.707770e+00 7.981202e+00
      vertex   4.529223e+01 -3.858155e+00 8.443116e+00
    endloop
  endfacet
  facet normal 1.750237e-01 -9.632981e-01 2.035275e-01
    outer loop
      vertex   4.529223e+01 -3.858155e+00 8.443116e+00
      vertex   4.665706e+01 -3.707770e+00 7.981202e+00
      vertex   4.539966e+01 -3.754041e+00 8.843503e+00
    endloop
  endfacet
  facet normal 3.184979e-01 -4.419443e-01 8.385967e-01
    outer loop
      vertex   4.521718e+01 -4.125479e+00 8.118160e+00
      vertex   4.518823e+01 -4.507175e+00 7.927999e+00
      vertex   4.653747e+01 -3.818196e+00 7.778658e+00
    endloop
  endfacet
  facet normal 4.436036e-01 -7.689113e-01 4.604251e-01
    outer loop
      vertex   4.518823e+01 -4.507175e+00 7.927999e+00
      vertex   4.610301e+01 -4.113536e+00 7.704017e+00
      vertex   4.653747e+01 -3.818196e+00 7.778658e+00
    endloop
  endfacet
  facet normal 4.316083e-01 -7.583557e-01 4.884781e-01
    outer loop
      vertex   4.653747e+01 -3.818196e+00 7.778658e+00
      vertex   4.610301e+01 -4.113536e+00 7.704017e+00
      vertex   4.643995e+01 -3.985377e+00 7.605275e+00
    endloop
  endfacet
  facet normal 1.004847e-01 -9.949327e-01 -3.412810e-03
    outer loop
      vertex   4.804111e+01 -3.587022e+00 7.111310e+00
      vertex   4.835752e+01 -3.554731e+00 7.013503e+00
      vertex   4.835846e+01 -3.554640e+00 7.014655e+00
    endloop
  endfacet
  facet normal 8.019129e-02 -9.966907e-01 1.330583e-02
    outer loop
      vertex   4.835752e+01 -3.554731e+00 7.013503e+00
      vertex   4.836874e+01 -3.553875e+00 7.010040e+00
      vertex   4.835846e+01 -3.554640e+00 7.014655e+00
    endloop
  endfacet
  facet normal 7.956337e-02 -9.967588e-01 1.189597e-02
    outer loop
      vertex   4.835846e+01 -3.554640e+00 7.014655e+00
      vertex   4.836874e+01 -3.553875e+00 7.010040e+00
      vertex   4.835940e+01 -3.554551e+00 7.015807e+00
    endloop
  endfacet
  facet normal 7.877802e-02 -9.968357e-01 1.061542e-02
    outer loop
      vertex   4.836874e+01 -3.553875e+00 7.010040e+00
      vertex   4.836034e+01 -3.554465e+00 7.016960e+00
      vertex   4.835940e+01 -3.554551e+00 7.015807e+00
    endloop
  endfacet
  facet normal 7.707075e-02 -9.969532e-01 1.201955e-02
    outer loop
      vertex   4.836034e+01 -3.554465e+00 7.016960e+00
      vertex   4.679066e+01 -3.661557e+00 8.199232e+00
      vertex   4.835940e+01 -3.554551e+00 7.015807e+00
    endloop
  endfacet
  facet normal -6.260399e-01 -7.529445e-01 2.028511e-01
    outer loop
      vertex   3.491735e+01 -5.515127e+00 7.000000e+00
      vertex   3.466580e+01 -5.199871e+00 7.393856e+00
      vertex   3.461709e+01 -5.264357e+00 7.004146e+00
    endloop
  endfacet
  facet normal -4.522896e-01 -8.690771e-01 2.003474e-01
    outer loop
      vertex   3.466580e+01 -5.199871e+00 7.393856e+00
      vertex   3.344813e+01 -4.563981e+00 7.403315e+00
      vertex   3.461709e+01 -5.264357e+00 7.004146e+00
    endloop
  endfacet
  facet normal -4.479736e-01 -8.685380e-01 2.120409e-01
    outer loop
      vertex   3.461709e+01 -5.264357e+00 7.004146e+00
      vertex   3.344813e+01 -4.563981e+00 7.403315e+00
      vertex   3.342230e+01 -4.644727e+00 7.018003e+00
    endloop
  endfacet
  facet normal -2.647452e-01 -9.401012e-01 2.147548e-01
    outer loop
      vertex   3.344813e+01 -4.563981e+00 7.403315e+00
      vertex   3.329206e+01 -4.522688e+00 7.391686e+00
      vertex   3.342230e+01 -4.644727e+00 7.018003e+00
    endloop
  endfacet
  facet normal -2.736087e-01 -9.383882e-01 2.111063e-01
    outer loop
      vertex   3.342230e+01 -4.644727e+00 7.018003e+00
      vertex   3.329206e+01 -4.522688e+00 7.391686e+00
      vertex   3.323780e+01 -4.590517e+00 7.019851e+00
    endloop
  endfacet
  facet normal -1.973508e-01 -9.589310e-01 2.037251e-01
    outer loop
      vertex   3.329206e+01 -4.522688e+00 7.391686e+00
      vertex   3.326201e+01 -4.518426e+00 7.382630e+00
      vertex   3.323780e+01 -4.590517e+00 7.019851e+00
    endloop
  endfacet
  facet normal -1.155160e-01 -9.727542e-01 2.010108e-01
    outer loop
      vertex   3.323780e+01 -4.590517e+00 7.019851e+00
      vertex   3.326201e+01 -4.518426e+00 7.382630e+00
      vertex   3.211794e+01 -4.454771e+00 7.033211e+00
    endloop
  endfacet
  facet normal -3.124751e-01 -4.440648e-01 8.397415e-01
    outer loop
      vertex   3.534822e+01 -5.047590e+00 7.931321e+00
      vertex   3.490052e+01 -4.905752e+00 7.839732e+00
      vertex   3.512458e+01 -5.290264e+00 7.719773e+00
    endloop
  endfacet
  facet normal -3.970335e-01 -4.761456e-01 7.846335e-01
    outer loop
      vertex   3.490052e+01 -4.905752e+00 7.839732e+00
      vertex   3.480229e+01 -5.019209e+00 7.721177e+00
      vertex   3.512458e+01 -5.290264e+00 7.719773e+00
    endloop
  endfacet
  facet normal -5.290283e-01 -6.319584e-01 5.663547e-01
    outer loop
      vertex   3.512458e+01 -5.290264e+00 7.719773e+00
      vertex   3.480229e+01 -5.019209e+00 7.721177e+00
      vertex   3.497130e+01 -5.456581e+00 7.391018e+00
    endloop
  endfacet
  facet normal -5.261638e-01 -6.324493e-01 5.684713e-01
    outer loop
      vertex   3.480229e+01 -5.019209e+00 7.721177e+00
      vertex   3.466580e+01 -5.199871e+00 7.393856e+00
      vertex   3.497130e+01 -5.456581e+00 7.391018e+00
    endloop
  endfacet
  facet normal -5.912349e-01 -7.078751e-01 3.864636e-01
    outer loop
      vertex   3.497130e+01 -5.456581e+00 7.391018e+00
      vertex   3.466580e+01 -5.199871e+00 7.393856e+00
      vertex   3.496893e+01 -5.459152e+00 7.382683e+00
    endloop
  endfacet
  facet normal -6.333782e-01 -7.488914e-01 1.949201e-01
    outer loop
      vertex   3.466580e+01 -5.199871e+00 7.393856e+00
      vertex   3.491735e+01 -5.515127e+00 7.000000e+00
      vertex   3.496893e+01 -5.459152e+00 7.382683e+00
    endloop
  endfacet
  facet normal -2.978401e-01 -8.549898e-01 4.245983e-01
    outer loop
      vertex   3.345789e+01 -4.548435e+00 7.441468e+00
      vertex   3.344813e+01 -4.563981e+00 7.403315e+00
      vertex   3.402221e+01 -4.662645e+00 7.607341e+00
    endloop
  endfacet
  facet normal -3.473694e-01 -6.748677e-01 6.510669e-01
    outer loop
      vertex   3.344813e+01 -4.563981e+00 7.403315e+00
      vertex   3.466580e+01 -5.199871e+00 7.393856e+00
      vertex   3.402221e+01 -4.662645e+00 7.607341e+00
    endloop
  endfacet
  facet normal -4.096550e-01 -7.155939e-01 5.657811e-01
    outer loop
      vertex   3.402221e+01 -4.662645e+00 7.607341e+00
      vertex   3.466580e+01 -5.199871e+00 7.393856e+00
      vertex   3.480229e+01 -5.019209e+00 7.721177e+00
    endloop
  endfacet
  facet normal -1.035933e-01 -8.969216e-01 4.298839e-01
    outer loop
      vertex   3.211794e+01 -4.454771e+00 7.033211e+00
      vertex   3.210682e+01 -4.455128e+00 7.029785e+00
      vertex   3.323780e+01 -4.590517e+00 7.019851e+00
    endloop
  endfacet
  facet normal -2.612137e-01 -8.687215e-01 4.208211e-01
    outer loop
      vertex   3.329206e+01 -4.522688e+00 7.391686e+00
      vertex   3.344813e+01 -4.563981e+00 7.403315e+00
      vertex   3.345789e+01 -4.548435e+00 7.441468e+00
    endloop
  endfacet
  facet normal -3.496342e-01 -5.150612e-01 7.826033e-01
    outer loop
      vertex   3.402221e+01 -4.662645e+00 7.607341e+00
      vertex   3.480229e+01 -5.019209e+00 7.721177e+00
      vertex   3.490052e+01 -4.905752e+00 7.839732e+00
    endloop
  endfacet
  facet normal 1.245793e-02 -9.996937e-01 2.138440e-02
    outer loop
      vertex   3.211510e+01 -4.454726e+00 7.036660e+00
      vertex   3.211605e+01 -4.454739e+00 7.035510e+00
      vertex   3.378254e+01 -4.413887e+00 7.974444e+00
    endloop
  endfacet
  facet normal 1.171597e-02 -9.996737e-01 2.270041e-02
    outer loop
      vertex   3.211605e+01 -4.454739e+00 7.035510e+00
      vertex   3.211699e+01 -4.454754e+00 7.034361e+00
      vertex   3.378254e+01 -4.413887e+00 7.974444e+00
    endloop
  endfacet
  facet normal -1.698643e-01 -9.245377e-01 3.411395e-01
    outer loop
      vertex   3.378254e+01 -4.413887e+00 7.974444e+00
      vertex   3.211699e+01 -4.454754e+00 7.034361e+00
      vertex   3.390983e+01 -4.510218e+00 7.776755e+00
    endloop
  endfacet
  facet normal -1.199949e-01 -9.686764e-01 2.174103e-01
    outer loop
      vertex   3.211699e+01 -4.454754e+00 7.034361e+00
      vertex   3.326201e+01 -4.518426e+00 7.382630e+00
      vertex   3.390983e+01 -4.510218e+00 7.776755e+00
    endloop
  endfacet
  facet normal -2.535043e-01 -8.641678e-01 4.346833e-01
    outer loop
      vertex   3.390983e+01 -4.510218e+00 7.776755e+00
      vertex   3.326201e+01 -4.518426e+00 7.382630e+00
      vertex   3.329206e+01 -4.522688e+00 7.391686e+00
    endloop
  endfacet
  facet normal -2.693612e-01 -8.463233e-01 4.595448e-01
    outer loop
      vertex   3.329206e+01 -4.522688e+00 7.391686e+00
      vertex   3.345789e+01 -4.548435e+00 7.441468e+00
      vertex   3.390983e+01 -4.510218e+00 7.776755e+00
    endloop
  endfacet
  facet normal -3.124908e-01 -7.998808e-01 5.123868e-01
    outer loop
      vertex   3.345789e+01 -4.548435e+00 7.441468e+00
      vertex   3.402221e+01 -4.662645e+00 7.607341e+00
      vertex   3.390983e+01 -4.510218e+00 7.776755e+00
    endloop
  endfacet
  facet normal -2.334320e-01 -7.947662e-01 5.602287e-01
    outer loop
      vertex   3.390983e+01 -4.510218e+00 7.776755e+00
      vertex   3.402221e+01 -4.662645e+00 7.607341e+00
      vertex   3.528047e+01 -4.671998e+00 8.118354e+00
    endloop
  endfacet
  facet normal -3.411933e-01 -4.372408e-01 8.321103e-01
    outer loop
      vertex   3.402221e+01 -4.662645e+00 7.607341e+00
      vertex   3.490052e+01 -4.905752e+00 7.839732e+00
      vertex   3.528047e+01 -4.671998e+00 8.118354e+00
    endloop
  endfacet
  facet normal -3.170181e-01 -4.679718e-01 8.249254e-01
    outer loop
      vertex   3.528047e+01 -4.671998e+00 8.118354e+00
      vertex   3.490052e+01 -4.905752e+00 7.839732e+00
      vertex   3.534822e+01 -5.047590e+00 7.931321e+00
    endloop
  endfacet
  facet normal 2.255459e-02 -9.992460e-01 3.160191e-02
    outer loop
      vertex   3.211605e+01 -4.454739e+00 7.035510e+00
      vertex   3.210682e+01 -4.455128e+00 7.029785e+00
      vertex   3.211699e+01 -4.454754e+00 7.034361e+00
    endloop
  endfacet
  facet normal 2.192162e-02 -9.992147e-01 3.300752e-02
    outer loop
      vertex   3.210682e+01 -4.455128e+00 7.029785e+00
      vertex   3.211794e+01 -4.454771e+00 7.033211e+00
      vertex   3.211699e+01 -4.454754e+00 7.034361e+00
    endloop
  endfacet
  facet normal -4.806796e-02 -9.985429e-01 -2.452593e-02
    outer loop
      vertex   3.211794e+01 -4.454771e+00 7.033211e+00
      vertex   3.326201e+01 -4.518426e+00 7.382630e+00
      vertex   3.211699e+01 -4.454754e+00 7.034361e+00
    endloop
  endfacet
  facet normal -4.775181e-02 -9.906180e-01 1.280455e-01
    outer loop
      vertex   3.211510e+01 -4.454726e+00 7.036660e+00
      vertex   3.378254e+01 -4.413887e+00 7.974444e+00
      vertex   3.364855e+01 -4.379870e+00 8.187643e+00
    endloop
  endfacet
  facet normal -4.277368e-02 -9.904399e-01 1.311457e-01
    outer loop
      vertex   3.378254e+01 -4.413887e+00 7.974444e+00
      vertex   3.518037e+01 -4.412631e+00 8.439836e+00
      vertex   3.364855e+01 -4.379870e+00 8.187643e+00
    endloop
  endfacet
  facet normal -5.694361e-02 -9.739826e-01 2.193519e-01
    outer loop
      vertex   3.364855e+01 -4.379870e+00 8.187643e+00
      vertex   3.518037e+01 -4.412631e+00 8.439836e+00
      vertex   3.506601e+01 -4.316342e+00 8.837694e+00
    endloop
  endfacet
  facet normal -1.909284e-01 -9.252155e-01 3.279063e-01
    outer loop
      vertex   3.390983e+01 -4.510218e+00 7.776755e+00
      vertex   3.528047e+01 -4.671998e+00 8.118354e+00
      vertex   3.378254e+01 -4.413887e+00 7.974444e+00
    endloop
  endfacet
  facet normal -1.921511e-01 -7.921612e-01 5.792742e-01
    outer loop
      vertex   3.528047e+01 -4.671998e+00 8.118354e+00
      vertex   3.518037e+01 -4.412631e+00 8.439836e+00
      vertex   3.378254e+01 -4.413887e+00 7.974444e+00
    endloop
  endfacet
  facet normal 2.334620e-02 -9.992674e-01 3.032653e-02
    outer loop
      vertex   3.210682e+01 -4.455128e+00 7.029785e+00
      vertex   3.211605e+01 -4.454739e+00 7.035510e+00
      vertex   3.211510e+01 -4.454726e+00 7.036660e+00
    endloop
  endfacet
  facet normal -0.000000e+00 0.000000e+00 1.000000e+00
    outer loop
      vertex   3.619633e+01 -5.270874e+00 8.000000e+00
      vertex   3.780431e+01 -6.117918e+00 8.000000e+00
      vertex   4.029685e+01 -5.075073e+00 8.000000e+00
    endloop
  endfacet
  facet normal -0.000000e+00 0.000000e+00 1.000000e+00
    outer loop
      vertex   3.780431e+01 -6.117918e+00 8.000000e+00
      vertex   4.036029e+01 -6.490007e+00 8.000000e+00
      vertex   4.029685e+01 -5.075073e+00 8.000000e+00
    endloop
  endfacet
  facet normal 8.527572e-16 3.823724e-17 1.000000e+00
    outer loop
      vertex   4.029685e+01 -5.075073e+00 8.000000e+00
      vertex   4.036029e+01 -6.490007e+00 8.000000e+00
      vertex   4.435419e+01 -4.826082e+00 8.000000e+00
    endloop
  endfacet
  facet normal -1.459688e-15 5.588767e-15 1.000000e+00
    outer loop
      vertex   4.036029e+01 -6.490007e+00 8.000000e+00
      vertex   4.285938e+01 -5.837288e+00 8.000000e+00
      vertex   4.435419e+01 -4.826082e+00 8.000000e+00
    endloop
  endfacet
  facet normal 1.307213e-01 -2.467955e-01 9.602104e-01
    outer loop
      vertex   4.435419e+01 -4.826082e+00 8.000000e+00
      vertex   4.478671e+01 -4.661684e+00 7.983371e+00
      vertex   4.432101e+01 -4.331075e+00 8.131745e+00
    endloop
  endfacet
  facet normal 4.110591e-02 -3.603331e-01 9.319176e-01
    outer loop
      vertex   4.478671e+01 -4.661684e+00 7.983371e+00
      vertex   4.477840e+01 -4.223836e+00 8.153034e+00
      vertex   4.432101e+01 -4.331075e+00 8.131745e+00
    endloop
  endfacet
  facet normal 1.294180e-01 -6.928274e-01 7.093949e-01
    outer loop
      vertex   4.432101e+01 -4.331075e+00 8.131745e+00
      vertex   4.477840e+01 -4.223836e+00 8.153034e+00
      vertex   4.429657e+01 -3.966497e+00 8.492267e+00
    endloop
  endfacet
  facet normal 6.966247e-02 -7.446380e-01 6.638233e-01
    outer loop
      vertex   4.477840e+01 -4.223836e+00 8.153034e+00
      vertex   4.480062e+01 -3.910510e+00 8.502174e+00
      vertex   4.429657e+01 -3.966497e+00 8.492267e+00
    endloop
  endfacet
  facet normal 1.010800e-01 -9.577006e-01 2.694297e-01
    outer loop
      vertex   4.429657e+01 -3.966497e+00 8.492267e+00
      vertex   4.480062e+01 -3.910510e+00 8.502174e+00
      vertex   4.428731e+01 -3.828411e+00 8.986571e+00
    endloop
  endfacet
  facet normal 7.916290e-02 -9.656358e-01 2.475493e-01
    outer loop
      vertex   4.480062e+01 -3.910510e+00 8.502174e+00
      vertex   4.484847e+01 -3.790814e+00 8.953781e+00
      vertex   4.428731e+01 -3.828411e+00 8.986571e+00
    endloop
  endfacet
  facet normal 2.572123e-01 -3.449120e-01 9.027057e-01
    outer loop
      vertex   4.478671e+01 -4.661684e+00 7.983371e+00
      vertex   4.518823e+01 -4.507175e+00 7.927999e+00
      vertex   4.477840e+01 -4.223836e+00 8.153034e+00
    endloop
  endfacet
  facet normal 1.704946e-01 -4.497238e-01 8.767440e-01
    outer loop
      vertex   4.518823e+01 -4.507175e+00 7.927999e+00
      vertex   4.521718e+01 -4.125479e+00 8.118160e+00
      vertex   4.477840e+01 -4.223836e+00 8.153034e+00
    endloop
  endfacet
  facet normal 2.156546e-01 -7.335165e-01 6.445515e-01
    outer loop
      vertex   4.477840e+01 -4.223836e+00 8.153034e+00
      vertex   4.521718e+01 -4.125479e+00 8.118160e+00
      vertex   4.480062e+01 -3.910510e+00 8.502174e+00
    endloop
  endfacet
  facet normal 1.558647e-01 -7.801854e-01 6.058192e-01
    outer loop
      vertex   4.521718e+01 -4.125479e+00 8.118160e+00
      vertex   4.529223e+01 -3.858155e+00 8.443116e+00
      vertex   4.480062e+01 -3.910510e+00 8.502174e+00
    endloop
  endfacet
  facet normal 1.313534e-01 -9.616072e-01 2.409519e-01
    outer loop
      vertex   4.480062e+01 -3.910510e+00 8.502174e+00
      vertex   4.529223e+01 -3.858155e+00 8.443116e+00
      vertex   4.484847e+01 -3.790814e+00 8.953781e+00
    endloop
  endfacet
  facet normal 1.091711e-01 -9.687733e-01 2.226209e-01
    outer loop
      vertex   4.529223e+01 -3.858155e+00 8.443116e+00
      vertex   4.539966e+01 -3.754041e+00 8.843503e+00
      vertex   4.484847e+01 -3.790814e+00 8.953781e+00
    endloop
  endfacet
  facet normal 2.206936e-02 -9.604977e-01 2.774113e-01
    outer loop
      vertex   3.615655e+01 -4.271935e+00 8.976798e+00
      vertex   3.560669e+01 -4.293990e+00 8.944182e+00
      vertex   3.616218e+01 -4.413367e+00 8.486663e+00
    endloop
  endfacet
  facet normal 1.635344e-03 -9.671165e-01 2.543286e-01
    outer loop
      vertex   3.560669e+01 -4.293990e+00 8.944182e+00
      vertex   3.566530e+01 -4.411710e+00 8.496158e+00
      vertex   3.616218e+01 -4.413367e+00 8.486663e+00
    endloop
  endfacet
  facet normal 1.133530e-02 -6.988629e-01 7.151658e-01
    outer loop
      vertex   3.616218e+01 -4.413367e+00 8.486663e+00
      vertex   3.566530e+01 -4.411710e+00 8.496158e+00
      vertex   3.617670e+01 -4.777978e+00 8.130133e+00
    endloop
  endfacet
  facet normal -6.191672e-02 -7.474440e-01 6.614331e-01
    outer loop
      vertex   3.566530e+01 -4.411710e+00 8.496158e+00
      vertex   3.571932e+01 -4.721567e+00 8.151064e+00
      vertex   3.617670e+01 -4.777978e+00 8.130133e+00
    endloop
  endfacet
  facet normal 1.282537e-02 -2.547720e-01 9.669161e-01
    outer loop
      vertex   3.617670e+01 -4.777978e+00 8.130133e+00
      vertex   3.571932e+01 -4.721567e+00 8.151064e+00
      vertex   3.619633e+01 -5.270874e+00 8.000000e+00
    endloop
  endfacet
  facet normal -1.288089e-01 -3.653873e-01 9.219004e-01
    outer loop
      vertex   3.571932e+01 -4.721567e+00 8.151064e+00
      vertex   3.575696e+01 -5.156007e+00 7.984137e+00
      vertex   3.619633e+01 -5.270874e+00 8.000000e+00
    endloop
  endfacet
  facet normal -9.816049e-03 -9.674386e-01 2.529152e-01
    outer loop
      vertex   3.560669e+01 -4.293990e+00 8.944182e+00
      vertex   3.506601e+01 -4.316342e+00 8.837694e+00
      vertex   3.566530e+01 -4.411710e+00 8.496158e+00
    endloop
  endfacet
  facet normal -2.468497e-02 -9.732437e-01 2.284456e-01
    outer loop
      vertex   3.506601e+01 -4.316342e+00 8.837694e+00
      vertex   3.518037e+01 -4.412631e+00 8.439836e+00
      vertex   3.566530e+01 -4.411710e+00 8.496158e+00
    endloop
  endfacet
  facet normal -7.519631e-02 -7.477890e-01 6.596644e-01
    outer loop
      vertex   3.566530e+01 -4.411710e+00 8.496158e+00
      vertex   3.518037e+01 -4.412631e+00 8.439836e+00
      vertex   3.571932e+01 -4.721567e+00 8.151064e+00
    endloop
  endfacet
  facet normal -1.338479e-01 -7.912366e-01 5.966820e-01
    outer loop
      vertex   3.518037e+01 -4.412631e+00 8.439836e+00
      vertex   3.528047e+01 -4.671998e+00 8.118354e+00
      vertex   3.571932e+01 -4.721567e+00 8.151064e+00
    endloop
  endfacet
  facet normal -1.101170e-01 -3.647881e-01 9.245561e-01
    outer loop
      vertex   3.571932e+01 -4.721567e+00 8.151064e+00
      vertex   3.528047e+01 -4.671998e+00 8.118354e+00
      vertex   3.575696e+01 -5.156007e+00 7.984137e+00
    endloop
  endfacet
  facet normal -2.340320e-01 -4.668784e-01 8.527916e-01
    outer loop
      vertex   3.528047e+01 -4.671998e+00 8.118354e+00
      vertex   3.534822e+01 -5.047590e+00 7.931321e+00
      vertex   3.575696e+01 -5.156007e+00 7.984137e+00
    endloop
  endfacet
  facet normal 5.873286e-02 -9.611774e-01 2.696080e-01
    outer loop
      vertex   4.428731e+01 -3.828411e+00 8.986571e+00
      vertex   4.024180e+01 -4.076742e+00 8.982545e+00
      vertex   4.429657e+01 -3.966497e+00 8.492267e+00
    endloop
  endfacet
  facet normal 5.909785e-02 -9.602435e-01 2.728365e-01
    outer loop
      vertex   4.024180e+01 -4.076742e+00 8.982545e+00
      vertex   4.024949e+01 -4.216229e+00 8.489956e+00
      vertex   4.429657e+01 -3.966497e+00 8.492267e+00
    endloop
  endfacet
  facet normal 4.285261e-02 -7.010406e-01 7.118327e-01
    outer loop
      vertex   4.429657e+01 -3.966497e+00 8.492267e+00
      vertex   4.024949e+01 -4.216229e+00 8.489956e+00
      vertex   4.432101e+01 -4.331075e+00 8.131745e+00
    endloop
  endfacet
  facet normal 4.301759e-02 -6.995943e-01 7.132442e-01
    outer loop
      vertex   4.024949e+01 -4.216229e+00 8.489956e+00
      vertex   4.026960e+01 -4.580871e+00 8.131080e+00
      vertex   4.432101e+01 -4.331075e+00 8.131745e+00
    endloop
  endfacet
  facet normal 1.563680e-02 -2.561839e-01 9.665016e-01
    outer loop
      vertex   4.432101e+01 -4.331075e+00 8.131745e+00
      vertex   4.026960e+01 -4.580871e+00 8.131080e+00
      vertex   4.435419e+01 -4.826082e+00 8.000000e+00
    endloop
  endfacet
  facet normal 1.568147e-02 -2.555317e-01 9.666735e-01
    outer loop
      vertex   4.026960e+01 -4.580871e+00 8.131080e+00
      vertex   4.029685e+01 -5.075073e+00 8.000000e+00
      vertex   4.435419e+01 -4.826082e+00 8.000000e+00
    endloop
  endfacet
  facet normal 4.553192e-02 -9.609830e-01 2.728341e-01
    outer loop
      vertex   4.024180e+01 -4.076742e+00 8.982545e+00
      vertex   3.615655e+01 -4.271935e+00 8.976798e+00
      vertex   4.024949e+01 -4.216229e+00 8.489956e+00
    endloop
  endfacet
  facet normal 4.606136e-02 -9.596384e-01 2.774390e-01
    outer loop
      vertex   3.615655e+01 -4.271935e+00 8.976798e+00
      vertex   3.616218e+01 -4.413367e+00 8.486663e+00
      vertex   4.024949e+01 -4.216229e+00 8.489956e+00
    endloop
  endfacet
  facet normal 3.319389e-02 -7.001327e-01 7.132408e-01
    outer loop
      vertex   4.024949e+01 -4.216229e+00 8.489956e+00
      vertex   3.616218e+01 -4.413367e+00 8.486663e+00
      vertex   4.026960e+01 -4.580871e+00 8.131080e+00
    endloop
  endfacet
  facet normal 3.345225e-02 -6.980660e-01 7.152516e-01
    outer loop
      vertex   3.616218e+01 -4.413367e+00 8.486663e+00
      vertex   3.617670e+01 -4.777978e+00 8.130133e+00
      vertex   4.026960e+01 -4.580871e+00 8.131080e+00
    endloop
  endfacet
  facet normal 1.209188e-02 -2.557295e-01 9.666728e-01
    outer loop
      vertex   4.026960e+01 -4.580871e+00 8.131080e+00
      vertex   3.617670e+01 -4.777978e+00 8.130133e+00
      vertex   4.029685e+01 -5.075073e+00 8.000000e+00
    endloop
  endfacet
  facet normal 1.216673e-02 -2.547986e-01 9.669176e-01
    outer loop
      vertex   3.617670e+01 -4.777978e+00 8.130133e+00
      vertex   3.619633e+01 -5.270874e+00 8.000000e+00
      vertex   4.029685e+01 -5.075073e+00 8.000000e+00
    endloop
  endfacet
  facet normal -8.051955e-01 -2.515529e-01 5.370115e-01
    outer loop
      vertex   7.014573e-01 -7.845504e-01 7.585513e-01
      vertex   3.991062e+01 -3.262266e-01 5.976350e+01
      vertex   5.315938e-01 -2.046023e-01 7.755237e-01
    endloop
  endfacet
  facet normal -8.195321e-01 -1.715652e-01 5.467472e-01
    outer loop
      vertex   3.991062e+01 -3.262266e-01 5.976350e+01
      vertex   3.985157e+01 -2.715333e-17 5.977735e+01
      vertex   5.315938e-01 -2.046023e-01 7.755237e-01
    endloop
  endfacet
  facet normal -8.305920e-01 -5.918012e-02 5.537280e-01
    outer loop
      vertex   5.315938e-01 -2.046023e-01 7.755237e-01
      vertex   3.985157e+01 -2.715333e-17 5.977735e+01
      vertex   5.182334e-01 -2.727205e-17 7.773501e-01
    endloop
  endfacet
  facet normal -1.311279e-01 -9.847266e-01 1.145380e-01
    outer loop
      vertex   1.026575e+01 -4.567975e+00 5.466461e-01
      vertex   4.513024e+01 -2.348602e+00 5.954179e+01
      vertex   7.017233e+00 -4.132516e+00 5.714179e-01
    endloop
  endfacet
  facet normal -1.616973e-01 -9.776891e-01 1.340823e-01
    outer loop
      vertex   4.513024e+01 -2.348602e+00 5.954179e+01
      vertex   4.193432e+01 -1.811395e+00 5.960481e+01
      vertex   7.017233e+00 -4.132516e+00 5.714179e-01
    endloop
  endfacet
  facet normal -2.594507e-01 -9.467442e-01 1.906848e-01
    outer loop
      vertex   7.017233e+00 -4.132516e+00 5.714179e-01
      vertex   4.193432e+01 -1.811395e+00 5.960481e+01
      vertex   3.725019e+00 -3.219429e+00 6.253941e-01
    endloop
  endfacet
  facet normal -3.973753e-01 -8.744343e-01 2.783118e-01
    outer loop
      vertex   4.193432e+01 -1.811395e+00 5.960481e+01
      vertex   4.059393e+01 -1.177937e+00 5.968127e+01
      vertex   3.725019e+00 -3.219429e+00 6.253941e-01
    endloop
  endfacet
  facet normal -4.347361e-01 -8.488538e-01 3.007521e-01
    outer loop
      vertex   3.725019e+00 -3.219429e+00 6.253941e-01
      vertex   4.059393e+01 -1.177937e+00 5.968127e+01
      vertex   2.112251e+00 -2.374567e+00 6.787141e-01
    endloop
  endfacet
  facet normal -6.157992e-01 -6.696227e-01 4.152070e-01
    outer loop
      vertex   4.059393e+01 -1.177937e+00 5.968127e+01
      vertex   4.011260e+01 -7.027108e-01 5.973382e+01
      vertex   2.112251e+00 -2.374567e+00 6.787141e-01
    endloop
  endfacet
  facet normal -6.088340e-01 -6.785415e-01 4.109776e-01
    outer loop
      vertex   2.112251e+00 -2.374567e+00 6.787141e-01
      vertex   4.011260e+01 -7.027108e-01 5.973382e+01
      vertex   1.087296e+00 -1.422445e+00 7.323094e-01
    endloop
  endfacet
  facet normal -7.465606e-01 -4.398683e-01 4.991625e-01
    outer loop
      vertex   4.011260e+01 -7.027108e-01 5.973382e+01
      vertex   3.991062e+01 -3.262266e-01 5.976350e+01
      vertex   1.087296e+00 -1.422445e+00 7.323094e-01
    endloop
  endfacet
  facet normal -7.356020e-01 -4.651954e-01 4.924256e-01
    outer loop
      vertex   1.087296e+00 -1.422445e+00 7.323094e-01
      vertex   3.991062e+01 -3.262266e-01 5.976350e+01
      vertex   7.014573e-01 -7.845504e-01 7.585513e-01
    endloop
  endfacet
  facet normal 1.437583e-02 -9.993413e-01 3.332137e-02
    outer loop
      vertex   3.210682e+01 -4.455128e+00 7.029785e+00
      vertex   4.939846e+01 -2.456249e+00 5.951805e+01
      vertex   2.192477e+01 -4.818788e+00 5.161054e-01
    endloop
  endfacet
  facet normal -8.709016e-03 -9.989911e-01 4.405658e-02
    outer loop
      vertex   4.939846e+01 -2.456249e+00 5.951805e+01
      vertex   4.660929e+01 -2.431437e+00 5.952930e+01
      vertex   2.192477e+01 -4.818788e+00 5.161054e-01
    endloop
  endfacet
  facet normal 1.852545e-03 -9.992120e-01 3.964774e-02
    outer loop
      vertex   2.192477e+01 -4.818788e+00 5.161054e-01
      vertex   4.660929e+01 -2.431437e+00 5.952930e+01
      vertex   1.498392e+01 -4.831238e+00 5.266450e-01
    endloop
  endfacet
  facet normal -5.519026e-02 -9.960126e-01 7.009251e-02
    outer loop
      vertex   4.660929e+01 -2.431437e+00 5.952930e+01
      vertex   4.513024e+01 -2.348602e+00 5.954179e+01
      vertex   1.498392e+01 -4.831238e+00 5.266450e-01
    endloop
  endfacet
  facet normal -5.527733e-02 -9.960047e-01 7.013666e-02
    outer loop
      vertex   1.498392e+01 -4.831238e+00 5.266450e-01
      vertex   4.513024e+01 -2.348602e+00 5.954179e+01
      vertex   1.026575e+01 -4.567975e+00 5.466461e-01
    endloop
  endfacet
  facet normal 3.853603e-02 -9.989244e-01 2.578968e-02
    outer loop
      vertex   3.560669e+01 -4.293990e+00 8.944182e+00
      vertex   3.615655e+01 -4.271935e+00 8.976798e+00
      vertex   4.939846e+01 -2.456249e+00 5.951805e+01
    endloop
  endfacet
  facet normal 4.767970e-02 -9.985890e-01 2.338197e-02
    outer loop
      vertex   3.615655e+01 -4.271935e+00 8.976798e+00
      vertex   4.024180e+01 -4.076742e+00 8.982545e+00
      vertex   4.939846e+01 -2.456249e+00 5.951805e+01
    endloop
  endfacet
  facet normal 2.090327e-02 -9.993820e-01 2.825910e-02
    outer loop
      vertex   4.939846e+01 -2.456249e+00 5.951805e+01
      vertex   4.024180e+01 -4.076742e+00 8.982545e+00
      vertex   5.673785e+01 -2.302958e+00 5.951021e+01
    endloop
  endfacet
  facet normal 6.124708e-02 -9.980093e-01 1.503963e-02
    outer loop
      vertex   4.024180e+01 -4.076742e+00 8.982545e+00
      vertex   4.428731e+01 -3.828411e+00 8.986571e+00
      vertex   5.673785e+01 -2.302958e+00 5.951021e+01
    endloop
  endfacet
  facet normal 6.762704e-02 -9.976199e-01 1.345566e-02
    outer loop
      vertex   5.673785e+01 -2.302958e+00 5.951021e+01
      vertex   4.428731e+01 -3.828411e+00 8.986571e+00
      vertex   4.484847e+01 -3.790814e+00 8.953781e+00
    endloop
  endfacet
  facet normal 2.685584e-02 -9.992126e-01 2.920548e-02
    outer loop
      vertex   3.211510e+01 -4.454726e+00 7.036660e+00
      vertex   3.364855e+01 -4.379870e+00 8.187643e+00
      vertex   4.939846e+01 -2.456249e+00 5.951805e+01
    endloop
  endfacet
  facet normal 3.212772e-02 -9.991031e-01 2.758379e-02
    outer loop
      vertex   3.364855e+01 -4.379870e+00 8.187643e+00
      vertex   3.506601e+01 -4.316342e+00 8.837694e+00
      vertex   4.939846e+01 -2.456249e+00 5.951805e+01
    endloop
  endfacet
  facet normal 3.608891e-02 -9.989982e-01 2.645971e-02
    outer loop
      vertex   4.939846e+01 -2.456249e+00 5.951805e+01
      vertex   3.506601e+01 -4.316342e+00 8.837694e+00
      vertex   3.560669e+01 -4.293990e+00 8.944182e+00
    endloop
  endfacet
  facet normal 2.330415e-02 -9.992668e-01 3.037720e-02
    outer loop
      vertex   3.210682e+01 -4.455128e+00 7.029785e+00
      vertex   3.211510e+01 -4.454726e+00 7.036660e+00
      vertex   4.939846e+01 -2.456249e+00 5.951805e+01
    endloop
  endfacet
  facet normal 1.882804e-02 -9.995065e-01 2.514415e-02
    outer loop
      vertex   3.223877e+01 -4.624599e+00 5.121516e-01
      vertex   3.216796e+01 -4.539241e+00 3.958256e+00
      vertex   2.192477e+01 -4.818788e+00 5.161054e-01
    endloop
  endfacet
  facet normal 1.807876e-02 -9.994619e-01 2.737023e-02
    outer loop
      vertex   3.216796e+01 -4.539241e+00 3.958256e+00
      vertex   3.211509e+01 -4.473572e+00 6.391156e+00
      vertex   2.192477e+01 -4.818788e+00 5.161054e-01
    endloop
  endfacet
  facet normal 1.708874e-02 -9.994308e-01 2.908560e-02
    outer loop
      vertex   2.192477e+01 -4.818788e+00 5.161054e-01
      vertex   3.211509e+01 -4.473572e+00 6.391156e+00
      vertex   3.210682e+01 -4.455128e+00 7.029785e+00
    endloop
  endfacet
  facet normal 1.031514e-01 -9.946657e-01 -6.398134e-14
    outer loop
      vertex   8.100000e+01 0.000000e+00 5.000000e-01
      vertex   8.100000e+01 0.000000e+00 5.950000e+01
      vertex   7.988067e+01 -1.160792e-01 5.005513e-01
    endloop
  endfacet
  facet normal 4.364726e-02 -9.990464e-01 1.137519e-03
    outer loop
      vertex   8.100000e+01 0.000000e+00 5.950000e+01
      vertex   8.031458e+01 -2.994493e-02 5.950028e+01
      vertex   7.988067e+01 -1.160792e-01 5.005513e-01
    endloop
  endfacet
  facet normal 1.284597e-01 -9.917146e-01 5.030723e-04
    outer loop
      vertex   7.988067e+01 -1.160792e-01 5.005513e-01
      vertex   8.031458e+01 -2.994493e-02 5.950028e+01
      vertex   6.945579e+01 -1.466445e+00 5.013489e-01
    endloop
  endfacet
  facet normal 1.244119e-01 -9.922299e-01 1.260629e-03
    outer loop
      vertex   8.031458e+01 -2.994493e-02 5.950028e+01
      vertex   7.439283e+01 -7.724503e-01 5.950042e+01
      vertex   6.945579e+01 -1.466445e+00 5.013489e-01
    endloop
  endfacet
  facet normal 1.117390e-01 -9.937348e-01 2.338799e-03
    outer loop
      vertex   6.945579e+01 -1.466445e+00 5.013489e-01
      vertex   7.439283e+01 -7.724503e-01 5.950042e+01
      vertex   6.050010e+01 -2.473451e+00 5.022213e-01
    endloop
  endfacet
  facet normal 9.240449e-02 -9.956973e-01 6.948206e-03
    outer loop
      vertex   7.439283e+01 -7.724503e-01 5.950042e+01
      vertex   4.836874e+01 -3.553875e+00 7.010040e+00
      vertex   6.050010e+01 -2.473451e+00 5.022213e-01
    endloop
  endfacet
  facet normal 9.383778e-02 -9.955408e-01 9.646023e-03
    outer loop
      vertex   6.050010e+01 -2.473451e+00 5.022213e-01
      vertex   4.836874e+01 -3.553875e+00 7.010040e+00
      vertex   4.833369e+01 -3.586448e+00 3.989238e+00
    endloop
  endfacet
  facet normal 6.686169e-02 -9.976691e-01 1.363710e-02
    outer loop
      vertex   5.673785e+01 -2.302958e+00 5.951021e+01
      vertex   4.484847e+01 -3.790814e+00 8.953781e+00
      vertex   6.477883e+01 -1.764162e+00 5.950340e+01
    endloop
  endfacet
  facet normal 6.909989e-02 -9.975283e-01 1.274899e-02
    outer loop
      vertex   4.484847e+01 -3.790814e+00 8.953781e+00
      vertex   4.539966e+01 -3.754041e+00 8.843503e+00
      vertex   6.477883e+01 -1.764162e+00 5.950340e+01
    endloop
  endfacet
  facet normal 1.026084e-01 -9.947218e-01 -1.794022e-04
    outer loop
      vertex   6.477883e+01 -1.764162e+00 5.950340e+01
      vertex   4.539966e+01 -3.754041e+00 8.843503e+00
      vertex   7.439283e+01 -7.724503e-01 5.950042e+01
    endloop
  endfacet
  facet normal 7.389203e-02 -9.971314e-01 1.639804e-02
    outer loop
      vertex   4.539966e+01 -3.754041e+00 8.843503e+00
      vertex   4.679066e+01 -3.661557e+00 8.199232e+00
      vertex   7.439283e+01 -7.724503e-01 5.950042e+01
    endloop
  endfacet
  facet normal 7.848486e-02 -9.968183e-01 1.390927e-02
    outer loop
      vertex   7.439283e+01 -7.724503e-01 5.950042e+01
      vertex   4.679066e+01 -3.661557e+00 8.199232e+00
      vertex   4.836034e+01 -3.554465e+00 7.016960e+00
    endloop
  endfacet
  facet normal 8.060645e-02 -9.966632e-01 1.284871e-02
    outer loop
      vertex   4.836034e+01 -3.554465e+00 7.016960e+00
      vertex   4.836874e+01 -3.553875e+00 7.010040e+00
      vertex   7.439283e+01 -7.724503e-01 5.950042e+01
    endloop
  endfacet
  facet normal 9.372800e-02 -9.955548e-01 9.258519e-03
    outer loop
      vertex   4.833369e+01 -3.586448e+00 3.989238e+00
      vertex   4.829491e+01 -3.622506e+00 5.046026e-01
      vertex   6.050010e+01 -2.473451e+00 5.022213e-01
    endloop
  endfacet
  facet normal 2.334259e-02 1.935848e-01 9.808058e-01
    outer loop
      vertex   7.662229e+01 2.245772e-14 6.000000e+01
      vertex   7.435645e+01 4.658452e-01 5.996198e+01
      vertex   7.433392e+01 2.759332e-01 6.000000e+01
    endloop
  endfacet
  facet normal 2.002486e-02 1.939776e-01 9.808016e-01
    outer loop
      vertex   7.435645e+01 4.658452e-01 5.996198e+01
      vertex   6.475241e+01 1.455858e+00 5.996226e+01
      vertex   7.433392e+01 2.759332e-01 6.000000e+01
    endloop
  endfacet
  facet normal 1.993567e-02 1.932579e-01 9.809454e-01
    outer loop
      vertex   7.433392e+01 2.759332e-01 6.000000e+01
      vertex   6.475241e+01 1.455858e+00 5.996226e+01
      vertex   6.473614e+01 1.265999e+00 6.000000e+01
    endloop
  endfacet
  facet normal 1.303280e-02 1.938494e-01 9.809447e-01
    outer loop
      vertex   6.475241e+01 1.455858e+00 5.996226e+01
      vertex   5.672409e+01 1.992349e+00 5.996291e+01
      vertex   6.473614e+01 1.265999e+00 6.000000e+01
    endloop
  endfacet
  facet normal 1.288204e-02 1.922031e-01 9.812706e-01
    outer loop
      vertex   6.473614e+01 1.265999e+00 6.000000e+01
      vertex   5.672409e+01 1.992349e+00 5.996291e+01
      vertex   5.671572e+01 1.803553e+00 6.000000e+01
    endloop
  endfacet
  facet normal 2.550702e-03 1.926594e-01 9.812624e-01
    outer loop
      vertex   5.672409e+01 1.992349e+00 5.996291e+01
      vertex   4.662008e+01 2.117032e+00 5.996469e+01
      vertex   5.671572e+01 1.803553e+00 6.000000e+01
    endloop
  endfacet
  facet normal 2.405489e-03 1.880828e-01 9.821502e-01
    outer loop
      vertex   5.671572e+01 1.803553e+00 6.000000e+01
      vertex   4.662008e+01 2.117032e+00 5.996469e+01
      vertex   4.662642e+01 1.932590e+00 6.000000e+01
    endloop
  endfacet
  facet normal -9.999899e-03 1.876631e-01 9.821825e-01
    outer loop
      vertex   4.662008e+01 2.117032e+00 5.996469e+01
      vertex   4.515522e+01 2.032977e+00 5.996584e+01
      vertex   4.662642e+01 1.932590e+00 6.000000e+01
    endloop
  endfacet
  facet normal -1.022310e-02 1.845894e-01 9.827626e-01
    outer loop
      vertex   4.662642e+01 1.932590e+00 6.000000e+01
      vertex   4.515522e+01 2.032977e+00 5.996584e+01
      vertex   4.516955e+01 1.851905e+00 6.000000e+01
    endloop
  endfacet
  facet normal -2.926071e-02 1.830642e-01 9.826654e-01
    outer loop
      vertex   4.515522e+01 2.032977e+00 5.996584e+01
      vertex   4.202936e+01 1.503539e+00 5.997139e+01
      vertex   4.516955e+01 1.851905e+00 6.000000e+01
    endloop
  endfacet
  facet normal -2.766089e-02 1.684249e-01 9.853263e-01
    outer loop
      vertex   4.516955e+01 1.851905e+00 6.000000e+01
      vertex   4.202936e+01 1.503539e+00 5.997139e+01
      vertex   4.207854e+01 1.344259e+00 6.000000e+01
    endloop
  endfacet
  facet normal -6.806930e-02 1.559653e-01 9.854143e-01
    outer loop
      vertex   4.202936e+01 1.503539e+00 5.997139e+01
      vertex   4.077567e+01 9.166878e-01 5.997768e+01
      vertex   4.207854e+01 1.344259e+00 6.000000e+01
    endloop
  endfacet
  facet normal -6.239906e-02 1.385320e-01 9.883902e-01
    outer loop
      vertex   4.207854e+01 1.344259e+00 6.000000e+01
      vertex   4.077567e+01 9.166878e-01 5.997768e+01
      vertex   4.086004e+01 7.954109e-01 6.000000e+01
    endloop
  endfacet
  facet normal -9.902713e-02 1.130966e-01 9.886368e-01
    outer loop
      vertex   4.077567e+01 9.166878e-01 5.997768e+01
      vertex   4.035554e+01 5.132469e-01 5.998175e+01
      vertex   4.086004e+01 7.954109e-01 6.000000e+01
    endloop
  endfacet
  facet normal -9.241287e-02 1.011456e-01 9.905703e-01
    outer loop
      vertex   4.086004e+01 7.954109e-01 6.000000e+01
      vertex   4.035554e+01 5.132469e-01 5.998175e+01
      vertex   4.046111e+01 4.309223e-01 6.000000e+01
    endloop
  endfacet
  facet normal -1.152247e-01 7.192992e-02 9.907317e-01
    outer loop
      vertex   4.035554e+01 5.132469e-01 5.998175e+01
      vertex   4.018862e+01 2.152698e-01 5.998397e+01
      vertex   4.046111e+01 4.309223e-01 6.000000e+01
    endloop
  endfacet
  facet normal -1.101768e-01 6.547589e-02 9.917530e-01
    outer loop
      vertex   4.046111e+01 4.309223e-01 6.000000e+01
      vertex   4.018862e+01 2.152698e-01 5.998397e+01
      vertex   4.030528e+01 1.687093e-01 6.000000e+01
    endloop
  endfacet
  facet normal -1.245899e-01 2.937118e-02 9.917735e-01
    outer loop
      vertex   4.018862e+01 2.152698e-01 5.998397e+01
      vertex   4.014597e+01 1.532414e-14 5.998498e+01
      vertex   4.030528e+01 1.687093e-01 6.000000e+01
    endloop
  endfacet
  facet normal -1.224946e-01 2.736425e-02 9.920919e-01
    outer loop
      vertex   4.030528e+01 1.687093e-01 6.000000e+01
      vertex   4.014597e+01 1.532414e-14 5.998498e+01
      vertex   4.026759e+01 3.890001e-14 6.000000e+01
    endloop
  endfacet
  facet normal 7.117250e-02 5.507478e-01 8.316317e-01
    outer loop
      vertex   7.779731e+01 3.938198e-15 5.997601e+01
      vertex   7.437556e+01 6.268755e-01 5.985370e+01
      vertex   7.435645e+01 4.658452e-01 5.996198e+01
    endloop
  endfacet
  facet normal 5.701437e-02 5.524170e-01 8.316158e-01
    outer loop
      vertex   7.437556e+01 6.268755e-01 5.985370e+01
      vertex   6.476623e+01 1.617060e+00 5.985476e+01
      vertex   7.435645e+01 4.658452e-01 5.996198e+01
    endloop
  endfacet
  facet normal 5.678040e-02 5.505826e-01 8.328474e-01
    outer loop
      vertex   7.435645e+01 4.658452e-01 5.996198e+01
      vertex   6.476623e+01 1.617060e+00 5.985476e+01
      vertex   6.475241e+01 1.455858e+00 5.996226e+01
    endloop
  endfacet
  facet normal 3.709340e-02 5.522662e-01 8.328422e-01
    outer loop
      vertex   6.476623e+01 1.617060e+00 5.985476e+01
      vertex   5.673121e+01 2.153136e+00 5.985714e+01
      vertex   6.475241e+01 1.455858e+00 5.996226e+01
    endloop
  endfacet
  facet normal 3.669109e-02 5.480592e-01 8.356344e-01
    outer loop
      vertex   6.475241e+01 1.455858e+00 5.996226e+01
      vertex   5.673121e+01 2.153136e+00 5.985714e+01
      vertex   5.672409e+01 1.992349e+00 5.996291e+01
    endloop
  endfacet
  facet normal 7.187229e-03 5.493283e-01 8.355757e-01
    outer loop
      vertex   5.673121e+01 2.153136e+00 5.985714e+01
      vertex   4.661465e+01 2.275426e+00 5.986376e+01
      vertex   5.672409e+01 1.992349e+00 5.996291e+01
    endloop
  endfacet
  facet normal 6.782054e-03 5.375339e-01 8.432148e-01
    outer loop
      vertex   5.672409e+01 1.992349e+00 5.996291e+01
      vertex   4.661465e+01 2.275426e+00 5.986376e+01
      vertex   4.662008e+01 2.117032e+00 5.996469e+01
    endloop
  endfacet
  facet normal -2.894465e-02 5.364488e-01 8.434364e-01
    outer loop
      vertex   4.661465e+01 2.275426e+00 5.986376e+01
      vertex   4.514284e+01 2.189307e+00 5.986803e+01
      vertex   4.662008e+01 2.117032e+00 5.996469e+01
    endloop
  endfacet
  facet normal -2.966098e-02 5.284817e-01 8.484264e-01
    outer loop
      vertex   4.662008e+01 2.117032e+00 5.996469e+01
      vertex   4.514284e+01 2.189307e+00 5.986803e+01
      vertex   4.515522e+01 2.032977e+00 5.996584e+01
    endloop
  endfacet
  facet normal -8.476361e-02 5.236642e-01 8.476974e-01
    outer loop
      vertex   4.514284e+01 2.189307e+00 5.986803e+01
      vertex   4.198581e+01 1.644594e+00 5.988885e+01
      vertex   4.515522e+01 2.032977e+00 5.996584e+01
    endloop
  endfacet
  facet normal -8.056441e-02 4.847950e-01 8.709094e-01
    outer loop
      vertex   4.515522e+01 2.032977e+00 5.996584e+01
      vertex   4.198581e+01 1.644594e+00 5.988885e+01
      vertex   4.202936e+01 1.503539e+00 5.997139e+01
    endloop
  endfacet
  facet normal -1.990230e-01 4.484818e-01 8.713518e-01
    outer loop
      vertex   4.198581e+01 1.644594e+00 5.988885e+01
      vertex   4.069884e+01 1.027135e+00 5.991270e+01
      vertex   4.202936e+01 1.503539e+00 5.997139e+01
    endloop
  endfacet
  facet normal -1.831008e-01 4.007676e-01 8.976968e-01
    outer loop
      vertex   4.202936e+01 1.503539e+00 5.997139e+01
      vertex   4.069884e+01 1.027135e+00 5.991270e+01
      vertex   4.077567e+01 9.166878e-01 5.997768e+01
    endloop
  endfacet
  facet normal -2.916565e-01 3.261373e-01 8.992057e-01
    outer loop
      vertex   4.069884e+01 1.027135e+00 5.991270e+01
      vertex   4.025769e+01 5.895604e-01 5.992832e+01
      vertex   4.077567e+01 9.166878e-01 5.997768e+01
    endloop
  endfacet
  facet normal -2.722120e-01 2.927185e-01 9.166333e-01
    outer loop
      vertex   4.077567e+01 9.166878e-01 5.997768e+01
      vertex   4.025769e+01 5.895604e-01 5.992832e+01
      vertex   4.035554e+01 5.132469e-01 5.998175e+01
    endloop
  endfacet
  facet normal -3.396565e-01 2.068561e-01 9.175206e-01
    outer loop
      vertex   4.025769e+01 5.895604e-01 5.992832e+01
      vertex   4.007945e+01 2.588441e-01 5.993689e+01
      vertex   4.035554e+01 5.132469e-01 5.998175e+01
    endloop
  endfacet
  facet normal -3.243805e-01 1.886186e-01 9.269306e-01
    outer loop
      vertex   4.035554e+01 5.132469e-01 5.998175e+01
      vertex   4.007945e+01 2.588441e-01 5.993689e+01
      vertex   4.018862e+01 2.152698e-01 5.998397e+01
    endloop
  endfacet
  facet normal -3.668787e-01 8.184896e-02 9.266611e-01
    outer loop
      vertex   4.007945e+01 2.588441e-01 5.993689e+01
      vertex   4.003166e+01 1.188049e-14 5.994084e+01
      vertex   4.018862e+01 2.152698e-01 5.998397e+01
    endloop
  endfacet
  facet normal -3.592309e-01 7.556678e-02 9.301843e-01
    outer loop
      vertex   4.018862e+01 2.152698e-01 5.998397e+01
      vertex   4.003166e+01 1.188049e-14 5.994084e+01
      vertex   4.014597e+01 1.532414e-14 5.998498e+01
    endloop
  endfacet
  facet normal 1.095627e-01 8.239491e-01 5.559711e-01
    outer loop
      vertex   7.896513e+01 2.502030e-14 5.987829e+01
      vertex   7.438833e+01 7.345348e-01 5.969163e+01
      vertex   7.437556e+01 6.268755e-01 5.985370e+01
    endloop
  endfacet
  facet normal 8.533420e-02 8.268140e-01 5.559646e-01
    outer loop
      vertex   7.438833e+01 7.345348e-01 5.969163e+01
      vertex   6.477550e+01 1.725273e+00 5.969370e+01
      vertex   7.437556e+01 6.268755e-01 5.985370e+01
    endloop
  endfacet
  facet normal 8.504817e-02 8.247630e-01 5.590463e-01
    outer loop
      vertex   7.437556e+01 6.268755e-01 5.985370e+01
      vertex   6.477550e+01 1.725273e+00 5.969370e+01
      vertex   6.476623e+01 1.617060e+00 5.985476e+01
    endloop
  endfacet
  facet normal 5.556287e-02 8.272780e-01 5.590384e-01
    outer loop
      vertex   6.477550e+01 1.725273e+00 5.969370e+01
      vertex   5.673604e+01 2.262059e+00 5.969839e+01
      vertex   6.476623e+01 1.617060e+00 5.985476e+01
    endloop
  endfacet
  facet normal 5.504607e-02 8.225404e-01 5.660364e-01
    outer loop
      vertex   6.476623e+01 1.617060e+00 5.985476e+01
      vertex   5.673604e+01 2.262059e+00 5.969839e+01
      vertex   5.673121e+01 2.153136e+00 5.985714e+01
    endloop
  endfacet
  facet normal 1.077329e-02 8.243716e-01 5.659464e-01
    outer loop
      vertex   5.673604e+01 2.262059e+00 5.969839e+01
      vertex   4.661087e+01 2.385405e+00 5.971146e+01
      vertex   5.673121e+01 2.153136e+00 5.985714e+01
    endloop
  endfacet
  facet normal 1.018409e-02 8.107983e-01 5.852371e-01
    outer loop
      vertex   5.673121e+01 2.153136e+00 5.985714e+01
      vertex   4.661087e+01 2.385405e+00 5.971146e+01
      vertex   4.661465e+01 2.275426e+00 5.986376e+01
    endloop
  endfacet
  facet normal -4.370764e-02 8.094313e-01 5.855857e-01
    outer loop
      vertex   4.661087e+01 2.385405e+00 5.971146e+01
      vertex   4.513412e+01 2.299536e+00 5.971993e+01
      vertex   4.661465e+01 2.275426e+00 5.986376e+01
    endloop
  endfacet
  facet normal -4.508231e-02 8.000989e-01 5.981716e-01
    outer loop
      vertex   4.661465e+01 2.275426e+00 5.986376e+01
      vertex   4.513412e+01 2.299536e+00 5.971993e+01
      vertex   4.514284e+01 2.189307e+00 5.986803e+01
    endloop
  endfacet
  facet normal -1.286153e-01 7.918819e-01 5.969767e-01
    outer loop
      vertex   4.513412e+01 2.299536e+00 5.971993e+01
      vertex   4.195287e+01 1.751282e+00 5.976180e+01
      vertex   4.514284e+01 2.189307e+00 5.986803e+01
    endloop
  endfacet
  facet normal -1.240057e-01 7.438064e-01 6.567911e-01
    outer loop
      vertex   4.514284e+01 2.189307e+00 5.986803e+01
      vertex   4.195287e+01 1.751282e+00 5.976180e+01
      vertex   4.198581e+01 1.644594e+00 5.988885e+01
    endloop
  endfacet
  facet normal -3.070762e-01 6.880800e-01 6.574573e-01
    outer loop
      vertex   4.195287e+01 1.751282e+00 5.976180e+01
      vertex   4.063640e+01 1.116890e+00 5.981086e+01
      vertex   4.198581e+01 1.644594e+00 5.988885e+01
    endloop
  endfacet
  facet normal -2.863367e-01 6.248687e-01 7.263266e-01
    outer loop
      vertex   4.198581e+01 1.644594e+00 5.988885e+01
      vertex   4.063640e+01 1.116890e+00 5.981086e+01
      vertex   4.069884e+01 1.027135e+00 5.991270e+01
    endloop
  endfacet
  facet normal -4.579164e-01 5.086526e-01 7.290988e-01
    outer loop
      vertex   4.063640e+01 1.116890e+00 5.981086e+01
      vertex   4.017468e+01 6.542905e-01 5.984361e+01
      vertex   4.069884e+01 1.027135e+00 5.991270e+01
    endloop
  endfacet
  facet normal -4.308119e-01 4.620040e-01 7.752118e-01
    outer loop
      vertex   4.069884e+01 1.027135e+00 5.991270e+01
      vertex   4.017468e+01 6.542905e-01 5.984361e+01
      vertex   4.025769e+01 5.895604e-01 5.992832e+01
    endloop
  endfacet
  facet normal -5.388577e-01 3.256666e-01 7.769000e-01
    outer loop
      vertex   4.017468e+01 6.542905e-01 5.984361e+01
      vertex   3.998476e+01 2.966377e-01 5.986180e+01
      vertex   4.025769e+01 5.895604e-01 5.992832e+01
    endloop
  endfacet
  facet normal -5.166896e-01 2.992749e-01 8.021636e-01
    outer loop
      vertex   4.025769e+01 5.895604e-01 5.992832e+01
      vertex   3.998476e+01 2.966377e-01 5.986180e+01
      vertex   4.007945e+01 2.588441e-01 5.993689e+01
    endloop
  endfacet
  facet normal -5.845080e-01 1.276191e-01 8.012888e-01
    outer loop
      vertex   3.998476e+01 2.966377e-01 5.986180e+01
      vertex   3.993152e+01 6.658845e-15 5.987021e+01
      vertex   4.007945e+01 2.588441e-01 5.993689e+01
    endloop
  endfacet
  facet normal -5.723146e-01 1.180209e-01 8.114968e-01
    outer loop
      vertex   4.007945e+01 2.588441e-01 5.993689e+01
      vertex   3.993152e+01 6.658845e-15 5.987021e+01
      vertex   4.003166e+01 1.188049e-14 5.994084e+01
    endloop
  endfacet
  facet normal -7.635944e-03 9.694807e-01 2.450487e-01
    outer loop
      vertex   4.939846e+01 2.456249e+00 5.951805e+01
      vertex   4.660929e+01 2.431437e+00 5.952930e+01
      vertex   4.661087e+01 2.385405e+00 5.971146e+01
    endloop
  endfacet
  facet normal -5.214966e-02 9.680979e-01 2.450854e-01
    outer loop
      vertex   4.660929e+01 2.431437e+00 5.952930e+01
      vertex   4.513024e+01 2.348602e+00 5.954179e+01
      vertex   4.661087e+01 2.385405e+00 5.971146e+01
    endloop
  endfacet
  facet normal -5.443195e-02 9.623676e-01 2.662438e-01
    outer loop
      vertex   4.661087e+01 2.385405e+00 5.971146e+01
      vertex   4.513024e+01 2.348602e+00 5.954179e+01
      vertex   4.513412e+01 2.299536e+00 5.971993e+01
    endloop
  endfacet
  facet normal -1.547248e-01 9.516226e-01 2.654708e-01
    outer loop
      vertex   4.513024e+01 2.348602e+00 5.954179e+01
      vertex   4.193432e+01 1.811395e+00 5.960481e+01
      vertex   4.513412e+01 2.299536e+00 5.971993e+01
    endloop
  endfacet
  facet normal -1.531242e-01 9.166911e-01 3.690940e-01
    outer loop
      vertex   4.513412e+01 2.299536e+00 5.971993e+01
      vertex   4.193432e+01 1.811395e+00 5.960481e+01
      vertex   4.195287e+01 1.751282e+00 5.976180e+01
    endloop
  endfacet
  facet normal -3.797062e-01 8.480667e-01 3.696027e-01
    outer loop
      vertex   4.193432e+01 1.811395e+00 5.960481e+01
      vertex   4.059393e+01 1.177937e+00 5.968127e+01
      vertex   4.195287e+01 1.751282e+00 5.976180e+01
    endloop
  endfacet
  facet normal -3.630461e-01 7.914161e-01 4.917908e-01
    outer loop
      vertex   4.195287e+01 1.751282e+00 5.976180e+01
      vertex   4.059393e+01 1.177937e+00 5.968127e+01
      vertex   4.063640e+01 1.116890e+00 5.981086e+01
    endloop
  endfacet
  facet normal -5.826408e-01 6.448272e-01 4.946995e-01
    outer loop
      vertex   4.059393e+01 1.177937e+00 5.968127e+01
      vertex   4.011260e+01 7.027108e-01 5.973382e+01
      vertex   4.063640e+01 1.116890e+00 5.981086e+01
    endloop
  endfacet
  facet normal -5.567716e-01 5.966206e-01 5.779699e-01
    outer loop
      vertex   4.063640e+01 1.116890e+00 5.981086e+01
      vertex   4.011260e+01 7.027108e-01 5.973382e+01
      vertex   4.017468e+01 6.542905e-01 5.984361e+01
    endloop
  endfacet
  facet normal -6.979297e-01 4.201519e-01 5.799711e-01
    outer loop
      vertex   4.011260e+01 7.027108e-01 5.973382e+01
      vertex   3.991062e+01 3.262266e-01 5.976350e+01
      vertex   4.017468e+01 6.542905e-01 5.984361e+01
    endloop
  endfacet
  facet normal -6.748095e-01 3.902066e-01 6.263952e-01
    outer loop
      vertex   4.017468e+01 6.542905e-01 5.984361e+01
      vertex   3.991062e+01 3.262266e-01 5.976350e+01
      vertex   3.998476e+01 2.966377e-01 5.986180e+01
    endloop
  endfacet
  facet normal -7.630306e-01 1.646594e-01 6.250373e-01
    outer loop
      vertex   3.991062e+01 3.262266e-01 5.976350e+01
      vertex   3.985157e+01 -2.715333e-17 5.977735e+01
      vertex   3.998476e+01 2.966377e-01 5.986180e+01
    endloop
  endfacet
  facet normal -7.489205e-01 1.526893e-01 6.448287e-01
    outer loop
      vertex   3.998476e+01 2.966377e-01 5.986180e+01
      vertex   3.985157e+01 -2.715333e-17 5.977735e+01
      vertex   3.993152e+01 6.658845e-15 5.987021e+01
    endloop
  endfacet
  facet normal 1.220082e-01 9.730221e-01 1.958113e-01
    outer loop
      vertex   8.031458e+01 2.994493e-02 5.950028e+01
      vertex   7.439283e+01 7.724503e-01 5.950042e+01
      vertex   7.438833e+01 7.345348e-01 5.969163e+01
    endloop
  endfacet
  facet normal 1.006825e-01 9.754629e-01 1.957936e-01
    outer loop
      vertex   7.439283e+01 7.724503e-01 5.950042e+01
      vertex   6.477883e+01 1.764162e+00 5.950340e+01
      vertex   7.438833e+01 7.345348e-01 5.969163e+01
    endloop
  endfacet
  facet normal 1.004735e-01 9.744453e-01 2.009015e-01
    outer loop
      vertex   7.438833e+01 7.345348e-01 5.969163e+01
      vertex   6.477883e+01 1.764162e+00 5.950340e+01
      vertex   6.477550e+01 1.725273e+00 5.969370e+01
    endloop
  endfacet
  facet normal 6.566257e-02 9.774091e-01 2.008976e-01
    outer loop
      vertex   6.477883e+01 1.764162e+00 5.950340e+01
      vertex   5.673785e+01 2.302958e+00 5.951021e+01
      vertex   6.477550e+01 1.725273e+00 5.969370e+01
    endloop
  endfacet
  facet normal 6.522220e-02 9.749760e-01 2.125272e-01
    outer loop
      vertex   6.477550e+01 1.725273e+00 5.969370e+01
      vertex   5.673785e+01 2.302958e+00 5.951021e+01
      vertex   5.673604e+01 2.262059e+00 5.969839e+01
    endloop
  endfacet
  facet normal 2.063145e-02 9.769380e-01 2.125241e-01
    outer loop
      vertex   5.673785e+01 2.302958e+00 5.951021e+01
      vertex   4.939846e+01 2.456249e+00 5.951805e+01
      vertex   5.673604e+01 2.262059e+00 5.969839e+01
    endloop
  endfacet
  facet normal 1.128790e-02 8.753706e-01 4.833208e-01
    outer loop
      vertex   5.673604e+01 2.262059e+00 5.969839e+01
      vertex   4.939846e+01 2.456249e+00 5.951805e+01
      vertex   4.661087e+01 2.385405e+00 5.971146e+01
    endloop
  endfacet
  facet normal 1.362717e-04 8.200265e-02 9.966321e-01
    outer loop
      vertex   7.663134e+01 -4.721785e-12 6.000000e+01
      vertex   7.435645e+01 4.658452e-01 5.996198e+01
      vertex   7.662229e+01 2.245772e-14 6.000000e+01
    endloop
  endfacet
  facet normal 2.755439e-02 9.844677e-01 1.733901e-01
    outer loop
      vertex   8.031475e+01 1.366698e-14 5.967027e+01
      vertex   8.031458e+01 2.994493e-02 5.950028e+01
      vertex   8.009213e+01 2.558134e-14 5.970565e+01
    endloop
  endfacet
  facet normal 1.222666e-01 9.546048e-01 2.716257e-01
    outer loop
      vertex   8.031458e+01 2.994493e-02 5.950028e+01
      vertex   7.438833e+01 7.345348e-01 5.969163e+01
      vertex   8.009213e+01 2.558134e-14 5.970565e+01
    endloop
  endfacet
  facet normal 9.719053e-02 7.668081e-01 6.344756e-01
    outer loop
      vertex   8.009213e+01 2.558134e-14 5.970565e+01
      vertex   7.438833e+01 7.345348e-01 5.969163e+01
      vertex   7.896513e+01 2.502030e-14 5.987829e+01
    endloop
  endfacet
  facet normal -2.440675e-13 1.000000e+00 -6.355558e-14
    outer loop
      vertex   8.099865e+01 1.084202e-16 5.950687e+01
      vertex   8.100000e+01 0.000000e+00 5.950000e+01
      vertex   8.099400e+01 -5.421011e-16 5.951452e+01
    endloop
  endfacet
  facet normal 4.364702e-02 9.988841e-01 1.804259e-02
    outer loop
      vertex   8.100000e+01 0.000000e+00 5.950000e+01
      vertex   8.031458e+01 2.994493e-02 5.950028e+01
      vertex   8.099400e+01 -5.421011e-16 5.951452e+01
    endloop
  endfacet
  facet normal 4.295134e-02 9.978700e-01 4.909853e-02
    outer loop
      vertex   8.099400e+01 -5.421011e-16 5.951452e+01
      vertex   8.031458e+01 2.994493e-02 5.950028e+01
      vertex   8.098121e+01 -1.084202e-15 5.952571e+01
    endloop
  endfacet
  facet normal 4.126128e-02 9.950762e-01 9.011581e-02
    outer loop
      vertex   8.031458e+01 2.994493e-02 5.950028e+01
      vertex   8.092421e+01 2.577149e-13 5.955180e+01
      vertex   8.098121e+01 -1.084202e-15 5.952571e+01
    endloop
  endfacet
  facet normal 3.369619e-02 9.842834e-01 1.733516e-01
    outer loop
      vertex   8.031458e+01 2.994493e-02 5.950028e+01
      vertex   8.031475e+01 1.366698e-14 5.967027e+01
      vertex   8.092421e+01 2.577149e-13 5.955180e+01
    endloop
  endfacet
  facet normal 6.993071e-02 5.447580e-01 8.356724e-01
    outer loop
      vertex   7.779731e+01 3.938198e-15 5.997601e+01
      vertex   7.896513e+01 2.502030e-14 5.987829e+01
      vertex   7.437556e+01 6.268755e-01 5.985370e+01
    endloop
  endfacet
  facet normal 2.023647e-02 1.790977e-01 9.836232e-01
    outer loop
      vertex   7.663134e+01 -4.721785e-12 6.000000e+01
      vertex   7.779731e+01 3.938198e-15 5.997601e+01
      vertex   7.435645e+01 4.658452e-01 5.996198e+01
    endloop
  endfacet
  facet normal 2.063145e-02 -9.769380e-01 2.125241e-01
    outer loop
      vertex   5.673785e+01 -2.302958e+00 5.951021e+01
      vertex   5.673604e+01 -2.262059e+00 5.969839e+01
      vertex   4.939846e+01 -2.456249e+00 5.951805e+01
    endloop
  endfacet
  facet normal 1.128790e-02 -8.753706e-01 4.833208e-01
    outer loop
      vertex   5.673604e+01 -2.262059e+00 5.969839e+01
      vertex   4.661087e+01 -2.385405e+00 5.971146e+01
      vertex   4.939846e+01 -2.456249e+00 5.951805e+01
    endloop
  endfacet
  facet normal -7.635944e-03 -9.694807e-01 2.450487e-01
    outer loop
      vertex   4.939846e+01 -2.456249e+00 5.951805e+01
      vertex   4.661087e+01 -2.385405e+00 5.971146e+01
      vertex   4.660929e+01 -2.431437e+00 5.952930e+01
    endloop
  endfacet
  facet normal -5.487800e-02 -9.679505e-01 2.450718e-01
    outer loop
      vertex   4.661087e+01 -2.385405e+00 5.971146e+01
      vertex   4.513412e+01 -2.299536e+00 5.971993e+01
      vertex   4.660929e+01 -2.431437e+00 5.952930e+01
    endloop
  endfacet
  facet normal -5.165909e-02 -9.625251e-01 2.662268e-01
    outer loop
      vertex   4.660929e+01 -2.431437e+00 5.952930e+01
      vertex   4.513412e+01 -2.299536e+00 5.971993e+01
      vertex   4.513024e+01 -2.348602e+00 5.954179e+01
    endloop
  endfacet
  facet normal -1.603551e-01 -9.507248e-01 2.653462e-01
    outer loop
      vertex   4.513412e+01 -2.299536e+00 5.971993e+01
      vertex   4.195287e+01 -1.751282e+00 5.976180e+01
      vertex   4.513024e+01 -2.348602e+00 5.954179e+01
    endloop
  endfacet
  facet normal -1.470039e-01 -9.178110e-01 3.687993e-01
    outer loop
      vertex   4.513024e+01 -2.348602e+00 5.954179e+01
      vertex   4.195287e+01 -1.751282e+00 5.976180e+01
      vertex   4.193432e+01 -1.811395e+00 5.960481e+01
    endloop
  endfacet
  facet normal -3.922825e-01 -8.425906e-01 3.689926e-01
    outer loop
      vertex   4.195287e+01 -1.751282e+00 5.976180e+01
      vertex   4.063640e+01 -1.116890e+00 5.981086e+01
      vertex   4.193432e+01 -1.811395e+00 5.960481e+01
    endloop
  endfacet
  facet normal -3.493058e-01 -7.983399e-01 4.905496e-01
    outer loop
      vertex   4.193432e+01 -1.811395e+00 5.960481e+01
      vertex   4.063640e+01 -1.116890e+00 5.981086e+01
      vertex   4.059393e+01 -1.177937e+00 5.968127e+01
    endloop
  endfacet
  facet normal -5.978781e-01 -6.316686e-01 4.934942e-01
    outer loop
      vertex   4.063640e+01 -1.116890e+00 5.981086e+01
      vertex   4.017468e+01 -6.542905e-01 5.984361e+01
      vertex   4.059393e+01 -1.177937e+00 5.968127e+01
    endloop
  endfacet
  facet normal -5.415090e-01 -6.121779e-01 5.761998e-01
    outer loop
      vertex   4.059393e+01 -1.177937e+00 5.968127e+01
      vertex   4.017468e+01 -6.542905e-01 5.984361e+01
      vertex   4.011260e+01 -7.027108e-01 5.973382e+01
    endloop
  endfacet
  facet normal -7.076182e-01 -4.052115e-01 5.788611e-01
    outer loop
      vertex   4.017468e+01 -6.542905e-01 5.984361e+01
      vertex   3.998476e+01 -2.966377e-01 5.986180e+01
      vertex   4.011260e+01 -7.027108e-01 5.973382e+01
    endloop
  endfacet
  facet normal -6.663167e-01 -4.067409e-01 6.249671e-01
    outer loop
      vertex   4.011260e+01 -7.027108e-01 5.973382e+01
      vertex   3.998476e+01 -2.966377e-01 5.986180e+01
      vertex   3.991062e+01 -3.262266e-01 5.976350e+01
    endloop
  endfacet
  facet normal -7.657173e-01 -1.551187e-01 6.241916e-01
    outer loop
      vertex   3.998476e+01 -2.966377e-01 5.986180e+01
      vertex   3.993152e+01 6.658845e-15 5.987021e+01
      vertex   3.991062e+01 -3.262266e-01 5.976350e+01
    endloop
  endfacet
  facet normal -7.477113e-01 -1.626819e-01 6.437876e-01
    outer loop
      vertex   3.991062e+01 -3.262266e-01 5.976350e+01
      vertex   3.993152e+01 6.658845e-15 5.987021e+01
      vertex   3.985157e+01 -2.715333e-17 5.977735e+01
    endloop
  endfacet
  facet normal 1.095627e-01 -8.239491e-01 5.559711e-01
    outer loop
      vertex   7.896513e+01 2.502030e-14 5.987829e+01
      vertex   7.437556e+01 -6.268755e-01 5.985370e+01
      vertex   7.438833e+01 -7.345348e-01 5.969163e+01
    endloop
  endfacet
  facet normal 8.526000e-02 -8.268220e-01 5.559641e-01
    outer loop
      vertex   7.437556e+01 -6.268755e-01 5.985370e+01
      vertex   6.476623e+01 -1.617060e+00 5.985476e+01
      vertex   7.438833e+01 -7.345348e-01 5.969163e+01
    endloop
  endfacet
  facet normal 8.512272e-02 -8.247557e-01 5.590457e-01
    outer loop
      vertex   7.438833e+01 -7.345348e-01 5.969163e+01
      vertex   6.476623e+01 -1.617060e+00 5.985476e+01
      vertex   6.477550e+01 -1.725273e+00 5.969370e+01
    endloop
  endfacet
  facet normal 5.536105e-02 -8.272927e-01 5.590367e-01
    outer loop
      vertex   6.476623e+01 -1.617060e+00 5.985476e+01
      vertex   5.673121e+01 -2.153136e+00 5.985714e+01
      vertex   6.477550e+01 -1.725273e+00 5.969370e+01
    endloop
  endfacet
  facet normal 5.524982e-02 -8.225282e-01 5.660343e-01
    outer loop
      vertex   6.477550e+01 -1.725273e+00 5.969370e+01
      vertex   5.673121e+01 -2.153136e+00 5.985714e+01
      vertex   5.673604e+01 -2.262059e+00 5.969839e+01
    endloop
  endfacet
  facet normal 1.033565e-02 -8.243816e-01 5.659400e-01
    outer loop
      vertex   5.673121e+01 -2.153136e+00 5.985714e+01
      vertex   4.661465e+01 -2.275426e+00 5.986376e+01
      vertex   5.673604e+01 -2.262059e+00 5.969839e+01
    endloop
  endfacet
  facet normal 1.063284e-02 -8.107998e-01 5.852270e-01
    outer loop
      vertex   5.673604e+01 -2.262059e+00 5.969839e+01
      vertex   4.661465e+01 -2.275426e+00 5.986376e+01
      vertex   4.661087e+01 -2.385405e+00 5.971146e+01
    endloop
  endfacet
  facet normal -4.565942e-02 -8.093375e-01 5.855664e-01
    outer loop
      vertex   4.661465e+01 -2.275426e+00 5.986376e+01
      vertex   4.514284e+01 -2.189307e+00 5.986803e+01
      vertex   4.661087e+01 -2.385405e+00 5.971146e+01
    endloop
  endfacet
  facet normal -4.310028e-02 -8.002252e-01 5.981488e-01
    outer loop
      vertex   4.661087e+01 -2.385405e+00 5.971146e+01
      vertex   4.514284e+01 -2.189307e+00 5.986803e+01
      vertex   4.513412e+01 -2.299536e+00 5.971993e+01
    endloop
  endfacet
  facet normal -1.326038e-01 -7.913469e-01 5.968135e-01
    outer loop
      vertex   4.514284e+01 -2.189307e+00 5.986803e+01
      vertex   4.198581e+01 -1.644594e+00 5.988885e+01
      vertex   4.513412e+01 -2.299536e+00 5.971993e+01
    endloop
  endfacet
  facet normal -1.197134e-01 -7.447741e-01 6.564909e-01
    outer loop
      vertex   4.513412e+01 -2.299536e+00 5.971993e+01
      vertex   4.198581e+01 -1.644594e+00 5.988885e+01
      vertex   4.195287e+01 -1.751282e+00 5.976180e+01
    endloop
  endfacet
  facet normal -3.162400e-01 -6.845124e-01 6.568372e-01
    outer loop
      vertex   4.198581e+01 -1.644594e+00 5.988885e+01
      vertex   4.069884e+01 -1.027135e+00 5.991270e+01
      vertex   4.195287e+01 -1.751282e+00 5.976180e+01
    endloop
  endfacet
  facet normal -2.767392e-01 -6.303710e-01 7.252916e-01
    outer loop
      vertex   4.195287e+01 -1.751282e+00 5.976180e+01
      vertex   4.069884e+01 -1.027135e+00 5.991270e+01
      vertex   4.063640e+01 -1.116890e+00 5.981086e+01
    endloop
  endfacet
  facet normal -4.695695e-01 -4.993960e-01 7.280852e-01
    outer loop
      vertex   4.069884e+01 -1.027135e+00 5.991270e+01
      vertex   4.025769e+01 -5.895604e-01 5.992832e+01
      vertex   4.063640e+01 -1.116890e+00 5.981086e+01
    endloop
  endfacet
  facet normal -4.200515e-01 -4.740284e-01 7.738565e-01
    outer loop
      vertex   4.063640e+01 -1.116890e+00 5.981086e+01
      vertex   4.025769e+01 -5.895604e-01 5.992832e+01
      vertex   4.017468e+01 -6.542905e-01 5.984361e+01
    endloop
  endfacet
  facet normal -5.465498e-01 -3.146905e-01 7.760498e-01
    outer loop
      vertex   4.025769e+01 -5.895604e-01 5.992832e+01
      vertex   4.007945e+01 -2.588441e-01 5.993689e+01
      vertex   4.017468e+01 -6.542905e-01 5.984361e+01
    endloop
  endfacet
  facet normal -5.107775e-01 -3.119862e-01 8.011061e-01
    outer loop
      vertex   4.017468e+01 -6.542905e-01 5.984361e+01
      vertex   4.007945e+01 -2.588441e-01 5.993689e+01
      vertex   3.998476e+01 -2.966377e-01 5.986180e+01
    endloop
  endfacet
  facet normal -5.868472e-01 -1.205390e-01 8.006752e-01
    outer loop
      vertex   4.007945e+01 -2.588441e-01 5.993689e+01
      vertex   4.003166e+01 1.188049e-14 5.994084e+01
      vertex   3.998476e+01 -2.966377e-01 5.986180e+01
    endloop
  endfacet
  facet normal -5.717783e-01 -1.256024e-01 8.107364e-01
    outer loop
      vertex   3.998476e+01 -2.966377e-01 5.986180e+01
      vertex   4.003166e+01 1.188049e-14 5.994084e+01
      vertex   3.993152e+01 6.658845e-15 5.987021e+01
    endloop
  endfacet
  facet normal 7.117250e-02 -5.507478e-01 8.316317e-01
    outer loop
      vertex   7.779731e+01 3.938198e-15 5.997601e+01
      vertex   7.435645e+01 -4.658452e-01 5.996198e+01
      vertex   7.437556e+01 -6.268755e-01 5.985370e+01
    endloop
  endfacet
  facet normal 5.696998e-02 -5.524221e-01 8.316155e-01
    outer loop
      vertex   7.435645e+01 -4.658452e-01 5.996198e+01
      vertex   6.475241e+01 -1.455858e+00 5.996226e+01
      vertex   7.437556e+01 -6.268755e-01 5.985370e+01
    endloop
  endfacet
  facet normal 5.682506e-02 -5.505785e-01 8.328470e-01
    outer loop
      vertex   7.437556e+01 -6.268755e-01 5.985370e+01
      vertex   6.475241e+01 -1.455858e+00 5.996226e+01
      vertex   6.476623e+01 -1.617060e+00 5.985476e+01
    endloop
  endfacet
  facet normal 3.697264e-02 -5.522759e-01 8.328412e-01
    outer loop
      vertex   6.475241e+01 -1.455858e+00 5.996226e+01
      vertex   5.672409e+01 -1.992349e+00 5.996291e+01
      vertex   6.476623e+01 -1.617060e+00 5.985476e+01
    endloop
  endfacet
  facet normal 3.681313e-02 -5.480529e-01 8.356332e-01
    outer loop
      vertex   6.476623e+01 -1.617060e+00 5.985476e+01
      vertex   5.672409e+01 -1.992349e+00 5.996291e+01
      vertex   5.673121e+01 -2.153136e+00 5.985714e+01
    endloop
  endfacet
  facet normal 6.926358e-03 -5.493374e-01 8.355720e-01
    outer loop
      vertex   5.672409e+01 -1.992349e+00 5.996291e+01
      vertex   4.662008e+01 -2.117032e+00 5.996469e+01
      vertex   5.673121e+01 -2.153136e+00 5.985714e+01
    endloop
  endfacet
  facet normal 7.049720e-03 -5.375395e-01 8.432091e-01
    outer loop
      vertex   5.673121e+01 -2.153136e+00 5.985714e+01
      vertex   4.662008e+01 -2.117032e+00 5.996469e+01
      vertex   4.661465e+01 -2.275426e+00 5.986376e+01
    endloop
  endfacet
  facet normal -3.011933e-02 -5.364015e-01 8.434253e-01
    outer loop
      vertex   4.662008e+01 -2.117032e+00 5.996469e+01
      vertex   4.515522e+01 -2.032977e+00 5.996584e+01
      vertex   4.661465e+01 -2.275426e+00 5.986376e+01
    endloop
  endfacet
  facet normal -2.846910e-02 -5.285680e-01 8.484135e-01
    outer loop
      vertex   4.661465e+01 -2.275426e+00 5.986376e+01
      vertex   4.515522e+01 -2.032977e+00 5.996584e+01
      vertex   4.514284e+01 -2.189307e+00 5.986803e+01
    endloop
  endfacet
  facet normal -8.714770e-02 -5.234190e-01 8.476071e-01
    outer loop
      vertex   4.515522e+01 -2.032977e+00 5.996584e+01
      vertex   4.202936e+01 -1.503539e+00 5.997139e+01
      vertex   4.514284e+01 -2.189307e+00 5.986803e+01
    endloop
  endfacet
  facet normal -7.802472e-02 -4.854883e-01 8.707544e-01
    outer loop
      vertex   4.514284e+01 -2.189307e+00 5.986803e+01
      vertex   4.202936e+01 -1.503539e+00 5.997139e+01
      vertex   4.198581e+01 -1.644594e+00 5.988885e+01
    endloop
  endfacet
  facet normal -2.046669e-01 -4.465537e-01 8.710346e-01
    outer loop
      vertex   4.202936e+01 -1.503539e+00 5.997139e+01
      vertex   4.077567e+01 -9.166878e-01 5.997768e+01
      vertex   4.198581e+01 -1.644594e+00 5.988885e+01
    endloop
  endfacet
  facet normal -1.774100e-01 -4.044318e-01 8.971960e-01
    outer loop
      vertex   4.198581e+01 -1.644594e+00 5.988885e+01
      vertex   4.077567e+01 -9.166878e-01 5.997768e+01
      vertex   4.069884e+01 -1.027135e+00 5.991270e+01
    endloop
  endfacet
  facet normal -2.991777e-01 -3.206189e-01 8.987192e-01
    outer loop
      vertex   4.077567e+01 -9.166878e-01 5.997768e+01
      vertex   4.035554e+01 -5.132469e-01 5.998175e+01
      vertex   4.069884e+01 -1.027135e+00 5.991270e+01
    endloop
  endfacet
  facet normal -2.657221e-01 -3.005900e-01 9.159899e-01
    outer loop
      vertex   4.069884e+01 -1.027135e+00 5.991270e+01
      vertex   4.035554e+01 -5.132469e-01 5.998175e+01
      vertex   4.025769e+01 -5.895604e-01 5.992832e+01
    endloop
  endfacet
  facet normal -3.448000e-01 -1.999840e-01 9.171256e-01
    outer loop
      vertex   4.035554e+01 -5.132469e-01 5.998175e+01
      vertex   4.018862e+01 -2.152698e-01 5.998397e+01
      vertex   4.025769e+01 -5.895604e-01 5.992832e+01
    endloop
  endfacet
  facet normal -3.208409e-01 -1.969466e-01 9.264303e-01
    outer loop
      vertex   4.025769e+01 -5.895604e-01 5.992832e+01
      vertex   4.018862e+01 -2.152698e-01 5.998397e+01
      vertex   4.007945e+01 -2.588441e-01 5.993689e+01
    endloop
  endfacet
  facet normal -3.685384e-01 -7.739281e-02 9.263853e-01
    outer loop
      vertex   4.018862e+01 -2.152698e-01 5.998397e+01
      vertex   4.014597e+01 1.532414e-14 5.998498e+01
      vertex   4.007945e+01 -2.588441e-01 5.993689e+01
    endloop
  endfacet
  facet normal -3.590930e-01 -8.045983e-02 9.298271e-01
    outer loop
      vertex   4.007945e+01 -2.588441e-01 5.993689e+01
      vertex   4.014597e+01 1.532414e-14 5.998498e+01
      vertex   4.003166e+01 1.188049e-14 5.994084e+01
    endloop
  endfacet
  facet normal 2.334259e-02 -1.935848e-01 9.808058e-01
    outer loop
      vertex   7.662229e+01 2.245772e-14 6.000000e+01
      vertex   7.433392e+01 -2.759332e-01 6.000000e+01
      vertex   7.435645e+01 -4.658452e-01 5.996198e+01
    endloop
  endfacet
  facet normal 2.001009e-02 -1.939793e-01 9.808015e-01
    outer loop
      vertex   7.433392e+01 -2.759332e-01 6.000000e+01
      vertex   6.473614e+01 -1.265999e+00 6.000000e+01
      vertex   7.435645e+01 -4.658452e-01 5.996198e+01
    endloop
  endfacet
  facet normal 1.995055e-02 -1.932567e-01 9.809454e-01
    outer loop
      vertex   7.435645e+01 -4.658452e-01 5.996198e+01
      vertex   6.473614e+01 -1.265999e+00 6.000000e+01
      vertex   6.475241e+01 -1.455858e+00 5.996226e+01
    endloop
  endfacet
  facet normal 1.299261e-02 -1.938528e-01 9.809446e-01
    outer loop
      vertex   6.473614e+01 -1.265999e+00 6.000000e+01
      vertex   5.671572e+01 -1.803553e+00 6.000000e+01
      vertex   6.475241e+01 -1.455858e+00 5.996226e+01
    endloop
  endfacet
  facet normal 1.292269e-02 -1.922012e-01 9.812704e-01
    outer loop
      vertex   6.475241e+01 -1.455858e+00 5.996226e+01
      vertex   5.671572e+01 -1.803553e+00 6.000000e+01
      vertex   5.672409e+01 -1.992349e+00 5.996291e+01
    endloop
  endfacet
  facet normal 2.464069e-03 -1.926631e-01 9.812619e-01
    outer loop
      vertex   5.671572e+01 -1.803553e+00 6.000000e+01
      vertex   4.662642e+01 -1.932590e+00 6.000000e+01
      vertex   5.672409e+01 -1.992349e+00 5.996291e+01
    endloop
  endfacet
  facet normal 2.494419e-03 -1.880857e-01 9.821495e-01
    outer loop
      vertex   5.672409e+01 -1.992349e+00 5.996291e+01
      vertex   4.662642e+01 -1.932590e+00 6.000000e+01
      vertex   4.662008e+01 -2.117032e+00 5.996469e+01
    endloop
  endfacet
  facet normal -1.039257e-02 -1.876494e-01 9.821811e-01
    outer loop
      vertex   4.662642e+01 -1.932590e+00 6.000000e+01
      vertex   4.516955e+01 -1.851905e+00 6.000000e+01
      vertex   4.662008e+01 -2.117032e+00 5.996469e+01
    endloop
  endfacet
  facet normal -9.824863e-03 -1.846206e-01 9.827608e-01
    outer loop
      vertex   4.662008e+01 -2.117032e+00 5.996469e+01
      vertex   4.516955e+01 -1.851905e+00 6.000000e+01
      vertex   4.515522e+01 -2.032977e+00 5.996584e+01
    endloop
  endfacet
  facet normal -3.005447e-02 -1.829992e-01 9.826536e-01
    outer loop
      vertex   4.516955e+01 -1.851905e+00 6.000000e+01
      vertex   4.207854e+01 -1.344259e+00 6.000000e+01
      vertex   4.515522e+01 -2.032977e+00 5.996584e+01
    endloop
  endfacet
  facet normal -2.681985e-02 -1.686808e-01 9.853058e-01
    outer loop
      vertex   4.515522e+01 -2.032977e+00 5.996584e+01
      vertex   4.207854e+01 -1.344259e+00 6.000000e+01
      vertex   4.202936e+01 -1.503539e+00 5.997139e+01
    endloop
  endfacet
  facet normal -6.998233e-02 -1.553676e-01 9.853747e-01
    outer loop
      vertex   4.207854e+01 -1.344259e+00 6.000000e+01
      vertex   4.086004e+01 -7.954109e-01 6.000000e+01
      vertex   4.202936e+01 -1.503539e+00 5.997139e+01
    endloop
  endfacet
  facet normal -6.050520e-02 -1.398373e-01 9.883242e-01
    outer loop
      vertex   4.202936e+01 -1.503539e+00 5.997139e+01
      vertex   4.086004e+01 -7.954109e-01 6.000000e+01
      vertex   4.077567e+01 -9.166878e-01 5.997768e+01
    endloop
  endfacet
  facet normal -1.016532e-01 -1.112591e-01 9.885788e-01
    outer loop
      vertex   4.086004e+01 -7.954109e-01 6.000000e+01
      vertex   4.046111e+01 -4.309223e-01 6.000000e+01
      vertex   4.077567e+01 -9.166878e-01 5.997768e+01
    endloop
  endfacet
  facet normal -9.021755e-02 -1.039413e-01 9.904832e-01
    outer loop
      vertex   4.077567e+01 -9.166878e-01 5.997768e+01
      vertex   4.046111e+01 -4.309223e-01 6.000000e+01
      vertex   4.035554e+01 -5.132469e-01 5.998175e+01
    endloop
  endfacet
  facet normal -1.170599e-01 -6.956635e-02 9.906854e-01
    outer loop
      vertex   4.046111e+01 -4.309223e-01 6.000000e+01
      vertex   4.030528e+01 -1.687093e-01 6.000000e+01
      vertex   4.035554e+01 -5.132469e-01 5.998175e+01
    endloop
  endfacet
  facet normal -1.089839e-01 -6.844112e-02 9.916846e-01
    outer loop
      vertex   4.035554e+01 -5.132469e-01 5.998175e+01
      vertex   4.030528e+01 -1.687093e-01 6.000000e+01
      vertex   4.018862e+01 -2.152698e-01 5.998397e+01
    endloop
  endfacet
  facet normal -1.251501e-01 -2.795748e-02 9.917438e-01
    outer loop
      vertex   4.030528e+01 -1.687093e-01 6.000000e+01
      vertex   4.026759e+01 3.890001e-14 6.000000e+01
      vertex   4.018862e+01 -2.152698e-01 5.998397e+01
    endloop
  endfacet
  facet normal -1.224891e-01 -2.895625e-02 9.920474e-01
    outer loop
      vertex   4.018862e+01 -2.152698e-01 5.998397e+01
      vertex   4.026759e+01 3.890001e-14 6.000000e+01
      vertex   4.014597e+01 1.532414e-14 5.998498e+01
    endloop
  endfacet
  facet normal 1.247795e-01 -9.726714e-01 1.958070e-01
    outer loop
      vertex   8.009213e+01 2.558134e-14 5.970565e+01
      vertex   7.438833e+01 -7.345348e-01 5.969163e+01
      vertex   7.439283e+01 -7.724503e-01 5.950042e+01
    endloop
  endfacet
  facet normal 1.005784e-01 -9.754737e-01 1.957933e-01
    outer loop
      vertex   7.438833e+01 -7.345348e-01 5.969163e+01
      vertex   6.477550e+01 -1.725273e+00 5.969370e+01
      vertex   7.439283e+01 -7.724503e-01 5.950042e+01
    endloop
  endfacet
  facet normal 1.005781e-01 -9.744346e-01 2.009012e-01
    outer loop
      vertex   7.439283e+01 -7.724503e-01 5.950042e+01
      vertex   6.477550e+01 -1.725273e+00 5.969370e+01
      vertex   6.477883e+01 -1.764162e+00 5.950340e+01
    endloop
  endfacet
  facet normal 6.537915e-02 -9.774283e-01 2.008965e-01
    outer loop
      vertex   6.477550e+01 -1.725273e+00 5.969370e+01
      vertex   5.673604e+01 -2.262059e+00 5.969839e+01
      vertex   6.477883e+01 -1.764162e+00 5.950340e+01
    endloop
  endfacet
  facet normal 6.550811e-02 -9.749571e-01 2.125259e-01
    outer loop
      vertex   6.477883e+01 -1.764162e+00 5.950340e+01
      vertex   5.673604e+01 -2.262059e+00 5.969839e+01
      vertex   5.673785e+01 -2.302958e+00 5.951021e+01
    endloop
  endfacet
  facet normal 4.364869e-02 -9.990104e-01 8.545246e-03
    outer loop
      vertex   8.100000e+01 0.000000e+00 5.950000e+01
      vertex   8.099865e+01 1.084202e-16 5.950687e+01
      vertex   8.031458e+01 -2.994493e-02 5.950028e+01
    endloop
  endfacet
  facet normal 4.346248e-02 -9.987044e-01 2.646816e-02
    outer loop
      vertex   8.099865e+01 1.084202e-16 5.950687e+01
      vertex   8.099400e+01 -5.421011e-16 5.951452e+01
      vertex   8.031458e+01 -2.994493e-02 5.950028e+01
    endloop
  endfacet
  facet normal 4.295134e-02 -9.978700e-01 4.909853e-02
    outer loop
      vertex   8.031458e+01 -2.994493e-02 5.950028e+01
      vertex   8.099400e+01 -5.421011e-16 5.951452e+01
      vertex   8.098121e+01 -1.084202e-15 5.952571e+01
    endloop
  endfacet
  facet normal 4.126128e-02 -9.950762e-01 9.011581e-02
    outer loop
      vertex   8.098121e+01 -1.084202e-15 5.952571e+01
      vertex   8.092421e+01 2.577149e-13 5.955180e+01
      vertex   8.031458e+01 -2.994493e-02 5.950028e+01
    endloop
  endfacet
  facet normal 3.369619e-02 -9.842834e-01 1.733516e-01
    outer loop
      vertex   8.092421e+01 2.577149e-13 5.955180e+01
      vertex   8.031475e+01 1.366698e-14 5.967027e+01
      vertex   8.031458e+01 -2.994493e-02 5.950028e+01
    endloop
  endfacet
  facet normal 2.755439e-02 -9.844677e-01 1.733901e-01
    outer loop
      vertex   8.031458e+01 -2.994493e-02 5.950028e+01
      vertex   8.031475e+01 1.366698e-14 5.967027e+01
      vertex   8.009213e+01 2.558134e-14 5.970565e+01
    endloop
  endfacet
  facet normal 1.198280e-01 -9.556197e-01 2.691323e-01
    outer loop
      vertex   7.439283e+01 -7.724503e-01 5.950042e+01
      vertex   8.031458e+01 -2.994493e-02 5.950028e+01
      vertex   8.009213e+01 2.558134e-14 5.970565e+01
    endloop
  endfacet
  facet normal 9.719053e-02 -7.668081e-01 6.344756e-01
    outer loop
      vertex   7.438833e+01 -7.345348e-01 5.969163e+01
      vertex   8.009213e+01 2.558134e-14 5.970565e+01
      vertex   7.896513e+01 2.502030e-14 5.987829e+01
    endloop
  endfacet
  facet normal 6.993071e-02 -5.447580e-01 8.356724e-01
    outer loop
      vertex   7.437556e+01 -6.268755e-01 5.985370e+01
      vertex   7.896513e+01 2.502030e-14 5.987829e+01
      vertex   7.779731e+01 3.938198e-15 5.997601e+01
    endloop
  endfacet
  facet normal 2.023647e-02 -1.790977e-01 9.836232e-01
    outer loop
      vertex   7.779731e+01 3.938198e-15 5.997601e+01
      vertex   7.663134e+01 -4.721785e-12 6.000000e+01
      vertex   7.435645e+01 -4.658452e-01 5.996198e+01
    endloop
  endfacet
  facet normal 1.362716e-04 -8.200265e-02 9.966321e-01
    outer loop
      vertex   7.663134e+01 -4.721785e-12 6.000000e+01
      vertex   7.662229e+01 2.245772e-14 6.000000e+01
      vertex   7.435645e+01 -4.658452e-01 5.996198e+01
    endloop
  endfacet
  facet normal 1.544898e-13 7.422521e-14 1.000000e+00
    outer loop
      vertex   4.207854e+01 1.344259e+00 6.000000e+01
      vertex   4.086004e+01 7.954109e-01 6.000000e+01
      vertex   4.046111e+01 -4.309223e-01 6.000000e+01
    endloop
  endfacet
  facet normal 1.599133e-13 7.246091e-14 1.000000e+00
    outer loop
      vertex   4.086004e+01 7.954109e-01 6.000000e+01
      vertex   4.046111e+01 4.309223e-01 6.000000e+01
      vertex   4.046111e+01 -4.309223e-01 6.000000e+01
    endloop
  endfacet
  facet normal 1.664598e-13 7.246091e-14 1.000000e+00
    outer loop
      vertex   4.046111e+01 -4.309223e-01 6.000000e+01
      vertex   4.046111e+01 4.309223e-01 6.000000e+01
      vertex   4.030528e+01 -1.687093e-01 6.000000e+01
    endloop
  endfacet
  facet normal 1.543462e-13 7.560892e-14 1.000000e+00
    outer loop
      vertex   4.046111e+01 4.309223e-01 6.000000e+01
      vertex   4.026759e+01 3.890001e-14 6.000000e+01
      vertex   4.030528e+01 -1.687093e-01 6.000000e+01
    endloop
  endfacet
  facet normal 9.541692e-14 1.020725e-13 1.000000e+00
    outer loop
      vertex   4.046111e+01 4.309223e-01 6.000000e+01
      vertex   4.030528e+01 1.687093e-01 6.000000e+01
      vertex   4.026759e+01 3.890001e-14 6.000000e+01
    endloop
  endfacet
  facet normal 1.590748e-13 6.286751e-14 1.000000e+00
    outer loop
      vertex   7.433392e+01 -2.759332e-01 6.000000e+01
      vertex   7.433392e+01 2.759332e-01 6.000000e+01
      vertex   6.473614e+01 -1.265999e+00 6.000000e+01
    endloop
  endfacet
  facet normal 1.581679e-13 6.851203e-14 1.000000e+00
    outer loop
      vertex   7.433392e+01 2.759332e-01 6.000000e+01
      vertex   6.473614e+01 1.265999e+00 6.000000e+01
      vertex   6.473614e+01 -1.265999e+00 6.000000e+01
    endloop
  endfacet
  facet normal 1.589220e-13 6.851203e-14 1.000000e+00
    outer loop
      vertex   6.473614e+01 -1.265999e+00 6.000000e+01
      vertex   6.473614e+01 1.265999e+00 6.000000e+01
      vertex   5.671572e+01 -1.803553e+00 6.000000e+01
    endloop
  endfacet
  facet normal 1.586387e-13 6.925225e-14 1.000000e+00
    outer loop
      vertex   6.473614e+01 1.265999e+00 6.000000e+01
      vertex   5.671572e+01 1.803553e+00 6.000000e+01
      vertex   5.671572e+01 -1.803553e+00 6.000000e+01
    endloop
  endfacet
  facet normal 1.586718e-13 6.925225e-14 1.000000e+00
    outer loop
      vertex   5.671572e+01 -1.803553e+00 6.000000e+01
      vertex   5.671572e+01 1.803553e+00 6.000000e+01
      vertex   4.662642e+01 -1.932590e+00 6.000000e+01
    endloop
  endfacet
  facet normal 1.583897e-13 7.001403e-14 1.000000e+00
    outer loop
      vertex   5.671572e+01 1.803553e+00 6.000000e+01
      vertex   4.662642e+01 1.932590e+00 6.000000e+01
      vertex   4.662642e+01 -1.932590e+00 6.000000e+01
    endloop
  endfacet
  facet normal 1.562901e-13 7.001403e-14 1.000000e+00
    outer loop
      vertex   4.662642e+01 -1.932590e+00 6.000000e+01
      vertex   4.662642e+01 1.932590e+00 6.000000e+01
      vertex   4.516955e+01 -1.851905e+00 6.000000e+01
    endloop
  endfacet
  facet normal 1.580992e-13 6.931757e-14 1.000000e+00
    outer loop
      vertex   4.662642e+01 1.932590e+00 6.000000e+01
      vertex   4.516955e+01 1.851905e+00 6.000000e+01
      vertex   4.516955e+01 -1.851905e+00 6.000000e+01
    endloop
  endfacet
  facet normal 1.595450e-13 6.931757e-14 1.000000e+00
    outer loop
      vertex   4.516955e+01 -1.851905e+00 6.000000e+01
      vertex   4.516955e+01 1.851905e+00 6.000000e+01
      vertex   4.207854e+01 -1.344259e+00 6.000000e+01
    endloop
  endfacet
  facet normal 1.591648e-13 6.968529e-14 1.000000e+00
    outer loop
      vertex   4.516955e+01 1.851905e+00 6.000000e+01
      vertex   4.207854e+01 1.344259e+00 6.000000e+01
      vertex   4.207854e+01 -1.344259e+00 6.000000e+01
    endloop
  endfacet
  facet normal 1.594725e-13 6.968529e-14 1.000000e+00
    outer loop
      vertex   4.207854e+01 -1.344259e+00 6.000000e+01
      vertex   4.207854e+01 1.344259e+00 6.000000e+01
      vertex   4.046111e+01 -4.309223e-01 6.000000e+01
    endloop
  endfacet
  facet normal 1.456238e-13 4.516072e-14 1.000000e+00
    outer loop
      vertex   4.046111e+01 -4.309223e-01 6.000000e+01
      vertex   4.086004e+01 -7.954109e-01 6.000000e+01
      vertex   4.207854e+01 -1.344259e+00 6.000000e+01
    endloop
  endfacet
  facet normal 1.591928e-13 6.286751e-14 1.000000e+00
    outer loop
      vertex   7.433392e+01 -2.759332e-01 6.000000e+01
      vertex   7.662229e+01 2.245772e-14 6.000000e+01
      vertex   7.433392e+01 2.759332e-01 6.000000e+01
    endloop
  endfacet
endsolid
