solid ascii
  facet normal 0 0 1
    outer loop
       vertex 0.0443542 0.00482608 0.008
       vertex 0.0428594 0.00583729 0.008
       vertex 0.0402968 0.00507507 0.008
    endloop
  endfacet
  facet normal 0 0 1
    outer loop
       vertex 0.0428594 0.00583729 0.008
       vertex 0.0403603 0.00649001 0.008
       vertex 0.0402968 0.00507507 0.008
    endloop
  endfacet
  facet normal 0 -0 1
    outer loop
       vertex 0.0402968 0.00507507 0.008
       vertex 0.0403603 0.00649001 0.008
       vertex 0.0361963 0.00527087 0.008
    endloop
  endfacet
  facet normal 0 0 1
    outer loop
       vertex 0.0403603 0.00649001 0.008
       vertex 0.0378043 0.00611792 0.008
       vertex 0.0361963 0.00527087 0.008
    endloop
  endfacet
  facet normal 0.0157212 0.256179 0.966501
    outer loop
       vertex 0.0443542 0.00482608 0.008
       vertex 0.0402968 0.00507507 0.008
       vertex 0.044321 0.00433108 0.00813175
    endloop
  endfacet
  facet normal 0.0155966 0.255536 0.966674
    outer loop
       vertex 0.0402968 0.00507507 0.008
       vertex 0.0402696 0.00458087 0.00813108
       vertex 0.044321 0.00433108 0.00813175
    endloop
  endfacet
  facet normal 0.0431057 0.701023 0.711834
    outer loop
       vertex 0.044321 0.00433108 0.00813175
       vertex 0.0402696 0.00458087 0.00813108
       vertex 0.0442966 0.0039665 0.00849227
    endloop
  endfacet
  facet normal 0.0427633 0.699609 0.713245
    outer loop
       vertex 0.0402696 0.00458087 0.00813108
       vertex 0.0402495 0.00421623 0.00848996
       vertex 0.0442966 0.0039665 0.00849227
    endloop
  endfacet
  facet normal 0.0591555 0.961151 0.269609
    outer loop
       vertex 0.0442966 0.0039665 0.00849227
       vertex 0.0402495 0.00421623 0.00848996
       vertex 0.0442873 0.00382841 0.00898657
    endloop
  endfacet
  facet normal 0.0586739 0.96027 0.272836
    outer loop
       vertex 0.0402495 0.00421623 0.00848996
       vertex 0.0402418 0.00407674 0.00898254
       vertex 0.0442873 0.00382841 0.00898657
    endloop
  endfacet
  facet normal 0.0122108 0.255722 0.966673
    outer loop
       vertex 0.0402968 0.00507507 0.008
       vertex 0.0361963 0.00527087 0.008
       vertex 0.0402696 0.00458087 0.00813108
    endloop
  endfacet
  facet normal 0.0120471 0.254802 0.966918
    outer loop
       vertex 0.0361963 0.00527087 0.008
       vertex 0.0361767 0.00477798 0.00813013
       vertex 0.0402696 0.00458087 0.00813108
    endloop
  endfacet
  facet normal 0.0335512 0.700114 0.713243
    outer loop
       vertex 0.0402696 0.00458087 0.00813108
       vertex 0.0361767 0.00477798 0.00813013
       vertex 0.0402495 0.00421623 0.00848996
    endloop
  endfacet
  facet normal 0.0330934 0.698082 0.715252
    outer loop
       vertex 0.0361767 0.00477798 0.00813013
       vertex 0.0361622 0.00441337 0.00848666
       vertex 0.0402495 0.00421623 0.00848996
    endloop
  endfacet
  facet normal 0.0461287 0.960955 0.272834
    outer loop
       vertex 0.0402495 0.00421623 0.00848996
       vertex 0.0361622 0.00441337 0.00848666
       vertex 0.0402418 0.00407674 0.00898254
    endloop
  endfacet
  facet normal 0.0454625 0.959667 0.277441
    outer loop
       vertex 0.0361622 0.00441337 0.00848666
       vertex 0.0361566 0.00427193 0.0089768
       vertex 0.0402418 0.00407674 0.00898254
    endloop
  endfacet
  facet normal 0.251361 0.326696 0.911091
    outer loop
       vertex 0.0447867 0.00466168 0.00798337
       vertex 0.0451882 0.00450717 0.007928
       vertex 0.0430277 0.00618095 0.00792388
    endloop
  endfacet
  facet normal 0.338059 0.438412 0.832773
    outer loop
       vertex 0.0451882 0.00450717 0.007928
       vertex 0.0454343 0.00472095 0.00771556
       vertex 0.0430277 0.00618095 0.00792388
    endloop
  endfacet
  facet normal 0.342682 0.446954 0.826318
    outer loop
       vertex 0.0430277 0.00618095 0.00792388
       vertex 0.0454343 0.00472095 0.00771556
       vertex 0.0431704 0.0064723 0.00770711
    endloop
  endfacet
  facet normal 0.507539 0.658748 0.555387
    outer loop
       vertex 0.0454343 0.00472095 0.00771556
       vertex 0.0456027 0.00486721 0.00738823
       vertex 0.0431704 0.0064723 0.00770711
    endloop
  endfacet
  facet normal 0.509629 0.663407 0.547878
    outer loop
       vertex 0.0431704 0.0064723 0.00770711
       vertex 0.0456027 0.00486721 0.00738823
       vertex 0.0432658 0.00666697 0.00738268
    endloop
  endfacet
  facet normal 0.564116 0.733633 0.378888
    outer loop
       vertex 0.0456027 0.00486721 0.00738823
       vertex 0.0456044 0.00486873 0.00738268
       vertex 0.0432658 0.00666697 0.00738268
    endloop
  endfacet
  facet normal 0.5983 0.778089 0.191349
    outer loop
       vertex 0.0432658 0.00666697 0.00738268
       vertex 0.0456044 0.00486873 0.00738268
       vertex 0.0432993 0.00673533 0.007
    endloop
  endfacet
  facet normal 0.598302 0.77809 0.19134
    outer loop
       vertex 0.0456044 0.00486873 0.00738268
       vertex 0.0456619 0.00491865 0.007
       vertex 0.0432993 0.00673533 0.007
    endloop
  endfacet
  facet normal 0.0502638 0.192447 0.980019
    outer loop
       vertex 0.0403603 0.00649001 0.008
       vertex 0.0428594 0.00583729 0.008
       vertex 0.0403815 0.0068721 0.00792388
    endloop
  endfacet
  facet normal 0.0502634 0.192446 0.980019
    outer loop
       vertex 0.0428594 0.00583729 0.008
       vertex 0.0430277 0.00618095 0.00792388
       vertex 0.0403815 0.0068721 0.00792388
    endloop
  endfacet
  facet normal 0.142352 0.545028 0.826245
    outer loop
       vertex 0.0403815 0.0068721 0.00792388
       vertex 0.0430277 0.00618095 0.00792388
       vertex 0.0403995 0.00719603 0.00770711
    endloop
  endfacet
  facet normal 0.142352 0.545028 0.826245
    outer loop
       vertex 0.0430277 0.00618095 0.00792388
       vertex 0.0431704 0.0064723 0.00770711
       vertex 0.0403995 0.00719603 0.00770711
    endloop
  endfacet
  facet normal 0.211408 0.809429 0.547842
    outer loop
       vertex 0.0403995 0.00719603 0.00770711
       vertex 0.0431704 0.0064723 0.00770711
       vertex 0.0404115 0.00741247 0.00738268
    endloop
  endfacet
  facet normal 0.211409 0.809429 0.547842
    outer loop
       vertex 0.0431704 0.0064723 0.00770711
       vertex 0.0432658 0.00666697 0.00738268
       vertex 0.0404115 0.00741247 0.00738268
    endloop
  endfacet
  facet normal 0.248036 0.949665 0.191349
    outer loop
       vertex 0.0404115 0.00741247 0.00738268
       vertex 0.0432658 0.00666697 0.00738268
       vertex 0.0404157 0.00748847 0.007
    endloop
  endfacet
  facet normal 0.248036 0.949666 0.191346
    outer loop
       vertex 0.0432658 0.00666697 0.00738268
       vertex 0.0432993 0.00673533 0.007
       vertex 0.0404157 0.00748847 0.007
    endloop
  endfacet
  facet normal -0.0286533 0.196827 0.980019
    outer loop
       vertex 0.0378043 0.00611792 0.008
       vertex 0.0403603 0.00649001 0.008
       vertex 0.037675 0.00647811 0.00792388
    endloop
  endfacet
  facet normal -0.0286533 0.196827 0.980019
    outer loop
       vertex 0.0403603 0.00649001 0.008
       vertex 0.0403815 0.0068721 0.00792388
       vertex 0.037675 0.00647811 0.00792388
    endloop
  endfacet
  facet normal -0.081149 0.557435 0.826245
    outer loop
       vertex 0.037675 0.00647811 0.00792388
       vertex 0.0403815 0.0068721 0.00792388
       vertex 0.0375654 0.00678346 0.00770711
    endloop
  endfacet
  facet normal -0.081149 0.557434 0.826246
    outer loop
       vertex 0.0403815 0.0068721 0.00792388
       vertex 0.0403995 0.00719603 0.00770711
       vertex 0.0375654 0.00678346 0.00770711
    endloop
  endfacet
  facet normal -0.120516 0.827856 0.547842
    outer loop
       vertex 0.0375654 0.00678346 0.00770711
       vertex 0.0403995 0.00719603 0.00770711
       vertex 0.0374922 0.00698749 0.00738268
    endloop
  endfacet
  facet normal -0.120516 0.827858 0.547839
    outer loop
       vertex 0.0403995 0.00719603 0.00770711
       vertex 0.0404115 0.00741247 0.00738268
       vertex 0.0374922 0.00698749 0.00738268
    endloop
  endfacet
  facet normal -0.141395 0.971285 0.191344
    outer loop
       vertex 0.0374922 0.00698749 0.00738268
       vertex 0.0404115 0.00741247 0.00738268
       vertex 0.0374665 0.00705914 0.007
    endloop
  endfacet
  facet normal -0.141395 0.971285 0.191345
    outer loop
       vertex 0.0404115 0.00741247 0.00738268
       vertex 0.0404157 0.00748847 0.007
       vertex 0.0374665 0.00705914 0.007
    endloop
  endfacet
  facet normal -0.5085 0.839533 0.191341
    outer loop
       vertex 0.0374665 0.00705914 0.007
       vertex 0.0349174 0.00551513 0.007
       vertex 0.0374922 0.00698749 0.00738268
    endloop
  endfacet
  facet normal -0.5085 0.839535 0.191335
    outer loop
       vertex 0.0349174 0.00551513 0.007
       vertex 0.0349689 0.00545915 0.00738268
       vertex 0.0374922 0.00698749 0.00738268
    endloop
  endfacet
  facet normal -0.479164 0.791101 0.380212
    outer loop
       vertex 0.0374922 0.00698749 0.00738268
       vertex 0.0349689 0.00545915 0.00738268
       vertex 0.0349713 0.00545658 0.00739102
    endloop
  endfacet
  facet normal -0.432897 0.715828 0.547896
    outer loop
       vertex 0.0374922 0.00698749 0.00738268
       vertex 0.0349713 0.00545658 0.00739102
       vertex 0.0375654 0.00678346 0.00770711
    endloop
  endfacet
  facet normal -0.430526 0.708506 0.559166
    outer loop
       vertex 0.0349713 0.00545658 0.00739102
       vertex 0.0351246 0.00529026 0.00771977
       vertex 0.0375654 0.00678346 0.00770711
    endloop
  endfacet
  facet normal -0.28258 0.46902 0.836761
    outer loop
       vertex 0.0375654 0.00678346 0.00770711
       vertex 0.0351246 0.00529026 0.00771977
       vertex 0.0353482 0.00504759 0.00793132
    endloop
  endfacet
  facet normal -0.21001 0.346349 0.914297
    outer loop
       vertex 0.0353482 0.00504759 0.00793132
       vertex 0.035757 0.00515601 0.00798414
       vertex 0.037675 0.00647811 0.00792388
    endloop
  endfacet
  facet normal -0.0761938 0.155429 0.984904
    outer loop
       vertex 0.035757 0.00515601 0.00798414
       vertex 0.0361963 0.00527087 0.008
       vertex 0.037675 0.00647811 0.00792388
    endloop
  endfacet
  facet normal -0.0917912 0.174251 0.980414
    outer loop
       vertex 0.037675 0.00647811 0.00792388
       vertex 0.0361963 0.00527087 0.008
       vertex 0.0378043 0.00611792 0.008
    endloop
  endfacet
  facet normal 0.0937843 0.147138 0.98466
    outer loop
       vertex 0.0447867 0.00466168 0.00798337
       vertex 0.0430277 0.00618095 0.00792388
       vertex 0.0443542 0.00482608 0.008
    endloop
  endfacet
  facet normal 0.110338 0.163106 0.980419
    outer loop
       vertex 0.0430277 0.00618095 0.00792388
       vertex 0.0428594 0.00583729 0.008
       vertex 0.0443542 0.00482608 0.008
    endloop
  endfacet
  facet normal -0.293212 0.481224 0.826105
    outer loop
       vertex 0.0353482 0.00504759 0.00793132
       vertex 0.037675 0.00647811 0.00792388
       vertex 0.0375654 0.00678346 0.00770711
    endloop
  endfacet
  facet normal 0.0467986 0.981371 -0.186334
    outer loop
       vertex 0.032655 0.00446019 0.00719812
       vertex 0.032117 0.00445475 0.00703436
       vertex 0.0339098 0.00451022 0.00777675
    endloop
  endfacet
  facet normal -0.0270884 0.99959 -0.00926251
    outer loop
       vertex 0.032117 0.00445475 0.00703436
       vertex 0.0321161 0.00445474 0.00703551
       vertex 0.0339098 0.00451022 0.00777675
    endloop
  endfacet
  facet normal -0.169626 0.924526 0.341289
    outer loop
       vertex 0.0339098 0.00451022 0.00777675
       vertex 0.0321161 0.00445474 0.00703551
       vertex 0.0337825 0.00441389 0.00797444
    endloop
  endfacet
  facet normal -0.0478323 0.99062 0.127997
    outer loop
       vertex 0.0321161 0.00445474 0.00703551
       vertex 0.0336485 0.00437987 0.00818764
       vertex 0.0337825 0.00441389 0.00797444
    endloop
  endfacet
  facet normal -0.0217752 0.989314 0.144165
    outer loop
       vertex 0.0337825 0.00441389 0.00797444
       vertex 0.0336485 0.00437987 0.00818764
       vertex 0.035066 0.00431634 0.00883769
    endloop
  endfacet
  facet normal -0.326382 0.800075 0.503345
    outer loop
       vertex 0.0340222 0.00466264 0.00760734
       vertex 0.0338401 0.00462153 0.00755458
       vertex 0.0339098 0.00451022 0.00777675
    endloop
  endfacet
  facet normal -0.29559 0.813708 0.500506
    outer loop
       vertex 0.0338401 0.00462153 0.00755458
       vertex 0.0332929 0.0045228 0.00739192
       vertex 0.0339098 0.00451022 0.00777675
    endloop
  endfacet
  facet normal -0.193854 0.919906 0.340872
    outer loop
       vertex 0.0339098 0.00451022 0.00777675
       vertex 0.0332929 0.0045228 0.00739192
       vertex 0.032655 0.00446019 0.00719812
    endloop
  endfacet
  facet normal -0.23423 0.790986 0.565223
    outer loop
       vertex 0.0352805 0.004672 0.00811835
       vertex 0.0339098 0.00451022 0.00777675
       vertex 0.0351804 0.00441263 0.00843984
    endloop
  endfacet
  facet normal -0.122354 0.920946 0.369983
    outer loop
       vertex 0.0339098 0.00451022 0.00777675
       vertex 0.0337825 0.00441389 0.00797444
       vertex 0.0351804 0.00441263 0.00843984
    endloop
  endfacet
  facet normal -0.0708261 0.973963 0.215359
    outer loop
       vertex 0.0351804 0.00441263 0.00843984
       vertex 0.0337825 0.00441389 0.00797444
       vertex 0.035066 0.00431634 0.00883769
    endloop
  endfacet
  facet normal -0.265331 0.467707 0.843119
    outer loop
       vertex 0.0352805 0.004672 0.00811835
       vertex 0.0353482 0.00504759 0.00793132
       vertex 0.0339098 0.00451022 0.00777675
    endloop
  endfacet
  facet normal -0.353623 0.814006 0.460809
    outer loop
       vertex 0.0353482 0.00504759 0.00793132
       vertex 0.0343909 0.00475674 0.00771048
       vertex 0.0339098 0.00451022 0.00777675
    endloop
  endfacet
  facet normal -0.342038 0.800027 0.492917
    outer loop
       vertex 0.0339098 0.00451022 0.00777675
       vertex 0.0343909 0.00475674 0.00771048
       vertex 0.0340222 0.00466264 0.00760734
    endloop
  endfacet
  facet normal -0.0117083 0.999918 0.00525681
    outer loop
       vertex 0.032655 0.00446019 0.00719812
       vertex 0.0321179 0.00445477 0.00703321
       vertex 0.032117 0.00445475 0.00703436
    endloop
  endfacet
  facet normal 0.021917 0.999214 0.033028
    outer loop
       vertex 0.0321179 0.00445477 0.00703321
       vertex 0.0321068 0.00445513 0.00702979
       vertex 0.032117 0.00445475 0.00703436
    endloop
  endfacet
  facet normal 0.0226673 0.999251 0.0313635
    outer loop
       vertex 0.032117 0.00445475 0.00703436
       vertex 0.0321068 0.00445513 0.00702979
       vertex 0.0321161 0.00445474 0.00703551
    endloop
  endfacet
  facet normal 0.0232654 0.999267 0.0304001
    outer loop
       vertex 0.0321068 0.00445513 0.00702979
       vertex 0.0321151 0.00445473 0.00703666
       vertex 0.0321161 0.00445474 0.00703551
    endloop
  endfacet
  facet normal 0.0249281 0.999184 0.0317723
    outer loop
       vertex 0.0321151 0.00445473 0.00703666
       vertex 0.0336485 0.00437987 0.00818764
       vertex 0.0321161 0.00445474 0.00703551
    endloop
  endfacet
  facet normal -0.10207 0.257735 0.960809
    outer loop
       vertex 0.0361963 0.00527087 0.008
       vertex 0.035757 0.00515601 0.00798414
       vertex 0.0361767 0.00477798 0.00813013
    endloop
  endfacet
  facet normal -0.00153423 0.358785 0.933419
    outer loop
       vertex 0.035757 0.00515601 0.00798414
       vertex 0.0357193 0.00472157 0.00815106
       vertex 0.0361767 0.00477798 0.00813013
    endloop
  endfacet
  facet normal -0.0536141 0.699224 0.712889
    outer loop
       vertex 0.0361767 0.00477798 0.00813013
       vertex 0.0357193 0.00472157 0.00815106
       vertex 0.0361622 0.00441337 0.00848666
    endloop
  endfacet
  facet normal 0.0103043 0.743231 0.668955
    outer loop
       vertex 0.0357193 0.00472157 0.00815106
       vertex 0.0356653 0.00441171 0.00849616
       vertex 0.0361622 0.00441337 0.00848666
    endloop
  endfacet
  facet normal 0.00209415 0.960791 0.277267
    outer loop
       vertex 0.0361622 0.00441337 0.00848666
       vertex 0.0356653 0.00441171 0.00849616
       vertex 0.0361566 0.00427193 0.0089768
    endloop
  endfacet
  facet normal 0.0235121 0.966143 0.256932
    outer loop
       vertex 0.0356653 0.00441171 0.00849616
       vertex 0.0356067 0.00429399 0.00894418
       vertex 0.0361566 0.00427193 0.0089768
    endloop
  endfacet
  facet normal -0.2142 0.366462 0.905441
    outer loop
       vertex 0.035757 0.00515601 0.00798414
       vertex 0.0353482 0.00504759 0.00793132
       vertex 0.0357193 0.00472157 0.00815106
    endloop
  endfacet
  facet normal -0.117527 0.459575 0.880329
    outer loop
       vertex 0.0353482 0.00504759 0.00793132
       vertex 0.0352805 0.004672 0.00811835
       vertex 0.0357193 0.00472157 0.00815106
    endloop
  endfacet
  facet normal -0.132949 0.747723 0.650565
    outer loop
       vertex 0.0357193 0.00472157 0.00815106
       vertex 0.0352805 0.004672 0.00811835
       vertex 0.0356653 0.00441171 0.00849616
    endloop
  endfacet
  facet normal -0.0697187 0.78689 0.613143
    outer loop
       vertex 0.0352805 0.004672 0.00811835
       vertex 0.0351804 0.00441263 0.00843984
       vertex 0.0356653 0.00441171 0.00849616
    endloop
  endfacet
  facet normal -0.0272784 0.967682 0.250693
    outer loop
       vertex 0.0356653 0.00441171 0.00849616
       vertex 0.0351804 0.00441263 0.00843984
       vertex 0.0356067 0.00429399 0.00894418
    endloop
  endfacet
  facet normal -0.00582132 0.972305 0.233643
    outer loop
       vertex 0.0351804 0.00441263 0.00843984
       vertex 0.035066 0.00431634 0.00883769
       vertex 0.0356067 0.00429399 0.00894418
    endloop
  endfacet
  facet normal 0.043647 0.999047 0
    outer loop
       vertex 0.081 0 0.0595
       vertex 0.081 0 0.0005
       vertex 0.0803146 2.99449e-05 0.0595003
    endloop
  endfacet
  facet normal 0.126352 0.991985 0.000964386
    outer loop
       vertex 0.081 0 0.0005
       vertex 0.0700214 0.00139838 0.000501306
       vertex 0.0803146 2.99449e-05 0.0595003
    endloop
  endfacet
  facet normal 0.124412 0.99223 0.00130859
    outer loop
       vertex 0.0803146 2.99449e-05 0.0595003
       vertex 0.0700214 0.00139838 0.000501306
       vertex 0.0743928 0.00077245 0.0595004
    endloop
  endfacet
  facet normal 0.112199 0.993683 0.00222886
    outer loop
       vertex 0.0700214 0.00139838 0.000501306
       vertex 0.0605001 0.00247345 0.000502221
       vertex 0.0743928 0.00077245 0.0595004
    endloop
  endfacet
  facet normal 0.093031 0.99564 0.00679902
    outer loop
       vertex 0.0743928 0.00077245 0.0595004
       vertex 0.0605001 0.00247345 0.000502221
       vertex 0.0483337 0.00358645 0.00398924
    endloop
  endfacet
  facet normal 0.0937281 0.995555 0.00925861
    outer loop
       vertex 0.0605001 0.00247345 0.000502221
       vertex 0.0482949 0.00362251 0.000504603
       vertex 0.0483337 0.00358645 0.00398924
    endloop
  endfacet
  facet normal 0.0691691 0.997519 0.0130901
    outer loop
       vertex 0.0453997 0.00375404 0.0088435
       vertex 0.0448485 0.00379081 0.00895378
       vertex 0.0567379 0.00230296 0.0595102
    endloop
  endfacet
  facet normal 0.0676262 0.99762 0.0134559
    outer loop
       vertex 0.0448485 0.00379081 0.00895378
       vertex 0.0442873 0.00382841 0.00898657
       vertex 0.0567379 0.00230296 0.0595102
    endloop
  endfacet
  facet normal 0.0209017 0.999468 0.025026
    outer loop
       vertex 0.0567379 0.00230296 0.0595102
       vertex 0.0442873 0.00382841 0.00898657
       vertex 0.0493985 0.00245625 0.0595181
    endloop
  endfacet
  facet normal 0.0612349 0.997904 0.0209039
    outer loop
       vertex 0.0442873 0.00382841 0.00898657
       vertex 0.0402418 0.00407674 0.00898254
       vertex 0.0493985 0.00245625 0.0595181
    endloop
  endfacet
  facet normal 0.0476796 0.998589 0.023382
    outer loop
       vertex 0.0493985 0.00245625 0.0595181
       vertex 0.0402418 0.00407674 0.00898254
       vertex 0.0361566 0.00427193 0.0089768
    endloop
  endfacet
  facet normal 0.0806017 0.996664 0.0128511
    outer loop
       vertex 0.0483687 0.00355387 0.00701004
       vertex 0.0483603 0.00355447 0.00701696
       vertex 0.0743928 0.00077245 0.0595004
    endloop
  endfacet
  facet normal 0.077874 0.996862 0.0142146
    outer loop
       vertex 0.0483603 0.00355447 0.00701696
       vertex 0.04637 0.0036896 0.00844376
       vertex 0.0743928 0.00077245 0.0595004
    endloop
  endfacet
  facet normal 0.102609 0.994722 0.000516535
    outer loop
       vertex 0.0743928 0.00077245 0.0595004
       vertex 0.04637 0.0036896 0.00844376
       vertex 0.0647788 0.00176416 0.0595034
    endloop
  endfacet
  facet normal 0.0668616 0.997671 0.0135158
    outer loop
       vertex 0.04637 0.0036896 0.00844376
       vertex 0.0567379 0.00230296 0.0595102
       vertex 0.0647788 0.00176416 0.0595034
    endloop
  endfacet
  facet normal 0.0714157 0.997367 0.012583
    outer loop
       vertex 0.04637 0.0036896 0.00844376
       vertex 0.0453997 0.00375404 0.0088435
       vertex 0.0567379 0.00230296 0.0595102
    endloop
  endfacet
  facet normal 0.0868364 0.996175 0.00973411
    outer loop
       vertex 0.0483337 0.00358645 0.00398924
       vertex 0.0483687 0.00355387 0.00701004
       vertex 0.0743928 0.00077245 0.0595004
    endloop
  endfacet
  facet normal 0.0268561 0.999213 0.0292054
    outer loop
       vertex 0.0336485 0.00437987 0.00818764
       vertex 0.0321151 0.00445473 0.00703666
       vertex 0.0493985 0.00245625 0.0595181
    endloop
  endfacet
  facet normal 0.023277 0.999267 0.0303862
    outer loop
       vertex 0.0321151 0.00445473 0.00703666
       vertex 0.0321068 0.00445513 0.00702979
       vertex 0.0493985 0.00245625 0.0595181
    endloop
  endfacet
  facet normal 0.0138178 0.999343 0.0335053
    outer loop
       vertex 0.0493985 0.00245625 0.0595181
       vertex 0.0321068 0.00445513 0.00702979
       vertex 0.0230298 0.00479902 0.000516136
    endloop
  endfacet
  facet normal 0.0169941 0.999433 0.0290837
    outer loop
       vertex 0.0321068 0.00445513 0.00702979
       vertex 0.0321151 0.00447357 0.00639116
       vertex 0.0230298 0.00479902 0.000516136
    endloop
  endfacet
  facet normal 0.0181027 0.999461 0.027371
    outer loop
       vertex 0.0230298 0.00479902 0.000516136
       vertex 0.0321151 0.00447357 0.00639116
       vertex 0.032168 0.00453924 0.00395826
    endloop
  endfacet
  facet normal 0.0385375 0.998924 0.0257893
    outer loop
       vertex 0.0361566 0.00427193 0.0089768
       vertex 0.0356067 0.00429399 0.00894418
       vertex 0.0493985 0.00245625 0.0595181
    endloop
  endfacet
  facet normal 0.0360873 0.998998 0.0264602
    outer loop
       vertex 0.0356067 0.00429399 0.00894418
       vertex 0.035066 0.00431634 0.00883769
       vertex 0.0493985 0.00245625 0.0595181
    endloop
  endfacet
  facet normal 0.0321281 0.999103 0.0275837
    outer loop
       vertex 0.0493985 0.00245625 0.0595181
       vertex 0.035066 0.00431634 0.00883769
       vertex 0.0336485 0.00437987 0.00818764
    endloop
  endfacet
  facet normal -0.00871136 0.999013 0.0435607
    outer loop
       vertex 0.0493985 0.00245625 0.0595181
       vertex 0.0230298 0.00479902 0.000516136
       vertex 0.0466093 0.00243144 0.0595293
    endloop
  endfacet
  facet normal -0.00367491 0.99913 0.041553
    outer loop
       vertex 0.0230298 0.00479902 0.000516136
       vertex 0.0129973 0.0047614 0.00053353
       vertex 0.0466093 0.00243144 0.0595293
    endloop
  endfacet
  facet normal -0.0551819 0.995965 0.0707734
    outer loop
       vertex 0.0466093 0.00243144 0.0595293
       vertex 0.0129973 0.0047614 0.00053353
       vertex 0.0451302 0.0023486 0.0595418
    endloop
  endfacet
  facet normal -0.0817118 0.993016 0.0850997
    outer loop
       vertex 0.0129973 0.0047614 0.00053353
       vertex 0.00901106 0.00443162 0.000554128
       vertex 0.0451302 0.0023486 0.0595418
    endloop
  endfacet
  facet normal -0.161719 0.977758 0.133551
    outer loop
       vertex 0.0451302 0.0023486 0.0595418
       vertex 0.00901106 0.00443162 0.000554128
       vertex 0.0419343 0.0018114 0.0596048
    endloop
  endfacet
  facet normal -0.129253 0.984831 0.115764
    outer loop
       vertex 0.00901106 0.00443162 0.000554128
       vertex 0.00818826 0.00432295 0.000559913
       vertex 0.0419343 0.0018114 0.0596048
    endloop
  endfacet
  facet normal -0.215582 0.962589 0.164157
    outer loop
       vertex 0.0419343 0.0018114 0.0596048
       vertex 0.00818826 0.00432295 0.000559913
       vertex 0.0043822 0.00346169 0.000611836
    endloop
  endfacet
  facet normal -0.820886 0.163103 0.547306
    outer loop
       vertex 0.000518233 -2.72721e-20 0.00077735
       vertex 0.0399106 0.000326227 0.0597635
       vertex 0.000630903 0.000609345 0.000764748
    endloop
  endfacet
  facet normal -0.746567 0.439868 0.499154
    outer loop
       vertex 0.0399106 0.000326227 0.0597635
       vertex 0.0401126 0.000702711 0.0597338
       vertex 0.000630903 0.000609345 0.000764748
    endloop
  endfacet
  facet normal -0.748247 0.435707 0.500286
    outer loop
       vertex 0.000630903 0.000609345 0.000764748
       vertex 0.0401126 0.000702711 0.0597338
       vertex 0.00107056 0.0014004 0.000733376
    endloop
  endfacet
  facet normal -0.615738 0.66958 0.415367
    outer loop
       vertex 0.0401126 0.000702711 0.0597338
       vertex 0.0405939 0.00117794 0.0596813
       vertex 0.00107056 0.0014004 0.000733376
    endloop
  endfacet
  facet normal -0.612556 0.673795 0.413249
    outer loop
       vertex 0.00107056 0.0014004 0.000733376
       vertex 0.0405939 0.00117794 0.0596813
       vertex 0.00208502 0.00235547 0.000679861
    endloop
  endfacet
  facet normal -0.397605 0.874757 0.276966
    outer loop
       vertex 0.0405939 0.00117794 0.0596813
       vertex 0.0419343 0.0018114 0.0596048
       vertex 0.00208502 0.00235547 0.000679861
    endloop
  endfacet
  facet normal -0.409063 0.866975 0.284643
    outer loop
       vertex 0.00208502 0.00235547 0.000679861
       vertex 0.0419343 0.0018114 0.0596048
       vertex 0.0043822 0.00346169 0.000611836
    endloop
  endfacet
  facet normal -0.819711 0.171582 0.546474
    outer loop
       vertex 0.000518233 -2.72721e-20 0.00077735
       vertex 0.0398516 -2.71533e-20 0.0597774
       vertex 0.0399106 0.000326227 0.0597635
    endloop
  endfacet
  facet normal 0.0189418 0.999504 0.0251464
    outer loop
       vertex 0.032168 0.00453924 0.00395826
       vertex 0.0322388 0.0046246 0.000512152
       vertex 0.0230298 0.00479902 0.000516136
    endloop
  endfacet
  facet normal -0.530966 0.82529 0.192279
    outer loop
       vertex 0.0349174 0.00551513 0.007
       vertex 0.0337719 0.00477487 0.00701431
       vertex 0.0349689 0.00545915 0.00738268
    endloop
  endfacet
  facet normal -0.532984 0.819985 0.208692
    outer loop
       vertex 0.0337719 0.00477487 0.00701431
       vertex 0.0338048 0.00469784 0.0074008
       vertex 0.0349689 0.00545915 0.00738268
    endloop
  endfacet
  facet normal -0.501636 0.776172 0.381993
    outer loop
       vertex 0.0349689 0.00545915 0.00738268
       vertex 0.0338048 0.00469784 0.0074008
       vertex 0.0349713 0.00545658 0.00739102
    endloop
  endfacet
  facet normal -0.476665 0.738992 0.476111
    outer loop
       vertex 0.0338048 0.00469784 0.0074008
       vertex 0.0338401 0.00462153 0.00755458
       vertex 0.0349713 0.00545658 0.00739102
    endloop
  endfacet
  facet normal -0.344446 0.606914 0.716249
    outer loop
       vertex 0.0349713 0.00545658 0.00739102
       vertex 0.0338401 0.00462153 0.00755458
       vertex 0.0340222 0.00466264 0.00760734
    endloop
  endfacet
  facet normal -0.291588 0.828519 0.478051
    outer loop
       vertex 0.0338401 0.00462153 0.00755458
       vertex 0.0338048 0.00469784 0.0074008
       vertex 0.0332929 0.0045228 0.00739192
    endloop
  endfacet
  facet normal -0.319521 0.923733 0.211242
    outer loop
       vertex 0.0338048 0.00469784 0.0074008
       vertex 0.0337719 0.00477487 0.00701431
       vertex 0.0332929 0.0045228 0.00739192
    endloop
  endfacet
  facet normal -0.198235 0.912568 0.357663
    outer loop
       vertex 0.0332929 0.0045228 0.00739192
       vertex 0.0337719 0.00477487 0.00701431
       vertex 0.032655 0.00446019 0.00719812
    endloop
  endfacet
  facet normal -0.252125 0.961052 0.113188
    outer loop
       vertex 0.0337719 0.00477487 0.00701431
       vertex 0.0326501 0.00447927 0.0070253
       vertex 0.032655 0.00446019 0.00719812
    endloop
  endfacet
  facet normal -0.044057 0.992862 0.110834
    outer loop
       vertex 0.032655 0.00446019 0.00719812
       vertex 0.0326501 0.00447927 0.0070253
       vertex 0.0321179 0.00445477 0.00703321
    endloop
  endfacet
  facet normal -0.0412116 0.971123 0.234993
    outer loop
       vertex 0.0326501 0.00447927 0.0070253
       vertex 0.0321068 0.00445513 0.00702979
       vertex 0.0321179 0.00445477 0.00703321
    endloop
  endfacet
  facet normal -0.451938 0.693225 0.561419
    outer loop
       vertex 0.0349713 0.00545658 0.00739102
       vertex 0.0340222 0.00466264 0.00760734
       vertex 0.0351246 0.00529026 0.00771977
    endloop
  endfacet
  facet normal -0.346284 0.461955 0.816508
    outer loop
       vertex 0.0340222 0.00466264 0.00760734
       vertex 0.0343909 0.00475674 0.00771048
       vertex 0.0351246 0.00529026 0.00771977
    endloop
  endfacet
  facet normal -0.325455 0.432893 0.840644
    outer loop
       vertex 0.0351246 0.00529026 0.00771977
       vertex 0.0343909 0.00475674 0.00771048
       vertex 0.0353482 0.00504759 0.00793132
    endloop
  endfacet
  facet normal 0.080048 0.959645 0.26958
    outer loop
       vertex 0.0442873 0.00382841 0.00898657
       vertex 0.0448485 0.00379081 0.00895378
       vertex 0.0442966 0.0039665 0.00849227
    endloop
  endfacet
  facet normal 0.102285 0.964185 0.244715
    outer loop
       vertex 0.0448485 0.00379081 0.00895378
       vertex 0.0448006 0.00391051 0.00850217
       vertex 0.0442966 0.0039665 0.00849227
    endloop
  endfacet
  facet normal 0.0637114 0.699548 0.711739
    outer loop
       vertex 0.0442966 0.0039665 0.00849227
       vertex 0.0448006 0.00391051 0.00850217
       vertex 0.044321 0.00433108 0.00813175
    endloop
  endfacet
  facet normal 0.143224 0.741088 0.655953
    outer loop
       vertex 0.0448006 0.00391051 0.00850217
       vertex 0.0447784 0.00422384 0.00815303
       vertex 0.044321 0.00433108 0.00813175
    endloop
  endfacet
  facet normal 0.0150884 0.256221 0.9665
    outer loop
       vertex 0.044321 0.00433108 0.00813175
       vertex 0.0447784 0.00422384 0.00815303
       vertex 0.0443542 0.00482608 0.008
    endloop
  endfacet
  facet normal 0.169651 0.353278 0.920007
    outer loop
       vertex 0.0447784 0.00422384 0.00815303
       vertex 0.0447867 0.00466168 0.00798337
       vertex 0.0443542 0.00482608 0.008
    endloop
  endfacet
  facet normal 0.112959 0.963336 0.243359
    outer loop
       vertex 0.0448485 0.00379081 0.00895378
       vertex 0.0453997 0.00375404 0.0088435
       vertex 0.0448006 0.00391051 0.00850217
    endloop
  endfacet
  facet normal 0.129112 0.967603 0.216967
    outer loop
       vertex 0.0453997 0.00375404 0.0088435
       vertex 0.0452922 0.00385816 0.00844312
       vertex 0.0448006 0.00391051 0.00850217
    endloop
  endfacet
  facet normal 0.15737 0.739932 0.654015
    outer loop
       vertex 0.0448006 0.00391051 0.00850217
       vertex 0.0452922 0.00385816 0.00844312
       vertex 0.0447784 0.00422384 0.00815303
    endloop
  endfacet
  facet normal 0.221088 0.77759 0.588621
    outer loop
       vertex 0.0452922 0.00385816 0.00844312
       vertex 0.0452172 0.00412548 0.00811816
       vertex 0.0447784 0.00422384 0.00815303
    endloop
  endfacet
  facet normal 0.152794 0.354551 0.922468
    outer loop
       vertex 0.0447784 0.00422384 0.00815303
       vertex 0.0452172 0.00412548 0.00811816
       vertex 0.0447867 0.00466168 0.00798337
    endloop
  endfacet
  facet normal 0.288004 0.444442 0.848248
    outer loop
       vertex 0.0452172 0.00412548 0.00811816
       vertex 0.0451882 0.00450717 0.007928
       vertex 0.0447867 0.00466168 0.00798337
    endloop
  endfacet
  facet normal 0.420772 0.665296 0.616711
    outer loop
       vertex 0.0468843 0.00383746 0.00747
       vertex 0.0460661 0.0041283 0.00771452
       vertex 0.0461064 0.00391144 0.00792094
    endloop
  endfacet
  facet normal 0.438644 0.661057 0.608766
    outer loop
       vertex 0.0460661 0.0041283 0.00771452
       vertex 0.0460193 0.00414722 0.00772772
       vertex 0.0461064 0.00391144 0.00792094
    endloop
  endfacet
  facet normal 0.433948 0.661595 0.61154
    outer loop
       vertex 0.0461064 0.00391144 0.00792094
       vertex 0.0460193 0.00414722 0.00772772
       vertex 0.0451882 0.00450717 0.007928
    endloop
  endfacet
  facet normal 0.0801467 0.996694 0.0133037
    outer loop
       vertex 0.0483687 0.00355387 0.00701004
       vertex 0.0483575 0.00355473 0.0070135
       vertex 0.0483585 0.00355464 0.00701466
    endloop
  endfacet
  facet normal 0.085529 0.996296 0.00888795
    outer loop
       vertex 0.0483575 0.00355473 0.0070135
       vertex 0.0482825 0.00356096 0.00703665
       vertex 0.0483585 0.00355464 0.00701466
    endloop
  endfacet
  facet normal -0.0911473 0.828426 -0.552633
    outer loop
       vertex 0.0483585 0.00355464 0.00701466
       vertex 0.0482825 0.00356096 0.00703665
       vertex 0.0461064 0.00391144 0.00792094
    endloop
  endfacet
  facet normal 0.20315 0.972428 0.114515
    outer loop
       vertex 0.0482825 0.00356096 0.00703665
       vertex 0.0472169 0.00374466 0.00736708
       vertex 0.0461064 0.00391144 0.00792094
    endloop
  endfacet
  facet normal 0.375163 0.766381 0.521453
    outer loop
       vertex 0.0461064 0.00391144 0.00792094
       vertex 0.0472169 0.00374466 0.00736708
       vertex 0.0468843 0.00383746 0.00747
    endloop
  endfacet
  facet normal 0.0785166 0.99686 0.0103035
    outer loop
       vertex 0.0483603 0.00355447 0.00701696
       vertex 0.0483687 0.00355387 0.00701004
       vertex 0.0483594 0.00355455 0.00701581
    endloop
  endfacet
  facet normal 0.29454 0.443947 0.846261
    outer loop
       vertex 0.0451882 0.00450717 0.007928
       vertex 0.0452172 0.00412548 0.00811816
       vertex 0.0461064 0.00391144 0.00792094
    endloop
  endfacet
  facet normal 0.298001 0.863865 0.406119
    outer loop
       vertex 0.0452172 0.00412548 0.00811816
       vertex 0.0462274 0.00375361 0.0081679
       vertex 0.0461064 0.00391144 0.00792094
    endloop
  endfacet
  facet normal 0.299864 0.863699 0.4051
    outer loop
       vertex 0.0461064 0.00391144 0.00792094
       vertex 0.0462274 0.00375361 0.0081679
       vertex 0.0483585 0.00355464 0.00701466
    endloop
  endfacet
  facet normal 0.0933463 0.995633 0.000716554
    outer loop
       vertex 0.0462274 0.00375361 0.0081679
       vertex 0.0483594 0.00355455 0.00701581
       vertex 0.0483585 0.00355464 0.00701466
    endloop
  endfacet
  facet normal 0.0795902 0.996755 0.0120542
    outer loop
       vertex 0.0483585 0.00355464 0.00701466
       vertex 0.0483594 0.00355455 0.00701581
       vertex 0.0483687 0.00355387 0.00701004
    endloop
  endfacet
  facet normal 0.152729 0.977157 0.147774
    outer loop
       vertex 0.0452922 0.00385816 0.00844312
       vertex 0.04637 0.0036896 0.00844376
       vertex 0.0462274 0.00375361 0.0081679
    endloop
  endfacet
  facet normal 0.166791 0.975969 0.14023
    outer loop
       vertex 0.04637 0.0036896 0.00844376
       vertex 0.0483603 0.00355447 0.00701696
       vertex 0.0462274 0.00375361 0.0081679
    endloop
  endfacet
  facet normal 0.0923885 0.995722 -0.00107132
    outer loop
       vertex 0.0462274 0.00375361 0.0081679
       vertex 0.0483603 0.00355447 0.00701696
       vertex 0.0483594 0.00355455 0.00701581
    endloop
  endfacet
  facet normal 0.256693 0.774636 0.577968
    outer loop
       vertex 0.0452172 0.00412548 0.00811816
       vertex 0.0452922 0.00385816 0.00844312
       vertex 0.0462274 0.00375361 0.0081679
    endloop
  endfacet
  facet normal 0.150922 0.96584 0.210656
    outer loop
       vertex 0.0452922 0.00385816 0.00844312
       vertex 0.0453997 0.00375404 0.0088435
       vertex 0.04637 0.0036896 0.00844376
    endloop
  endfacet
  facet normal 0.728587 0.65558 0.198433
    outer loop
       vertex 0.0456619 0.00491865 0.007
       vertex 0.0456936 0.0047658 0.00738856
       vertex 0.0457512 0.00481928 0.00700048
    endloop
  endfacet
  facet normal 0.582742 0.788874 0.195167
    outer loop
       vertex 0.0456936 0.0047658 0.00738856
       vertex 0.0469097 0.00386655 0.00739212
       vertex 0.0457512 0.00481928 0.00700048
    endloop
  endfacet
  facet normal 0.581269 0.788872 0.19952
    outer loop
       vertex 0.0457512 0.00481928 0.00700048
       vertex 0.0469097 0.00386655 0.00739212
       vertex 0.0469445 0.00393867 0.00700566
    endloop
  endfacet
  facet normal 0.375358 0.904474 0.202568
    outer loop
       vertex 0.0469097 0.00386655 0.00739212
       vertex 0.0472169 0.00374466 0.00736708
       vertex 0.0469445 0.00393867 0.00700566
    endloop
  endfacet
  facet normal 0.257924 0.918806 0.298782
    outer loop
       vertex 0.0469445 0.00393867 0.00700566
       vertex 0.0472169 0.00374466 0.00736708
       vertex 0.0482832 0.00356152 0.00700982
    endloop
  endfacet
  facet normal 0.177353 0.98383 0.0249843
    outer loop
       vertex 0.0472169 0.00374466 0.00736708
       vertex 0.0482825 0.00356096 0.00703665
       vertex 0.0482832 0.00356152 0.00700982
    endloop
  endfacet
  facet normal 0.0898408 0.99569 0.0230171
    outer loop
       vertex 0.0482832 0.00356152 0.00700982
       vertex 0.0482825 0.00356096 0.00703665
       vertex 0.0483575 0.00355473 0.0070135
    endloop
  endfacet
  facet normal 0.735756 0.648542 0.19508
    outer loop
       vertex 0.0456619 0.00491865 0.007
       vertex 0.0456044 0.00486873 0.00738268
       vertex 0.0456936 0.0047658 0.00738856
    endloop
  endfacet
  facet normal 0.686412 0.616668 0.385433
    outer loop
       vertex 0.0456044 0.00486873 0.00738268
       vertex 0.0456027 0.00486721 0.00738823
       vertex 0.0456936 0.0047658 0.00738856
    endloop
  endfacet
  facet normal 0.614317 0.552606 0.563241
    outer loop
       vertex 0.0456936 0.0047658 0.00738856
       vertex 0.0456027 0.00486721 0.00738823
       vertex 0.0455302 0.00461399 0.00771573
    endloop
  endfacet
  facet normal 0.614987 0.552105 0.563002
    outer loop
       vertex 0.0456027 0.00486721 0.00738823
       vertex 0.0454343 0.00472095 0.00771556
       vertex 0.0455302 0.00461399 0.00771573
    endloop
  endfacet
  facet normal 0.405973 0.365182 0.837752
    outer loop
       vertex 0.0455302 0.00461399 0.00771573
       vertex 0.0454343 0.00472095 0.00771556
       vertex 0.0451882 0.00450717 0.007928
    endloop
  endfacet
  facet normal 0.441202 0.599325 0.667944
    outer loop
       vertex 0.0469097 0.00386655 0.00739212
       vertex 0.0456936 0.0047658 0.00738856
       vertex 0.0460661 0.0041283 0.00771452
    endloop
  endfacet
  facet normal 0.55619 0.612299 0.561909
    outer loop
       vertex 0.0456936 0.0047658 0.00738856
       vertex 0.0455302 0.00461399 0.00771573
       vertex 0.0460661 0.0041283 0.00771452
    endloop
  endfacet
  facet normal 0.404885 0.444759 0.79891
    outer loop
       vertex 0.0460661 0.0041283 0.00771452
       vertex 0.0455302 0.00461399 0.00771573
       vertex 0.0460193 0.00414722 0.00772772
    endloop
  endfacet
  facet normal 0.380421 0.419773 0.824057
    outer loop
       vertex 0.0455302 0.00461399 0.00771573
       vertex 0.0451882 0.00450717 0.007928
       vertex 0.0460193 0.00414722 0.00772772
    endloop
  endfacet
  facet normal 0.0888566 0.995163 0.0418975
    outer loop
       vertex 0.0483575 0.00355473 0.0070135
       vertex 0.0483687 0.00355387 0.00701004
       vertex 0.0482832 0.00356152 0.00700982
    endloop
  endfacet
  facet normal 0.363259 0.827747 0.427642
    outer loop
       vertex 0.0469097 0.00386655 0.00739212
       vertex 0.0468843 0.00383746 0.00747
       vertex 0.0472169 0.00374466 0.00736708
    endloop
  endfacet
  facet normal 0.414082 0.800155 0.433921
    outer loop
       vertex 0.0460661 0.0041283 0.00771452
       vertex 0.0468843 0.00383746 0.00747
       vertex 0.0469097 0.00386655 0.00739212
    endloop
  endfacet
  facet normal 0.743853 0.668343 0.00013598
    outer loop
       vertex 0.0456619 0.00491865 0.007
       vertex 0.0457512 0.00481928 0.00700048
       vertex 0.045644 0.00493918 0.00402774
    endloop
  endfacet
  facet normal 0.612354 0.790523 0.00980494
    outer loop
       vertex 0.0457512 0.00481928 0.00700048
       vertex 0.0468567 0.00400006 0.00400696
       vertex 0.045644 0.00493918 0.00402774
    endloop
  endfacet
  facet normal 0.612306 0.790616 0.00281235
    outer loop
       vertex 0.045644 0.00493918 0.00402774
       vertex 0.0468567 0.00400006 0.00400696
       vertex 0.0468293 0.00403369 0.00050248
    endloop
  endfacet
  facet normal 0.269732 0.962909 0.00713618
    outer loop
       vertex 0.0468567 0.00400006 0.00400696
       vertex 0.0483337 0.00358645 0.00398924
       vertex 0.0468293 0.00403369 0.00050248
    endloop
  endfacet
  facet normal 0.270117 0.962802 0.00695668
    outer loop
       vertex 0.0468293 0.00403369 0.00050248
       vertex 0.0483337 0.00358645 0.00398924
       vertex 0.0482949 0.00362251 0.000504603
    endloop
  endfacet
  facet normal 0.592052 0.805861 -0.00791389
    outer loop
       vertex 0.0457468 0.00482897 0.000500302
       vertex 0.045644 0.00493918 0.00402774
       vertex 0.0468293 0.00403369 0.00050248
    endloop
  endfacet
  facet normal 0.0890131 0.995983 0.00970679
    outer loop
       vertex 0.0483687 0.00355387 0.00701004
       vertex 0.0483337 0.00358645 0.00398924
       vertex 0.0482832 0.00356152 0.00700982
    endloop
  endfacet
  facet normal 0.269777 0.962842 0.0124542
    outer loop
       vertex 0.0483337 0.00358645 0.00398924
       vertex 0.0468567 0.00400006 0.00400696
       vertex 0.0482832 0.00356152 0.00700982
    endloop
  endfacet
  facet normal 0.271118 0.962474 0.0117634
    outer loop
       vertex 0.0482832 0.00356152 0.00700982
       vertex 0.0468567 0.00400006 0.00400696
       vertex 0.0469445 0.00393867 0.00700566
    endloop
  endfacet
  facet normal 0.59377 0.804634 -0.000919638
    outer loop
       vertex 0.0468567 0.00400006 0.00400696
       vertex 0.0457512 0.00481928 0.00700048
       vertex 0.0469445 0.00393867 0.00700566
    endloop
  endfacet
  facet normal 0.734546 0.678559 0.000218833
    outer loop
       vertex 0.0457468 0.00482897 0.000500302
       vertex 0.0456234 0.00496257 0.0005
       vertex 0.045644 0.00493918 0.00402774
    endloop
  endfacet
  facet normal 0.255848 0.966716 0.00158607
    outer loop
       vertex 0.0432964 0.00673674 0.0005
       vertex 0.0404676 0.00748541 0.0005
       vertex 0.0404157 0.00748847 0.007
    endloop
  endfacet
  facet normal -0.133556 0.99104 -0.00153204
    outer loop
       vertex 0.0404676 0.00748541 0.0005
       vertex 0.0375676 0.0070946 0.0005
       vertex 0.0404157 0.00748847 0.007
    endloop
  endfacet
  facet normal -0.144056 0.989564 0.00315862
    outer loop
       vertex 0.0404157 0.00748847 0.007
       vertex 0.0375676 0.0070946 0.0005
       vertex 0.0374665 0.00705914 0.007
    endloop
  endfacet
  facet normal -0.333332 0.942809 -3.95587e-05
    outer loop
       vertex 0.0375676 0.0070946 0.0005
       vertex 0.0374327 0.00704689 0.0005
       vertex 0.0374665 0.00705914 0.007
    endloop
  endfacet
  facet normal -0.510853 0.859667 0.00104178
    outer loop
       vertex 0.0374665 0.00705914 0.007
       vertex 0.0374327 0.00704689 0.0005
       vertex 0.0350379 0.0056238 0.0005
    endloop
  endfacet
  facet normal 0.608989 0.793178 0.00108335
    outer loop
       vertex 0.045644 0.00493918 0.00402774
       vertex 0.0433316 0.00671942 0.0005
       vertex 0.0432993 0.00673533 0.007
    endloop
  endfacet
  facet normal 0.441827 0.8971 -1.54993e-06
    outer loop
       vertex 0.0433316 0.00671942 0.0005
       vertex 0.0432964 0.00673674 0.0005
       vertex 0.0432993 0.00673533 0.007
    endloop
  endfacet
  facet normal 0.252706 0.967543 9.78928e-05
    outer loop
       vertex 0.0432993 0.00673533 0.007
       vertex 0.0432964 0.00673674 0.0005
       vertex 0.0404157 0.00748847 0.007
    endloop
  endfacet
  facet normal 0.609563 0.792735 0.00180403
    outer loop
       vertex 0.0432993 0.00673533 0.007
       vertex 0.0456619 0.00491865 0.007
       vertex 0.045644 0.00493918 0.00402774
    endloop
  endfacet
  facet normal -0.517498 0.855673 0.00440676
    outer loop
       vertex 0.0349741 0.00556686 0.00406492
       vertex 0.0374665 0.00705914 0.007
       vertex 0.0350379 0.0056238 0.0005
    endloop
  endfacet
  facet normal -0.518065 0.855326 0.00506488
    outer loop
       vertex 0.0349741 0.00556686 0.00406492
       vertex 0.0349174 0.00551513 0.007
       vertex 0.0374665 0.00705914 0.007
    endloop
  endfacet
  facet normal 0.60838 0.793644 0.00171713
    outer loop
       vertex 0.045644 0.00493918 0.00402774
       vertex 0.0456234 0.00496257 0.0005
       vertex 0.0433316 0.00671942 0.0005
    endloop
  endfacet
  facet normal 0.0539505 0.1923 -0.979852
    outer loop
       vertex 0.0482539 0.00312421 0
       vertex 0.0466052 0.00358677 0
       vertex 0.0482697 0.00331597 3.85018e-05
    endloop
  endfacet
  facet normal 0.0538655 0.191762 -0.979962
    outer loop
       vertex 0.0466052 0.00358677 0
       vertex 0.0466912 0.00375831 3.82979e-05
       vertex 0.0482697 0.00331597 3.85018e-05
    endloop
  endfacet
  facet normal 0.152699 0.54451 -0.824737
    outer loop
       vertex 0.0482697 0.00331597 3.85018e-05
       vertex 0.0466912 0.00375831 3.82979e-05
       vertex 0.048283 0.00347819 0.000148078
    endloop
  endfacet
  facet normal 0.152526 0.543172 -0.825652
    outer loop
       vertex 0.0466912 0.00375831 3.82979e-05
       vertex 0.0467641 0.00390357 0.000147325
       vertex 0.048283 0.00347819 0.000148078
    endloop
  endfacet
  facet normal 0.226581 0.808103 -0.543718
    outer loop
       vertex 0.048283 0.00347819 0.000148078
       vertex 0.0467641 0.00390357 0.000147325
       vertex 0.0482919 0.0035859 0.000311852
    endloop
  endfacet
  facet normal 0.226513 0.806626 -0.545936
    outer loop
       vertex 0.0467641 0.00390357 0.000147325
       vertex 0.0468126 0.00400031 0.000310378
       vertex 0.0482919 0.0035859 0.000311852
    endloop
  endfacet
  facet normal 0.265325 0.946458 -0.183903
    outer loop
       vertex 0.0482919 0.0035859 0.000311852
       vertex 0.0468126 0.00400031 0.000310378
       vertex 0.0482949 0.00362251 0.000504603
    endloop
  endfacet
  facet normal 0.265595 0.945682 -0.187471
    outer loop
       vertex 0.0468126 0.00400031 0.000310378
       vertex 0.0468293 0.00403369 0.00050248
       vertex 0.0482949 0.00362251 0.000504603
    endloop
  endfacet
  facet normal 0.117467 0.159894 -0.98012
    outer loop
       vertex 0.0466052 0.00358677 0
       vertex 0.0453874 0.00448143 0
       vertex 0.0466912 0.00375831 3.82979e-05
    endloop
  endfacet
  facet normal 0.117201 0.159409 -0.980231
    outer loop
       vertex 0.0453874 0.00448143 0
       vertex 0.045525 0.00461447 3.80891e-05
       vertex 0.0466912 0.00375831 3.82979e-05
    endloop
  endfacet
  facet normal 0.333026 0.453436 -0.826734
    outer loop
       vertex 0.0466912 0.00375831 3.82979e-05
       vertex 0.045525 0.00461447 3.80891e-05
       vertex 0.0467641 0.00390357 0.000147325
    endloop
  endfacet
  facet normal 0.332401 0.452204 -0.82766
    outer loop
       vertex 0.045525 0.00461447 3.80891e-05
       vertex 0.0456416 0.00472725 0.000146553
       vertex 0.0467641 0.00390357 0.000147325
    endloop
  endfacet
  facet normal 0.495305 0.674464 -0.547514
    outer loop
       vertex 0.0467641 0.00390357 0.000147325
       vertex 0.0456416 0.00472725 0.000146553
       vertex 0.0468126 0.00400031 0.000310378
    endloop
  endfacet
  facet normal 0.494733 0.673029 -0.549792
    outer loop
       vertex 0.0456416 0.00472725 0.000146553
       vertex 0.0457195 0.00480257 0.000308867
       vertex 0.0468126 0.00400031 0.000310378
    endloop
  endfacet
  facet normal 0.581284 0.791635 -0.18821
    outer loop
       vertex 0.0468126 0.00400031 0.000310378
       vertex 0.0457195 0.00480257 0.000308867
       vertex 0.0468293 0.00403369 0.00050248
    endloop
  endfacet
  facet normal 0.581304 0.790727 -0.191931
    outer loop
       vertex 0.0457195 0.00480257 0.000308867
       vertex 0.0457468 0.00482897 0.000500302
       vertex 0.0468293 0.00403369 0.00050248
    endloop
  endfacet
  facet normal 0.143399 0.132464 -0.98076
    outer loop
       vertex 0.0453874 0.00448143 0
       vertex 0.0452485 0.00463173 0
       vertex 0.045525 0.00461447 3.80891e-05
    endloop
  endfacet
  facet normal 0.143394 0.13235 -0.980776
    outer loop
       vertex 0.0452485 0.00463173 0
       vertex 0.045392 0.00475834 3.80602e-05
       vertex 0.045525 0.00461447 3.80891e-05
    endloop
  endfacet
  facet normal 0.408266 0.377215 -0.831281
    outer loop
       vertex 0.045525 0.00461447 3.80891e-05
       vertex 0.045392 0.00475834 3.80602e-05
       vertex 0.0456416 0.00472725 0.000146553
    endloop
  endfacet
  facet normal 0.408283 0.376933 -0.8314
    outer loop
       vertex 0.045392 0.00475834 3.80602e-05
       vertex 0.0455136 0.00486567 0.000146447
       vertex 0.0456416 0.00472725 0.000146553
    endloop
  endfacet
  facet normal 0.610859 0.564486 -0.555164
    outer loop
       vertex 0.0456416 0.00472725 0.000146553
       vertex 0.0455136 0.00486567 0.000146447
       vertex 0.0457195 0.00480257 0.000308867
    endloop
  endfacet
  facet normal 0.610977 0.564043 -0.555485
    outer loop
       vertex 0.0455136 0.00486567 0.000146447
       vertex 0.0455949 0.00493739 0.000308658
       vertex 0.0457195 0.00480257 0.000308867
    endloop
  endfacet
  facet normal 0.720372 0.665749 -0.194532
    outer loop
       vertex 0.0457195 0.00480257 0.000308867
       vertex 0.0455949 0.00493739 0.000308658
       vertex 0.0457468 0.00482897 0.000500302
    endloop
  endfacet
  facet normal 0.720662 0.665292 -0.19502
    outer loop
       vertex 0.0455949 0.00493739 0.000308658
       vertex 0.0456234 0.00496257 0.0005
       vertex 0.0457468 0.00482897 0.000500302
    endloop
  endfacet
  facet normal -0.0415191 0.998798 0.0260573
    outer loop
       vertex 0.0321151 0.00447357 0.00639116
       vertex 0.0326501 0.00447927 0.0070253
       vertex 0.032168 0.00453924 0.00395826
    endloop
  endfacet
  facet normal -0.160004 0.986116 0.0444347
    outer loop
       vertex 0.0326501 0.00447927 0.0070253
       vertex 0.0336708 0.00478088 0.00400742
       vertex 0.032168 0.00453924 0.00395826
    endloop
  endfacet
  facet normal -0.159293 0.987067 0.0180085
    outer loop
       vertex 0.032168 0.00453924 0.00395826
       vertex 0.0336708 0.00478088 0.00400742
       vertex 0.0337349 0.00485509 0.000506533
    endloop
  endfacet
  facet normal -0.516711 0.856116 0.00869372
    outer loop
       vertex 0.0336708 0.00478088 0.00400742
       vertex 0.0349741 0.00556686 0.00406492
       vertex 0.0337349 0.00485509 0.000506533
    endloop
  endfacet
  facet normal -0.508108 0.861281 0.00466441
    outer loop
       vertex 0.0337349 0.00485509 0.000506533
       vertex 0.0349741 0.00556686 0.00406492
       vertex 0.0350379 0.0056238 0.0005
    endloop
  endfacet
  facet normal -0.17337 0.984791 0.0114096
    outer loop
       vertex 0.0324105 0.00462187 0.000511591
       vertex 0.032168 0.00453924 0.00395826
       vertex 0.0337349 0.00485509 0.000506533
    endloop
  endfacet
  facet normal -0.0441384 0.998625 0.0282687
    outer loop
       vertex 0.0321151 0.00447357 0.00639116
       vertex 0.0321068 0.00445513 0.00702979
       vertex 0.0326501 0.00447927 0.0070253
    endloop
  endfacet
  facet normal -0.25469 0.966966 0.0104947
    outer loop
       vertex 0.0326501 0.00447927 0.0070253
       vertex 0.0337719 0.00477487 0.00701431
       vertex 0.0336708 0.00478088 0.00400742
    endloop
  endfacet
  facet normal -0.542506 0.839816 0.0199176
    outer loop
       vertex 0.0337719 0.00477487 0.00701431
       vertex 0.0349174 0.00551513 0.007
       vertex 0.0336708 0.00478088 0.00400742
    endloop
  endfacet
  facet normal -0.516608 0.856207 0.00510856
    outer loop
       vertex 0.0336708 0.00478088 0.00400742
       vertex 0.0349174 0.00551513 0.007
       vertex 0.0349741 0.00556686 0.00406492
    endloop
  endfacet
  facet normal 0.0159907 0.999557 0.0250871
    outer loop
       vertex 0.0324105 0.00462187 0.000511591
       vertex 0.0322388 0.0046246 0.000512152
       vertex 0.032168 0.00453924 0.00395826
    endloop
  endfacet
  facet normal -0.493328 0.848506 -0.19148
    outer loop
       vertex 0.035063 0.00559526 0.000308658
       vertex 0.0350379 0.0056238 0.0005
       vertex 0.0375799 0.0070586 0.000308658
    endloop
  endfacet
  facet normal -0.483571 0.813758 -0.322423
    outer loop
       vertex 0.0350379 0.0056238 0.0005
       vertex 0.0374327 0.00704689 0.0005
       vertex 0.0375799 0.0070586 0.000308658
    endloop
  endfacet
  facet normal -0.326929 0.924696 -0.195075
    outer loop
       vertex 0.0375799 0.0070586 0.000308658
       vertex 0.0374327 0.00704689 0.0005
       vertex 0.0375676 0.0070946 0.0005
    endloop
  endfacet
  facet normal -0.0265458 0.196982 -0.980048
    outer loop
       vertex 0.0404364 0.00698638 4.33681e-19
       vertex 0.0377297 0.00662162 4.33681e-19
       vertex 0.0404483 0.00717735 3.80602e-05
    endloop
  endfacet
  facet normal -0.0265456 0.196981 -0.980048
    outer loop
       vertex 0.0377297 0.00662162 4.33681e-19
       vertex 0.0376677 0.00680262 3.80602e-05
       vertex 0.0404483 0.00717735 3.80602e-05
    endloop
  endfacet
  facet normal -0.0751948 0.557981 -0.82644
    outer loop
       vertex 0.0404483 0.00717735 3.80602e-05
       vertex 0.0376677 0.00680262 3.80602e-05
       vertex 0.0404585 0.00733925 0.000146447
    endloop
  endfacet
  facet normal -0.075195 0.557982 -0.826439
    outer loop
       vertex 0.0376677 0.00680262 3.80602e-05
       vertex 0.0376151 0.00695607 0.000146447
       vertex 0.0404585 0.00733925 0.000146447
    endloop
  endfacet
  facet normal -0.111705 0.828906 -0.548121
    outer loop
       vertex 0.0404585 0.00733925 0.000146447
       vertex 0.0376151 0.00695607 0.000146447
       vertex 0.0404652 0.00744742 0.000308658
    endloop
  endfacet
  facet normal -0.111705 0.828906 -0.548121
    outer loop
       vertex 0.0376151 0.00695607 0.000146447
       vertex 0.0375799 0.0070586 0.000308658
       vertex 0.0404652 0.00744742 0.000308658
    endloop
  endfacet
  facet normal -0.131084 0.972703 -0.191484
    outer loop
       vertex 0.0404652 0.00744742 0.000308658
       vertex 0.0375799 0.0070586 0.000308658
       vertex 0.0404676 0.00748541 0.0005
    endloop
  endfacet
  facet normal -0.131085 0.972704 -0.191477
    outer loop
       vertex 0.0375799 0.0070586 0.000308658
       vertex 0.0375676 0.0070946 0.0005
       vertex 0.0404676 0.00748541 0.0005
    endloop
  endfacet
  facet normal 0.050853 0.192147 -0.980048
    outer loop
       vertex 0.0430766 0.00628763 4.33681e-19
       vertex 0.0404364 0.00698638 4.33681e-19
       vertex 0.0431607 0.0064595 3.80602e-05
    endloop
  endfacet
  facet normal 0.0508527 0.192146 -0.980048
    outer loop
       vertex 0.0404364 0.00698638 4.33681e-19
       vertex 0.0404483 0.00717735 3.80602e-05
       vertex 0.0431607 0.0064595 3.80602e-05
    endloop
  endfacet
  facet normal 0.14405 0.54429 -0.826437
    outer loop
       vertex 0.0431607 0.0064595 3.80602e-05
       vertex 0.0404483 0.00717735 3.80602e-05
       vertex 0.043232 0.0066052 0.000146447
    endloop
  endfacet
  facet normal 0.14405 0.544289 -0.826437
    outer loop
       vertex 0.0404483 0.00717735 3.80602e-05
       vertex 0.0404585 0.00733925 0.000146447
       vertex 0.043232 0.0066052 0.000146447
    endloop
  endfacet
  facet normal 0.21399 0.808557 -0.548127
    outer loop
       vertex 0.043232 0.0066052 0.000146447
       vertex 0.0404585 0.00733925 0.000146447
       vertex 0.0432797 0.00670256 0.000308658
    endloop
  endfacet
  facet normal 0.213991 0.808559 -0.548124
    outer loop
       vertex 0.0404585 0.00733925 0.000146447
       vertex 0.0404652 0.00744742 0.000308658
       vertex 0.0432797 0.00670256 0.000308658
    endloop
  endfacet
  facet normal 0.251114 0.948829 -0.191479
    outer loop
       vertex 0.0432797 0.00670256 0.000308658
       vertex 0.0404652 0.00744742 0.000308658
       vertex 0.0432964 0.00673674 0.0005
    endloop
  endfacet
  facet normal 0.251114 0.94883 -0.191476
    outer loop
       vertex 0.0404652 0.00744742 0.000308658
       vertex 0.0404676 0.00748541 0.0005
       vertex 0.0432964 0.00673674 0.0005
    endloop
  endfacet
  facet normal 0.433337 0.879863 -0.195088
    outer loop
       vertex 0.0432964 0.00673674 0.0005
       vertex 0.0433316 0.00671942 0.0005
       vertex 0.0432797 0.00670256 0.000308658
    endloop
  endfacet
  facet normal 0.590283 0.774221 -0.228358
    outer loop
       vertex 0.0433316 0.00671942 0.0005
       vertex 0.0455949 0.00493739 0.000308658
       vertex 0.0432797 0.00670256 0.000308658
    endloop
  endfacet
  facet normal 0.507107 0.665127 -0.548132
    outer loop
       vertex 0.0432797 0.00670256 0.000308658
       vertex 0.0455949 0.00493739 0.000308658
       vertex 0.043232 0.0066052 0.000146447
    endloop
  endfacet
  facet normal 0.507106 0.665126 -0.548134
    outer loop
       vertex 0.0455949 0.00493739 0.000308658
       vertex 0.0455136 0.00486567 0.000146447
       vertex 0.043232 0.0066052 0.000146447
    endloop
  endfacet
  facet normal 0.341369 0.447744 -0.826433
    outer loop
       vertex 0.043232 0.0066052 0.000146447
       vertex 0.0455136 0.00486567 0.000146447
       vertex 0.0431607 0.0064595 3.80602e-05
    endloop
  endfacet
  facet normal 0.341368 0.447742 -0.826435
    outer loop
       vertex 0.0455136 0.00486567 0.000146447
       vertex 0.045392 0.00475834 3.80602e-05
       vertex 0.0431607 0.0064595 3.80602e-05
    endloop
  endfacet
  facet normal 0.12051 0.158063 -0.980048
    outer loop
       vertex 0.0431607 0.0064595 3.80602e-05
       vertex 0.045392 0.00475834 3.80602e-05
       vertex 0.0430766 0.00628763 4.33681e-19
    endloop
  endfacet
  facet normal 0.12051 0.158062 -0.980048
    outer loop
       vertex 0.045392 0.00475834 3.80602e-05
       vertex 0.0452485 0.00463173 0
       vertex 0.0430766 0.00628763 4.33681e-19
    endloop
  endfacet
  facet normal -0.0999023 0.171828 -0.980048
    outer loop
       vertex 0.0377297 0.00662162 4.33681e-19
       vertex 0.0353687 0.00524888 0
       vertex 0.0376677 0.00680262 3.80602e-05
    endloop
  endfacet
  facet normal -0.0999017 0.171827 -0.980048
    outer loop
       vertex 0.0353687 0.00524888 0
       vertex 0.0352421 0.00539236 3.80602e-05
       vertex 0.0376677 0.00680262 3.80602e-05
    endloop
  endfacet
  facet normal -0.282993 0.486738 -0.826439
    outer loop
       vertex 0.0376677 0.00680262 3.80602e-05
       vertex 0.0352421 0.00539236 3.80602e-05
       vertex 0.0376151 0.00695607 0.000146447
    endloop
  endfacet
  facet normal -0.282995 0.486741 -0.826437
    outer loop
       vertex 0.0352421 0.00539236 3.80602e-05
       vertex 0.0351348 0.00551399 0.000146447
       vertex 0.0376151 0.00695607 0.000146447
    endloop
  endfacet
  facet normal -0.4204 0.723071 -0.548117
    outer loop
       vertex 0.0376151 0.00695607 0.000146447
       vertex 0.0351348 0.00551399 0.000146447
       vertex 0.0375799 0.0070586 0.000308658
    endloop
  endfacet
  facet normal -0.420398 0.723069 -0.548121
    outer loop
       vertex 0.0351348 0.00551399 0.000146447
       vertex 0.035063 0.00559526 0.000308658
       vertex 0.0375799 0.0070586 0.000308658
    endloop
  endfacet
  facet normal 0.597115 0.778948 -0.191557
    outer loop
       vertex 0.0433316 0.00671942 0.0005
       vertex 0.0456234 0.00496257 0.0005
       vertex 0.0455949 0.00493739 0.000308658
    endloop
  endfacet
  facet normal -0.10087 0.170986 -0.980096
    outer loop
       vertex 0.0353687 0.00524888 0
       vertex 0.033903 0.00438425 0
       vertex 0.0352421 0.00539236 3.80602e-05
    endloop
  endfacet
  facet normal -0.101888 0.172325 -0.979757
    outer loop
       vertex 0.033903 0.00438425 0
       vertex 0.0338382 0.00456587 3.86878e-05
       vertex 0.0352421 0.00539236 3.80602e-05
    endloop
  endfacet
  facet normal -0.285684 0.484642 -0.826744
    outer loop
       vertex 0.0352421 0.00539236 3.80602e-05
       vertex 0.0338382 0.00456587 3.86878e-05
       vertex 0.0351348 0.00551399 0.000146447
    endloop
  endfacet
  facet normal -0.288276 0.487868 -0.823943
    outer loop
       vertex 0.0338382 0.00456587 3.86878e-05
       vertex 0.0337834 0.00471938 0.000148764
       vertex 0.0351348 0.00551399 0.000146447
    endloop
  endfacet
  facet normal -0.424493 0.720337 -0.548562
    outer loop
       vertex 0.0351348 0.00551399 0.000146447
       vertex 0.0337834 0.00471938 0.000148764
       vertex 0.035063 0.00559526 0.000308658
    endloop
  endfacet
  facet normal -0.427606 0.723641 -0.541753
    outer loop
       vertex 0.0337834 0.00471938 0.000148764
       vertex 0.0337471 0.00482103 0.000313195
       vertex 0.035063 0.00559526 0.000308658
    endloop
  endfacet
  facet normal -0.498167 0.845627 -0.191687
    outer loop
       vertex 0.035063 0.00559526 0.000308658
       vertex 0.0337471 0.00482103 0.000313195
       vertex 0.0350379 0.0056238 0.0005
    endloop
  endfacet
  facet normal -0.500444 0.846716 -0.180632
    outer loop
       vertex 0.0337471 0.00482103 0.000313195
       vertex 0.0337349 0.00485509 0.000506533
       vertex 0.0350379 0.0056238 0.0005
    endloop
  endfacet
  facet normal -0.0345699 0.196396 -0.979915
    outer loop
       vertex 0.033903 0.00438425 0
       vertex 0.0324132 0.00412201 0
       vertex 0.0338382 0.00456587 3.86878e-05
    endloop
  endfacet
  facet normal -0.0349614 0.19763 -0.979653
    outer loop
       vertex 0.0324132 0.00412201 0
       vertex 0.0324121 0.00431602 3.9177e-05
       vertex 0.0338382 0.00456587 3.86878e-05
    endloop
  endfacet
  facet normal -0.0978059 0.556629 -0.824984
    outer loop
       vertex 0.0338382 0.00456587 3.86878e-05
       vertex 0.0324121 0.00431602 3.9177e-05
       vertex 0.0337834 0.00471938 0.000148764
    endloop
  endfacet
  facet normal -0.0988704 0.559656 -0.822806
    outer loop
       vertex 0.0324121 0.00431602 3.9177e-05
       vertex 0.0324112 0.00447963 0.000150569
       vertex 0.0337834 0.00471938 0.000148764
    endloop
  endfacet
  facet normal -0.145201 0.826918 -0.543253
    outer loop
       vertex 0.0337834 0.00471938 0.000148764
       vertex 0.0324112 0.00447963 0.000150569
       vertex 0.0337471 0.00482103 0.000313195
    endloop
  endfacet
  facet normal -0.146667 0.830124 -0.537944
    outer loop
       vertex 0.0324112 0.00447963 0.000150569
       vertex 0.0324107 0.0045872 0.000316719
       vertex 0.0337471 0.00482103 0.000313195
    endloop
  endfacet
  facet normal -0.16996 0.968626 -0.181319
    outer loop
       vertex 0.0337471 0.00482103 0.000313195
       vertex 0.0324107 0.0045872 0.000316719
       vertex 0.0337349 0.00485509 0.000506533
    endloop
  endfacet
  facet normal -0.171457 0.969933 -0.172722
    outer loop
       vertex 0.0324107 0.0045872 0.000316719
       vertex 0.0324105 0.00462187 0.000511591
       vertex 0.0337349 0.00485509 0.000506533
    endloop
  endfacet
  facet normal 0.00316573 0.19795 -0.980207
    outer loop
       vertex 0.0324132 0.00412201 0
       vertex 0.0322201 0.0041251 0
       vertex 0.0324121 0.00431602 3.9177e-05
    endloop
  endfacet
  facet normal 0.0450245 0.157138 -0.98655
    outer loop
       vertex 0.0322201 0.0041251 0
       vertex 0.0322259 0.00428181 2.52284e-05
       vertex 0.0324121 0.00431602 3.9177e-05
    endloop
  endfacet
  facet normal -0.0414182 0.562147 -0.826
    outer loop
       vertex 0.0324121 0.00431602 3.9177e-05
       vertex 0.0322259 0.00428181 2.52284e-05
       vertex 0.0324112 0.00447963 0.000150569
    endloop
  endfacet
  facet normal 0.11249 0.45448 -0.883625
    outer loop
       vertex 0.0322259 0.00428181 2.52284e-05
       vertex 0.0322312 0.0044227 9.83679e-05
       vertex 0.0324112 0.00447963 0.000150569
    endloop
  endfacet
  facet normal 0.0103966 0.657734 -0.753179
    outer loop
       vertex 0.0324112 0.00447963 0.000150569
       vertex 0.0322312 0.0044227 9.83679e-05
       vertex 0.0322335 0.00448267 0.000150769
    endloop
  endfacet
  facet normal 0.0153291 0.990759 -0.134764
    outer loop
       vertex 0.0322388 0.0046246 0.000512152
       vertex 0.0324105 0.00462187 0.000511591
       vertex 0.032238 0.0046032 0.000354766
    endloop
  endfacet
  facet normal 0.0525997 0.983187 -0.174861
    outer loop
       vertex 0.0324105 0.00462187 0.000511591
       vertex 0.0324107 0.0045872 0.000316719
       vertex 0.032238 0.0046032 0.000354766
    endloop
  endfacet
  facet normal -0.0132604 0.898741 -0.438279
    outer loop
       vertex 0.032238 0.0046032 0.000354766
       vertex 0.0324107 0.0045872 0.000316719
       vertex 0.0322354 0.00453356 0.000212038
    endloop
  endfacet
  facet normal 0.0674052 0.837633 -0.542058
    outer loop
       vertex 0.0324107 0.0045872 0.000316719
       vertex 0.0324112 0.00447963 0.000150569
       vertex 0.0322354 0.00453356 0.000212038
    endloop
  endfacet
  facet normal 0.0124275 0.768987 -0.639143
    outer loop
       vertex 0.0322354 0.00453356 0.000212038
       vertex 0.0324112 0.00447963 0.000150569
       vertex 0.0322335 0.00448267 0.000150769
    endloop
  endfacet
  facet normal 4.25032e-16 -8.63378e-17 -1
    outer loop
       vertex 0.00102747 0.000458866 0
       vertex 0.00141833 0.00112729 1.0842e-19
       vertex 0.000934259 1.14069e-19 0
    endloop
  endfacet
  facet normal -3.33529e-16 2.39401e-16 -1
    outer loop
       vertex 0.00141833 0.00112729 1.0842e-19
       vertex 0.00234875 0.00197064 0
       vertex 0.000934259 1.14069e-19 0
    endloop
  endfacet
  facet normal 0 0 -1
    outer loop
       vertex 0.000934259 1.14069e-19 0
       vertex 0.00234875 0.00197064 0
       vertex 0.00453747 0.00299975 0
    endloop
  endfacet
  facet normal 3.31329e-17 -5.10366e-18 -1
    outer loop
       vertex 0.0103129 -0.00407239 0
       vertex 0.00710631 -0.00364573 -1.0842e-19
       vertex 0.00825807 0.00383149 -1.0842e-19
    endloop
  endfacet
  facet normal -3.24685e-17 5.00133e-18 -1
    outer loop
       vertex 0.00710631 -0.00364573 -1.0842e-19
       vertex 0.00390212 -0.00276897 0
       vertex 0.00825807 0.00383149 -1.0842e-19
    endloop
  endfacet
  facet normal -2.98761e-17 3.29045e-18 -1
    outer loop
       vertex 0.00825807 0.00383149 -1.0842e-19
       vertex 0.00390212 -0.00276897 0
       vertex 0.00453747 0.00299975 0
    endloop
  endfacet
  facet normal -6.71763e-17 7.39857e-18 -1
    outer loop
       vertex 0.00390212 -0.00276897 0
       vertex 0.00237417 -0.00198797 1.0842e-19
       vertex 0.00453747 0.00299975 0
    endloop
  endfacet
  facet normal 6.90181e-17 -5.16722e-17 -1
    outer loop
       vertex 0.00453747 0.00299975 0
       vertex 0.00237417 -0.00198797 1.0842e-19
       vertex 0.0014334 -0.00114632 0
    endloop
  endfacet
  facet normal -1.44048e-16 1.07845e-16 -1
    outer loop
       vertex 0.0014334 -0.00114632 0
       vertex 0.00108842 -0.000601771 1.0842e-19
       vertex 0.00453747 0.00299975 0
    endloop
  endfacet
  facet normal -2.36422e-17 -7.46277e-18 -1
    outer loop
       vertex 0.00108842 -0.000601771 1.0842e-19
       vertex 0.000944806 -0.000146786 1.0842e-19
       vertex 0.00453747 0.00299975 0
    endloop
  endfacet
  facet normal 5.80214e-16 -6.96935e-16 -1
    outer loop
       vertex 0.00453747 0.00299975 0
       vertex 0.000944806 -0.000146786 1.0842e-19
       vertex 0.000934259 1.14069e-19 0
    endloop
  endfacet
  facet normal -0 -0 -1
    outer loop
       vertex 0.0322201 0.0041251 0
       vertex 0.0322201 -0.0041251 0
       vertex 0.023021 0.00429936 0
    endloop
  endfacet
  facet normal 1.031e-17 1.1258e-17 -1
    outer loop
       vertex 0.0322201 -0.0041251 0
       vertex 0.0219159 -0.00431913 -1.0842e-19
       vertex 0.023021 0.00429936 0
    endloop
  endfacet
  facet normal -4.56361e-20 1.25858e-17 -1
    outer loop
       vertex 0.023021 0.00429936 0
       vertex 0.0219159 -0.00431913 -1.0842e-19
       vertex 0.0130213 0.0042631 0
    endloop
  endfacet
  facet normal -1.56597e-17 -3.59661e-18 -1
    outer loop
       vertex 0.0219159 -0.00431913 -1.0842e-19
       vertex 0.0149954 -0.00433208 0
       vertex 0.0130213 0.0042631 0
    endloop
  endfacet
  facet normal 0 -0 -1
    outer loop
       vertex 0.0130213 0.0042631 0
       vertex 0.0149954 -0.00433208 0
       vertex 0.0103129 -0.00407239 0
    endloop
  endfacet
  facet normal 0 -0 -1
    outer loop
       vertex 0.0404364 0.00698638 4.33681e-19
       vertex 0.0430766 0.00628763 4.33681e-19
       vertex 0.0377297 0.00662162 4.33681e-19
    endloop
  endfacet
  facet normal -0 0 -1
    outer loop
       vertex 0.0430766 0.00628763 4.33681e-19
       vertex 0.0377297 -0.00662162 4.33681e-19
       vertex 0.0377297 0.00662162 4.33681e-19
    endloop
  endfacet
  facet normal 1.8368e-16 0 -1
    outer loop
       vertex 0.0377297 0.00662162 4.33681e-19
       vertex 0.0377297 -0.00662162 4.33681e-19
       vertex 0.0353687 0.00524888 0
    endloop
  endfacet
  facet normal 1.92893e-17 -3.26976e-17 -1
    outer loop
       vertex 0.0377297 -0.00662162 4.33681e-19
       vertex 0.033903 0.00438425 0
       vertex 0.0353687 0.00524888 0
    endloop
  endfacet
  facet normal 0 0 -1
    outer loop
       vertex 0.0482539 -0.00312421 0
       vertex 0.0482539 0.00312421 0
       vertex 0.0693963 -0.000970002 0
    endloop
  endfacet
  facet normal -1.05961e-17 -5.47181e-17 -1
    outer loop
       vertex 0.0482539 0.00312421 0
       vertex 0.0699614 0.000901989 -1.0842e-19
       vertex 0.0693963 -0.000970002 0
    endloop
  endfacet
  facet normal 7.71636e-18 -6.02466e-17 -1
    outer loop
       vertex 0.0693963 -0.000970002 0
       vertex 0.0699614 0.000901989 -1.0842e-19
       vertex 0.0769697 -1.08461e-15 0
    endloop
  endfacet
  facet normal 2.34524e-17 -7.62033e-18 -1
    outer loop
       vertex 0.00825807 0.00383149 -1.0842e-19
       vertex 0.0130213 0.0042631 0
       vertex 0.0103129 -0.00407239 0
    endloop
  endfacet
  facet normal -0 0 -1
    outer loop
       vertex 0.046605 -0.00358686 0
       vertex 0.0452485 -0.00463173 0
       vertex 0.0466052 0.00358677 0
    endloop
  endfacet
  facet normal -9.80416e-17 1.61839e-17 -1
    outer loop
       vertex 0.0452485 -0.00463173 0
       vertex 0.0404364 -0.00698638 4.33681e-19
       vertex 0.0466052 0.00358677 0
    endloop
  endfacet
  facet normal -2.10927e-17 -2.8711e-17 -1
    outer loop
       vertex 0.0466052 0.00358677 0
       vertex 0.0404364 -0.00698638 4.33681e-19
       vertex 0.0453874 0.00448143 0
    endloop
  endfacet
  facet normal -4.81614e-18 -3.5738e-17 -1
    outer loop
       vertex 0.0404364 -0.00698638 4.33681e-19
       vertex 0.0377297 -0.00662162 4.33681e-19
       vertex 0.0453874 0.00448143 0
    endloop
  endfacet
  facet normal -2.4209e-17 -2.2363e-17 -1
    outer loop
       vertex 0.0453874 0.00448143 0
       vertex 0.0377297 -0.00662162 4.33681e-19
       vertex 0.0452485 0.00463173 0
    endloop
  endfacet
  facet normal -1.51756e-16 6.28561e-17 -1
    outer loop
       vertex 0.0377297 -0.00662162 4.33681e-19
       vertex 0.0430766 0.00628763 4.33681e-19
       vertex 0.0452485 0.00463173 0
    endloop
  endfacet
  facet normal 0 0 -1
    outer loop
       vertex 0.0353687 -0.00524888 0
       vertex 0.0352208 -0.00512399 0
       vertex 0.033903 0.00438425 0
    endloop
  endfacet
  facet normal 0 0 -1
    outer loop
       vertex 0.0352208 -0.00512399 0
       vertex 0.0339023 -0.00438399 0
       vertex 0.033903 0.00438425 0
    endloop
  endfacet
  facet normal 0 0 -1
    outer loop
       vertex 0.033903 0.00438425 0
       vertex 0.0339023 -0.00438399 0
       vertex 0.0324132 0.00412201 0
    endloop
  endfacet
  facet normal 0 0 -1
    outer loop
       vertex 0.0339023 -0.00438399 0
       vertex 0.0322201 -0.0041251 0
       vertex 0.0324132 0.00412201 0
    endloop
  endfacet
  facet normal -0 0 -1
    outer loop
       vertex 0.0324132 0.00412201 0
       vertex 0.0322201 -0.0041251 0
       vertex 0.0322201 0.0041251 0
    endloop
  endfacet
  facet normal 2.01505e-16 3.06584e-17 -1
    outer loop
       vertex 0.033903 0.00438425 0
       vertex 0.0377297 -0.00662162 4.33681e-19
       vertex 0.0353687 -0.00524888 0
    endloop
  endfacet
  facet normal 0 0 -1
    outer loop
       vertex 0.046605 -0.00358686 0
       vertex 0.0466052 0.00358677 0
       vertex 0.0480504 -0.00314563 0
    endloop
  endfacet
  facet normal 0 0 -1
    outer loop
       vertex 0.0466052 0.00358677 0
       vertex 0.0482539 0.00312421 0
       vertex 0.0480504 -0.00314563 0
    endloop
  endfacet
  facet normal 0 0 -1
    outer loop
       vertex 0.0480504 -0.00314563 0
       vertex 0.0482539 0.00312421 0
       vertex 0.0482539 -0.00312421 0
    endloop
  endfacet
  facet normal 1.06167e-16 -4.0115e-16 -1
    outer loop
       vertex 0.0452485 -0.00463173 0
       vertex 0.0430766 -0.00628763 4.33681e-19
       vertex 0.0404364 -0.00698638 4.33681e-19
    endloop
  endfacet
  facet normal 0.0199035 0.194425 -0.980715
    outer loop
       vertex 0.0699614 0.000901989 -1.0842e-19
       vertex 0.0482539 0.00312421 0
       vertex 0.0699844 0.00109225 3.81852e-05
    endloop
  endfacet
  facet normal 0.0199791 0.195236 -0.980553
    outer loop
       vertex 0.0482539 0.00312421 0
       vertex 0.0482697 0.00331597 3.85018e-05
       vertex 0.0699844 0.00109225 3.81852e-05
    endloop
  endfacet
  facet normal 0.0566751 0.553553 -0.830883
    outer loop
       vertex 0.0699844 0.00109225 3.81852e-05
       vertex 0.0482697 0.00331597 3.85018e-05
       vertex 0.0700039 0.00125345 0.000146909
    endloop
  endfacet
  facet normal 0.0568635 0.555611 -0.829495
    outer loop
       vertex 0.0482697 0.00331597 3.85018e-05
       vertex 0.048283 0.00347819 0.000148078
       vertex 0.0700039 0.00125345 0.000146909
    endloop
  endfacet
  facet normal 0.0847867 0.82809 -0.554147
    outer loop
       vertex 0.0700039 0.00125345 0.000146909
       vertex 0.048283 0.00347819 0.000148078
       vertex 0.0700169 0.00136097 0.000309563
    endloop
  endfacet
  facet normal 0.0849827 0.830365 -0.550701
    outer loop
       vertex 0.048283 0.00347819 0.000148078
       vertex 0.0482919 0.0035859 0.000311852
       vertex 0.0700169 0.00136097 0.000309563
    endloop
  endfacet
  facet normal 0.082797 0.809055 -0.581872
    outer loop
       vertex 0.0700169 0.00136097 0.000309563
       vertex 0.0482919 0.0035859 0.000311852
       vertex 0.0605001 0.00247345 0.000502221
    endloop
  endfacet
  facet normal 0.0920375 0.978005 -0.187178
    outer loop
       vertex 0.0482919 0.0035859 0.000311852
       vertex 0.0482949 0.00362251 0.000504603
       vertex 0.0605001 0.00247345 0.000502221
    endloop
  endfacet
  facet normal 0.125871 0.988999 -0.0776992
    outer loop
       vertex 0.0809962 -3.8912e-16 0.000480955
       vertex 0.0809833 -3.81422e-16 0.000460006
       vertex 0.0700214 0.00139838 0.000501306
    endloop
  endfacet
  facet normal 0.11864 0.939507 -0.321328
    outer loop
       vertex 0.0809833 -3.81422e-16 0.000460006
       vertex 0.0805107 8.73003e-17 0.000285522
       vertex 0.0700214 0.00139838 0.000501306
    endloop
  endfacet
  facet normal 0.125766 0.973136 -0.192847
    outer loop
       vertex 0.0700214 0.00139838 0.000501306
       vertex 0.0805107 8.73003e-17 0.000285522
       vertex 0.0700169 0.00136097 0.000309563
    endloop
  endfacet
  facet normal 0.104062 0.81251 -0.573584
    outer loop
       vertex 0.0805107 8.73003e-17 0.000285522
       vertex 0.0801309 5.03612e-16 0.000216616
       vertex 0.0700169 0.00136097 0.000309563
    endloop
  endfacet
  facet normal 0.0945025 0.747222 -0.657821
    outer loop
       vertex 0.0700169 0.00136097 0.000309563
       vertex 0.0801309 5.03612e-16 0.000216616
       vertex 0.0798686 7.79968e-16 0.000178928
    endloop
  endfacet
  facet normal 1.05627e-12 1 -1.74516e-13
    outer loop
       vertex 0.0809833 -3.81422e-16 0.000460006
       vertex 0.080948 -3.49438e-16 0.000429476
       vertex 0.0805107 8.73003e-17 0.000285522
    endloop
  endfacet
  facet normal 0.126309 0.991672 -0.0251484
    outer loop
       vertex 0.0700214 0.00139838 0.000501306
       vertex 0.081 0 0.0005
       vertex 0.0809962 -3.8912e-16 0.000480955
    endloop
  endfacet
  facet normal 0.0265354 0.204117 -0.978587
    outer loop
       vertex 0.0769781 -1.22463e-15 1.45536e-09
       vertex 0.0699844 0.00109225 3.81852e-05
       vertex 0.0782598 9.60087e-16 3.47579e-05
    endloop
  endfacet
  facet normal 0.0724684 0.551665 -0.830912
    outer loop
       vertex 0.0699844 0.00109225 3.81852e-05
       vertex 0.0700039 0.00125345 0.000146909
       vertex 0.0782598 9.60087e-16 3.47579e-05
    endloop
  endfacet
  facet normal 0.0688612 0.529228 -0.845681
    outer loop
       vertex 0.0782598 9.60087e-16 3.47579e-05
       vertex 0.0700039 0.00125345 0.000146909
       vertex 0.0795401 1.08891e-15 0.000139003
    endloop
  endfacet
  facet normal 0.108025 0.82535 -0.554191
    outer loop
       vertex 0.0700039 0.00125345 0.000146909
       vertex 0.0700169 0.00136097 0.000309563
       vertex 0.0795401 1.08891e-15 0.000139003
    endloop
  endfacet
  facet normal 0.0866643 0.695781 -0.713007
    outer loop
       vertex 0.0795401 1.08891e-15 0.000139003
       vertex 0.0700169 0.00136097 0.000309563
       vertex 0.0798686 7.79968e-16 0.000178928
    endloop
  endfacet
  facet normal 0.0249448 0.193817 -0.980721
    outer loop
       vertex 0.0699614 0.000901989 -1.0842e-19
       vertex 0.0699844 0.00109225 3.81852e-05
       vertex 0.0769697 -1.08461e-15 0
    endloop
  endfacet
  facet normal 0.000173618 0.0360479 -0.99935
    outer loop
       vertex 0.0699844 0.00109225 3.81852e-05
       vertex 0.0769781 -1.22463e-15 1.45536e-09
       vertex 0.0769697 -1.08461e-15 0
    endloop
  endfacet
  facet normal 0.110075 0.975035 -0.192847
    outer loop
       vertex 0.0605001 0.00247345 0.000502221
       vertex 0.0700214 0.00139838 0.000501306
       vertex 0.0700169 0.00136097 0.000309563
    endloop
  endfacet
  facet normal 0.0198935 -0.195243 -0.980553
    outer loop
       vertex 0.0482539 -0.00312421 0
       vertex 0.0693963 -0.000970002 0
       vertex 0.0482697 -0.00331597 3.85018e-05
    endloop
  endfacet
  facet normal 0.0198045 -0.194444 -0.980714
    outer loop
       vertex 0.0693963 -0.000970002 0
       vertex 0.0694191 -0.00116029 3.81894e-05
       vertex 0.0482697 -0.00331597 3.85018e-05
    endloop
  endfacet
  facet normal 0.0566212 -0.555633 -0.829498
    outer loop
       vertex 0.0482697 -0.00331597 3.85018e-05
       vertex 0.0694191 -0.00116029 3.81894e-05
       vertex 0.048283 -0.00347819 0.000148078
    endloop
  endfacet
  facet normal 0.056392 -0.553608 -0.830866
    outer loop
       vertex 0.0694191 -0.00116029 3.81894e-05
       vertex 0.0694384 -0.00132151 0.000146924
       vertex 0.048283 -0.00347819 0.000148078
    endloop
  endfacet
  facet normal 0.0846247 -0.8304 -0.550704
    outer loop
       vertex 0.048283 -0.00347819 0.000148078
       vertex 0.0694384 -0.00132151 0.000146924
       vertex 0.0482919 -0.0035859 0.000311852
    endloop
  endfacet
  facet normal 0.0843583 -0.82816 -0.554108
    outer loop
       vertex 0.0694384 -0.00132151 0.000146924
       vertex 0.0694513 -0.00142904 0.000309593
       vertex 0.0482919 -0.0035859 0.000311852
    endloop
  endfacet
  facet normal 0.0836015 -0.820747 -0.565142
    outer loop
       vertex 0.0482919 -0.0035859 0.000311852
       vertex 0.0694513 -0.00142904 0.000309593
       vertex 0.0605001 -0.00247345 0.000502221
    endloop
  endfacet
  facet normal 0.109625 -0.975101 -0.192768
    outer loop
       vertex 0.0694513 -0.00142904 0.000309593
       vertex 0.0694558 -0.00146644 0.000501349
       vertex 0.0605001 -0.00247345 0.000502221
    endloop
  endfacet
  facet normal 0.0932818 -0.976533 -0.194118
    outer loop
       vertex 0.080948 -3.49438e-16 0.000429476
       vertex 0.0798807 -0.000116079 0.000500551
       vertex 0.0798765 -7.84123e-05 0.00030904
    endloop
  endfacet
  facet normal 0.126002 -0.972853 -0.194114
    outer loop
       vertex 0.0798807 -0.000116079 0.000500551
       vertex 0.0694558 -0.00146644 0.000501349
       vertex 0.0798765 -7.84123e-05 0.00030904
    endloop
  endfacet
  facet normal 0.126061 -0.973114 -0.192765
    outer loop
       vertex 0.0798765 -7.84123e-05 0.00030904
       vertex 0.0694558 -0.00146644 0.000501349
       vertex 0.0694513 -0.00142904 0.000309593
    endloop
  endfacet
  facet normal 0.0248273 -0.193843 -0.980718
    outer loop
       vertex 0.0693963 -0.000970002 0
       vertex 0.0769697 -1.08461e-15 0
       vertex 0.0694191 -0.00116029 3.81894e-05
    endloop
  endfacet
  facet normal 0.00017363 -0.0340244 -0.999421
    outer loop
       vertex 0.0769697 -1.08461e-15 0
       vertex 0.0769781 -1.22463e-15 1.45536e-09
       vertex 0.0694191 -0.00116029 3.81894e-05
    endloop
  endfacet
  facet normal 0.0265302 -0.205038 -0.978394
    outer loop
       vertex 0.0694191 -0.00116029 3.81894e-05
       vertex 0.0769781 -1.22463e-15 1.45536e-09
       vertex 0.0782598 9.60087e-16 3.47579e-05
    endloop
  endfacet
  facet normal 0.0720904 -0.551745 -0.830892
    outer loop
       vertex 0.0694191 -0.00116029 3.81894e-05
       vertex 0.0782598 9.60087e-16 3.47579e-05
       vertex 0.0694384 -0.00132151 0.000146924
    endloop
  endfacet
  facet normal 0.0687804 -0.530821 -0.844689
    outer loop
       vertex 0.0782598 9.60087e-16 3.47579e-05
       vertex 0.0795401 1.08891e-15 0.000139003
       vertex 0.0694384 -0.00132151 0.000146924
    endloop
  endfacet
  facet normal 0.105181 -0.80748 -0.580443
    outer loop
       vertex 0.0694384 -0.00132151 0.000146924
       vertex 0.0795401 1.08891e-15 0.000139003
       vertex 0.0798765 -7.84123e-05 0.00030904
    endloop
  endfacet
  facet normal 0.0629549 -0.853095 -0.517944
    outer loop
       vertex 0.0795401 1.08891e-15 0.000139003
       vertex 0.0798686 7.79968e-16 0.000178928
       vertex 0.0798765 -7.84123e-05 0.00030904
    endloop
  endfacet
  facet normal 0.0744226 -0.852109 -0.518047
    outer loop
       vertex 0.0798765 -7.84123e-05 0.00030904
       vertex 0.0798686 7.79968e-16 0.000178928
       vertex 0.0801309 5.03612e-16 0.000216616
    endloop
  endfacet
  facet normal 0.106921 -0.82552 -0.554152
    outer loop
       vertex 0.0798765 -7.84123e-05 0.00030904
       vertex 0.0694513 -0.00142904 0.000309593
       vertex 0.0694384 -0.00132151 0.000146924
    endloop
  endfacet
  facet normal 0.104703 -0.942281 -0.318031
    outer loop
       vertex 0.080948 -3.49438e-16 0.000429476
       vertex 0.0798765 -7.84123e-05 0.00030904
       vertex 0.0805107 8.73003e-17 0.000285522
    endloop
  endfacet
  facet normal 0.0889871 -0.86689 -0.490493
    outer loop
       vertex 0.0798765 -7.84123e-05 0.00030904
       vertex 0.0801309 5.03612e-16 0.000216616
       vertex 0.0805107 8.73003e-17 0.000285522
    endloop
  endfacet
  facet normal -4.9737e-11 -1 3.03347e-11
    outer loop
       vertex 0.0809962 -3.8912e-16 0.000480955
       vertex 0.081 0 0.0005
       vertex 0.0809833 -3.81422e-16 0.000460006
    endloop
  endfacet
  facet normal 0.103034 -0.993744 -0.0430842
    outer loop
       vertex 0.081 0 0.0005
       vertex 0.0798807 -0.000116079 0.000500551
       vertex 0.0809833 -3.81422e-16 0.000460006
    endloop
  endfacet
  facet normal 0.0997976 -0.988285 -0.115469
    outer loop
       vertex 0.0809833 -3.81422e-16 0.000460006
       vertex 0.0798807 -0.000116079 0.000500551
       vertex 0.080948 -3.49438e-16 0.000429476
    endloop
  endfacet
  facet normal 0.0920375 -0.978005 -0.187178
    outer loop
       vertex 0.0605001 -0.00247345 0.000502221
       vertex 0.0482949 -0.00362251 0.000504603
       vertex 0.0482919 -0.0035859 0.000311852
    endloop
  endfacet
  facet normal -0.0825582 0.991906 -0.0964726
    outer loop
       vertex 0.0129973 0.0047614 0.00053353
       vertex 0.0129981 0.00474568 0.000371232
       vertex 0.00901106 0.00443162 0.000554128
    endloop
  endfacet
  facet normal -0.0874546 0.96399 -0.251148
    outer loop
       vertex 0.0129981 0.00474568 0.000371232
       vertex 0.00818942 0.00431479 0.000391828
       vertex 0.00901106 0.00443162 0.000554128
    endloop
  endfacet
  facet normal -0.131115 0.990158 -0.048954
    outer loop
       vertex 0.00901106 0.00443162 0.000554128
       vertex 0.00818942 0.00431479 0.000391828
       vertex 0.00818826 0.00432295 0.000559913
    endloop
  endfacet
  facet normal -0.216861 0.974981 -0.0488087
    outer loop
       vertex 0.00818942 0.00431479 0.000391828
       vertex 0.00437959 0.00346947 0.000433351
       vertex 0.00818826 0.00432295 0.000559913
    endloop
  endfacet
  facet normal -0.219884 0.974456 0.045686
    outer loop
       vertex 0.00818826 0.00432295 0.000559913
       vertex 0.00437959 0.00346947 0.000433351
       vertex 0.0043822 0.00346169 0.000611836
    endloop
  endfacet
  facet normal -0.423727 0.90464 0.0456301
    outer loop
       vertex 0.00437959 0.00346947 0.000433351
       vertex 0.00206615 0.002383 0.000490109
       vertex 0.0043822 0.00346169 0.000611836
    endloop
  endfacet
  facet normal -0.423345 0.889654 0.171156
    outer loop
       vertex 0.0043822 0.00346169 0.000611836
       vertex 0.00206615 0.002383 0.000490109
       vertex 0.00208502 0.00235547 0.000679861
    endloop
  endfacet
  facet normal -0.659317 0.731987 0.171745
    outer loop
       vertex 0.00206615 0.002383 0.000490109
       vertex 0.00102619 0.00143525 0.000537132
       vertex 0.00208502 0.00235547 0.000679861
    endloop
  endfacet
  facet normal -0.651757 0.707577 0.273035
    outer loop
       vertex 0.00208502 0.00235547 0.000679861
       vertex 0.00102619 0.00143525 0.000537132
       vertex 0.00107056 0.0014004 0.000733376
    endloop
  endfacet
  facet normal -0.828604 0.488166 0.274061
    outer loop
       vertex 0.00102619 0.00143525 0.000537132
       vertex 0.000564074 0.000634703 0.00056593
       vertex 0.00107056 0.0014004 0.000733376
    endloop
  endfacet
  facet normal -0.817984 0.467896 0.334626
    outer loop
       vertex 0.00107056 0.0014004 0.000733376
       vertex 0.000564074 0.000634703 0.00056593
       vertex 0.000630903 0.000609345 0.000764748
    endloop
  endfacet
  facet normal -0.923859 0.186346 0.334304
    outer loop
       vertex 0.000564074 0.000634703 0.00056593
       vertex 0.000440349 -2.06569e-20 0.000577804
       vertex 0.000630903 0.000609345 0.000764748
    endloop
  endfacet
  facet normal -0.916861 0.176931 0.357857
    outer loop
       vertex 0.000630903 0.000609345 0.000764748
       vertex 0.000440349 -2.06569e-20 0.000577804
       vertex 0.000518233 -2.72721e-20 0.00077735
    endloop
  endfacet
  facet normal 0.0170194 0.900873 -0.433749
    outer loop
       vertex 0.032238 0.0046032 0.000354766
       vertex 0.0230282 0.00470942 0.000213996
       vertex 0.0230294 0.00477864 0.000357821
    endloop
  endfacet
  facet normal -0.00314024 0.901066 -0.433671
    outer loop
       vertex 0.0230282 0.00470942 0.000213996
       vertex 0.0130013 0.00467863 0.000222629
       vertex 0.0230294 0.00477864 0.000357821
    endloop
  endfacet
  facet normal -0.0035456 0.911487 -0.411313
    outer loop
       vertex 0.0230294 0.00477864 0.000357821
       vertex 0.0130013 0.00467863 0.000222629
       vertex 0.0129981 0.00474568 0.000371232
    endloop
  endfacet
  facet normal -0.0818034 0.907799 -0.41135
    outer loop
       vertex 0.0130013 0.00467863 0.000222629
       vertex 0.00819836 0.00425189 0.000235997
       vertex 0.0129981 0.00474568 0.000371232
    endloop
  endfacet
  facet normal -0.0842594 0.922308 -0.377157
    outer loop
       vertex 0.0129981 0.00474568 0.000371232
       vertex 0.00819836 0.00425189 0.000235997
       vertex 0.00818942 0.00431479 0.000391828
    endloop
  endfacet
  facet normal -0.201258 0.904258 -0.376579
    outer loop
       vertex 0.00819836 0.00425189 0.000235997
       vertex 0.00439713 0.00341726 0.000263377
       vertex 0.00818942 0.00431479 0.000391828
    endloop
  endfacet
  facet normal -0.209354 0.928476 -0.306764
    outer loop
       vertex 0.00818942 0.00431479 0.000391828
       vertex 0.00439713 0.00341726 0.000263377
       vertex 0.00437959 0.00346947 0.000433351
    endloop
  endfacet
  facet normal -0.403957 0.861933 -0.306416
    outer loop
       vertex 0.00439713 0.00341726 0.000263377
       vertex 0.00208924 0.0023493 0.000301826
       vertex 0.00437959 0.00346947 0.000433351
    endloop
  endfacet
  facet normal -0.419857 0.883069 -0.209545
    outer loop
       vertex 0.00437959 0.00346947 0.000433351
       vertex 0.00208924 0.0023493 0.000301826
       vertex 0.00206615 0.002383 0.000490109
    endloop
  endfacet
  facet normal -0.654882 0.725898 -0.210242
    outer loop
       vertex 0.00208924 0.0023493 0.000301826
       vertex 0.00104721 0.00141874 0.000334695
       vertex 0.00206615 0.002383 0.000490109
    endloop
  endfacet
  facet normal -0.671116 0.729999 -0.129252
    outer loop
       vertex 0.00206615 0.002383 0.000490109
       vertex 0.00104721 0.00141874 0.000334695
       vertex 0.00102619 0.00143525 0.000537132
    endloop
  endfacet
  facet normal -0.854956 0.502206 -0.129765
    outer loop
       vertex 0.00104721 0.00141874 0.000334695
       vertex 0.000579985 0.000628665 0.000355341
       vertex 0.00102619 0.00143525 0.000537132
    endloop
  endfacet
  facet normal -0.864557 0.496199 -0.079546
    outer loop
       vertex 0.00102619 0.00143525 0.000537132
       vertex 0.000579985 0.000628665 0.000355341
       vertex 0.000564074 0.000634703 0.00056593
    endloop
  endfacet
  facet normal -0.97735 0.196144 -0.0794656
    outer loop
       vertex 0.000579985 0.000628665 0.000355341
       vertex 0.000453116 -2.17413e-20 0.000363978
       vertex 0.000564074 0.000634703 0.00056593
    endloop
  endfacet
  facet normal -0.980048 0.18995 -0.0585166
    outer loop
       vertex 0.000564074 0.000634703 0.00056593
       vertex 0.000453116 -2.17413e-20 0.000363978
       vertex 0.000440349 -2.06569e-20 0.000577804
    endloop
  endfacet
  facet normal 0.012916 0.718312 -0.695602
    outer loop
       vertex 0.0322335 0.00448267 0.000150769
       vertex 0.0230262 0.0045984 9.93196e-05
       vertex 0.0230282 0.00470942 0.000213996
    endloop
  endfacet
  facet normal -0.00251576 0.7185 -0.695522
    outer loop
       vertex 0.0230262 0.0045984 9.93196e-05
       vertex 0.0130066 0.00456739 0.000103526
       vertex 0.0230282 0.00470942 0.000213996
    endloop
  endfacet
  facet normal -0.00283165 0.730761 -0.682628
    outer loop
       vertex 0.0230282 0.00470942 0.000213996
       vertex 0.0130066 0.00456739 0.000103526
       vertex 0.0130013 0.00467863 0.000222629
    endloop
  endfacet
  facet normal -0.0656283 0.727779 -0.682664
    outer loop
       vertex 0.0130066 0.00456739 0.000103526
       vertex 0.00821406 0.00414136 0.000110073
       vertex 0.0130013 0.00467863 0.000222629
    endloop
  endfacet
  facet normal -0.0680906 0.745583 -0.662925
    outer loop
       vertex 0.0130013 0.00467863 0.000222629
       vertex 0.00821406 0.00414136 0.000110073
       vertex 0.00819836 0.00425189 0.000235997
    endloop
  endfacet
  facet normal -0.162827 0.731369 -0.662259
    outer loop
       vertex 0.00821406 0.00414136 0.000110073
       vertex 0.0044326 0.00331174 0.00012362
       vertex 0.00819836 0.00425189 0.000235997
    endloop
  endfacet
  facet normal -0.172356 0.764608 -0.621022
    outer loop
       vertex 0.00819836 0.00425189 0.000235997
       vertex 0.0044326 0.00331174 0.00012362
       vertex 0.00439713 0.00341726 0.000263377
    endloop
  endfacet
  facet normal -0.332753 0.710067 -0.620548
    outer loop
       vertex 0.0044326 0.00331174 0.00012362
       vertex 0.00215087 0.00225938 0.000142967
       vertex 0.00439713 0.00341726 0.000263377
    endloop
  endfacet
  facet normal -0.355317 0.747653 -0.561039
    outer loop
       vertex 0.00439713 0.00341726 0.000263377
       vertex 0.00215087 0.00225938 0.000142967
       vertex 0.00208924 0.0023493 0.000301826
    endloop
  endfacet
  facet normal -0.554003 0.613852 -0.562376
    outer loop
       vertex 0.00215087 0.00225938 0.000142967
       vertex 0.00113014 0.00135362 0.000159828
       vertex 0.00208924 0.0023493 0.000301826
    endloop
  endfacet
  facet normal -0.58133 0.6329 -0.511364
    outer loop
       vertex 0.00208924 0.0023493 0.000301826
       vertex 0.00113014 0.00135362 0.000159828
       vertex 0.00104721 0.00141874 0.000334695
    endloop
  endfacet
  facet normal -0.740322 0.434574 -0.512902
    outer loop
       vertex 0.00113014 0.00135362 0.000159828
       vertex 0.000675794 0.00059231 0.00017058
       vertex 0.00104721 0.00141874 0.000334695
    endloop
  endfacet
  facet normal -0.7604 0.437128 -0.480324
    outer loop
       vertex 0.00104721 0.00141874 0.000334695
       vertex 0.000675794 0.00059231 0.00017058
       vertex 0.000579985 0.000628665 0.000355341
    endloop
  endfacet
  facet normal -0.860057 0.172895 -0.48001
    outer loop
       vertex 0.000675794 0.00059231 0.00017058
       vertex 0.000554192 -3.03262e-20 0.000175117
       vertex 0.000579985 0.000628665 0.000355341
    endloop
  endfacet
  facet normal -0.868996 0.16898 -0.465073
    outer loop
       vertex 0.000579985 0.000628665 0.000355341
       vertex 0.000554192 -3.03262e-20 0.000175117
       vertex 0.000453116 -2.17413e-20 0.000363978
    endloop
  endfacet
  facet normal 0.00873673 0.462515 -0.886569
    outer loop
       vertex 0.0322312 0.0044227 9.83679e-05
       vertex 0.0230237 0.00445691 2.54791e-05
       vertex 0.0230262 0.0045984 9.93196e-05
    endloop
  endfacet
  facet normal -0.00162898 0.462675 -0.886526
    outer loop
       vertex 0.0230237 0.00445691 2.54791e-05
       vertex 0.0130136 0.00442379 2.65884e-05
       vertex 0.0230262 0.0045984 9.93196e-05
    endloop
  endfacet
  facet normal -0.00183148 0.472191 -0.881494
    outer loop
       vertex 0.0230262 0.0045984 9.93196e-05
       vertex 0.0130136 0.00442379 2.65884e-05
       vertex 0.0130066 0.00456739 0.000103526
    endloop
  endfacet
  facet normal -0.0424421 0.470245 -0.881515
    outer loop
       vertex 0.0130136 0.00442379 2.65884e-05
       vertex 0.00823474 0.00399572 2.83203e-05
       vertex 0.0130066 0.00456739 0.000103526
    endloop
  endfacet
  facet normal -0.0442404 0.484243 -0.873815
    outer loop
       vertex 0.0130066 0.00456739 0.000103526
       vertex 0.00823474 0.00399572 2.83203e-05
       vertex 0.00821406 0.00414136 0.000110073
    endloop
  endfacet
  facet normal -0.105858 0.475282 -0.873442
    outer loop
       vertex 0.00823474 0.00399572 2.83203e-05
       vertex 0.00448146 0.00316639 3.19241e-05
       vertex 0.00821406 0.00414136 0.000110073
    endloop
  endfacet
  facet normal -0.11333 0.502573 -0.857074
    outer loop
       vertex 0.00821406 0.00414136 0.000110073
       vertex 0.00448146 0.00316639 3.19241e-05
       vertex 0.0044326 0.00331174 0.00012362
    endloop
  endfacet
  facet normal -0.218783 0.46695 -0.856791
    outer loop
       vertex 0.00448146 0.00316639 3.19241e-05
       vertex 0.00224187 0.00212659 3.71196e-05
       vertex 0.0044326 0.00331174 0.00012362
    endloop
  endfacet
  facet normal -0.237887 0.500484 -0.832422
    outer loop
       vertex 0.0044326 0.00331174 0.00012362
       vertex 0.00224187 0.00212659 3.71196e-05
       vertex 0.00215087 0.00225938 0.000142967
    endloop
  endfacet
  facet normal -0.370379 0.410388 -0.833307
    outer loop
       vertex 0.00224187 0.00212659 3.71196e-05
       vertex 0.00126112 0.00125075 4.16955e-05
       vertex 0.00215087 0.00225938 0.000142967
    endloop
  endfacet
  facet normal -0.394803 0.429797 -0.812038
    outer loop
       vertex 0.00215087 0.00225938 0.000142967
       vertex 0.00126112 0.00125075 4.16955e-05
       vertex 0.00113014 0.00135362 0.000159828
    endloop
  endfacet
  facet normal -0.501905 0.294712 -0.813164
    outer loop
       vertex 0.00126112 0.00125075 4.16955e-05
       vertex 0.000834395 0.000532129 4.46375e-05
       vertex 0.00113014 0.00135362 0.000159828
    endloop
  endfacet
  facet normal -0.52098 0.299628 -0.799252
    outer loop
       vertex 0.00113014 0.00135362 0.000159828
       vertex 0.000834395 0.000532129 4.46375e-05
       vertex 0.000675794 0.00059231 0.00017058
    endloop
  endfacet
  facet normal -0.589286 0.119246 -0.799076
    outer loop
       vertex 0.000834395 0.000532129 4.46375e-05
       vertex 0.000725024 -4.48358e-20 4.58846e-05
       vertex 0.000675794 0.00059231 0.00017058
    endloop
  endfacet
  facet normal -0.599166 0.116944 -0.792038
    outer loop
       vertex 0.000675794 0.00059231 0.00017058
       vertex 0.000725024 -4.48358e-20 4.58846e-05
       vertex 0.000554192 -3.03262e-20 0.000175117
    endloop
  endfacet
  facet normal 0.00300995 0.159594 -0.987178
    outer loop
       vertex 0.0322259 0.00428181 2.52284e-05
       vertex 0.023021 0.00429936 0
       vertex 0.0230237 0.00445691 2.54791e-05
    endloop
  endfacet
  facet normal -0.000578912 0.159656 -0.987173
    outer loop
       vertex 0.023021 0.00429936 0
       vertex 0.0130213 0.0042631 0
       vertex 0.0230237 0.00445691 2.54791e-05
    endloop
  endfacet
  facet normal -0.000649311 0.163213 -0.986591
    outer loop
       vertex 0.0230237 0.00445691 2.54791e-05
       vertex 0.0130213 0.0042631 0
       vertex 0.0130136 0.00442379 2.65884e-05
    endloop
  endfacet
  facet normal -0.0147279 0.162535 -0.986593
    outer loop
       vertex 0.0130213 0.0042631 0
       vertex 0.00825807 0.00383149 -1.0842e-19
       vertex 0.0130136 0.00442379 2.65884e-05
    endloop
  endfacet
  facet normal -0.0153867 0.167784 -0.985704
    outer loop
       vertex 0.0130136 0.00442379 2.65884e-05
       vertex 0.00825807 0.00383149 -1.0842e-19
       vertex 0.00823474 0.00399572 2.83203e-05
    endloop
  endfacet
  facet normal -0.0368251 0.16473 -0.985651
    outer loop
       vertex 0.00825807 0.00383149 -1.0842e-19
       vertex 0.00453747 0.00299975 0
       vertex 0.00823474 0.00399572 2.83203e-05
    endloop
  endfacet
  facet normal -0.0396441 0.17514 -0.983745
    outer loop
       vertex 0.00823474 0.00399572 2.83203e-05
       vertex 0.00453747 0.00299975 0
       vertex 0.00448146 0.00316639 3.19241e-05
    endloop
  endfacet
  facet normal -0.076517 0.162737 -0.983698
    outer loop
       vertex 0.00453747 0.00299975 0
       vertex 0.00234875 0.00197064 0
       vertex 0.00448146 0.00316639 3.19241e-05
    endloop
  endfacet
  facet normal -0.0839541 0.175925 -0.980817
    outer loop
       vertex 0.00448146 0.00316639 3.19241e-05
       vertex 0.00234875 0.00197064 0
       vertex 0.00224187 0.00212659 3.71196e-05
    endloop
  endfacet
  facet normal -0.130545 0.144021 -0.980926
    outer loop
       vertex 0.00234875 0.00197064 0
       vertex 0.00141833 0.00112729 1.0842e-19
       vertex 0.00224187 0.00212659 3.71196e-05
    endloop
  endfacet
  facet normal -0.14021 0.151892 -0.978402
    outer loop
       vertex 0.00224187 0.00212659 3.71196e-05
       vertex 0.00141833 0.00112729 1.0842e-19
       vertex 0.00126112 0.00125075 4.16955e-05
    endloop
  endfacet
  facet normal -0.177857 0.104003 -0.978545
    outer loop
       vertex 0.00141833 0.00112729 1.0842e-19
       vertex 0.00102747 0.000458866 0
       vertex 0.00126112 0.00125075 4.16955e-05
    endloop
  endfacet
  facet normal -0.185555 0.106187 -0.976879
    outer loop
       vertex 0.00126112 0.00125075 4.16955e-05
       vertex 0.00102747 0.000458866 0
       vertex 0.000834395 0.000532129 4.46375e-05
    endloop
  endfacet
  facet normal -0.209678 0.0425924 -0.976842
    outer loop
       vertex 0.00102747 0.000458866 0
       vertex 0.000934259 1.14069e-19 0
       vertex 0.000834395 0.000532129 4.46375e-05
    endloop
  endfacet
  facet normal -0.214021 0.0417016 -0.975939
    outer loop
       vertex 0.000834395 0.000532129 4.46375e-05
       vertex 0.000934259 1.14069e-19 0
       vertex 0.000725024 -4.48358e-20 4.58846e-05
    endloop
  endfacet
  facet normal 0.0187267 0.991639 -0.127676
    outer loop
       vertex 0.0322388 0.0046246 0.000512152
       vertex 0.0230294 0.00477864 0.000357821
       vertex 0.0230298 0.00479902 0.000516136
    endloop
  endfacet
  facet normal -0.00343036 0.991814 -0.127648
    outer loop
       vertex 0.0230294 0.00477864 0.000357821
       vertex 0.0129981 0.00474568 0.000371232
       vertex 0.0230298 0.00479902 0.000516136
    endloop
  endfacet
  facet normal -0.00389991 0.995332 -0.0964361
    outer loop
       vertex 0.0230298 0.00479902 0.000516136
       vertex 0.0129981 0.00474568 0.000371232
       vertex 0.0129973 0.0047614 0.00053353
    endloop
  endfacet
  facet normal 0.0188299 0.990697 -0.134774
    outer loop
       vertex 0.0322388 0.0046246 0.000512152
       vertex 0.032238 0.0046032 0.000354766
       vertex 0.0230294 0.00477864 0.000357821
    endloop
  endfacet
  facet normal 0.0170674 0.898471 -0.438702
    outer loop
       vertex 0.0322354 0.00453356 0.000212038
       vertex 0.0230282 0.00470942 0.000213996
       vertex 0.032238 0.0046032 0.000354766
    endloop
  endfacet
  facet normal 0.0145506 0.768933 -0.639164
    outer loop
       vertex 0.0230282 0.00470942 0.000213996
       vertex 0.0322354 0.00453356 0.000212038
       vertex 0.0322335 0.00448267 0.000150769
    endloop
  endfacet
  facet normal 0.00873756 0.460453 -0.887641
    outer loop
       vertex 0.0322312 0.0044227 9.83679e-05
       vertex 0.0322259 0.00428181 2.52284e-05
       vertex 0.0230237 0.00445691 2.54791e-05
    endloop
  endfacet
  facet normal 0.00300883 0.158833 -0.987301
    outer loop
       vertex 0.0322259 0.00428181 2.52284e-05
       vertex 0.0322201 0.0041251 0
       vertex 0.023021 0.00429936 0
    endloop
  endfacet
  facet normal 0.0124757 0.657674 -0.753199
    outer loop
       vertex 0.0322335 0.00448267 0.000150769
       vertex 0.0322312 0.0044227 9.83679e-05
       vertex 0.0230262 0.0045984 9.93196e-05
    endloop
  endfacet
  facet normal -0.931087 -0.0640052 0.359139
    outer loop
       vertex 0.000518233 -2.72721e-20 0.00077735
       vertex 0.000455394 -0.000215264 0.000576071
       vertex 0.000531594 -0.000204602 0.000775524
    endloop
  endfacet
  facet normal -0.890648 -0.283578 0.355428
    outer loop
       vertex 0.000455394 -0.000215264 0.000576071
       vertex 0.000639604 -0.000813766 0.000560159
       vertex 0.000531594 -0.000204602 0.000775524
    endloop
  endfacet
  facet normal -0.905708 -0.274724 0.322832
    outer loop
       vertex 0.000531594 -0.000204602 0.000775524
       vertex 0.000639604 -0.000813766 0.000560159
       vertex 0.000701457 -0.00078455 0.000758551
    endloop
  endfacet
  facet normal -0.795946 -0.511677 0.323505
    outer loop
       vertex 0.000639604 -0.000813766 0.000560159
       vertex 0.00104357 -0.00145733 0.00053617
       vertex 0.000701457 -0.00078455 0.000758551
    endloop
  endfacet
  facet normal -0.818281 -0.506155 0.27244
    outer loop
       vertex 0.000701457 -0.00078455 0.000758551
       vertex 0.00104357 -0.00145733 0.00053617
       vertex 0.0010873 -0.00142245 0.000732309
    endloop
  endfacet
  facet normal -0.637052 -0.721838 0.270398
    outer loop
       vertex 0.00104357 -0.00145733 0.00053617
       vertex 0.00209379 -0.00240181 0.000489126
       vertex 0.0010873 -0.00142245 0.000732309
    endloop
  endfacet
  facet normal -0.666011 -0.726486 0.169257
    outer loop
       vertex 0.0010873 -0.00142245 0.000732309
       vertex 0.00209379 -0.00240181 0.000489126
       vertex 0.00211225 -0.00237457 0.000678714
    endloop
  endfacet
  facet normal -0.444069 -0.879779 0.169678
    outer loop
       vertex 0.00209379 -0.00240181 0.000489126
       vertex 0.0037203 -0.00323142 0.000444433
       vertex 0.00211225 -0.00237457 0.000678714
    endloop
  endfacet
  facet normal -0.46105 -0.88456 0.0706135
    outer loop
       vertex 0.00211225 -0.00237457 0.000678714
       vertex 0.0037203 -0.00323142 0.000444433
       vertex 0.00372502 -0.00321943 0.000625394
    endloop
  endfacet
  facet normal -0.260775 -0.962816 0.0705809
    outer loop
       vertex 0.0037203 -0.00323142 0.000444433
       vertex 0.0070181 -0.0041278 0.000400911
       vertex 0.00372502 -0.00321943 0.000625394
    endloop
  endfacet
  facet normal -0.26758 -0.96313 -0.0279699
    outer loop
       vertex 0.00372502 -0.00321943 0.000625394
       vertex 0.0070181 -0.0041278 0.000400911
       vertex 0.00701723 -0.00413252 0.000571418
    endloop
  endfacet
  facet normal -0.13077 -0.991016 -0.0280488
    outer loop
       vertex 0.0070181 -0.0041278 0.000400911
       vertex 0.0102669 -0.00455595 0.000381432
       vertex 0.00701723 -0.00413252 0.000571418
    endloop
  endfacet
  facet normal -0.133053 -0.988427 -0.0728647
    outer loop
       vertex 0.00701723 -0.00413252 0.000571418
       vertex 0.0102669 -0.00455595 0.000381432
       vertex 0.0102657 -0.00456798 0.000546646
    endloop
  endfacet
  facet normal -0.0546373 -0.995844 -0.0728637
    outer loop
       vertex 0.0102669 -0.00455595 0.000381432
       vertex 0.0149843 -0.00481364 0.000365908
       vertex 0.0102657 -0.00456798 0.000546646
    endloop
  endfacet
  facet normal -0.05584 -0.992492 -0.108819
    outer loop
       vertex 0.0102657 -0.00456798 0.000546646
       vertex 0.0149843 -0.00481364 0.000365908
       vertex 0.0149839 -0.00483124 0.000526645
    endloop
  endfacet
  facet normal 0.00205495 -0.994056 -0.108846
    outer loop
       vertex 0.0149843 -0.00481364 0.000365908
       vertex 0.0219244 -0.0047984 0.000357797
       vertex 0.0149839 -0.00483124 0.000526645
    endloop
  endfacet
  facet normal 0.00158505 -0.991808 -0.127724
    outer loop
       vertex 0.0149839 -0.00483124 0.000526645
       vertex 0.0219244 -0.0047984 0.000357797
       vertex 0.0219248 -0.00481879 0.000516105
    endloop
  endfacet
  facet normal 0.0187304 -0.991631 -0.12774
    outer loop
       vertex 0.0219244 -0.0047984 0.000357797
       vertex 0.032238 -0.0046032 0.000354766
       vertex 0.0219248 -0.00481879 0.000516105
    endloop
  endfacet
  facet normal 0.018601 -0.990702 -0.134773
    outer loop
       vertex 0.0219248 -0.00481879 0.000516105
       vertex 0.032238 -0.0046032 0.000354766
       vertex 0.0322388 -0.0046246 0.000512152
    endloop
  endfacet
  facet normal -0.99565 -0.0690823 -0.0625127
    outer loop
       vertex 0.000440349 -2.06569e-20 0.000577804
       vertex 0.000468661 -0.000213408 0.000362713
       vertex 0.000455394 -0.000215264 0.000576071
    endloop
  endfacet
  facet normal -0.951584 -0.301114 -0.0617913
    outer loop
       vertex 0.000468661 -0.000213408 0.000362713
       vertex 0.000656813 -0.000805638 0.00035117
       vertex 0.000455394 -0.000215264 0.000576071
    endloop
  endfacet
  facet normal -0.952565 -0.2908 -0.089747
    outer loop
       vertex 0.000455394 -0.000215264 0.000576071
       vertex 0.000656813 -0.000805638 0.00035117
       vertex 0.000639604 -0.000813766 0.000560159
    endloop
  endfacet
  facet normal -0.838993 -0.536655 -0.0899572
    outer loop
       vertex 0.000656813 -0.000805638 0.00035117
       vertex 0.00106471 -0.00144046 0.000334013
       vertex 0.000639604 -0.000813766 0.000560159
    endloop
  endfacet
  facet normal -0.841792 -0.523486 -0.131713
    outer loop
       vertex 0.000639604 -0.000813766 0.000560159
       vertex 0.00106471 -0.00144046 0.000334013
       vertex 0.00104357 -0.00145733 0.00053617
    endloop
  endfacet
  facet normal -0.657821 -0.74175 -0.130684
    outer loop
       vertex 0.00106471 -0.00144046 0.000334013
       vertex 0.00211686 -0.00236777 0.000301149
       vertex 0.00104357 -0.00145733 0.00053617
    endloop
  endfacet
  facet normal -0.658767 -0.721976 -0.211604
    outer loop
       vertex 0.00104357 -0.00145733 0.00053617
       vertex 0.00211686 -0.00236777 0.000301149
       vertex 0.00209379 -0.00240181 0.000489126
    endloop
  endfacet
  facet normal -0.441679 -0.871744 -0.212091
    outer loop
       vertex 0.00211686 -0.00236777 0.000301149
       vertex 0.00373953 -0.00318252 0.000270788
       vertex 0.00209379 -0.00240181 0.000489126
    endloop
  endfacet
  facet normal -0.441363 -0.849809 -0.288139
    outer loop
       vertex 0.00209379 -0.00240181 0.000489126
       vertex 0.00373953 -0.00318252 0.000270788
       vertex 0.0037203 -0.00323142 0.000444433
    endloop
  endfacet
  facet normal -0.250992 -0.924154 -0.287997
    outer loop
       vertex 0.00373953 -0.00318252 0.000270788
       vertex 0.00702922 -0.00406699 0.000241937
       vertex 0.0037203 -0.00323142 0.000444433
    endloop
  endfacet
  facet normal -0.249024 -0.89862 -0.361206
    outer loop
       vertex 0.0037203 -0.00323142 0.000444433
       vertex 0.00702922 -0.00406699 0.000241937
       vertex 0.0070181 -0.0041278 0.000400911
    endloop
  endfacet
  facet normal -0.122166 -0.924109 -0.362076
    outer loop
       vertex 0.00702922 -0.00406699 0.000241937
       vertex 0.0102731 -0.00449084 0.000229233
       vertex 0.0070181 -0.0041278 0.000400911
    endloop
  endfacet
  facet normal -0.122382 -0.910691 -0.394544
    outer loop
       vertex 0.0070181 -0.0041278 0.000400911
       vertex 0.0102731 -0.00449084 0.000229233
       vertex 0.0102669 -0.00455595 0.000381432
    endloop
  endfacet
  facet normal -0.0504509 -0.917497 -0.39453
    outer loop
       vertex 0.0102731 -0.00449084 0.000229233
       vertex 0.0149859 -0.00474567 0.000219195
       vertex 0.0102669 -0.00455595 0.000381432
    endloop
  endfacet
  facet normal -0.050872 -0.905987 -0.420238
    outer loop
       vertex 0.0102669 -0.00455595 0.000381432
       vertex 0.0149859 -0.00474567 0.000219195
       vertex 0.0149843 -0.00481364 0.000365908
    endloop
  endfacet
  facet normal 0.00184182 -0.907374 -0.42032
    outer loop
       vertex 0.0149859 -0.00474567 0.000219195
       vertex 0.0219232 -0.00472918 0.000213981
       vertex 0.0149843 -0.00481364 0.000365908
    endloop
  endfacet
  facet normal 0.00147107 -0.90104 -0.433733
    outer loop
       vertex 0.0149843 -0.00481364 0.000365908
       vertex 0.0219232 -0.00472918 0.000213981
       vertex 0.0219244 -0.0047984 0.000357797
    endloop
  endfacet
  facet normal 0.0164824 -0.900869 -0.433778
    outer loop
       vertex 0.0219232 -0.00472918 0.000213981
       vertex 0.0322375 -0.00459012 0.00031711
       vertex 0.0219244 -0.0047984 0.000357797
    endloop
  endfacet
  facet normal 0.0177776 -0.944402 -0.328313
    outer loop
       vertex 0.0219244 -0.0047984 0.000357797
       vertex 0.0322375 -0.00459012 0.00031711
       vertex 0.032238 -0.0046032 0.000354766
    endloop
  endfacet
  facet normal 0.00864812 -0.460456 -0.887641
    outer loop
       vertex 0.0322259 -0.00428181 2.52284e-05
       vertex 0.0322312 -0.0044227 9.83679e-05
       vertex 0.0219212 -0.00461816 9.93122e-05
    endloop
  endfacet
  facet normal 0.0123994 -0.657676 -0.753199
    outer loop
       vertex 0.0322312 -0.0044227 9.83679e-05
       vertex 0.0322335 -0.00448267 0.000150769
       vertex 0.0219212 -0.00461816 9.93122e-05
    endloop
  endfacet
  facet normal 0.0129084 -0.718286 -0.695628
    outer loop
       vertex 0.0219212 -0.00461816 9.93122e-05
       vertex 0.0322335 -0.00448267 0.000150769
       vertex 0.0219232 -0.00472918 0.000213981
    endloop
  endfacet
  facet normal 0.0144656 -0.768935 -0.639163
    outer loop
       vertex 0.0322335 -0.00448267 0.000150769
       vertex 0.0322354 -0.00453356 0.000212038
       vertex 0.0219232 -0.00472918 0.000213981
    endloop
  endfacet
  facet normal 0.0166086 -0.880272 -0.474179
    outer loop
       vertex 0.0219232 -0.00472918 0.000213981
       vertex 0.0322354 -0.00453356 0.000212038
       vertex 0.0322375 -0.00459012 0.00031711
    endloop
  endfacet
  facet normal 0.00872247 -0.462499 -0.886577
    outer loop
       vertex 0.0322259 -0.00428181 2.52284e-05
       vertex 0.0219212 -0.00461816 9.93122e-05
       vertex 0.0219187 -0.00447667 2.54771e-05
    endloop
  endfacet
  facet normal 0.00076264 -0.462628 -0.886552
    outer loop
       vertex 0.0219212 -0.00461816 9.93122e-05
       vertex 0.0149884 -0.00463445 0.000101851
       vertex 0.0219187 -0.00447667 2.54771e-05
    endloop
  endfacet
  facet normal 0.000924548 -0.468296 -0.883571
    outer loop
       vertex 0.0219187 -0.00447667 2.54771e-05
       vertex 0.0149884 -0.00463445 0.000101851
       vertex 0.0149917 -0.00449161 2.61463e-05
    endloop
  endfacet
  facet normal -0.0262323 -0.467648 -0.883525
    outer loop
       vertex 0.0149884 -0.00463445 0.000101851
       vertex 0.0102836 -0.00437981 0.000106754
       vertex 0.0149917 -0.00449161 2.61463e-05
    endloop
  endfacet
  facet normal -0.0263879 -0.478346 -0.877775
    outer loop
       vertex 0.0149917 -0.00449161 2.61463e-05
       vertex 0.0102836 -0.00437981 0.000106754
       vertex 0.0102974 -0.00423502 2.74417e-05
    endloop
  endfacet
  facet normal -0.063741 -0.474798 -0.877784
    outer loop
       vertex 0.0102836 -0.00437981 0.000106754
       vertex 0.00704932 -0.00395714 0.000112996
       vertex 0.0102974 -0.00423502 2.74417e-05
    endloop
  endfacet
  facet normal -0.0646811 -0.488057 -0.870412
    outer loop
       vertex 0.0102974 -0.00423502 2.74417e-05
       vertex 0.00704932 -0.00395714 0.000112996
       vertex 0.00707606 -0.00381105 2.90955e-05
    endloop
  endfacet
  facet normal -0.131508 -0.475496 -0.869833
    outer loop
       vertex 0.00704932 -0.00395714 0.000112996
       vertex 0.00378016 -0.00307919 0.000127318
       vertex 0.00707606 -0.00381105 2.90955e-05
    endloop
  endfacet
  facet normal -0.137376 -0.504237 -0.852568
    outer loop
       vertex 0.00707606 -0.00381105 2.90955e-05
       vertex 0.00378016 -0.00307919 0.000127318
       vertex 0.00383684 -0.00293501 3.29128e-05
    endloop
  endfacet
  facet normal -0.24027 -0.463869 -0.852699
    outer loop
       vertex 0.00378016 -0.00307919 0.000127318
       vertex 0.00217803 -0.00227747 0.000142623
       vertex 0.00383684 -0.00293501 3.29128e-05
    endloop
  endfacet
  facet normal -0.250117 -0.491832 -0.833992
    outer loop
       vertex 0.00383684 -0.00293501 3.29128e-05
       vertex 0.00217803 -0.00227747 0.000142623
       vertex 0.00226826 -0.0021443 3.70267e-05
    endloop
  endfacet
  facet normal -0.371777 -0.408936 -0.833399
    outer loop
       vertex 0.00217803 -0.00227747 0.000142623
       vertex 0.0011472 -0.00137465 0.000159475
       vertex 0.00226826 -0.0021443 3.70267e-05
    endloop
  endfacet
  facet normal -0.387957 -0.435893 -0.812088
    outer loop
       vertex 0.00226826 -0.0021443 3.70267e-05
       vertex 0.0011472 -0.00137465 0.000159475
       vertex 0.00127732 -0.00127085 4.15992e-05
    endloop
  endfacet
  facet normal -0.492554 -0.307238 -0.814246
    outer loop
       vertex 0.0011472 -0.00137465 0.000159475
       vertex 0.000750052 -0.000761597 0.000168398
       vertex 0.00127732 -0.00127085 4.15992e-05
    endloop
  endfacet
  facet normal -0.502336 -0.320107 -0.803238
    outer loop
       vertex 0.00127732 -0.00127085 4.15992e-05
       vertex 0.000750052 -0.000761597 0.000168398
       vertex 0.000902897 -0.000689403 4.40388e-05
    endloop
  endfacet
  facet normal -0.570307 -0.175044 -0.802565
    outer loop
       vertex 0.000750052 -0.000761597 0.000168398
       vertex 0.00056897 -0.000199373 0.000174451
       vertex 0.000902897 -0.000689403 4.40388e-05
    endloop
  endfacet
  facet normal -0.579327 -0.183419 -0.79419
    outer loop
       vertex 0.000902897 -0.000689403 4.40388e-05
       vertex 0.00056897 -0.000199373 0.000174451
       vertex 0.000737984 -0.000175725 4.57014e-05
    endloop
  endfacet
  facet normal -0.601722 -0.0419383 -0.797603
    outer loop
       vertex 0.00056897 -0.000199373 0.000174451
       vertex 0.000554192 -3.03262e-20 0.000175117
       vertex 0.000737984 -0.000175725 4.57014e-05
    endloop
  endfacet
  facet normal -0.602731 -0.0436216 -0.796751
    outer loop
       vertex 0.000737984 -0.000175725 4.57014e-05
       vertex 0.000554192 -3.03262e-20 0.000175117
       vertex 0.000725024 -4.48358e-20 4.58846e-05
    endloop
  endfacet
  facet normal -0.213773 -0.0147475 -0.976772
    outer loop
       vertex 0.000725024 -4.48358e-20 4.58846e-05
       vertex 0.000944806 -0.000146786 1.0842e-19
       vertex 0.000737984 -0.000175725 4.57014e-05
    endloop
  endfacet
  facet normal -0.206597 -0.0652135 -0.97625
    outer loop
       vertex 0.000944806 -0.000146786 1.0842e-19
       vertex 0.00108842 -0.000601771 1.0842e-19
       vertex 0.000737984 -0.000175725 4.57014e-05
    endloop
  endfacet
  facet normal -0.202729 -0.061922 -0.977275
    outer loop
       vertex 0.000737984 -0.000175725 4.57014e-05
       vertex 0.00108842 -0.000601771 1.0842e-19
       vertex 0.000902897 -0.000689403 4.40388e-05
    endloop
  endfacet
  facet normal -0.178573 -0.113127 -0.977402
    outer loop
       vertex 0.00108842 -0.000601771 1.0842e-19
       vertex 0.0014334 -0.00114632 0
       vertex 0.000902897 -0.000689403 4.40388e-05
    endloop
  endfacet
  facet normal -0.174477 -0.108248 -0.978693
    outer loop
       vertex 0.000902897 -0.000689403 4.40388e-05
       vertex 0.0014334 -0.00114632 0
       vertex 0.00127732 -0.00127085 4.15992e-05
    endloop
  endfacet
  facet normal -0.137839 -0.154073 -0.978398
    outer loop
       vertex 0.0014334 -0.00114632 0
       vertex 0.00237417 -0.00198797 1.0842e-19
       vertex 0.00127732 -0.00127085 4.15992e-05
    endloop
  endfacet
  facet normal -0.131053 -0.143547 -0.980928
    outer loop
       vertex 0.00127732 -0.00127085 4.15992e-05
       vertex 0.00237417 -0.00198797 1.0842e-19
       vertex 0.00226826 -0.0021443 3.70267e-05
    endloop
  endfacet
  facet normal -0.0882198 -0.172592 -0.981035
    outer loop
       vertex 0.00237417 -0.00198797 1.0842e-19
       vertex 0.00390212 -0.00276897 0
       vertex 0.00226826 -0.0021443 3.70267e-05
    endloop
  endfacet
  facet normal -0.0841495 -0.161817 -0.983226
    outer loop
       vertex 0.00226826 -0.0021443 3.70267e-05
       vertex 0.00390212 -0.00276897 0
       vertex 0.00383684 -0.00293501 3.29128e-05
    endloop
  endfacet
  facet normal -0.0481498 -0.175968 -0.983218
    outer loop
       vertex 0.00390212 -0.00276897 0
       vertex 0.00710631 -0.00364573 -1.0842e-19
       vertex 0.00383684 -0.00293501 3.29128e-05
    endloop
  endfacet
  facet normal -0.0457872 -0.165007 -0.985229
    outer loop
       vertex 0.00383684 -0.00293501 3.29128e-05
       vertex 0.00710631 -0.00364573 -1.0842e-19
       vertex 0.00707606 -0.00381105 2.90955e-05
    endloop
  endfacet
  facet normal -0.0225242 -0.169278 -0.985311
    outer loop
       vertex 0.00710631 -0.00364573 -1.0842e-19
       vertex 0.0103129 -0.00407239 0
       vertex 0.00707606 -0.00381105 2.90955e-05
    endloop
  endfacet
  facet normal -0.0221296 -0.164295 -0.986163
    outer loop
       vertex 0.00707606 -0.00381105 2.90955e-05
       vertex 0.0103129 -0.00407239 0
       vertex 0.0102974 -0.00423502 2.74417e-05
    endloop
  endfacet
  facet normal -0.00917994 -0.165526 -0.986163
    outer loop
       vertex 0.0103129 -0.00407239 0
       vertex 0.0149954 -0.00433208 0
       vertex 0.0102974 -0.00423502 2.74417e-05
    endloop
  endfacet
  facet normal -0.00910123 -0.161529 -0.986826
    outer loop
       vertex 0.0102974 -0.00423502 2.74417e-05
       vertex 0.0149954 -0.00433208 0
       vertex 0.0149917 -0.00449161 2.61463e-05
    endloop
  endfacet
  facet normal 0.000302754 -0.161746 -0.986832
    outer loop
       vertex 0.0149954 -0.00433208 0
       vertex 0.0219159 -0.00431913 -1.0842e-19
       vertex 0.0149917 -0.00449161 2.61463e-05
    endloop
  endfacet
  facet normal 0.000248902 -0.159637 -0.987176
    outer loop
       vertex 0.0149917 -0.00449161 2.61463e-05
       vertex 0.0219159 -0.00431913 -1.0842e-19
       vertex 0.0219187 -0.00447667 2.54771e-05
    endloop
  endfacet
  facet normal 0.00300509 -0.159588 -0.987179
    outer loop
       vertex 0.0219159 -0.00431913 -1.0842e-19
       vertex 0.0322201 -0.0041251 0
       vertex 0.0219187 -0.00447667 2.54771e-05
    endloop
  endfacet
  facet normal 0.00297904 -0.158834 -0.987301
    outer loop
       vertex 0.0219187 -0.00447667 2.54771e-05
       vertex 0.0322201 -0.0041251 0
       vertex 0.0322259 -0.00428181 2.52284e-05
    endloop
  endfacet
  facet normal -0.878985 -0.0612222 -0.472902
    outer loop
       vertex 0.000453116 -2.17413e-20 0.000363978
       vertex 0.00056897 -0.000199373 0.000174451
       vertex 0.000468661 -0.000213408 0.000362713
    endloop
  endfacet
  facet normal -0.842309 -0.266246 -0.468645
    outer loop
       vertex 0.00056897 -0.000199373 0.000174451
       vertex 0.000750052 -0.000761597 0.000168398
       vertex 0.000468661 -0.000213408 0.000362713
    endloop
  endfacet
  facet normal -0.834834 -0.255726 -0.4875
    outer loop
       vertex 0.000468661 -0.000213408 0.000362713
       vertex 0.000750052 -0.000761597 0.000168398
       vertex 0.000656813 -0.000805638 0.00035117
    endloop
  endfacet
  facet normal -0.735607 -0.469437 -0.488376
    outer loop
       vertex 0.000750052 -0.000761597 0.000168398
       vertex 0.0011472 -0.00137465 0.000159475
       vertex 0.000656813 -0.000805638 0.00035117
    endloop
  endfacet
  facet normal -0.727496 -0.453531 -0.514839
    outer loop
       vertex 0.000656813 -0.000805638 0.00035117
       vertex 0.0011472 -0.00137465 0.000159475
       vertex 0.00106471 -0.00144046 0.000334013
    endloop
  endfacet
  facet normal -0.570725 -0.642095 -0.511847
    outer loop
       vertex 0.0011472 -0.00137465 0.000159475
       vertex 0.00217803 -0.00227747 0.000142623
       vertex 0.00106471 -0.00144046 0.000334013
    endloop
  endfacet
  facet normal -0.556332 -0.61128 -0.562878
    outer loop
       vertex 0.00106471 -0.00144046 0.000334013
       vertex 0.00217803 -0.00227747 0.000142623
       vertex 0.00211686 -0.00236777 0.000301149
    endloop
  endfacet
  facet normal -0.373909 -0.736444 -0.563774
    outer loop
       vertex 0.00217803 -0.00227747 0.000142623
       vertex 0.00378016 -0.00307919 0.000127318
       vertex 0.00211686 -0.00236777 0.000301149
    endloop
  endfacet
  facet normal -0.364656 -0.703517 -0.609992
    outer loop
       vertex 0.00211686 -0.00236777 0.000301149
       vertex 0.00378016 -0.00307919 0.000127318
       vertex 0.00373953 -0.00318252 0.000270788
    endloop
  endfacet
  facet normal -0.208058 -0.76478 -0.609773
    outer loop
       vertex 0.00378016 -0.00307919 0.000127318
       vertex 0.00704932 -0.00395714 0.000112996
       vertex 0.00373953 -0.00318252 0.000270788
    endloop
  endfacet
  facet normal -0.201936 -0.729779 -0.65318
    outer loop
       vertex 0.00373953 -0.00318252 0.000270788
       vertex 0.00704932 -0.00395714 0.000112996
       vertex 0.00702922 -0.00406699 0.000241937
    endloop
  endfacet
  facet normal -0.099244 -0.749776 -0.654207
    outer loop
       vertex 0.00704932 -0.00395714 0.000112996
       vertex 0.0102836 -0.00437981 0.000106754
       vertex 0.00702922 -0.00406699 0.000241937
    endloop
  endfacet
  facet normal -0.0984166 -0.73303 -0.673039
    outer loop
       vertex 0.00702922 -0.00406699 0.000241937
       vertex 0.0102836 -0.00437981 0.000106754
       vertex 0.0102731 -0.00449084 0.000229233
    endloop
  endfacet
  facet normal -0.0406728 -0.738503 -0.673022
    outer loop
       vertex 0.0102836 -0.00437981 0.000106754
       vertex 0.0149884 -0.00463445 0.000101851
       vertex 0.0102731 -0.00449084 0.000229233
    endloop
  endfacet
  facet normal -0.0406535 -0.724752 -0.687809
    outer loop
       vertex 0.0102731 -0.00449084 0.000229233
       vertex 0.0149884 -0.00463445 0.000101851
       vertex 0.0149859 -0.00474567 0.000219195
    endloop
  endfacet
  facet normal 0.00145389 -0.725808 -0.687895
    outer loop
       vertex 0.0149884 -0.00463445 0.000101851
       vertex 0.0219212 -0.00461816 9.93122e-05
       vertex 0.0149859 -0.00474567 0.000219195
    endloop
  endfacet
  facet normal 0.00118563 -0.718445 -0.695582
    outer loop
       vertex 0.0149859 -0.00474567 0.000219195
       vertex 0.0219212 -0.00461816 9.93122e-05
       vertex 0.0219232 -0.00472918 0.000213981
    endloop
  endfacet
  facet normal -0.929409 -0.0678755 0.362755
    outer loop
       vertex 0.000518233 -2.72721e-20 0.00077735
       vertex 0.000440349 -2.06569e-20 0.000577804
       vertex 0.000455394 -0.000215264 0.000576071
    endloop
  endfacet
  facet normal -0.995619 -0.0721688 -0.0594463
    outer loop
       vertex 0.000440349 -2.06569e-20 0.000577804
       vertex 0.000453116 -2.17413e-20 0.000363978
       vertex 0.000468661 -0.000213408 0.000362713
    endloop
  endfacet
  facet normal -0.879887 -0.0636483 -0.470901
    outer loop
       vertex 0.000453116 -2.17413e-20 0.000363978
       vertex 0.000554192 -3.03262e-20 0.000175117
       vertex 0.00056897 -0.000199373 0.000174451
    endloop
  endfacet
  facet normal -0.214182 -0.0153897 -0.976673
    outer loop
       vertex 0.000725024 -4.48358e-20 4.58846e-05
       vertex 0.000934259 1.14069e-19 0
       vertex 0.000944806 -0.000146786 1.0842e-19
    endloop
  endfacet
  facet normal 0.121179 -0.157315 -0.980085
    outer loop
       vertex 0.0452485 -0.00463173 0
       vertex 0.046605 -0.00358686 0
       vertex 0.045392 -0.00475834 3.80602e-05
    endloop
  endfacet
  facet normal 0.121622 -0.157769 -0.979958
    outer loop
       vertex 0.046605 -0.00358686 0
       vertex 0.046691 -0.0037584 3.82979e-05
       vertex 0.045392 -0.00475834 3.80602e-05
    endloop
  endfacet
  facet normal 0.343304 -0.445799 -0.826684
    outer loop
       vertex 0.045392 -0.00475834 3.80602e-05
       vertex 0.046691 -0.0037584 3.82979e-05
       vertex 0.0455136 -0.00486567 0.000146447
    endloop
  endfacet
  facet normal 0.344433 -0.446896 -0.825621
    outer loop
       vertex 0.046691 -0.0037584 3.82979e-05
       vertex 0.0467639 -0.00390366 0.000147325
       vertex 0.0455136 -0.00486567 0.000146447
    endloop
  endfacet
  facet normal 0.510136 -0.662507 -0.548494
    outer loop
       vertex 0.0455136 -0.00486567 0.000146447
       vertex 0.0467639 -0.00390366 0.000147325
       vertex 0.0455949 -0.00493739 0.000308658
    endloop
  endfacet
  facet normal 0.51147 -0.663613 -0.545909
    outer loop
       vertex 0.0467639 -0.00390366 0.000147325
       vertex 0.0468124 -0.00400039 0.000310378
       vertex 0.0455949 -0.00493739 0.000308658
    endloop
  endfacet
  facet normal 0.598748 -0.777674 -0.191633
    outer loop
       vertex 0.0455949 -0.00493739 0.000308658
       vertex 0.0468124 -0.00400039 0.000310378
       vertex 0.0456234 -0.00496257 0.0005
    endloop
  endfacet
  facet normal 0.599667 -0.777985 -0.187452
    outer loop
       vertex 0.0468124 -0.00400039 0.000310378
       vertex 0.0468292 -0.00403377 0.00050248
       vertex 0.0456234 -0.00496257 0.0005
    endloop
  endfacet
  facet normal 0.0579286 -0.18976 -0.98012
    outer loop
       vertex 0.046605 -0.00358686 0
       vertex 0.0480504 -0.00314563 0
       vertex 0.046691 -0.0037584 3.82979e-05
    endloop
  endfacet
  facet normal 0.0581312 -0.190203 -0.980022
    outer loop
       vertex 0.0480504 -0.00314563 0
       vertex 0.0480748 -0.00333642 3.84804e-05
       vertex 0.046691 -0.0037584 3.82979e-05
    endloop
  endfacet
  facet normal 0.164209 -0.538124 -0.826715
    outer loop
       vertex 0.046691 -0.0037584 3.82979e-05
       vertex 0.0480748 -0.00333642 3.84804e-05
       vertex 0.0467639 -0.00390366 0.000147325
    endloop
  endfacet
  facet normal 0.164743 -0.539204 -0.825905
    outer loop
       vertex 0.0480748 -0.00333642 3.84804e-05
       vertex 0.0480955 -0.00349784 0.000147999
       vertex 0.0467639 -0.00390366 0.000147325
    endloop
  endfacet
  facet normal 0.244198 -0.800384 -0.547497
    outer loop
       vertex 0.0467639 -0.00390366 0.000147325
       vertex 0.0480955 -0.00349784 0.000147999
       vertex 0.0468124 -0.00400039 0.000310378
    endloop
  endfacet
  facet normal 0.244897 -0.801526 -0.54551
    outer loop
       vertex 0.0480955 -0.00349784 0.000147999
       vertex 0.0481093 -0.00360505 0.000311697
       vertex 0.0468124 -0.00400039 0.000310378
    endloop
  endfacet
  facet normal 0.286562 -0.939393 -0.188211
    outer loop
       vertex 0.0468124 -0.00400039 0.000310378
       vertex 0.0481093 -0.00360505 0.000311697
       vertex 0.0468292 -0.00403377 0.00050248
    endloop
  endfacet
  facet normal 0.287192 -0.939841 -0.184987
    outer loop
       vertex 0.0481093 -0.00360505 0.000311697
       vertex 0.048114 -0.00364155 0.00050438
       vertex 0.0468292 -0.00403377 0.00050248
    endloop
  endfacet
  facet normal 0.0205347 -0.195136 -0.980561
    outer loop
       vertex 0.0480504 -0.00314563 0
       vertex 0.0482539 -0.00312421 0
       vertex 0.0480748 -0.00333642 3.84804e-05
    endloop
  endfacet
  facet normal 0.0205958 -0.195185 -0.98055
    outer loop
       vertex 0.0482539 -0.00312421 0
       vertex 0.0482697 -0.00331597 3.85018e-05
       vertex 0.0480748 -0.00333642 3.84804e-05
    endloop
  endfacet
  facet normal 0.0583834 -0.555338 -0.829573
    outer loop
       vertex 0.0480748 -0.00333642 3.84804e-05
       vertex 0.0482697 -0.00331597 3.85018e-05
       vertex 0.0480955 -0.00349784 0.000147999
    endloop
  endfacet
  facet normal 0.0585704 -0.555459 -0.829478
    outer loop
       vertex 0.0482697 -0.00331597 3.85018e-05
       vertex 0.048283 -0.00347819 0.000148078
       vertex 0.0480955 -0.00349784 0.000147999
    endloop
  endfacet
  facet normal 0.0872285 -0.829994 -0.550909
    outer loop
       vertex 0.0480955 -0.00349784 0.000147999
       vertex 0.048283 -0.00347819 0.000148078
       vertex 0.0481093 -0.00360505 0.000311697
    endloop
  endfacet
  facet normal 0.087538 -0.830117 -0.550676
    outer loop
       vertex 0.048283 -0.00347819 0.000148078
       vertex 0.0482919 -0.0035859 0.000311852
       vertex 0.0481093 -0.00360505 0.000311697
    endloop
  endfacet
  facet normal 0.102625 -0.976885 -0.187519
    outer loop
       vertex 0.0481093 -0.00360505 0.000311697
       vertex 0.0482919 -0.0035859 0.000311852
       vertex 0.048114 -0.00364155 0.00050438
    endloop
  endfacet
  facet normal 0.103041 -0.976913 -0.187144
    outer loop
       vertex 0.0482919 -0.0035859 0.000311852
       vertex 0.0482949 -0.00362251 0.000504603
       vertex 0.048114 -0.00364155 0.00050438
    endloop
  endfacet
  facet normal 0.597115 -0.778948 -0.191557
    outer loop
       vertex 0.0456234 -0.00496257 0.0005
       vertex 0.0433316 -0.00671942 0.0005
       vertex 0.0455949 -0.00493739 0.000308658
    endloop
  endfacet
  facet normal 0.590283 -0.774221 -0.228358
    outer loop
       vertex 0.0433316 -0.00671942 0.0005
       vertex 0.0432797 -0.00670256 0.000308658
       vertex 0.0455949 -0.00493739 0.000308658
    endloop
  endfacet
  facet normal 0.507106 -0.665126 -0.548134
    outer loop
       vertex 0.0455949 -0.00493739 0.000308658
       vertex 0.0432797 -0.00670256 0.000308658
       vertex 0.0455136 -0.00486567 0.000146447
    endloop
  endfacet
  facet normal 0.507107 -0.665127 -0.548132
    outer loop
       vertex 0.0432797 -0.00670256 0.000308658
       vertex 0.043232 -0.0066052 0.000146447
       vertex 0.0455136 -0.00486567 0.000146447
    endloop
  endfacet
  facet normal 0.341368 -0.447742 -0.826435
    outer loop
       vertex 0.0455136 -0.00486567 0.000146447
       vertex 0.043232 -0.0066052 0.000146447
       vertex 0.045392 -0.00475834 3.80602e-05
    endloop
  endfacet
  facet normal 0.34137 -0.447744 -0.826433
    outer loop
       vertex 0.043232 -0.0066052 0.000146447
       vertex 0.0431607 -0.0064595 3.80602e-05
       vertex 0.045392 -0.00475834 3.80602e-05
    endloop
  endfacet
  facet normal 0.12051 -0.158062 -0.980048
    outer loop
       vertex 0.045392 -0.00475834 3.80602e-05
       vertex 0.0431607 -0.0064595 3.80602e-05
       vertex 0.0452485 -0.00463173 0
    endloop
  endfacet
  facet normal 0.120511 -0.158063 -0.980048
    outer loop
       vertex 0.0431607 -0.0064595 3.80602e-05
       vertex 0.0430766 -0.00628763 4.33681e-19
       vertex 0.0452485 -0.00463173 0
    endloop
  endfacet
  facet normal 0.0508526 -0.192146 -0.980048
    outer loop
       vertex 0.0404364 -0.00698638 4.33681e-19
       vertex 0.0430766 -0.00628763 4.33681e-19
       vertex 0.0404483 -0.00717735 3.80602e-05
    endloop
  endfacet
  facet normal 0.0508531 -0.192147 -0.980048
    outer loop
       vertex 0.0430766 -0.00628763 4.33681e-19
       vertex 0.0431607 -0.0064595 3.80602e-05
       vertex 0.0404483 -0.00717735 3.80602e-05
    endloop
  endfacet
  facet normal 0.14405 -0.544289 -0.826437
    outer loop
       vertex 0.0404483 -0.00717735 3.80602e-05
       vertex 0.0431607 -0.0064595 3.80602e-05
       vertex 0.0404585 -0.00733925 0.000146447
    endloop
  endfacet
  facet normal 0.14405 -0.54429 -0.826437
    outer loop
       vertex 0.0431607 -0.0064595 3.80602e-05
       vertex 0.043232 -0.0066052 0.000146447
       vertex 0.0404585 -0.00733925 0.000146447
    endloop
  endfacet
  facet normal 0.213991 -0.808559 -0.548124
    outer loop
       vertex 0.0404585 -0.00733925 0.000146447
       vertex 0.043232 -0.0066052 0.000146447
       vertex 0.0404652 -0.00744742 0.000308658
    endloop
  endfacet
  facet normal 0.21399 -0.808557 -0.548127
    outer loop
       vertex 0.043232 -0.0066052 0.000146447
       vertex 0.0432797 -0.00670256 0.000308658
       vertex 0.0404652 -0.00744742 0.000308658
    endloop
  endfacet
  facet normal 0.251114 -0.94883 -0.191476
    outer loop
       vertex 0.0404652 -0.00744742 0.000308658
       vertex 0.0432797 -0.00670256 0.000308658
       vertex 0.0404676 -0.00748541 0.0005
    endloop
  endfacet
  facet normal 0.251114 -0.94883 -0.191479
    outer loop
       vertex 0.0432797 -0.00670256 0.000308658
       vertex 0.0432964 -0.00673674 0.0005
       vertex 0.0404676 -0.00748541 0.0005
    endloop
  endfacet
  facet normal -0.0265457 -0.196981 -0.980048
    outer loop
       vertex 0.0377297 -0.00662162 4.33681e-19
       vertex 0.0404364 -0.00698638 4.33681e-19
       vertex 0.0376677 -0.00680262 3.80602e-05
    endloop
  endfacet
  facet normal -0.0265457 -0.196982 -0.980048
    outer loop
       vertex 0.0404364 -0.00698638 4.33681e-19
       vertex 0.0404483 -0.00717735 3.80602e-05
       vertex 0.0376677 -0.00680262 3.80602e-05
    endloop
  endfacet
  facet normal -0.075195 -0.557982 -0.826439
    outer loop
       vertex 0.0376677 -0.00680262 3.80602e-05
       vertex 0.0404483 -0.00717735 3.80602e-05
       vertex 0.0376151 -0.00695607 0.000146447
    endloop
  endfacet
  facet normal -0.0751949 -0.557981 -0.82644
    outer loop
       vertex 0.0404483 -0.00717735 3.80602e-05
       vertex 0.0404585 -0.00733925 0.000146447
       vertex 0.0376151 -0.00695607 0.000146447
    endloop
  endfacet
  facet normal -0.111705 -0.828906 -0.548121
    outer loop
       vertex 0.0376151 -0.00695607 0.000146447
       vertex 0.0404585 -0.00733925 0.000146447
       vertex 0.0375799 -0.0070586 0.000308658
    endloop
  endfacet
  facet normal -0.111705 -0.828906 -0.548121
    outer loop
       vertex 0.0404585 -0.00733925 0.000146447
       vertex 0.0404652 -0.00744742 0.000308658
       vertex 0.0375799 -0.0070586 0.000308658
    endloop
  endfacet
  facet normal -0.131084 -0.972704 -0.191477
    outer loop
       vertex 0.0375799 -0.0070586 0.000308658
       vertex 0.0404652 -0.00744742 0.000308658
       vertex 0.0375676 -0.0070946 0.0005
    endloop
  endfacet
  facet normal -0.131084 -0.972703 -0.191484
    outer loop
       vertex 0.0404652 -0.00744742 0.000308658
       vertex 0.0404676 -0.00748541 0.0005
       vertex 0.0375676 -0.0070946 0.0005
    endloop
  endfacet
  facet normal -0.326929 -0.924696 -0.195075
    outer loop
       vertex 0.0375676 -0.0070946 0.0005
       vertex 0.0374327 -0.00704689 0.0005
       vertex 0.0375799 -0.0070586 0.000308658
    endloop
  endfacet
  facet normal -0.476741 -0.819978 -0.316786
    outer loop
       vertex 0.0374327 -0.00704689 0.0005
       vertex 0.035063 -0.00559526 0.000308658
       vertex 0.0375799 -0.0070586 0.000308658
    endloop
  endfacet
  facet normal -0.420399 -0.723072 -0.548117
    outer loop
       vertex 0.0375799 -0.0070586 0.000308658
       vertex 0.035063 -0.00559526 0.000308658
       vertex 0.0376151 -0.00695607 0.000146447
    endloop
  endfacet
  facet normal -0.420398 -0.723069 -0.548121
    outer loop
       vertex 0.035063 -0.00559526 0.000308658
       vertex 0.0351348 -0.00551399 0.000146447
       vertex 0.0376151 -0.00695607 0.000146447
    endloop
  endfacet
  facet normal -0.282993 -0.486738 -0.826439
    outer loop
       vertex 0.0376151 -0.00695607 0.000146447
       vertex 0.0351348 -0.00551399 0.000146447
       vertex 0.0376677 -0.00680262 3.80602e-05
    endloop
  endfacet
  facet normal -0.282995 -0.486741 -0.826437
    outer loop
       vertex 0.0351348 -0.00551399 0.000146447
       vertex 0.0352421 -0.00539236 3.80602e-05
       vertex 0.0376677 -0.00680262 3.80602e-05
    endloop
  endfacet
  facet normal -0.0999022 -0.171828 -0.980048
    outer loop
       vertex 0.0376677 -0.00680262 3.80602e-05
       vertex 0.0352421 -0.00539236 3.80602e-05
       vertex 0.0377297 -0.00662162 4.33681e-19
    endloop
  endfacet
  facet normal -0.0999017 -0.171827 -0.980048
    outer loop
       vertex 0.0352421 -0.00539236 3.80602e-05
       vertex 0.0353687 -0.00524888 0
       vertex 0.0377297 -0.00662162 4.33681e-19
    endloop
  endfacet
  facet normal -0.501367 -0.843704 -0.191821
    outer loop
       vertex 0.0374327 -0.00704689 0.0005
       vertex 0.0350379 -0.0056238 0.0005
       vertex 0.035063 -0.00559526 0.000308658
    endloop
  endfacet
  facet normal 0.433337 -0.879863 -0.195088
    outer loop
       vertex 0.0433316 -0.00671942 0.0005
       vertex 0.0432964 -0.00673674 0.0005
       vertex 0.0432797 -0.00670256 0.000308658
    endloop
  endfacet
  facet normal -0.12605 -0.149199 -0.98074
    outer loop
       vertex 0.0353687 -0.00524888 0
       vertex 0.0351004 -0.0052729 3.81325e-05
       vertex 0.0352208 -0.00512399 0
    endloop
  endfacet
  facet normal -0.0970472 -0.172519 -0.980214
    outer loop
       vertex 0.0351004 -0.0052729 3.81325e-05
       vertex 0.0338375 -0.00456562 3.8688e-05
       vertex 0.0352208 -0.00512399 0
    endloop
  endfacet
  facet normal -0.0975935 -0.173893 -0.979917
    outer loop
       vertex 0.0352208 -0.00512399 0
       vertex 0.0338375 -0.00456562 3.8688e-05
       vertex 0.0339023 -0.00438399 0
    endloop
  endfacet
  facet normal -0.0268772 -0.199071 -0.979616
    outer loop
       vertex 0.0338375 -0.00456562 3.8688e-05
       vertex 0.0322259 -0.00428181 2.52284e-05
       vertex 0.0339023 -0.00438399 0
    endloop
  endfacet
  facet normal -0.0245918 -0.159793 -0.986844
    outer loop
       vertex 0.0339023 -0.00438399 0
       vertex 0.0322259 -0.00428181 2.52284e-05
       vertex 0.0322201 -0.0041251 0
    endloop
  endfacet
  facet normal -0.358751 -0.424931 -0.831102
    outer loop
       vertex 0.0352421 -0.00539236 3.80602e-05
       vertex 0.0349983 -0.0053991 0.000146714
       vertex 0.0351004 -0.0052729 3.81325e-05
    endloop
  endfacet
  facet normal -0.275153 -0.489433 -0.827494
    outer loop
       vertex 0.0349983 -0.0053991 0.000146714
       vertex 0.0337827 -0.00471914 0.000148765
       vertex 0.0351004 -0.0052729 3.81325e-05
    endloop
  endfacet
  facet normal -0.276402 -0.4929 -0.825016
    outer loop
       vertex 0.0351004 -0.0052729 3.81325e-05
       vertex 0.0337827 -0.00471914 0.000148765
       vertex 0.0338375 -0.00456562 3.8688e-05
    endloop
  endfacet
  facet normal -0.0865339 -0.559937 -0.824004
    outer loop
       vertex 0.0337827 -0.00471914 0.000148765
       vertex 0.0322335 -0.00448267 0.000150769
       vertex 0.0338375 -0.00456562 3.8688e-05
    endloop
  endfacet
  facet normal -0.0863044 -0.65737 -0.748609
    outer loop
       vertex 0.0338375 -0.00456562 3.8688e-05
       vertex 0.0322335 -0.00448267 0.000150769
       vertex 0.0322312 -0.0044227 9.83679e-05
    endloop
  endfacet
  facet normal -0.53665 -0.635866 -0.554691
    outer loop
       vertex 0.0351348 -0.00551399 0.000146447
       vertex 0.0349302 -0.00548334 0.000309182
       vertex 0.0349983 -0.0053991 0.000146714
    endloop
  endfacet
  facet normal -0.409507 -0.728371 -0.549345
    outer loop
       vertex 0.0349302 -0.00548334 0.000309182
       vertex 0.0337464 -0.0048208 0.000313197
       vertex 0.0349983 -0.0053991 0.000146714
    endloop
  endfacet
  facet normal -0.410526 -0.732314 -0.543309
    outer loop
       vertex 0.0349983 -0.0053991 0.000146714
       vertex 0.0337464 -0.0048208 0.000313197
       vertex 0.0337827 -0.00471914 0.000148765
    endloop
  endfacet
  facet normal -0.128385 -0.83062 -0.541837
    outer loop
       vertex 0.0337464 -0.0048208 0.000313197
       vertex 0.0322375 -0.00459012 0.00031711
       vertex 0.0337827 -0.00471914 0.000148765
    endloop
  endfacet
  facet normal -0.124069 -0.874771 -0.468383
    outer loop
       vertex 0.0337827 -0.00471914 0.000148765
       vertex 0.0322375 -0.00459012 0.00031711
       vertex 0.0322354 -0.00453356 0.000212038
    endloop
  endfacet
  facet normal -0.632635 -0.749819 -0.193766
    outer loop
       vertex 0.035063 -0.00559526 0.000308658
       vertex 0.0349064 -0.00551277 0.000500755
       vertex 0.0349302 -0.00548334 0.000309182
    endloop
  endfacet
  facet normal -0.481134 -0.855546 -0.191185
    outer loop
       vertex 0.0349064 -0.00551277 0.000500755
       vertex 0.0337342 -0.00485486 0.000506536
       vertex 0.0349302 -0.00548334 0.000309182
    endloop
  endfacet
  facet normal -0.48075 -0.857896 -0.181368
    outer loop
       vertex 0.0349302 -0.00548334 0.000309182
       vertex 0.0337342 -0.00485486 0.000506536
       vertex 0.0337464 -0.0048208 0.000313197
    endloop
  endfacet
  facet normal -0.150335 -0.971984 -0.180683
    outer loop
       vertex 0.0337342 -0.00485486 0.000506536
       vertex 0.0322388 -0.0046246 0.000512152
       vertex 0.0337464 -0.0048208 0.000313197
    endloop
  endfacet
  facet normal -0.145091 -0.9805 -0.132545
    outer loop
       vertex 0.0337464 -0.0048208 0.000313197
       vertex 0.0322388 -0.0046246 0.000512152
       vertex 0.032238 -0.0046032 0.000354766
    endloop
  endfacet
  facet normal -0.12608 -0.148921 -0.980778
    outer loop
       vertex 0.0353687 -0.00524888 0
       vertex 0.0352421 -0.00539236 3.80602e-05
       vertex 0.0351004 -0.0052729 3.81325e-05
    endloop
  endfacet
  facet normal -0.358909 -0.424193 -0.831411
    outer loop
       vertex 0.0352421 -0.00539236 3.80602e-05
       vertex 0.0351348 -0.00551399 0.000146447
       vertex 0.0349983 -0.0053991 0.000146714
    endloop
  endfacet
  facet normal -0.537117 -0.634779 -0.555483
    outer loop
       vertex 0.0351348 -0.00551399 0.000146447
       vertex 0.035063 -0.00559526 0.000308658
       vertex 0.0349302 -0.00548334 0.000309182
    endloop
  endfacet
  facet normal -0.633602 -0.748668 -0.195049
    outer loop
       vertex 0.035063 -0.00559526 0.000308658
       vertex 0.0350379 -0.0056238 0.0005
       vertex 0.0349064 -0.00551277 0.000500755
    endloop
  endfacet
  facet normal -0.143833 -0.935382 -0.323068
    outer loop
       vertex 0.032238 -0.0046032 0.000354766
       vertex 0.0322375 -0.00459012 0.00031711
       vertex 0.0337464 -0.0048208 0.000313197
    endloop
  endfacet
  facet normal -0.11769 -0.765681 -0.632362
    outer loop
       vertex 0.0322354 -0.00453356 0.000212038
       vertex 0.0322335 -0.00448267 0.000150769
       vertex 0.0337827 -0.00471914 0.000148765
    endloop
  endfacet
  facet normal -0.0739193 -0.461648 -0.883978
    outer loop
       vertex 0.0322312 -0.0044227 9.83679e-05
       vertex 0.0322259 -0.00428181 2.52284e-05
       vertex 0.0338375 -0.00456562 3.8688e-05
    endloop
  endfacet
  facet normal -0.152064 -0.98814 0.0213512
    outer loop
       vertex 0.0322388 -0.0046246 0.000512152
       vertex 0.0337342 -0.00485486 0.000506536
       vertex 0.032168 -0.00453924 0.00395826
    endloop
  endfacet
  facet normal -0.159292 -0.987068 0.0179734
    outer loop
       vertex 0.0337342 -0.00485486 0.000506536
       vertex 0.0336708 -0.00478088 0.00400742
       vertex 0.032168 -0.00453924 0.00395826
    endloop
  endfacet
  facet normal -0.15944 -0.986936 0.0231745
    outer loop
       vertex 0.032168 -0.00453924 0.00395826
       vertex 0.0336708 -0.00478088 0.00400742
       vertex 0.0321151 -0.00447357 0.00639116
    endloop
  endfacet
  facet normal -0.127964 -0.990793 0.0442151
    outer loop
       vertex 0.0336708 -0.00478088 0.00400742
       vertex 0.0332378 -0.00459052 0.00701985
       vertex 0.0321151 -0.00447357 0.00639116
    endloop
  endfacet
  facet normal -0.118582 -0.992574 0.0271299
    outer loop
       vertex 0.0321151 -0.00447357 0.00639116
       vertex 0.0332378 -0.00459052 0.00701985
       vertex 0.0321068 -0.00445513 0.00702979
    endloop
  endfacet
  facet normal -0.517102 -0.855552 0.0252491
    outer loop
       vertex 0.0346171 -0.00526436 0.00700415
       vertex 0.0336708 -0.00478088 0.00400742
       vertex 0.0349741 -0.00556686 0.00406492
    endloop
  endfacet
  facet normal -0.516712 -0.856115 0.00873253
    outer loop
       vertex 0.0336708 -0.00478088 0.00400742
       vertex 0.0337342 -0.00485486 0.000506536
       vertex 0.0349741 -0.00556686 0.00406492
    endloop
  endfacet
  facet normal -0.489457 -0.872019 -0.00394604
    outer loop
       vertex 0.0349741 -0.00556686 0.00406492
       vertex 0.0337342 -0.00485486 0.000506536
       vertex 0.0349064 -0.00551277 0.000500755
    endloop
  endfacet
  facet normal -0.641006 -0.767535 0.00114225
    outer loop
       vertex 0.0349741 -0.00556686 0.00406492
       vertex 0.0349174 -0.00551513 0.007
       vertex 0.0346171 -0.00526436 0.00700415
    endloop
  endfacet
  facet normal -0.46036 -0.887729 0.00214106
    outer loop
       vertex 0.0346171 -0.00526436 0.00700415
       vertex 0.0334223 -0.00464473 0.007018
       vertex 0.0336708 -0.00478088 0.00400742
    endloop
  endfacet
  facet normal -0.281666 -0.959301 0.0201302
    outer loop
       vertex 0.0334223 -0.00464473 0.007018
       vertex 0.0332378 -0.00459052 0.00701985
       vertex 0.0336708 -0.00478088 0.00400742
    endloop
  endfacet
  facet normal -0.64534 -0.763895 0.000652749
    outer loop
       vertex 0.0349064 -0.00551277 0.000500755
       vertex 0.0350379 -0.0056238 0.0005
       vertex 0.0349741 -0.00556686 0.00406492
    endloop
  endfacet
  facet normal 0.119028 -0.992847 0.00932472
    outer loop
       vertex 0.0483687 -0.00355387 0.00701004
       vertex 0.0480438 -0.00359283 0.00700917
       vertex 0.0483337 -0.00358645 0.00398924
    endloop
  endfacet
  facet normal 0.269848 -0.962607 0.0238644
    outer loop
       vertex 0.0480438 -0.00359283 0.00700917
       vertex 0.0468567 -0.00400006 0.00400696
       vertex 0.0483337 -0.00358645 0.00398924
    endloop
  endfacet
  facet normal 0.269732 -0.962909 0.00714684
    outer loop
       vertex 0.0483337 -0.00358645 0.00398924
       vertex 0.0468567 -0.00400006 0.00400696
       vertex 0.0468292 -0.00403377 0.00050248
    endloop
  endfacet
  facet normal 0.612306 -0.790616 0.00280239
    outer loop
       vertex 0.0468567 -0.00400006 0.00400696
       vertex 0.045644 -0.00493918 0.00402774
       vertex 0.0468292 -0.00403377 0.00050248
    endloop
  endfacet
  facet normal 0.610239 -0.792215 0.00169683
    outer loop
       vertex 0.0468292 -0.00403377 0.00050248
       vertex 0.045644 -0.00493918 0.00402774
       vertex 0.0456234 -0.00496257 0.0005
    endloop
  endfacet
  facet normal 0.291984 -0.956418 -0.00328732
    outer loop
       vertex 0.048114 -0.00364155 0.00050438
       vertex 0.0483337 -0.00358645 0.00398924
       vertex 0.0468292 -0.00403377 0.00050248
    endloop
  endfacet
  facet normal 0.315536 -0.948905 0.00393943
    outer loop
       vertex 0.0480438 -0.00359283 0.00700917
       vertex 0.0468283 -0.00399704 0.00700523
       vertex 0.0468567 -0.00400006 0.00400696
    endloop
  endfacet
  facet normal 0.619916 -0.78464 0.00665211
    outer loop
       vertex 0.0468283 -0.00399704 0.00700523
       vertex 0.0456619 -0.00491865 0.007
       vertex 0.0468567 -0.00400006 0.00400696
    endloop
  endfacet
  facet normal 0.612296 -0.790626 0.001773
    outer loop
       vertex 0.0468567 -0.00400006 0.00400696
       vertex 0.0456619 -0.00491865 0.007
       vertex 0.045644 -0.00493918 0.00402774
    endloop
  endfacet
  facet normal 0.104647 -0.994468 0.00912584
    outer loop
       vertex 0.048114 -0.00364155 0.00050438
       vertex 0.0482949 -0.00362251 0.000504603
       vertex 0.0483337 -0.00358645 0.00398924
    endloop
  endfacet
  facet normal -0.133556 -0.99104 -0.00153204
    outer loop
       vertex 0.0375676 -0.0070946 0.0005
       vertex 0.0404676 -0.00748541 0.0005
       vertex 0.0404157 -0.00748847 0.007
    endloop
  endfacet
  facet normal 0.255848 -0.966716 0.00158607
    outer loop
       vertex 0.0404676 -0.00748541 0.0005
       vertex 0.0432964 -0.00673674 0.0005
       vertex 0.0404157 -0.00748847 0.007
    endloop
  endfacet
  facet normal 0.252706 -0.967543 9.78928e-05
    outer loop
       vertex 0.0404157 -0.00748847 0.007
       vertex 0.0432964 -0.00673674 0.0005
       vertex 0.0432993 -0.00673533 0.007
    endloop
  endfacet
  facet normal 0.441827 -0.8971 -1.54993e-06
    outer loop
       vertex 0.0432964 -0.00673674 0.0005
       vertex 0.0433316 -0.00671942 0.0005
       vertex 0.0432993 -0.00673533 0.007
    endloop
  endfacet
  facet normal 0.608381 -0.793644 0.00107918
    outer loop
       vertex 0.0432993 -0.00673533 0.007
       vertex 0.0433316 -0.00671942 0.0005
       vertex 0.0456234 -0.00496257 0.0005
    endloop
  endfacet
  facet normal -0.514611 -0.857423 0.00106558
    outer loop
       vertex 0.0349741 -0.00556686 0.00406492
       vertex 0.0374327 -0.00704689 0.0005
       vertex 0.0374665 -0.00705914 0.007
    endloop
  endfacet
  facet normal -0.333332 -0.942809 -3.95587e-05
    outer loop
       vertex 0.0374327 -0.00704689 0.0005
       vertex 0.0375676 -0.0070946 0.0005
       vertex 0.0374665 -0.00705914 0.007
    endloop
  endfacet
  facet normal -0.144056 -0.989564 0.00315862
    outer loop
       vertex 0.0374665 -0.00705914 0.007
       vertex 0.0375676 -0.0070946 0.0005
       vertex 0.0404157 -0.00748847 0.007
    endloop
  endfacet
  facet normal -0.518065 -0.855326 0.00506488
    outer loop
       vertex 0.0374665 -0.00705914 0.007
       vertex 0.0349174 -0.00551513 0.007
       vertex 0.0349741 -0.00556686 0.00406492
    endloop
  endfacet
  facet normal 0.609484 -0.792796 0.00170508
    outer loop
       vertex 0.045644 -0.00493918 0.00402774
       vertex 0.0432993 -0.00673533 0.007
       vertex 0.0456234 -0.00496257 0.0005
    endloop
  endfacet
  facet normal 0.609563 -0.792735 0.00180403
    outer loop
       vertex 0.045644 -0.00493918 0.00402774
       vertex 0.0456619 -0.00491865 0.007
       vertex 0.0432993 -0.00673533 0.007
    endloop
  endfacet
  facet normal -0.510848 -0.859659 0.00458945
    outer loop
       vertex 0.0349741 -0.00556686 0.00406492
       vertex 0.0350379 -0.0056238 0.0005
       vertex 0.0374327 -0.00704689 0.0005
    endloop
  endfacet
  facet normal -0.21001 -0.346349 0.914297
    outer loop
       vertex 0.035757 -0.00515601 0.00798414
       vertex 0.0353482 -0.00504759 0.00793132
       vertex 0.037675 -0.00647811 0.00792388
    endloop
  endfacet
  facet normal -0.284639 -0.467336 0.837005
    outer loop
       vertex 0.0353482 -0.00504759 0.00793132
       vertex 0.0351246 -0.00529026 0.00771977
       vertex 0.037675 -0.00647811 0.00792388
    endloop
  endfacet
  facet normal -0.29075 -0.482287 0.826356
    outer loop
       vertex 0.037675 -0.00647811 0.00792388
       vertex 0.0351246 -0.00529026 0.00771977
       vertex 0.0375654 -0.00678346 0.00770711
    endloop
  endfacet
  facet normal -0.430526 -0.708506 0.559166
    outer loop
       vertex 0.0351246 -0.00529026 0.00771977
       vertex 0.0349713 -0.00545658 0.00739102
       vertex 0.0375654 -0.00678346 0.00770711
    endloop
  endfacet
  facet normal -0.432897 -0.715828 0.547896
    outer loop
       vertex 0.0375654 -0.00678346 0.00770711
       vertex 0.0349713 -0.00545658 0.00739102
       vertex 0.0374922 -0.00698749 0.00738268
    endloop
  endfacet
  facet normal -0.479164 -0.791101 0.380212
    outer loop
       vertex 0.0349713 -0.00545658 0.00739102
       vertex 0.0349689 -0.00545915 0.00738268
       vertex 0.0374922 -0.00698749 0.00738268
    endloop
  endfacet
  facet normal -0.508499 -0.839534 0.191341
    outer loop
       vertex 0.0374922 -0.00698749 0.00738268
       vertex 0.0349689 -0.00545915 0.00738268
       vertex 0.0374665 -0.00705914 0.007
    endloop
  endfacet
  facet normal -0.508501 -0.839534 0.191335
    outer loop
       vertex 0.0349689 -0.00545915 0.00738268
       vertex 0.0349174 -0.00551513 0.007
       vertex 0.0374665 -0.00705914 0.007
    endloop
  endfacet
  facet normal -0.0286533 -0.196827 0.980019
    outer loop
       vertex 0.0403603 -0.00649001 0.008
       vertex 0.0378043 -0.00611792 0.008
       vertex 0.0403815 -0.0068721 0.00792388
    endloop
  endfacet
  facet normal -0.0286533 -0.196827 0.980019
    outer loop
       vertex 0.0378043 -0.00611792 0.008
       vertex 0.037675 -0.00647811 0.00792388
       vertex 0.0403815 -0.0068721 0.00792388
    endloop
  endfacet
  facet normal -0.0811489 -0.557434 0.826246
    outer loop
       vertex 0.0403815 -0.0068721 0.00792388
       vertex 0.037675 -0.00647811 0.00792388
       vertex 0.0403995 -0.00719603 0.00770711
    endloop
  endfacet
  facet normal -0.0811491 -0.557435 0.826245
    outer loop
       vertex 0.037675 -0.00647811 0.00792388
       vertex 0.0375654 -0.00678346 0.00770711
       vertex 0.0403995 -0.00719603 0.00770711
    endloop
  endfacet
  facet normal -0.120516 -0.827858 0.547839
    outer loop
       vertex 0.0403995 -0.00719603 0.00770711
       vertex 0.0375654 -0.00678346 0.00770711
       vertex 0.0404115 -0.00741247 0.00738268
    endloop
  endfacet
  facet normal -0.120515 -0.827856 0.547842
    outer loop
       vertex 0.0375654 -0.00678346 0.00770711
       vertex 0.0374922 -0.00698749 0.00738268
       vertex 0.0404115 -0.00741247 0.00738268
    endloop
  endfacet
  facet normal -0.141395 -0.971285 0.191345
    outer loop
       vertex 0.0404115 -0.00741247 0.00738268
       vertex 0.0374922 -0.00698749 0.00738268
       vertex 0.0404157 -0.00748847 0.007
    endloop
  endfacet
  facet normal -0.141395 -0.971285 0.191344
    outer loop
       vertex 0.0374922 -0.00698749 0.00738268
       vertex 0.0374665 -0.00705914 0.007
       vertex 0.0404157 -0.00748847 0.007
    endloop
  endfacet
  facet normal 0.0502636 -0.192446 0.980019
    outer loop
       vertex 0.0428594 -0.00583729 0.008
       vertex 0.0403603 -0.00649001 0.008
       vertex 0.0430277 -0.00618095 0.00792388
    endloop
  endfacet
  facet normal 0.0502636 -0.192447 0.980019
    outer loop
       vertex 0.0403603 -0.00649001 0.008
       vertex 0.0403815 -0.0068721 0.00792388
       vertex 0.0430277 -0.00618095 0.00792388
    endloop
  endfacet
  facet normal 0.142352 -0.545028 0.826245
    outer loop
       vertex 0.0430277 -0.00618095 0.00792388
       vertex 0.0403815 -0.0068721 0.00792388
       vertex 0.0431704 -0.0064723 0.00770711
    endloop
  endfacet
  facet normal 0.142352 -0.545028 0.826245
    outer loop
       vertex 0.0403815 -0.0068721 0.00792388
       vertex 0.0403995 -0.00719603 0.00770711
       vertex 0.0431704 -0.0064723 0.00770711
    endloop
  endfacet
  facet normal 0.211408 -0.809429 0.547842
    outer loop
       vertex 0.0431704 -0.0064723 0.00770711
       vertex 0.0403995 -0.00719603 0.00770711
       vertex 0.0432658 -0.00666697 0.00738268
    endloop
  endfacet
  facet normal 0.211408 -0.809429 0.547842
    outer loop
       vertex 0.0403995 -0.00719603 0.00770711
       vertex 0.0404115 -0.00741247 0.00738268
       vertex 0.0432658 -0.00666697 0.00738268
    endloop
  endfacet
  facet normal 0.248036 -0.949666 0.191346
    outer loop
       vertex 0.0432658 -0.00666697 0.00738268
       vertex 0.0404115 -0.00741247 0.00738268
       vertex 0.0432993 -0.00673533 0.007
    endloop
  endfacet
  facet normal 0.248036 -0.949665 0.191349
    outer loop
       vertex 0.0404115 -0.00741247 0.00738268
       vertex 0.0404157 -0.00748847 0.007
       vertex 0.0432993 -0.00673533 0.007
    endloop
  endfacet
  facet normal 0.598301 -0.778089 0.191349
    outer loop
       vertex 0.0432993 -0.00673533 0.007
       vertex 0.0456619 -0.00491865 0.007
       vertex 0.0432658 -0.00666697 0.00738268
    endloop
  endfacet
  facet normal 0.598301 -0.778091 0.19134
    outer loop
       vertex 0.0456619 -0.00491865 0.007
       vertex 0.0456044 -0.00486873 0.00738268
       vertex 0.0432658 -0.00666697 0.00738268
    endloop
  endfacet
  facet normal 0.564116 -0.733633 0.378888
    outer loop
       vertex 0.0432658 -0.00666697 0.00738268
       vertex 0.0456044 -0.00486873 0.00738268
       vertex 0.0456027 -0.00486721 0.00738823
    endloop
  endfacet
  facet normal 0.509629 -0.663407 0.547878
    outer loop
       vertex 0.0432658 -0.00666697 0.00738268
       vertex 0.0456027 -0.00486721 0.00738823
       vertex 0.0431704 -0.0064723 0.00770711
    endloop
  endfacet
  facet normal 0.507539 -0.658748 0.555387
    outer loop
       vertex 0.0456027 -0.00486721 0.00738823
       vertex 0.0454343 -0.00472095 0.00771556
       vertex 0.0431704 -0.0064723 0.00770711
    endloop
  endfacet
  facet normal 0.336936 -0.439557 0.832625
    outer loop
       vertex 0.0431704 -0.0064723 0.00770711
       vertex 0.0454343 -0.00472095 0.00771556
       vertex 0.0451882 -0.00450717 0.007928
    endloop
  endfacet
  facet normal 0.251361 -0.326696 0.911091
    outer loop
       vertex 0.0451882 -0.00450717 0.007928
       vertex 0.0447867 -0.00466168 0.00798337
       vertex 0.0430277 -0.00618095 0.00792388
    endloop
  endfacet
  facet normal 0.0937843 -0.147138 0.98466
    outer loop
       vertex 0.0447867 -0.00466168 0.00798337
       vertex 0.0443542 -0.00482608 0.008
       vertex 0.0430277 -0.00618095 0.00792388
    endloop
  endfacet
  facet normal 0.110338 -0.163106 0.980419
    outer loop
       vertex 0.0430277 -0.00618095 0.00792388
       vertex 0.0443542 -0.00482608 0.008
       vertex 0.0428594 -0.00583729 0.008
    endloop
  endfacet
  facet normal -0.0761938 -0.155429 0.984904
    outer loop
       vertex 0.035757 -0.00515601 0.00798414
       vertex 0.037675 -0.00647811 0.00792388
       vertex 0.0361963 -0.00527087 0.008
    endloop
  endfacet
  facet normal -0.0917912 -0.174251 0.980414
    outer loop
       vertex 0.037675 -0.00647811 0.00792388
       vertex 0.0378043 -0.00611792 0.008
       vertex 0.0361963 -0.00527087 0.008
    endloop
  endfacet
  facet normal 0.344074 -0.446161 0.826168
    outer loop
       vertex 0.0451882 -0.00450717 0.007928
       vertex 0.0430277 -0.00618095 0.00792388
       vertex 0.0431704 -0.0064723 0.00770711
    endloop
  endfacet
  facet normal 0.374353 -0.811218 0.449205
    outer loop
       vertex 0.0471799 -0.00375419 0.00737857
       vertex 0.0467604 -0.00387608 0.00750809
       vertex 0.0467913 -0.0039262 0.00739182
    endloop
  endfacet
  facet normal 0.553668 -0.701066 0.449398
    outer loop
       vertex 0.0467604 -0.00387608 0.00750809
       vertex 0.0456027 -0.00486721 0.00738823
       vertex 0.0467913 -0.0039262 0.00739182
    endloop
  endfacet
  facet normal 0.607917 -0.768633 0.199099
    outer loop
       vertex 0.0467913 -0.0039262 0.00739182
       vertex 0.0456027 -0.00486721 0.00738823
       vertex 0.0468283 -0.00399704 0.00700523
    endloop
  endfacet
  facet normal 0.611361 -0.692722 0.382587
    outer loop
       vertex 0.0456027 -0.00486721 0.00738823
       vertex 0.0456044 -0.00486873 0.00738268
       vertex 0.0468283 -0.00399704 0.00700523
    endloop
  endfacet
  facet normal 0.60791 -0.770494 0.191792
    outer loop
       vertex 0.0468283 -0.00399704 0.00700523
       vertex 0.0456044 -0.00486873 0.00738268
       vertex 0.0456619 -0.00491865 0.007
    endloop
  endfacet
  facet normal 0.117559 -0.983463 0.137769
    outer loop
       vertex 0.0483687 -0.00355387 0.00701004
       vertex 0.0483575 -0.00355473 0.0070135
       vertex 0.0480438 -0.00359283 0.00700917
    endloop
  endfacet
  facet normal 0.119559 -0.991037 0.0595854
    outer loop
       vertex 0.0483575 -0.00355473 0.0070135
       vertex 0.0480411 -0.00358702 0.00711131
       vertex 0.0480438 -0.00359283 0.00700917
    endloop
  endfacet
  facet normal 0.208444 -0.976123 0.0611104
    outer loop
       vertex 0.0480438 -0.00359283 0.00700917
       vertex 0.0480411 -0.00358702 0.00711131
       vertex 0.0471799 -0.00375419 0.00737857
    endloop
  endfacet
  facet normal 0.402122 -0.892987 0.20217
    outer loop
       vertex 0.0467913 -0.0039262 0.00739182
       vertex 0.0468283 -0.00399704 0.00700523
       vertex 0.0471799 -0.00375419 0.00737857
    endloop
  endfacet
  facet normal 0.299543 -0.903756 0.305776
    outer loop
       vertex 0.0468283 -0.00399704 0.00700523
       vertex 0.0480438 -0.00359283 0.00700917
       vertex 0.0471799 -0.00375419 0.00737857
    endloop
  endfacet
  facet normal 0.399552 -0.42442 0.812543
    outer loop
       vertex 0.046103 -0.00411354 0.00770402
       vertex 0.0454343 -0.00472095 0.00771556
       vertex 0.0464399 -0.00398538 0.00760528
    endloop
  endfacet
  facet normal 0.528971 -0.639544 0.557829
    outer loop
       vertex 0.0454343 -0.00472095 0.00771556
       vertex 0.0456027 -0.00486721 0.00738823
       vertex 0.0464399 -0.00398538 0.00760528
    endloop
  endfacet
  facet normal 0.409949 -0.565398 0.715728
    outer loop
       vertex 0.0464399 -0.00398538 0.00760528
       vertex 0.0456027 -0.00486721 0.00738823
       vertex 0.0467604 -0.00387608 0.00750809
    endloop
  endfacet
  facet normal 0.376211 -0.398267 0.83657
    outer loop
       vertex 0.0451882 -0.00450717 0.007928
       vertex 0.0454343 -0.00472095 0.00771556
       vertex 0.046103 -0.00411354 0.00770402
    endloop
  endfacet
  facet normal -0.0103554 -0.937415 -0.348059
    outer loop
       vertex 0.0480411 -0.00358702 0.00711131
       vertex 0.0483585 -0.00355464 0.00701466
       vertex 0.0465375 -0.0038182 0.00777866
    endloop
  endfacet
  facet normal 0.130741 -0.990956 -0.0302295
    outer loop
       vertex 0.0483585 -0.00355464 0.00701466
       vertex 0.0483594 -0.00355455 0.00701581
       vertex 0.0465375 -0.0038182 0.00777866
    endloop
  endfacet
  facet normal 0.270161 -0.903391 0.333014
    outer loop
       vertex 0.0465375 -0.0038182 0.00777866
       vertex 0.0483594 -0.00355455 0.00701581
       vertex 0.0466571 -0.00370777 0.0079812
    endloop
  endfacet
  facet normal 0.153124 -0.981583 0.114225
    outer loop
       vertex 0.0483594 -0.00355455 0.00701581
       vertex 0.0467907 -0.00366156 0.00819923
       vertex 0.0466571 -0.00370777 0.0079812
    endloop
  endfacet
  facet normal 0.126117 -0.983309 0.131139
    outer loop
       vertex 0.0466571 -0.00370777 0.0079812
       vertex 0.0467907 -0.00366156 0.00819923
       vertex 0.0453997 -0.00375404 0.0088435
    endloop
  endfacet
  facet normal 0.411694 -0.760666 0.501892
    outer loop
       vertex 0.0464399 -0.00398538 0.00760528
       vertex 0.0467604 -0.00387608 0.00750809
       vertex 0.0465375 -0.0038182 0.00777866
    endloop
  endfacet
  facet normal 0.378252 -0.791025 0.480837
    outer loop
       vertex 0.0467604 -0.00387608 0.00750809
       vertex 0.0471799 -0.00375419 0.00737857
       vertex 0.0465375 -0.0038182 0.00777866
    endloop
  endfacet
  facet normal 0.265732 -0.922767 0.279082
    outer loop
       vertex 0.0465375 -0.0038182 0.00777866
       vertex 0.0471799 -0.00375419 0.00737857
       vertex 0.0480411 -0.00358702 0.00711131
    endloop
  endfacet
  facet normal 0.321392 -0.766369 0.556224
    outer loop
       vertex 0.0452172 -0.00412548 0.00811816
       vertex 0.0465375 -0.0038182 0.00777866
       vertex 0.0452922 -0.00385816 0.00844312
    endloop
  endfacet
  facet normal 0.222332 -0.905184 0.362231
    outer loop
       vertex 0.0465375 -0.0038182 0.00777866
       vertex 0.0466571 -0.00370777 0.0079812
       vertex 0.0452922 -0.00385816 0.00844312
    endloop
  endfacet
  facet normal 0.175024 -0.963298 0.203528
    outer loop
       vertex 0.0452922 -0.00385816 0.00844312
       vertex 0.0466571 -0.00370777 0.0079812
       vertex 0.0453997 -0.00375404 0.0088435
    endloop
  endfacet
  facet normal 0.318496 -0.441946 0.838596
    outer loop
       vertex 0.0452172 -0.00412548 0.00811816
       vertex 0.0451882 -0.00450717 0.007928
       vertex 0.0465375 -0.0038182 0.00777866
    endloop
  endfacet
  facet normal 0.443605 -0.768926 0.460399
    outer loop
       vertex 0.0451882 -0.00450717 0.007928
       vertex 0.046103 -0.00411354 0.00770402
       vertex 0.0465375 -0.0038182 0.00777866
    endloop
  endfacet
  facet normal 0.4316 -0.758363 0.488474
    outer loop
       vertex 0.0465375 -0.0038182 0.00777866
       vertex 0.046103 -0.00411354 0.00770402
       vertex 0.0464399 -0.00398538 0.00760528
    endloop
  endfacet
  facet normal 0.100486 -0.994933 -0.00340289
    outer loop
       vertex 0.0480411 -0.00358702 0.00711131
       vertex 0.0483575 -0.00355473 0.0070135
       vertex 0.0483585 -0.00355464 0.00701466
    endloop
  endfacet
  facet normal 0.0801467 -0.996694 0.0133037
    outer loop
       vertex 0.0483575 -0.00355473 0.0070135
       vertex 0.0483687 -0.00355387 0.00701004
       vertex 0.0483585 -0.00355464 0.00701466
    endloop
  endfacet
  facet normal 0.0795902 -0.996755 0.0120542
    outer loop
       vertex 0.0483585 -0.00355464 0.00701466
       vertex 0.0483687 -0.00355387 0.00701004
       vertex 0.0483594 -0.00355455 0.00701581
    endloop
  endfacet
  facet normal 0.0785166 -0.99686 0.0103035
    outer loop
       vertex 0.0483687 -0.00355387 0.00701004
       vertex 0.0483603 -0.00355447 0.00701696
       vertex 0.0483594 -0.00355455 0.00701581
    endloop
  endfacet
  facet normal 0.0768239 -0.996976 0.01169
    outer loop
       vertex 0.0483603 -0.00355447 0.00701696
       vertex 0.0467907 -0.00366156 0.00819923
       vertex 0.0483594 -0.00355455 0.00701581
    endloop
  endfacet
  facet normal -0.626039 -0.752948 0.20284
    outer loop
       vertex 0.0349174 -0.00551513 0.007
       vertex 0.0346658 -0.00519987 0.00739386
       vertex 0.0346171 -0.00526436 0.00700415
    endloop
  endfacet
  facet normal -0.452293 -0.869077 0.20034
    outer loop
       vertex 0.0346658 -0.00519987 0.00739386
       vertex 0.0334481 -0.00456398 0.00740332
       vertex 0.0346171 -0.00526436 0.00700415
    endloop
  endfacet
  facet normal -0.447973 -0.868537 0.212045
    outer loop
       vertex 0.0346171 -0.00526436 0.00700415
       vertex 0.0334481 -0.00456398 0.00740332
       vertex 0.0334223 -0.00464473 0.007018
    endloop
  endfacet
  facet normal -0.264734 -0.940104 0.214758
    outer loop
       vertex 0.0334481 -0.00456398 0.00740332
       vertex 0.0332921 -0.00452269 0.00739169
       vertex 0.0334223 -0.00464473 0.007018
    endloop
  endfacet
  facet normal -0.273608 -0.938389 0.211105
    outer loop
       vertex 0.0334223 -0.00464473 0.007018
       vertex 0.0332921 -0.00452269 0.00739169
       vertex 0.0332378 -0.00459052 0.00701985
    endloop
  endfacet
  facet normal -0.197386 -0.958923 0.203728
    outer loop
       vertex 0.0332921 -0.00452269 0.00739169
       vertex 0.033262 -0.00451843 0.00738263
       vertex 0.0332378 -0.00459052 0.00701985
    endloop
  endfacet
  facet normal -0.115516 -0.972754 0.201013
    outer loop
       vertex 0.0332378 -0.00459052 0.00701985
       vertex 0.033262 -0.00451843 0.00738263
       vertex 0.0321179 -0.00445477 0.00703321
    endloop
  endfacet
  facet normal -0.312477 -0.444065 0.839741
    outer loop
       vertex 0.0353482 -0.00504759 0.00793132
       vertex 0.0349005 -0.00490575 0.00783973
       vertex 0.0351246 -0.00529026 0.00771977
    endloop
  endfacet
  facet normal -0.397036 -0.476146 0.784632
    outer loop
       vertex 0.0349005 -0.00490575 0.00783973
       vertex 0.0348023 -0.00501921 0.00772118
       vertex 0.0351246 -0.00529026 0.00771977
    endloop
  endfacet
  facet normal -0.529025 -0.631953 0.566363
    outer loop
       vertex 0.0351246 -0.00529026 0.00771977
       vertex 0.0348023 -0.00501921 0.00772118
       vertex 0.0349713 -0.00545658 0.00739102
    endloop
  endfacet
  facet normal -0.526158 -0.632444 0.568482
    outer loop
       vertex 0.0348023 -0.00501921 0.00772118
       vertex 0.0346658 -0.00519987 0.00739386
       vertex 0.0349713 -0.00545658 0.00739102
    endloop
  endfacet
  facet normal -0.591251 -0.707895 0.386402
    outer loop
       vertex 0.0349713 -0.00545658 0.00739102
       vertex 0.0346658 -0.00519987 0.00739386
       vertex 0.0349689 -0.00545915 0.00738268
    endloop
  endfacet
  facet normal -0.633378 -0.748895 0.194908
    outer loop
       vertex 0.0346658 -0.00519987 0.00739386
       vertex 0.0349174 -0.00551513 0.007
       vertex 0.0349689 -0.00545915 0.00738268
    endloop
  endfacet
  facet normal -0.297834 -0.855011 0.42456
    outer loop
       vertex 0.0334579 -0.00454844 0.00744147
       vertex 0.0334481 -0.00456398 0.00740332
       vertex 0.0340222 -0.00466264 0.00760734
    endloop
  endfacet
  facet normal -0.347373 -0.674869 0.651064
    outer loop
       vertex 0.0334481 -0.00456398 0.00740332
       vertex 0.0346658 -0.00519987 0.00739386
       vertex 0.0340222 -0.00466264 0.00760734
    endloop
  endfacet
  facet normal -0.40965 -0.71559 0.565789
    outer loop
       vertex 0.0340222 -0.00466264 0.00760734
       vertex 0.0346658 -0.00519987 0.00739386
       vertex 0.0348023 -0.00501921 0.00772118
    endloop
  endfacet
  facet normal -0.103602 -0.896979 0.429761
    outer loop
       vertex 0.0321179 -0.00445477 0.00703321
       vertex 0.0321068 -0.00445513 0.00702979
       vertex 0.0332378 -0.00459052 0.00701985
    endloop
  endfacet
  facet normal -0.261205 -0.868741 0.420787
    outer loop
       vertex 0.0332921 -0.00452269 0.00739169
       vertex 0.0334481 -0.00456398 0.00740332
       vertex 0.0334579 -0.00454844 0.00744147
    endloop
  endfacet
  facet normal -0.349632 -0.515065 0.782602
    outer loop
       vertex 0.0340222 -0.00466264 0.00760734
       vertex 0.0348023 -0.00501921 0.00772118
       vertex 0.0349005 -0.00490575 0.00783973
    endloop
  endfacet
  facet normal 0.0124215 -0.999693 0.0214491
    outer loop
       vertex 0.0321151 -0.00445473 0.00703666
       vertex 0.0321161 -0.00445474 0.00703551
       vertex 0.0337825 -0.00441389 0.00797444
    endloop
  endfacet
  facet normal 0.0118219 -0.999677 0.0225126
    outer loop
       vertex 0.0321161 -0.00445474 0.00703551
       vertex 0.032117 -0.00445475 0.00703436
       vertex 0.0337825 -0.00441389 0.00797444
    endloop
  endfacet
  facet normal -0.169865 -0.924537 0.341141
    outer loop
       vertex 0.0337825 -0.00441389 0.00797444
       vertex 0.032117 -0.00445475 0.00703436
       vertex 0.0339098 -0.00451022 0.00777675
    endloop
  endfacet
  facet normal -0.119991 -0.968679 0.217401
    outer loop
       vertex 0.032117 -0.00445475 0.00703436
       vertex 0.033262 -0.00451843 0.00738263
       vertex 0.0339098 -0.00451022 0.00777675
    endloop
  endfacet
  facet normal -0.253564 -0.864103 0.434776
    outer loop
       vertex 0.0339098 -0.00451022 0.00777675
       vertex 0.033262 -0.00451843 0.00738263
       vertex 0.0332921 -0.00452269 0.00739169
    endloop
  endfacet
  facet normal -0.269358 -0.846327 0.459539
    outer loop
       vertex 0.0332921 -0.00452269 0.00739169
       vertex 0.0334579 -0.00454844 0.00744147
       vertex 0.0339098 -0.00451022 0.00777675
    endloop
  endfacet
  facet normal -0.312491 -0.799882 0.512385
    outer loop
       vertex 0.0334579 -0.00454844 0.00744147
       vertex 0.0340222 -0.00466264 0.00760734
       vertex 0.0339098 -0.00451022 0.00777675
    endloop
  endfacet
  facet normal -0.233431 -0.794767 0.560228
    outer loop
       vertex 0.0339098 -0.00451022 0.00777675
       vertex 0.0340222 -0.00466264 0.00760734
       vertex 0.0352805 -0.004672 0.00811835
    endloop
  endfacet
  facet normal -0.341191 -0.437244 0.83211
    outer loop
       vertex 0.0340222 -0.00466264 0.00760734
       vertex 0.0349005 -0.00490575 0.00783973
       vertex 0.0352805 -0.004672 0.00811835
    endloop
  endfacet
  facet normal -0.31702 -0.46797 0.824926
    outer loop
       vertex 0.0352805 -0.004672 0.00811835
       vertex 0.0349005 -0.00490575 0.00783973
       vertex 0.0353482 -0.00504759 0.00793132
    endloop
  endfacet
  facet normal 0.0226673 -0.999251 0.0313635
    outer loop
       vertex 0.0321161 -0.00445474 0.00703551
       vertex 0.0321068 -0.00445513 0.00702979
       vertex 0.032117 -0.00445475 0.00703436
    endloop
  endfacet
  facet normal 0.021917 -0.999214 0.033028
    outer loop
       vertex 0.0321068 -0.00445513 0.00702979
       vertex 0.0321179 -0.00445477 0.00703321
       vertex 0.032117 -0.00445475 0.00703436
    endloop
  endfacet
  facet normal -0.0479994 -0.998541 -0.0247479
    outer loop
       vertex 0.0321179 -0.00445477 0.00703321
       vertex 0.033262 -0.00451843 0.00738263
       vertex 0.032117 -0.00445475 0.00703436
    endloop
  endfacet
  facet normal -0.0477525 -0.990618 0.128047
    outer loop
       vertex 0.0321151 -0.00445473 0.00703666
       vertex 0.0337825 -0.00441389 0.00797444
       vertex 0.0336485 -0.00437987 0.00818764
    endloop
  endfacet
  facet normal -0.0427741 -0.99044 0.131147
    outer loop
       vertex 0.0337825 -0.00441389 0.00797444
       vertex 0.0351804 -0.00441263 0.00843984
       vertex 0.0336485 -0.00437987 0.00818764
    endloop
  endfacet
  facet normal -0.056944 -0.973982 0.219354
    outer loop
       vertex 0.0336485 -0.00437987 0.00818764
       vertex 0.0351804 -0.00441263 0.00843984
       vertex 0.035066 -0.00431634 0.00883769
    endloop
  endfacet
  facet normal -0.190928 -0.925215 0.327909
    outer loop
       vertex 0.0339098 -0.00451022 0.00777675
       vertex 0.0352805 -0.004672 0.00811835
       vertex 0.0337825 -0.00441389 0.00797444
    endloop
  endfacet
  facet normal -0.192151 -0.792161 0.579274
    outer loop
       vertex 0.0352805 -0.004672 0.00811835
       vertex 0.0351804 -0.00441263 0.00843984
       vertex 0.0337825 -0.00441389 0.00797444
    endloop
  endfacet
  facet normal 0.0232654 -0.999267 0.0304001
    outer loop
       vertex 0.0321068 -0.00445513 0.00702979
       vertex 0.0321161 -0.00445474 0.00703551
       vertex 0.0321151 -0.00445473 0.00703666
    endloop
  endfacet
  facet normal -0 0 1
    outer loop
       vertex 0.0361963 -0.00527087 0.008
       vertex 0.0378043 -0.00611792 0.008
       vertex 0.0402968 -0.00507507 0.008
    endloop
  endfacet
  facet normal -0 0 1
    outer loop
       vertex 0.0378043 -0.00611792 0.008
       vertex 0.0403603 -0.00649001 0.008
       vertex 0.0402968 -0.00507507 0.008
    endloop
  endfacet
  facet normal -0 0 1
    outer loop
       vertex 0.0402968 -0.00507507 0.008
       vertex 0.0403603 -0.00649001 0.008
       vertex 0.0443542 -0.00482608 0.008
    endloop
  endfacet
  facet normal 0 0 1
    outer loop
       vertex 0.0403603 -0.00649001 0.008
       vertex 0.0428594 -0.00583729 0.008
       vertex 0.0443542 -0.00482608 0.008
    endloop
  endfacet
  facet normal 0.130724 -0.246796 0.96021
    outer loop
       vertex 0.0443542 -0.00482608 0.008
       vertex 0.0447867 -0.00466168 0.00798337
       vertex 0.044321 -0.00433108 0.00813175
    endloop
  endfacet
  facet normal 0.0411078 -0.360332 0.931918
    outer loop
       vertex 0.0447867 -0.00466168 0.00798337
       vertex 0.0447784 -0.00422384 0.00815303
       vertex 0.044321 -0.00433108 0.00813175
    endloop
  endfacet
  facet normal 0.129421 -0.692826 0.709396
    outer loop
       vertex 0.044321 -0.00433108 0.00813175
       vertex 0.0447784 -0.00422384 0.00815303
       vertex 0.0442966 -0.0039665 0.00849227
    endloop
  endfacet
  facet normal 0.0696617 -0.744639 0.663822
    outer loop
       vertex 0.0447784 -0.00422384 0.00815303
       vertex 0.0448006 -0.00391051 0.00850217
       vertex 0.0442966 -0.0039665 0.00849227
    endloop
  endfacet
  facet normal 0.101079 -0.9577 0.26943
    outer loop
       vertex 0.0442966 -0.0039665 0.00849227
       vertex 0.0448006 -0.00391051 0.00850217
       vertex 0.0442873 -0.00382841 0.00898657
    endloop
  endfacet
  facet normal 0.0791621 -0.965636 0.24755
    outer loop
       vertex 0.0448006 -0.00391051 0.00850217
       vertex 0.0448485 -0.00379081 0.00895378
       vertex 0.0442873 -0.00382841 0.00898657
    endloop
  endfacet
  facet normal 0.257214 -0.344912 0.902705
    outer loop
       vertex 0.0447867 -0.00466168 0.00798337
       vertex 0.0451882 -0.00450717 0.007928
       vertex 0.0447784 -0.00422384 0.00815303
    endloop
  endfacet
  facet normal 0.170494 -0.449726 0.876743
    outer loop
       vertex 0.0451882 -0.00450717 0.007928
       vertex 0.0452172 -0.00412548 0.00811816
       vertex 0.0447784 -0.00422384 0.00815303
    endloop
  endfacet
  facet normal 0.215655 -0.733518 0.64455
    outer loop
       vertex 0.0447784 -0.00422384 0.00815303
       vertex 0.0452172 -0.00412548 0.00811816
       vertex 0.0448006 -0.00391051 0.00850217
    endloop
  endfacet
  facet normal 0.155867 -0.780185 0.605819
    outer loop
       vertex 0.0452172 -0.00412548 0.00811816
       vertex 0.0452922 -0.00385816 0.00844312
       vertex 0.0448006 -0.00391051 0.00850217
    endloop
  endfacet
  facet normal 0.131355 -0.961607 0.240952
    outer loop
       vertex 0.0448006 -0.00391051 0.00850217
       vertex 0.0452922 -0.00385816 0.00844312
       vertex 0.0448485 -0.00379081 0.00895378
    endloop
  endfacet
  facet normal 0.109173 -0.968773 0.222621
    outer loop
       vertex 0.0452922 -0.00385816 0.00844312
       vertex 0.0453997 -0.00375404 0.0088435
       vertex 0.0448485 -0.00379081 0.00895378
    endloop
  endfacet
  facet normal 0.0220709 -0.960498 0.277412
    outer loop
       vertex 0.0361566 -0.00427193 0.0089768
       vertex 0.0356067 -0.00429399 0.00894418
       vertex 0.0361622 -0.00441337 0.00848666
    endloop
  endfacet
  facet normal 0.00163469 -0.967117 0.254326
    outer loop
       vertex 0.0356067 -0.00429399 0.00894418
       vertex 0.0356653 -0.00441171 0.00849616
       vertex 0.0361622 -0.00441337 0.00848666
    endloop
  endfacet
  facet normal 0.0113353 -0.698864 0.715165
    outer loop
       vertex 0.0361622 -0.00441337 0.00848666
       vertex 0.0356653 -0.00441171 0.00849616
       vertex 0.0361767 -0.00477798 0.00813013
    endloop
  endfacet
  facet normal -0.0619161 -0.747444 0.661433
    outer loop
       vertex 0.0356653 -0.00441171 0.00849616
       vertex 0.0357193 -0.00472157 0.00815106
       vertex 0.0361767 -0.00477798 0.00813013
    endloop
  endfacet
  facet normal 0.0128272 -0.254771 0.966916
    outer loop
       vertex 0.0361767 -0.00477798 0.00813013
       vertex 0.0357193 -0.00472157 0.00815106
       vertex 0.0361963 -0.00527087 0.008
    endloop
  endfacet
  facet normal -0.12881 -0.365387 0.9219
    outer loop
       vertex 0.0357193 -0.00472157 0.00815106
       vertex 0.035757 -0.00515601 0.00798414
       vertex 0.0361963 -0.00527087 0.008
    endloop
  endfacet
  facet normal -0.0098178 -0.967439 0.252913
    outer loop
       vertex 0.0356067 -0.00429399 0.00894418
       vertex 0.035066 -0.00431634 0.00883769
       vertex 0.0356653 -0.00441171 0.00849616
    endloop
  endfacet
  facet normal -0.0246842 -0.973243 0.228448
    outer loop
       vertex 0.035066 -0.00431634 0.00883769
       vertex 0.0351804 -0.00441263 0.00843984
       vertex 0.0356653 -0.00441171 0.00849616
    endloop
  endfacet
  facet normal -0.0751962 -0.747789 0.659664
    outer loop
       vertex 0.0356653 -0.00441171 0.00849616
       vertex 0.0351804 -0.00441263 0.00843984
       vertex 0.0357193 -0.00472157 0.00815106
    endloop
  endfacet
  facet normal -0.133847 -0.791237 0.596682
    outer loop
       vertex 0.0351804 -0.00441263 0.00843984
       vertex 0.0352805 -0.004672 0.00811835
       vertex 0.0357193 -0.00472157 0.00815106
    endloop
  endfacet
  facet normal -0.110117 -0.364788 0.924556
    outer loop
       vertex 0.0357193 -0.00472157 0.00815106
       vertex 0.0352805 -0.004672 0.00811835
       vertex 0.035757 -0.00515601 0.00798414
    endloop
  endfacet
  facet normal -0.234032 -0.466878 0.852792
    outer loop
       vertex 0.0352805 -0.004672 0.00811835
       vertex 0.0353482 -0.00504759 0.00793132
       vertex 0.035757 -0.00515601 0.00798414
    endloop
  endfacet
  facet normal 0.0587329 -0.961177 0.269608
    outer loop
       vertex 0.0442873 -0.00382841 0.00898657
       vertex 0.0402418 -0.00407674 0.00898254
       vertex 0.0442966 -0.0039665 0.00849227
    endloop
  endfacet
  facet normal 0.0590977 -0.960244 0.272836
    outer loop
       vertex 0.0402418 -0.00407674 0.00898254
       vertex 0.0402495 -0.00421623 0.00848996
       vertex 0.0442966 -0.0039665 0.00849227
    endloop
  endfacet
  facet normal 0.0428524 -0.70104 0.711834
    outer loop
       vertex 0.0442966 -0.0039665 0.00849227
       vertex 0.0402495 -0.00421623 0.00848996
       vertex 0.044321 -0.00433108 0.00813175
    endloop
  endfacet
  facet normal 0.0430173 -0.699594 0.713245
    outer loop
       vertex 0.0402495 -0.00421623 0.00848996
       vertex 0.0402696 -0.00458087 0.00813108
       vertex 0.044321 -0.00433108 0.00813175
    endloop
  endfacet
  facet normal 0.0156367 -0.256185 0.966501
    outer loop
       vertex 0.044321 -0.00433108 0.00813175
       vertex 0.0402696 -0.00458087 0.00813108
       vertex 0.0443542 -0.00482608 0.008
    endloop
  endfacet
  facet normal 0.0156814 -0.255531 0.966674
    outer loop
       vertex 0.0402696 -0.00458087 0.00813108
       vertex 0.0402968 -0.00507507 0.008
       vertex 0.0443542 -0.00482608 0.008
    endloop
  endfacet
  facet normal 0.0455319 -0.960983 0.272833
    outer loop
       vertex 0.0402418 -0.00407674 0.00898254
       vertex 0.0361566 -0.00427193 0.0089768
       vertex 0.0402495 -0.00421623 0.00848996
    endloop
  endfacet
  facet normal 0.0460615 -0.959638 0.277439
    outer loop
       vertex 0.0361566 -0.00427193 0.0089768
       vertex 0.0361622 -0.00441337 0.00848666
       vertex 0.0402495 -0.00421623 0.00848996
    endloop
  endfacet
  facet normal 0.0331939 -0.700132 0.713241
    outer loop
       vertex 0.0402495 -0.00421623 0.00848996
       vertex 0.0361622 -0.00441337 0.00848666
       vertex 0.0402696 -0.00458087 0.00813108
    endloop
  endfacet
  facet normal 0.0334522 -0.698067 0.715251
    outer loop
       vertex 0.0361622 -0.00441337 0.00848666
       vertex 0.0361767 -0.00477798 0.00813013
       vertex 0.0402696 -0.00458087 0.00813108
    endloop
  endfacet
  facet normal 0.0120918 -0.255729 0.966673
    outer loop
       vertex 0.0402696 -0.00458087 0.00813108
       vertex 0.0361767 -0.00477798 0.00813013
       vertex 0.0402968 -0.00507507 0.008
    endloop
  endfacet
  facet normal 0.0121667 -0.254798 0.966918
    outer loop
       vertex 0.0361767 -0.00477798 0.00813013
       vertex 0.0361963 -0.00527087 0.008
       vertex 0.0402968 -0.00507507 0.008
    endloop
  endfacet
  facet normal -0.805195 -0.251553 0.537011
    outer loop
       vertex 0.000701457 -0.00078455 0.000758551
       vertex 0.0399106 -0.000326227 0.0597635
       vertex 0.000531594 -0.000204602 0.000775524
    endloop
  endfacet
  facet normal -0.819533 -0.171561 0.546748
    outer loop
       vertex 0.0399106 -0.000326227 0.0597635
       vertex 0.0398516 -2.71533e-20 0.0597774
       vertex 0.000531594 -0.000204602 0.000775524
    endloop
  endfacet
  facet normal -0.830592 -0.05918 0.553728
    outer loop
       vertex 0.000531594 -0.000204602 0.000775524
       vertex 0.0398516 -2.71533e-20 0.0597774
       vertex 0.000518233 -2.72721e-20 0.00077735
    endloop
  endfacet
  facet normal -0.131128 -0.984727 0.114538
    outer loop
       vertex 0.0102657 -0.00456798 0.000546646
       vertex 0.0451302 -0.0023486 0.0595418
       vertex 0.00701723 -0.00413252 0.000571418
    endloop
  endfacet
  facet normal -0.161697 -0.977689 0.134082
    outer loop
       vertex 0.0451302 -0.0023486 0.0595418
       vertex 0.0419343 -0.0018114 0.0596048
       vertex 0.00701723 -0.00413252 0.000571418
    endloop
  endfacet
  facet normal -0.259451 -0.946744 0.190685
    outer loop
       vertex 0.00701723 -0.00413252 0.000571418
       vertex 0.0419343 -0.0018114 0.0596048
       vertex 0.00372502 -0.00321943 0.000625394
    endloop
  endfacet
  facet normal -0.397375 -0.874434 0.278312
    outer loop
       vertex 0.0419343 -0.0018114 0.0596048
       vertex 0.0405939 -0.00117794 0.0596813
       vertex 0.00372502 -0.00321943 0.000625394
    endloop
  endfacet
  facet normal -0.434736 -0.848854 0.300752
    outer loop
       vertex 0.00372502 -0.00321943 0.000625394
       vertex 0.0405939 -0.00117794 0.0596813
       vertex 0.00211225 -0.00237457 0.000678714
    endloop
  endfacet
  facet normal -0.615799 -0.669623 0.415207
    outer loop
       vertex 0.0405939 -0.00117794 0.0596813
       vertex 0.0401126 -0.000702711 0.0597338
       vertex 0.00211225 -0.00237457 0.000678714
    endloop
  endfacet
  facet normal -0.608834 -0.678541 0.410978
    outer loop
       vertex 0.00211225 -0.00237457 0.000678714
       vertex 0.0401126 -0.000702711 0.0597338
       vertex 0.0010873 -0.00142245 0.000732309
    endloop
  endfacet
  facet normal -0.746562 -0.439866 0.499163
    outer loop
       vertex 0.0401126 -0.000702711 0.0597338
       vertex 0.0399106 -0.000326227 0.0597635
       vertex 0.0010873 -0.00142245 0.000732309
    endloop
  endfacet
  facet normal -0.735602 -0.465196 0.492426
    outer loop
       vertex 0.0010873 -0.00142245 0.000732309
       vertex 0.0399106 -0.000326227 0.0597635
       vertex 0.000701457 -0.00078455 0.000758551
    endloop
  endfacet
  facet normal 0.0143759 -0.999341 0.0333214
    outer loop
       vertex 0.0321068 -0.00445513 0.00702979
       vertex 0.0493985 -0.00245625 0.0595181
       vertex 0.0219248 -0.00481879 0.000516105
    endloop
  endfacet
  facet normal -0.00870916 -0.998991 0.0440567
    outer loop
       vertex 0.0493985 -0.00245625 0.0595181
       vertex 0.0466093 -0.00243144 0.0595293
       vertex 0.0219248 -0.00481879 0.000516105
    endloop
  endfacet
  facet normal 0.00185248 -0.999212 0.0396478
    outer loop
       vertex 0.0219248 -0.00481879 0.000516105
       vertex 0.0466093 -0.00243144 0.0595293
       vertex 0.0149839 -0.00483124 0.000526645
    endloop
  endfacet
  facet normal -0.0551903 -0.996013 0.0700926
    outer loop
       vertex 0.0466093 -0.00243144 0.0595293
       vertex 0.0451302 -0.0023486 0.0595418
       vertex 0.0149839 -0.00483124 0.000526645
    endloop
  endfacet
  facet normal -0.0552774 -0.996005 0.0701367
    outer loop
       vertex 0.0149839 -0.00483124 0.000526645
       vertex 0.0451302 -0.0023486 0.0595418
       vertex 0.0102657 -0.00456798 0.000546646
    endloop
  endfacet
  facet normal 0.0385375 -0.998924 0.0257893
    outer loop
       vertex 0.0356067 -0.00429399 0.00894418
       vertex 0.0361566 -0.00427193 0.0089768
       vertex 0.0493985 -0.00245625 0.0595181
    endloop
  endfacet
  facet normal 0.0476796 -0.998589 0.023382
    outer loop
       vertex 0.0361566 -0.00427193 0.0089768
       vertex 0.0402418 -0.00407674 0.00898254
       vertex 0.0493985 -0.00245625 0.0595181
    endloop
  endfacet
  facet normal 0.0209034 -0.999382 0.0282591
    outer loop
       vertex 0.0493985 -0.00245625 0.0595181
       vertex 0.0402418 -0.00407674 0.00898254
       vertex 0.0567379 -0.00230296 0.0595102
    endloop
  endfacet
  facet normal 0.0612472 -0.998009 0.0150396
    outer loop
       vertex 0.0402418 -0.00407674 0.00898254
       vertex 0.0442873 -0.00382841 0.00898657
       vertex 0.0567379 -0.00230296 0.0595102
    endloop
  endfacet
  facet normal 0.0676262 -0.99762 0.0134559
    outer loop
       vertex 0.0567379 -0.00230296 0.0595102
       vertex 0.0442873 -0.00382841 0.00898657
       vertex 0.0448485 -0.00379081 0.00895378
    endloop
  endfacet
  facet normal 0.0268561 -0.999213 0.0292054
    outer loop
       vertex 0.0321151 -0.00445473 0.00703666
       vertex 0.0336485 -0.00437987 0.00818764
       vertex 0.0493985 -0.00245625 0.0595181
    endloop
  endfacet
  facet normal 0.0321281 -0.999103 0.0275837
    outer loop
       vertex 0.0336485 -0.00437987 0.00818764
       vertex 0.035066 -0.00431634 0.00883769
       vertex 0.0493985 -0.00245625 0.0595181
    endloop
  endfacet
  facet normal 0.0360873 -0.998998 0.0264602
    outer loop
       vertex 0.0493985 -0.00245625 0.0595181
       vertex 0.035066 -0.00431634 0.00883769
       vertex 0.0356067 -0.00429399 0.00894418
    endloop
  endfacet
  facet normal 0.023277 -0.999267 0.0303862
    outer loop
       vertex 0.0321068 -0.00445513 0.00702979
       vertex 0.0321151 -0.00445473 0.00703666
       vertex 0.0493985 -0.00245625 0.0595181
    endloop
  endfacet
  facet normal 0.0188281 -0.999507 0.0251441
    outer loop
       vertex 0.0322388 -0.0046246 0.000512152
       vertex 0.032168 -0.00453924 0.00395826
       vertex 0.0219248 -0.00481879 0.000516105
    endloop
  endfacet
  facet normal 0.0180787 -0.999462 0.0273704
    outer loop
       vertex 0.032168 -0.00453924 0.00395826
       vertex 0.0321151 -0.00447357 0.00639116
       vertex 0.0219248 -0.00481879 0.000516105
    endloop
  endfacet
  facet normal 0.0170892 -0.999431 0.0290848
    outer loop
       vertex 0.0219248 -0.00481879 0.000516105
       vertex 0.0321151 -0.00447357 0.00639116
       vertex 0.0321068 -0.00445513 0.00702979
    endloop
  endfacet
  facet normal 0.103151 -0.994666 0
    outer loop
       vertex 0.081 0 0.0005
       vertex 0.081 0 0.0595
       vertex 0.0798807 -0.000116079 0.000500551
    endloop
  endfacet
  facet normal 0.0436474 -0.999046 0.00113751
    outer loop
       vertex 0.081 0 0.0595
       vertex 0.0803146 -2.99449e-05 0.0595003
       vertex 0.0798807 -0.000116079 0.000500551
    endloop
  endfacet
  facet normal 0.12846 -0.991715 0.000503055
    outer loop
       vertex 0.0798807 -0.000116079 0.000500551
       vertex 0.0803146 -2.99449e-05 0.0595003
       vertex 0.0694558 -0.00146644 0.000501349
    endloop
  endfacet
  facet normal 0.124412 -0.99223 0.00126062
    outer loop
       vertex 0.0803146 -2.99449e-05 0.0595003
       vertex 0.0743928 -0.00077245 0.0595004
       vertex 0.0694558 -0.00146644 0.000501349
    endloop
  endfacet
  facet normal 0.111739 -0.993735 0.0023388
    outer loop
       vertex 0.0694558 -0.00146644 0.000501349
       vertex 0.0743928 -0.00077245 0.0595004
       vertex 0.0605001 -0.00247345 0.000502221
    endloop
  endfacet
  facet normal 0.0924046 -0.995697 0.00694818
    outer loop
       vertex 0.0743928 -0.00077245 0.0595004
       vertex 0.0483687 -0.00355387 0.00701004
       vertex 0.0605001 -0.00247345 0.000502221
    endloop
  endfacet
  facet normal 0.0938379 -0.995541 0.00964604
    outer loop
       vertex 0.0605001 -0.00247345 0.000502221
       vertex 0.0483687 -0.00355387 0.00701004
       vertex 0.0483337 -0.00358645 0.00398924
    endloop
  endfacet
  facet normal 0.0668616 -0.997669 0.0136371
    outer loop
       vertex 0.0567379 -0.00230296 0.0595102
       vertex 0.0448485 -0.00379081 0.00895378
       vertex 0.0647788 -0.00176416 0.0595034
    endloop
  endfacet
  facet normal 0.0691014 -0.997528 0.0127484
    outer loop
       vertex 0.0448485 -0.00379081 0.00895378
       vertex 0.0453997 -0.00375404 0.0088435
       vertex 0.0647788 -0.00176416 0.0595034
    endloop
  endfacet
  facet normal 0.102608 -0.994722 -0.000179416
    outer loop
       vertex 0.0647788 -0.00176416 0.0595034
       vertex 0.0453997 -0.00375404 0.0088435
       vertex 0.0743928 -0.00077245 0.0595004
    endloop
  endfacet
  facet normal 0.0738917 -0.997131 0.0163982
    outer loop
       vertex 0.0453997 -0.00375404 0.0088435
       vertex 0.0467907 -0.00366156 0.00819923
       vertex 0.0743928 -0.00077245 0.0595004
    endloop
  endfacet
  facet normal 0.0784847 -0.996818 0.0139094
    outer loop
       vertex 0.0743928 -0.00077245 0.0595004
       vertex 0.0467907 -0.00366156 0.00819923
       vertex 0.0483603 -0.00355447 0.00701696
    endloop
  endfacet
  facet normal 0.0806017 -0.996664 0.0128511
    outer loop
       vertex 0.0483603 -0.00355447 0.00701696
       vertex 0.0483687 -0.00355387 0.00701004
       vertex 0.0743928 -0.00077245 0.0595004
    endloop
  endfacet
  facet normal 0.0937281 -0.995555 0.00925861
    outer loop
       vertex 0.0483337 -0.00358645 0.00398924
       vertex 0.0482949 -0.00362251 0.000504603
       vertex 0.0605001 -0.00247345 0.000502221
    endloop
  endfacet
  facet normal 0.0233434 0.193591 0.980804
    outer loop
       vertex 0.0766223 2.24577e-17 0.06
       vertex 0.0743565 0.000465845 0.059962
       vertex 0.0743339 0.000275933 0.06
    endloop
  endfacet
  facet normal 0.0200253 0.193984 0.9808
    outer loop
       vertex 0.0743565 0.000465845 0.059962
       vertex 0.0647524 0.00145586 0.0599623
       vertex 0.0743339 0.000275933 0.06
    endloop
  endfacet
  facet normal 0.0199375 0.193276 0.980942
    outer loop
       vertex 0.0743339 0.000275933 0.06
       vertex 0.0647524 0.00145586 0.0599623
       vertex 0.0647361 0.001266 0.06
    endloop
  endfacet
  facet normal 0.0130344 0.193867 0.980941
    outer loop
       vertex 0.0647524 0.00145586 0.0599623
       vertex 0.0567241 0.00199235 0.0599629
       vertex 0.0647361 0.001266 0.06
    endloop
  endfacet
  facet normal 0.0128823 0.192206 0.98127
    outer loop
       vertex 0.0647361 0.001266 0.06
       vertex 0.0567241 0.00199235 0.0599629
       vertex 0.0567157 0.00180355 0.06
    endloop
  endfacet
  facet normal 0.00255046 0.192663 0.981262
    outer loop
       vertex 0.0567241 0.00199235 0.0599629
       vertex 0.0466201 0.00211703 0.0599647
       vertex 0.0567157 0.00180355 0.06
    endloop
  endfacet
  facet normal 0.00240571 0.188101 0.982147
    outer loop
       vertex 0.0567157 0.00180355 0.06
       vertex 0.0466201 0.00211703 0.0599647
       vertex 0.0466264 0.00193259 0.06
    endloop
  endfacet
  facet normal -0.00999941 0.187681 0.982179
    outer loop
       vertex 0.0466201 0.00211703 0.0599647
       vertex 0.0451552 0.00203298 0.0599658
       vertex 0.0466264 0.00193259 0.06
    endloop
  endfacet
  facet normal -0.0102234 0.184596 0.982761
    outer loop
       vertex 0.0466264 0.00193259 0.06
       vertex 0.0451552 0.00203298 0.0599658
       vertex 0.0451696 0.0018519 0.06
    endloop
  endfacet
  facet normal -0.0292625 0.183071 0.982664
    outer loop
       vertex 0.0451552 0.00203298 0.0599658
       vertex 0.0420294 0.00150354 0.0599714
       vertex 0.0451696 0.0018519 0.06
    endloop
  endfacet
  facet normal -0.0276641 0.168444 0.985323
    outer loop
       vertex 0.0451696 0.0018519 0.06
       vertex 0.0420294 0.00150354 0.0599714
       vertex 0.0420785 0.00134426 0.06
    endloop
  endfacet
  facet normal -0.0680716 0.155984 0.985411
    outer loop
       vertex 0.0420294 0.00150354 0.0599714
       vertex 0.0407757 0.000916688 0.0599777
       vertex 0.0420785 0.00134426 0.06
    endloop
  endfacet
  facet normal -0.062386 0.138504 0.988395
    outer loop
       vertex 0.0420785 0.00134426 0.06
       vertex 0.0407757 0.000916688 0.0599777
       vertex 0.04086 0.000795411 0.06
    endloop
  endfacet
  facet normal -0.0990048 0.113074 0.988642
    outer loop
       vertex 0.0407757 0.000916688 0.0599777
       vertex 0.0403555 0.000513247 0.0599818
       vertex 0.04086 0.000795411 0.06
    endloop
  endfacet
  facet normal -0.0923871 0.101117 0.990576
    outer loop
       vertex 0.04086 0.000795411 0.06
       vertex 0.0403555 0.000513247 0.0599818
       vertex 0.0404611 0.000430922 0.06
    endloop
  endfacet
  facet normal -0.115192 0.0719094 0.990737
    outer loop
       vertex 0.0403555 0.000513247 0.0599818
       vertex 0.0401886 0.00021527 0.059984
       vertex 0.0404611 0.000430922 0.06
    endloop
  endfacet
  facet normal -0.110147 0.0654591 0.991757
    outer loop
       vertex 0.0404611 0.000430922 0.06
       vertex 0.0401886 0.00021527 0.059984
       vertex 0.0403053 0.000168709 0.06
    endloop
  endfacet
  facet normal -0.124566 0.0293381 0.991777
    outer loop
       vertex 0.0401886 0.00021527 0.059984
       vertex 0.040146 1.53241e-17 0.059985
       vertex 0.0403053 0.000168709 0.06
    endloop
  endfacet
  facet normal -0.12251 0.0273684 0.99209
    outer loop
       vertex 0.0403053 0.000168709 0.06
       vertex 0.040146 1.53241e-17 0.059985
       vertex 0.0402676 3.89e-17 0.06
    endloop
  endfacet
  facet normal 0.0711741 0.550758 0.831625
    outer loop
       vertex 0.0777973 3.9382e-18 0.059976
       vertex 0.0743756 0.000626876 0.0598537
       vertex 0.0743565 0.000465845 0.059962
    endloop
  endfacet
  facet normal 0.0570161 0.552427 0.831609
    outer loop
       vertex 0.0743756 0.000626876 0.0598537
       vertex 0.0647662 0.00161706 0.0598548
       vertex 0.0743565 0.000465845 0.059962
    endloop
  endfacet
  facet normal 0.0567772 0.550554 0.832867
    outer loop
       vertex 0.0743565 0.000465845 0.059962
       vertex 0.0647662 0.00161706 0.0598548
       vertex 0.0647524 0.00145586 0.0599623
    endloop
  endfacet
  facet normal 0.0370906 0.552238 0.832861
    outer loop
       vertex 0.0647662 0.00161706 0.0598548
       vertex 0.0567312 0.00215314 0.0598571
       vertex 0.0647524 0.00145586 0.0599623
    endloop
  endfacet
  facet normal 0.0366924 0.548073 0.835625
    outer loop
       vertex 0.0647524 0.00145586 0.0599623
       vertex 0.0567312 0.00215314 0.0598571
       vertex 0.0567241 0.00199235 0.0599629
    endloop
  endfacet
  facet normal 0.00718745 0.549341 0.835567
    outer loop
       vertex 0.0567312 0.00215314 0.0598571
       vertex 0.0466147 0.00227543 0.0598638
       vertex 0.0567241 0.00199235 0.0599629
    endloop
  endfacet
  facet normal 0.0067818 0.537533 0.843215
    outer loop
       vertex 0.0567241 0.00199235 0.0599629
       vertex 0.0466147 0.00227543 0.0598638
       vertex 0.0466201 0.00211703 0.0599647
    endloop
  endfacet
  facet normal -0.0289427 0.536449 0.843436
    outer loop
       vertex 0.0466147 0.00227543 0.0598638
       vertex 0.0451428 0.00218931 0.059868
       vertex 0.0466201 0.00211703 0.0599647
    endloop
  endfacet
  facet normal -0.0296595 0.528477 0.848429
    outer loop
       vertex 0.0466201 0.00211703 0.0599647
       vertex 0.0451428 0.00218931 0.059868
       vertex 0.0451552 0.00203298 0.0599658
    endloop
  endfacet
  facet normal -0.0847612 0.523658 0.847701
    outer loop
       vertex 0.0451428 0.00218931 0.059868
       vertex 0.0419858 0.00164459 0.0598889
       vertex 0.0451552 0.00203298 0.0599658
    endloop
  endfacet
  facet normal -0.0805582 0.484755 0.870932
    outer loop
       vertex 0.0451552 0.00203298 0.0599658
       vertex 0.0419858 0.00164459 0.0598889
       vertex 0.0420294 0.00150354 0.0599714
    endloop
  endfacet
  facet normal -0.199005 0.448442 0.871376
    outer loop
       vertex 0.0419858 0.00164459 0.0598889
       vertex 0.0406988 0.00102714 0.0599127
       vertex 0.0420294 0.00150354 0.0599714
    endloop
  endfacet
  facet normal -0.183098 0.400776 0.897693
    outer loop
       vertex 0.0420294 0.00150354 0.0599714
       vertex 0.0406988 0.00102714 0.0599127
       vertex 0.0407757 0.000916688 0.0599777
    endloop
  endfacet
  facet normal -0.291661 0.326146 0.899201
    outer loop
       vertex 0.0406988 0.00102714 0.0599127
       vertex 0.0402577 0.00058956 0.0599283
       vertex 0.0407757 0.000916688 0.0599777
    endloop
  endfacet
  facet normal -0.272212 0.292718 0.916633
    outer loop
       vertex 0.0407757 0.000916688 0.0599777
       vertex 0.0402577 0.00058956 0.0599283
       vertex 0.0403555 0.000513247 0.0599818
    endloop
  endfacet
  facet normal -0.339672 0.206839 0.917519
    outer loop
       vertex 0.0402577 0.00058956 0.0599283
       vertex 0.0400794 0.000258844 0.0599369
       vertex 0.0403555 0.000513247 0.0599818
    endloop
  endfacet
  facet normal -0.324435 0.188647 0.926906
    outer loop
       vertex 0.0403555 0.000513247 0.0599818
       vertex 0.0400794 0.000258844 0.0599369
       vertex 0.0401886 0.00021527 0.059984
    endloop
  endfacet
  facet normal -0.366928 0.081894 0.926638
    outer loop
       vertex 0.0400794 0.000258844 0.0599369
       vertex 0.0400317 1.18805e-17 0.0599408
       vertex 0.0401886 0.00021527 0.059984
    endloop
  endfacet
  facet normal -0.359187 0.0755351 0.930204
    outer loop
       vertex 0.0401886 0.00021527 0.059984
       vertex 0.0400317 1.18805e-17 0.0599408
       vertex 0.040146 1.53241e-17 0.059985
    endloop
  endfacet
  facet normal 0.109562 0.823948 0.555972
    outer loop
       vertex 0.0789651 2.50203e-17 0.0598783
       vertex 0.0743883 0.000734535 0.0596916
       vertex 0.0743756 0.000626876 0.0598537
    endloop
  endfacet
  facet normal 0.0853344 0.826813 0.555966
    outer loop
       vertex 0.0743883 0.000734535 0.0596916
       vertex 0.0647755 0.00172527 0.0596937
       vertex 0.0743756 0.000626876 0.0598537
    endloop
  endfacet
  facet normal 0.0850491 0.824768 0.559039
    outer loop
       vertex 0.0743756 0.000626876 0.0598537
       vertex 0.0647755 0.00172527 0.0596937
       vertex 0.0647662 0.00161706 0.0598548
    endloop
  endfacet
  facet normal 0.055563 0.827282 0.559032
    outer loop
       vertex 0.0647755 0.00172527 0.0596937
       vertex 0.056736 0.00226206 0.0596984
       vertex 0.0647662 0.00161706 0.0598548
    endloop
  endfacet
  facet normal 0.0550451 0.822535 0.566044
    outer loop
       vertex 0.0647662 0.00161706 0.0598548
       vertex 0.056736 0.00226206 0.0596984
       vertex 0.0567312 0.00215314 0.0598571
    endloop
  endfacet
  facet normal 0.010773 0.824366 0.565954
    outer loop
       vertex 0.056736 0.00226206 0.0596984
       vertex 0.0466109 0.00238541 0.0597115
       vertex 0.0567312 0.00215314 0.0598571
    endloop
  endfacet
  facet normal 0.0101841 0.810799 0.585236
    outer loop
       vertex 0.0567312 0.00215314 0.0598571
       vertex 0.0466109 0.00238541 0.0597115
       vertex 0.0466147 0.00227543 0.0598638
    endloop
  endfacet
  facet normal -0.0437082 0.809431 0.585586
    outer loop
       vertex 0.0466109 0.00238541 0.0597115
       vertex 0.0451341 0.00229954 0.0597199
       vertex 0.0466147 0.00227543 0.0598638
    endloop
  endfacet
  facet normal -0.0450814 0.800109 0.598158
    outer loop
       vertex 0.0466147 0.00227543 0.0598638
       vertex 0.0451341 0.00229954 0.0597199
       vertex 0.0451428 0.00218931 0.059868
    endloop
  endfacet
  facet normal -0.128617 0.791893 0.596962
    outer loop
       vertex 0.0451341 0.00229954 0.0597199
       vertex 0.0419529 0.00175128 0.0597618
       vertex 0.0451428 0.00218931 0.059868
    endloop
  endfacet
  facet normal -0.124009 0.743833 0.65676
    outer loop
       vertex 0.0451428 0.00218931 0.059868
       vertex 0.0419529 0.00175128 0.0597618
       vertex 0.0419858 0.00164459 0.0598889
    endloop
  endfacet
  facet normal -0.307088 0.688103 0.657428
    outer loop
       vertex 0.0419529 0.00175128 0.0597618
       vertex 0.0406364 0.00111689 0.0598109
       vertex 0.0419858 0.00164459 0.0598889
    endloop
  endfacet
  facet normal -0.286349 0.62489 0.726303
    outer loop
       vertex 0.0419858 0.00164459 0.0598889
       vertex 0.0406364 0.00111689 0.0598109
       vertex 0.0406988 0.00102714 0.0599127
    endloop
  endfacet
  facet normal -0.457928 0.508671 0.729078
    outer loop
       vertex 0.0406364 0.00111689 0.0598109
       vertex 0.0401747 0.00065429 0.0598436
       vertex 0.0406988 0.00102714 0.0599127
    endloop
  endfacet
  facet normal -0.430821 0.462016 0.7752
    outer loop
       vertex 0.0406988 0.00102714 0.0599127
       vertex 0.0401747 0.00065429 0.0598436
       vertex 0.0402577 0.00058956 0.0599283
    endloop
  endfacet
  facet normal -0.53887 0.325665 0.776892
    outer loop
       vertex 0.0401747 0.00065429 0.0598436
       vertex 0.0399848 0.000296638 0.0598618
       vertex 0.0402577 0.00058956 0.0599283
    endloop
  endfacet
  facet normal -0.516686 0.299253 0.802174
    outer loop
       vertex 0.0402577 0.00058956 0.0599283
       vertex 0.0399848 0.000296638 0.0598618
       vertex 0.0400794 0.000258844 0.0599369
    endloop
  endfacet
  facet normal -0.584496 0.127619 0.801297
    outer loop
       vertex 0.0399848 0.000296638 0.0598618
       vertex 0.0399315 6.65884e-18 0.0598702
       vertex 0.0400794 0.000258844 0.0599369
    endloop
  endfacet
  facet normal -0.572359 0.118064 0.81146
    outer loop
       vertex 0.0400794 0.000258844 0.0599369
       vertex 0.0399315 6.65884e-18 0.0598702
       vertex 0.0400317 1.18805e-17 0.0599408
    endloop
  endfacet
  facet normal -0.00763594 0.969479 0.245055
    outer loop
       vertex 0.0493985 0.00245625 0.0595181
       vertex 0.0466093 0.00243144 0.0595293
       vertex 0.0466109 0.00238541 0.0597115
    endloop
  endfacet
  facet normal -0.0521492 0.968096 0.245091
    outer loop
       vertex 0.0466093 0.00243144 0.0595293
       vertex 0.0451302 0.0023486 0.0595418
       vertex 0.0466109 0.00238541 0.0597115
    endloop
  endfacet
  facet normal -0.054432 0.962364 0.266256
    outer loop
       vertex 0.0466109 0.00238541 0.0597115
       vertex 0.0451302 0.0023486 0.0595418
       vertex 0.0451341 0.00229954 0.0597199
    endloop
  endfacet
  facet normal -0.154724 0.95162 0.265481
    outer loop
       vertex 0.0451302 0.0023486 0.0595418
       vertex 0.0419343 0.0018114 0.0596048
       vertex 0.0451341 0.00229954 0.0597199
    endloop
  endfacet
  facet normal -0.153123 0.916688 0.369103
    outer loop
       vertex 0.0451341 0.00229954 0.0597199
       vertex 0.0419343 0.0018114 0.0596048
       vertex 0.0419529 0.00175128 0.0597618
    endloop
  endfacet
  facet normal -0.379706 0.848067 0.369602
    outer loop
       vertex 0.0419343 0.0018114 0.0596048
       vertex 0.0405939 0.00117794 0.0596813
       vertex 0.0419529 0.00175128 0.0597618
    endloop
  endfacet
  facet normal -0.363045 0.791413 0.491797
    outer loop
       vertex 0.0419529 0.00175128 0.0597618
       vertex 0.0405939 0.00117794 0.0596813
       vertex 0.0406364 0.00111689 0.0598109
    endloop
  endfacet
  facet normal -0.582636 0.644826 0.494708
    outer loop
       vertex 0.0405939 0.00117794 0.0596813
       vertex 0.0401126 0.000702711 0.0597338
       vertex 0.0406364 0.00111689 0.0598109
    endloop
  endfacet
  facet normal -0.556769 0.596626 0.577967
    outer loop
       vertex 0.0406364 0.00111689 0.0598109
       vertex 0.0401126 0.000702711 0.0597338
       vertex 0.0401747 0.00065429 0.0598436
    endloop
  endfacet
  facet normal -0.697939 0.42015 0.579961
    outer loop
       vertex 0.0401126 0.000702711 0.0597338
       vertex 0.0399106 0.000326227 0.0597635
       vertex 0.0401747 0.00065429 0.0598436
    endloop
  endfacet
  facet normal -0.674814 0.390198 0.626396
    outer loop
       vertex 0.0401747 0.00065429 0.0598436
       vertex 0.0399106 0.000326227 0.0597635
       vertex 0.0399848 0.000296638 0.0598618
    endloop
  endfacet
  facet normal -0.763029 0.164657 0.62504
    outer loop
       vertex 0.0399106 0.000326227 0.0597635
       vertex 0.0398516 -2.71533e-20 0.0597774
       vertex 0.0399848 0.000296638 0.0598618
    endloop
  endfacet
  facet normal -0.748931 0.152697 0.644815
    outer loop
       vertex 0.0399848 0.000296638 0.0598618
       vertex 0.0398516 -2.71533e-20 0.0597774
       vertex 0.0399315 6.65884e-18 0.0598702
    endloop
  endfacet
  facet normal 0.122008 0.973022 0.195813
    outer loop
       vertex 0.0803146 2.99449e-05 0.0595003
       vertex 0.0743928 0.00077245 0.0595004
       vertex 0.0743883 0.000734535 0.0596916
    endloop
  endfacet
  facet normal 0.100682 0.975463 0.195795
    outer loop
       vertex 0.0743928 0.00077245 0.0595004
       vertex 0.0647788 0.00176416 0.0595034
       vertex 0.0743883 0.000734535 0.0596916
    endloop
  endfacet
  facet normal 0.100474 0.974447 0.200894
    outer loop
       vertex 0.0743883 0.000734535 0.0596916
       vertex 0.0647788 0.00176416 0.0595034
       vertex 0.0647755 0.00172527 0.0596937
    endloop
  endfacet
  facet normal 0.0656627 0.977411 0.20089
    outer loop
       vertex 0.0647788 0.00176416 0.0595034
       vertex 0.0567379 0.00230296 0.0595102
       vertex 0.0647755 0.00172527 0.0596937
    endloop
  endfacet
  facet normal 0.0652221 0.974976 0.212526
    outer loop
       vertex 0.0647755 0.00172527 0.0596937
       vertex 0.0567379 0.00230296 0.0595102
       vertex 0.056736 0.00226206 0.0596984
    endloop
  endfacet
  facet normal 0.0206315 0.976938 0.212523
    outer loop
       vertex 0.0567379 0.00230296 0.0595102
       vertex 0.0493985 0.00245625 0.0595181
       vertex 0.056736 0.00226206 0.0596984
    endloop
  endfacet
  facet normal 0.0112877 0.875367 0.483328
    outer loop
       vertex 0.056736 0.00226206 0.0596984
       vertex 0.0493985 0.00245625 0.0595181
       vertex 0.0466109 0.00238541 0.0597115
    endloop
  endfacet
  facet normal 4.26514e-11 0.0813469 0.996686
    outer loop
       vertex 0.0766313 -4.72179e-15 0.06
       vertex 0.0743565 0.000465845 0.059962
       vertex 0.0766223 2.24577e-17 0.06
    endloop
  endfacet
  facet normal 0.0275578 0.984467 0.173393
    outer loop
       vertex 0.0803148 1.3667e-17 0.0596703
       vertex 0.0803146 2.99449e-05 0.0595003
       vertex 0.0800921 2.55813e-17 0.0597057
    endloop
  endfacet
  facet normal 0.122266 0.954606 0.271623
    outer loop
       vertex 0.0803146 2.99449e-05 0.0595003
       vertex 0.0743883 0.000734535 0.0596916
       vertex 0.0800921 2.55813e-17 0.0597057
    endloop
  endfacet
  facet normal 0.0971905 0.766813 0.63447
    outer loop
       vertex 0.0800921 2.55813e-17 0.0597057
       vertex 0.0743883 0.000734535 0.0596916
       vertex 0.0789651 2.50203e-17 0.0598783
    endloop
  endfacet
  facet normal -2.45383e-13 1 -6.40129e-14
    outer loop
       vertex 0.0809986 1.0842e-19 0.0595069
       vertex 0.081 0 0.0595
       vertex 0.080994 -5.42101e-19 0.0595145
    endloop
  endfacet
  facet normal 0.0436472 0.998884 0.0180277
    outer loop
       vertex 0.081 0 0.0595
       vertex 0.0803146 2.99449e-05 0.0595003
       vertex 0.080994 -5.42101e-19 0.0595145
    endloop
  endfacet
  facet normal 0.0429512 0.99787 0.0490997
    outer loop
       vertex 0.080994 -5.42101e-19 0.0595145
       vertex 0.0803146 2.99449e-05 0.0595003
       vertex 0.0809812 -1.0842e-18 0.0595257
    endloop
  endfacet
  facet normal 0.0412597 0.995074 0.0901451
    outer loop
       vertex 0.0803146 2.99449e-05 0.0595003
       vertex 0.0809242 2.57715e-16 0.0595518
       vertex 0.0809812 -1.0842e-18 0.0595257
    endloop
  endfacet
  facet normal 0.0336974 0.984283 0.173354
    outer loop
       vertex 0.0803146 2.99449e-05 0.0595003
       vertex 0.0803148 1.3667e-17 0.0596703
       vertex 0.0809242 2.57715e-16 0.0595518
    endloop
  endfacet
  facet normal 0.069928 0.544747 0.83568
    outer loop
       vertex 0.0777973 3.9382e-18 0.059976
       vertex 0.0789651 2.50203e-17 0.0598783
       vertex 0.0743756 0.000626876 0.0598537
    endloop
  endfacet
  facet normal 0.0202387 0.179113 0.98362
    outer loop
       vertex 0.0766313 -4.72179e-15 0.06
       vertex 0.0777973 3.9382e-18 0.059976
       vertex 0.0743565 0.000465845 0.059962
    endloop
  endfacet
  facet normal 0.0206315 -0.976938 0.212523
    outer loop
       vertex 0.0567379 -0.00230296 0.0595102
       vertex 0.056736 -0.00226206 0.0596984
       vertex 0.0493985 -0.00245625 0.0595181
    endloop
  endfacet
  facet normal 0.0112877 -0.875367 0.483328
    outer loop
       vertex 0.056736 -0.00226206 0.0596984
       vertex 0.0466109 -0.00238541 0.0597115
       vertex 0.0493985 -0.00245625 0.0595181
    endloop
  endfacet
  facet normal -0.00763594 -0.969479 0.245055
    outer loop
       vertex 0.0493985 -0.00245625 0.0595181
       vertex 0.0466109 -0.00238541 0.0597115
       vertex 0.0466093 -0.00243144 0.0595293
    endloop
  endfacet
  facet normal -0.0548782 -0.967949 0.245078
    outer loop
       vertex 0.0466109 -0.00238541 0.0597115
       vertex 0.0451341 -0.00229954 0.0597199
       vertex 0.0466093 -0.00243144 0.0595293
    endloop
  endfacet
  facet normal -0.0516584 -0.962522 0.266239
    outer loop
       vertex 0.0466093 -0.00243144 0.0595293
       vertex 0.0451341 -0.00229954 0.0597199
       vertex 0.0451302 -0.0023486 0.0595418
    endloop
  endfacet
  facet normal -0.160354 -0.950722 0.265357
    outer loop
       vertex 0.0451341 -0.00229954 0.0597199
       vertex 0.0419529 -0.00175128 0.0597618
       vertex 0.0451302 -0.0023486 0.0595418
    endloop
  endfacet
  facet normal -0.147003 -0.917807 0.368808
    outer loop
       vertex 0.0451302 -0.0023486 0.0595418
       vertex 0.0419529 -0.00175128 0.0597618
       vertex 0.0419343 -0.0018114 0.0596048
    endloop
  endfacet
  facet normal -0.392283 -0.842591 0.368991
    outer loop
       vertex 0.0419529 -0.00175128 0.0597618
       vertex 0.0406364 -0.00111689 0.0598109
       vertex 0.0419343 -0.0018114 0.0596048
    endloop
  endfacet
  facet normal -0.349304 -0.798336 0.490556
    outer loop
       vertex 0.0419343 -0.0018114 0.0596048
       vertex 0.0406364 -0.00111689 0.0598109
       vertex 0.0405939 -0.00117794 0.0596813
    endloop
  endfacet
  facet normal -0.59787 -0.63167 0.493503
    outer loop
       vertex 0.0406364 -0.00111689 0.0598109
       vertex 0.0401747 -0.00065429 0.0598436
       vertex 0.0405939 -0.00117794 0.0596813
    endloop
  endfacet
  facet normal -0.541508 -0.612181 0.576198
    outer loop
       vertex 0.0405939 -0.00117794 0.0596813
       vertex 0.0401747 -0.00065429 0.0598436
       vertex 0.0401126 -0.000702711 0.0597338
    endloop
  endfacet
  facet normal -0.707631 -0.405205 0.57885
    outer loop
       vertex 0.0401747 -0.00065429 0.0598436
       vertex 0.0399848 -0.000296638 0.0598618
       vertex 0.0401126 -0.000702711 0.0597338
    endloop
  endfacet
  facet normal -0.66632 -0.406735 0.624968
    outer loop
       vertex 0.0401126 -0.000702711 0.0597338
       vertex 0.0399848 -0.000296638 0.0598618
       vertex 0.0399106 -0.000326227 0.0597635
    endloop
  endfacet
  facet normal -0.765713 -0.155125 0.624195
    outer loop
       vertex 0.0399848 -0.000296638 0.0598618
       vertex 0.0399315 6.65884e-18 0.0598702
       vertex 0.0399106 -0.000326227 0.0597635
    endloop
  endfacet
  facet normal -0.747722 -0.162682 0.643775
    outer loop
       vertex 0.0399106 -0.000326227 0.0597635
       vertex 0.0399315 6.65884e-18 0.0598702
       vertex 0.0398516 -2.71533e-20 0.0597774
    endloop
  endfacet
  facet normal 0.109562 -0.823948 0.555972
    outer loop
       vertex 0.0789651 2.50203e-17 0.0598783
       vertex 0.0743756 -0.000626876 0.0598537
       vertex 0.0743883 -0.000734535 0.0596916
    endloop
  endfacet
  facet normal 0.0852604 -0.826821 0.555965
    outer loop
       vertex 0.0743756 -0.000626876 0.0598537
       vertex 0.0647662 -0.00161706 0.0598548
       vertex 0.0743883 -0.000734535 0.0596916
    endloop
  endfacet
  facet normal 0.0851235 -0.824761 0.559039
    outer loop
       vertex 0.0743883 -0.000734535 0.0596916
       vertex 0.0647662 -0.00161706 0.0598548
       vertex 0.0647755 -0.00172527 0.0596937
    endloop
  endfacet
  facet normal 0.0553608 -0.827297 0.55903
    outer loop
       vertex 0.0647662 -0.00161706 0.0598548
       vertex 0.0567312 -0.00215314 0.0598571
       vertex 0.0647755 -0.00172527 0.0596937
    endloop
  endfacet
  facet normal 0.0552493 -0.822523 0.566042
    outer loop
       vertex 0.0647755 -0.00172527 0.0596937
       vertex 0.0567312 -0.00215314 0.0598571
       vertex 0.056736 -0.00226206 0.0596984
    endloop
  endfacet
  facet normal 0.0103356 -0.824376 0.565948
    outer loop
       vertex 0.0567312 -0.00215314 0.0598571
       vertex 0.0466147 -0.00227543 0.0598638
       vertex 0.056736 -0.00226206 0.0596984
    endloop
  endfacet
  facet normal 0.0106327 -0.810801 0.585226
    outer loop
       vertex 0.056736 -0.00226206 0.0596984
       vertex 0.0466147 -0.00227543 0.0598638
       vertex 0.0466109 -0.00238541 0.0597115
    endloop
  endfacet
  facet normal -0.0456579 -0.809337 0.585567
    outer loop
       vertex 0.0466147 -0.00227543 0.0598638
       vertex 0.0451428 -0.00218931 0.059868
       vertex 0.0466109 -0.00238541 0.0597115
    endloop
  endfacet
  facet normal -0.0431015 -0.800235 0.598136
    outer loop
       vertex 0.0466109 -0.00238541 0.0597115
       vertex 0.0451428 -0.00218931 0.059868
       vertex 0.0451341 -0.00229954 0.0597199
    endloop
  endfacet
  facet normal -0.132605 -0.791358 0.596799
    outer loop
       vertex 0.0451428 -0.00218931 0.059868
       vertex 0.0419858 -0.00164459 0.0598889
       vertex 0.0451341 -0.00229954 0.0597199
    endloop
  endfacet
  facet normal -0.119718 -0.7448 0.65646
    outer loop
       vertex 0.0451341 -0.00229954 0.0597199
       vertex 0.0419858 -0.00164459 0.0598889
       vertex 0.0419529 -0.00175128 0.0597618
    endloop
  endfacet
  facet normal -0.316253 -0.684534 0.656808
    outer loop
       vertex 0.0419858 -0.00164459 0.0598889
       vertex 0.0406988 -0.00102714 0.0599127
       vertex 0.0419529 -0.00175128 0.0597618
    endloop
  endfacet
  facet normal -0.276751 -0.630393 0.725268
    outer loop
       vertex 0.0419529 -0.00175128 0.0597618
       vertex 0.0406988 -0.00102714 0.0599127
       vertex 0.0406364 -0.00111689 0.0598109
    endloop
  endfacet
  facet normal -0.469583 -0.499413 0.728065
    outer loop
       vertex 0.0406988 -0.00102714 0.0599127
       vertex 0.0402577 -0.00058956 0.0599283
       vertex 0.0406364 -0.00111689 0.0598109
    endloop
  endfacet
  facet normal -0.420059 -0.474043 0.773844
    outer loop
       vertex 0.0406364 -0.00111689 0.0598109
       vertex 0.0402577 -0.00058956 0.0599283
       vertex 0.0401747 -0.00065429 0.0598436
    endloop
  endfacet
  facet normal -0.546567 -0.314681 0.776041
    outer loop
       vertex 0.0402577 -0.00058956 0.0599283
       vertex 0.0400794 -0.000258844 0.0599369
       vertex 0.0401747 -0.00065429 0.0598436
    endloop
  endfacet
  facet normal -0.510769 -0.311975 0.801116
    outer loop
       vertex 0.0401747 -0.00065429 0.0598436
       vertex 0.0400794 -0.000258844 0.0599369
       vertex 0.0399848 -0.000296638 0.0598618
    endloop
  endfacet
  facet normal -0.586825 -0.120571 0.800687
    outer loop
       vertex 0.0400794 -0.000258844 0.0599369
       vertex 0.0400317 1.18805e-17 0.0599408
       vertex 0.0399848 -0.000296638 0.0598618
    endloop
  endfacet
  facet normal -0.571825 -0.125611 0.810702
    outer loop
       vertex 0.0399848 -0.000296638 0.0598618
       vertex 0.0400317 1.18805e-17 0.0599408
       vertex 0.0399315 6.65884e-18 0.0598702
    endloop
  endfacet
  facet normal 0.0711741 -0.550758 0.831625
    outer loop
       vertex 0.0777973 3.9382e-18 0.059976
       vertex 0.0743565 -0.000465845 0.059962
       vertex 0.0743756 -0.000626876 0.0598537
    endloop
  endfacet
  facet normal 0.0569708 -0.552432 0.831609
    outer loop
       vertex 0.0743565 -0.000465845 0.059962
       vertex 0.0647524 -0.00145586 0.0599623
       vertex 0.0743756 -0.000626876 0.0598537
    endloop
  endfacet
  facet normal 0.0568228 -0.55055 0.832866
    outer loop
       vertex 0.0743756 -0.000626876 0.0598537
       vertex 0.0647524 -0.00145586 0.0599623
       vertex 0.0647662 -0.00161706 0.0598548
    endloop
  endfacet
  facet normal 0.0369711 -0.552247 0.83286
    outer loop
       vertex 0.0647524 -0.00145586 0.0599623
       vertex 0.0567241 -0.00199235 0.0599629
       vertex 0.0647662 -0.00161706 0.0598548
    endloop
  endfacet
  facet normal 0.0368132 -0.548067 0.835624
    outer loop
       vertex 0.0647662 -0.00161706 0.0598548
       vertex 0.0567241 -0.00199235 0.0599629
       vertex 0.0567312 -0.00215314 0.0598571
    endloop
  endfacet
  facet normal 0.00692627 -0.54935 0.835564
    outer loop
       vertex 0.0567241 -0.00199235 0.0599629
       vertex 0.0466201 -0.00211703 0.0599647
       vertex 0.0567312 -0.00215314 0.0598571
    endloop
  endfacet
  facet normal 0.00704978 -0.537539 0.84321
    outer loop
       vertex 0.0567312 -0.00215314 0.0598571
       vertex 0.0466201 -0.00211703 0.0599647
       vertex 0.0466147 -0.00227543 0.0598638
    endloop
  endfacet
  facet normal -0.0301181 -0.536402 0.843425
    outer loop
       vertex 0.0466201 -0.00211703 0.0599647
       vertex 0.0451552 -0.00203298 0.0599658
       vertex 0.0466147 -0.00227543 0.0598638
    endloop
  endfacet
  facet normal -0.0284668 -0.528563 0.848416
    outer loop
       vertex 0.0466147 -0.00227543 0.0598638
       vertex 0.0451552 -0.00203298 0.0599658
       vertex 0.0451428 -0.00218931 0.059868
    endloop
  endfacet
  facet normal -0.0871473 -0.523413 0.847611
    outer loop
       vertex 0.0451552 -0.00203298 0.0599658
       vertex 0.0420294 -0.00150354 0.0599714
       vertex 0.0451428 -0.00218931 0.059868
    endloop
  endfacet
  facet normal -0.0780163 -0.485449 0.870777
    outer loop
       vertex 0.0451428 -0.00218931 0.059868
       vertex 0.0420294 -0.00150354 0.0599714
       vertex 0.0419858 -0.00164459 0.0598889
    endloop
  endfacet
  facet normal -0.204643 -0.446516 0.871059
    outer loop
       vertex 0.0420294 -0.00150354 0.0599714
       vertex 0.0407757 -0.000916688 0.0599777
       vertex 0.0419858 -0.00164459 0.0598889
    endloop
  endfacet
  facet normal -0.177413 -0.404437 0.897193
    outer loop
       vertex 0.0419858 -0.00164459 0.0598889
       vertex 0.0407757 -0.000916688 0.0599777
       vertex 0.0406988 -0.00102714 0.0599127
    endloop
  endfacet
  facet normal -0.299185 -0.320626 0.898714
    outer loop
       vertex 0.0407757 -0.000916688 0.0599777
       vertex 0.0403555 -0.000513247 0.0599818
       vertex 0.0406988 -0.00102714 0.0599127
    endloop
  endfacet
  facet normal -0.26572 -0.300592 0.91599
    outer loop
       vertex 0.0406988 -0.00102714 0.0599127
       vertex 0.0403555 -0.000513247 0.0599818
       vertex 0.0402577 -0.00058956 0.0599283
    endloop
  endfacet
  facet normal -0.344803 -0.199984 0.917124
    outer loop
       vertex 0.0403555 -0.000513247 0.0599818
       vertex 0.0401886 -0.00021527 0.059984
       vertex 0.0402577 -0.00058956 0.0599283
    endloop
  endfacet
  facet normal -0.320904 -0.196954 0.926407
    outer loop
       vertex 0.0402577 -0.00058956 0.0599283
       vertex 0.0401886 -0.00021527 0.059984
       vertex 0.0400794 -0.000258844 0.0599369
    endloop
  endfacet
  facet normal -0.368608 -0.0773836 0.926359
    outer loop
       vertex 0.0401886 -0.00021527 0.059984
       vertex 0.040146 1.53241e-17 0.059985
       vertex 0.0400794 -0.000258844 0.0599369
    endloop
  endfacet
  facet normal -0.359047 -0.0804879 0.929842
    outer loop
       vertex 0.0400794 -0.000258844 0.0599369
       vertex 0.040146 1.53241e-17 0.059985
       vertex 0.0400317 1.18805e-17 0.0599408
    endloop
  endfacet
  facet normal 0.0233434 -0.193591 0.980804
    outer loop
       vertex 0.0766223 2.24577e-17 0.06
       vertex 0.0743339 -0.000275933 0.06
       vertex 0.0743565 -0.000465845 0.059962
    endloop
  endfacet
  facet normal 0.0200107 -0.193986 0.9808
    outer loop
       vertex 0.0743339 -0.000275933 0.06
       vertex 0.0647361 -0.001266 0.06
       vertex 0.0743565 -0.000465845 0.059962
    endloop
  endfacet
  facet normal 0.0199521 -0.193274 0.980942
    outer loop
       vertex 0.0743565 -0.000465845 0.059962
       vertex 0.0647361 -0.001266 0.06
       vertex 0.0647524 -0.00145586 0.0599623
    endloop
  endfacet
  facet normal 0.0129938 -0.193871 0.980941
    outer loop
       vertex 0.0647361 -0.001266 0.06
       vertex 0.0567157 -0.00180355 0.06
       vertex 0.0647524 -0.00145586 0.0599623
    endloop
  endfacet
  facet normal 0.0129233 -0.192204 0.98127
    outer loop
       vertex 0.0647524 -0.00145586 0.0599623
       vertex 0.0567157 -0.00180355 0.06
       vertex 0.0567241 -0.00199235 0.0599629
    endloop
  endfacet
  facet normal 0.0024641 -0.192666 0.981261
    outer loop
       vertex 0.0567157 -0.00180355 0.06
       vertex 0.0466264 -0.00193259 0.06
       vertex 0.0567241 -0.00199235 0.0599629
    endloop
  endfacet
  facet normal 0.00249436 -0.188104 0.982146
    outer loop
       vertex 0.0567241 -0.00199235 0.0599629
       vertex 0.0466264 -0.00193259 0.06
       vertex 0.0466201 -0.00211703 0.0599647
    endloop
  endfacet
  facet normal -0.0103935 -0.187667 0.982178
    outer loop
       vertex 0.0466264 -0.00193259 0.06
       vertex 0.0451696 -0.0018519 0.06
       vertex 0.0466201 -0.00211703 0.0599647
    endloop
  endfacet
  facet normal -0.00982376 -0.184627 0.982759
    outer loop
       vertex 0.0466201 -0.00211703 0.0599647
       vertex 0.0451696 -0.0018519 0.06
       vertex 0.0451552 -0.00203298 0.0599658
    endloop
  endfacet
  facet normal -0.0300556 -0.183006 0.982652
    outer loop
       vertex 0.0451696 -0.0018519 0.06
       vertex 0.0420785 -0.00134426 0.06
       vertex 0.0451552 -0.00203298 0.0599658
    endloop
  endfacet
  facet normal -0.0268238 -0.1687 0.985302
    outer loop
       vertex 0.0451552 -0.00203298 0.0599658
       vertex 0.0420785 -0.00134426 0.06
       vertex 0.0420294 -0.00150354 0.0599714
    endloop
  endfacet
  facet normal -0.0699897 -0.155385 0.985372
    outer loop
       vertex 0.0420785 -0.00134426 0.06
       vertex 0.04086 -0.000795411 0.06
       vertex 0.0420294 -0.00150354 0.0599714
    endloop
  endfacet
  facet normal -0.060487 -0.139812 0.988329
    outer loop
       vertex 0.0420294 -0.00150354 0.0599714
       vertex 0.04086 -0.000795411 0.06
       vertex 0.0407757 -0.000916688 0.0599777
    endloop
  endfacet
  facet normal -0.101632 -0.111236 0.988584
    outer loop
       vertex 0.04086 -0.000795411 0.06
       vertex 0.0404611 -0.000430922 0.06
       vertex 0.0407757 -0.000916688 0.0599777
    endloop
  endfacet
  facet normal -0.0901907 -0.103914 0.990489
    outer loop
       vertex 0.0407757 -0.000916688 0.0599777
       vertex 0.0404611 -0.000430922 0.06
       vertex 0.0403555 -0.000513247 0.0599818
    endloop
  endfacet
  facet normal -0.117026 -0.0695472 0.990691
    outer loop
       vertex 0.0404611 -0.000430922 0.06
       vertex 0.0403053 -0.000168709 0.06
       vertex 0.0403555 -0.000513247 0.0599818
    endloop
  endfacet
  facet normal -0.108955 -0.0684226 0.991689
    outer loop
       vertex 0.0403555 -0.000513247 0.0599818
       vertex 0.0403053 -0.000168709 0.06
       vertex 0.0401886 -0.00021527 0.059984
    endloop
  endfacet
  facet normal -0.125116 -0.0279506 0.991748
    outer loop
       vertex 0.0403053 -0.000168709 0.06
       vertex 0.0402676 3.89e-17 0.06
       vertex 0.0401886 -0.00021527 0.059984
    endloop
  endfacet
  facet normal -0.122504 -0.0289308 0.992046
    outer loop
       vertex 0.0401886 -0.00021527 0.059984
       vertex 0.0402676 3.89e-17 0.06
       vertex 0.040146 1.53241e-17 0.059985
    endloop
  endfacet
  facet normal 0.124779 -0.972671 0.195809
    outer loop
       vertex 0.0800921 2.55813e-17 0.0597057
       vertex 0.0743883 -0.000734535 0.0596916
       vertex 0.0743928 -0.00077245 0.0595004
    endloop
  endfacet
  facet normal 0.100578 -0.975473 0.195795
    outer loop
       vertex 0.0743883 -0.000734535 0.0596916
       vertex 0.0647755 -0.00172527 0.0596937
       vertex 0.0743928 -0.00077245 0.0595004
    endloop
  endfacet
  facet normal 0.100578 -0.974436 0.200894
    outer loop
       vertex 0.0743928 -0.00077245 0.0595004
       vertex 0.0647755 -0.00172527 0.0596937
       vertex 0.0647788 -0.00176416 0.0595034
    endloop
  endfacet
  facet normal 0.0653792 -0.97743 0.200889
    outer loop
       vertex 0.0647755 -0.00172527 0.0596937
       vertex 0.056736 -0.00226206 0.0596984
       vertex 0.0647788 -0.00176416 0.0595034
    endloop
  endfacet
  facet normal 0.0655082 -0.974957 0.212525
    outer loop
       vertex 0.0647788 -0.00176416 0.0595034
       vertex 0.056736 -0.00226206 0.0596984
       vertex 0.0567379 -0.00230296 0.0595102
    endloop
  endfacet
  facet normal 0.0436489 -0.99901 0.00857951
    outer loop
       vertex 0.081 0 0.0595
       vertex 0.0809986 1.0842e-19 0.0595069
       vertex 0.0803146 -2.99449e-05 0.0595003
    endloop
  endfacet
  facet normal 0.0434638 -0.998706 0.0264034
    outer loop
       vertex 0.0809986 1.0842e-19 0.0595069
       vertex 0.080994 -5.42101e-19 0.0595145
       vertex 0.0803146 -2.99449e-05 0.0595003
    endloop
  endfacet
  facet normal 0.0429512 -0.99787 0.0490997
    outer loop
       vertex 0.0803146 -2.99449e-05 0.0595003
       vertex 0.080994 -5.42101e-19 0.0595145
       vertex 0.0809812 -1.0842e-18 0.0595257
    endloop
  endfacet
  facet normal 0.0412597 -0.995074 0.0901451
    outer loop
       vertex 0.0809812 -1.0842e-18 0.0595257
       vertex 0.0809242 2.57715e-16 0.0595518
       vertex 0.0803146 -2.99449e-05 0.0595003
    endloop
  endfacet
  facet normal 0.0336974 -0.984283 0.173354
    outer loop
       vertex 0.0809242 2.57715e-16 0.0595518
       vertex 0.0803148 1.3667e-17 0.0596703
       vertex 0.0803146 -2.99449e-05 0.0595003
    endloop
  endfacet
  facet normal 0.0275578 -0.984467 0.173393
    outer loop
       vertex 0.0803146 -2.99449e-05 0.0595003
       vertex 0.0803148 1.3667e-17 0.0596703
       vertex 0.0800921 2.55813e-17 0.0597057
    endloop
  endfacet
  facet normal 0.119828 -0.95562 0.26913
    outer loop
       vertex 0.0743928 -0.00077245 0.0595004
       vertex 0.0803146 -2.99449e-05 0.0595003
       vertex 0.0800921 2.55813e-17 0.0597057
    endloop
  endfacet
  facet normal 0.0971905 -0.766813 0.63447
    outer loop
       vertex 0.0743883 -0.000734535 0.0596916
       vertex 0.0800921 2.55813e-17 0.0597057
       vertex 0.0789651 2.50203e-17 0.0598783
    endloop
  endfacet
  facet normal 0.069928 -0.544747 0.83568
    outer loop
       vertex 0.0743756 -0.000626876 0.0598537
       vertex 0.0789651 2.50203e-17 0.0598783
       vertex 0.0777973 3.9382e-18 0.059976
    endloop
  endfacet
  facet normal 0.0202387 -0.179113 0.98362
    outer loop
       vertex 0.0777973 3.9382e-18 0.059976
       vertex 0.0766313 -4.72179e-15 0.06
       vertex 0.0743565 -0.000465845 0.059962
    endloop
  endfacet
  facet normal -4.26514e-11 -0.0813469 0.996686
    outer loop
       vertex 0.0766313 -4.72179e-15 0.06
       vertex 0.0766223 2.24577e-17 0.06
       vertex 0.0743565 -0.000465845 0.059962
    endloop
  endfacet
  facet normal 0 0 1
    outer loop
       vertex 0.0420785 0.00134426 0.06
       vertex 0.04086 0.000795411 0.06
       vertex 0.0404611 -0.000430922 0.06
    endloop
  endfacet
  facet normal 0 0 1
    outer loop
       vertex 0.04086 0.000795411 0.06
       vertex 0.0404611 0.000430922 0.06
       vertex 0.0404611 -0.000430922 0.06
    endloop
  endfacet
  facet normal 0 -0 1
    outer loop
       vertex 0.0404611 -0.000430922 0.06
       vertex 0.0404611 0.000430922 0.06
       vertex 0.0403053 -0.000168709 0.06
    endloop
  endfacet
  facet normal 0 0 1
    outer loop
       vertex 0.0404611 0.000430922 0.06
       vertex 0.0402676 3.89e-17 0.06
       vertex 0.0403053 -0.000168709 0.06
    endloop
  endfacet
  facet normal 0 0 1
    outer loop
       vertex 0.0404611 0.000430922 0.06
       vertex 0.0403053 0.000168709 0.06
       vertex 0.0402676 3.89e-17 0.06
    endloop
  endfacet
  facet normal 0 -0 1
    outer loop
       vertex 0.0743339 -0.000275933 0.06
       vertex 0.0743339 0.000275933 0.06
       vertex 0.0647361 -0.001266 0.06
    endloop
  endfacet
  facet normal 0 0 1
    outer loop
       vertex 0.0743339 0.000275933 0.06
       vertex 0.0647361 0.001266 0.06
       vertex 0.0647361 -0.001266 0.06
    endloop
  endfacet
  facet normal 0 -0 1
    outer loop
       vertex 0.0647361 -0.001266 0.06
       vertex 0.0647361 0.001266 0.06
       vertex 0.0567157 -0.00180355 0.06
    endloop
  endfacet
  facet normal 0 0 1
    outer loop
       vertex 0.0647361 0.001266 0.06
       vertex 0.0567157 0.00180355 0.06
       vertex 0.0567157 -0.00180355 0.06
    endloop
  endfacet
  facet normal 0 -0 1
    outer loop
       vertex 0.0567157 -0.00180355 0.06
       vertex 0.0567157 0.00180355 0.06
       vertex 0.0466264 -0.00193259 0.06
    endloop
  endfacet
  facet normal 0 0 1
    outer loop
       vertex 0.0567157 0.00180355 0.06
       vertex 0.0466264 0.00193259 0.06
       vertex 0.0466264 -0.00193259 0.06
    endloop
  endfacet
  facet normal 0 -0 1
    outer loop
       vertex 0.0466264 -0.00193259 0.06
       vertex 0.0466264 0.00193259 0.06
       vertex 0.0451696 -0.0018519 0.06
    endloop
  endfacet
  facet normal 0 0 1
    outer loop
       vertex 0.0466264 0.00193259 0.06
       vertex 0.0451696 0.0018519 0.06
       vertex 0.0451696 -0.0018519 0.06
    endloop
  endfacet
  facet normal 0 -0 1
    outer loop
       vertex 0.0451696 -0.0018519 0.06
       vertex 0.0451696 0.0018519 0.06
       vertex 0.0420785 -0.00134426 0.06
    endloop
  endfacet
  facet normal 0 0 1
    outer loop
       vertex 0.0451696 0.0018519 0.06
       vertex 0.0420785 0.00134426 0.06
       vertex 0.0420785 -0.00134426 0.06
    endloop
  endfacet
  facet normal 0 -0 1
    outer loop
       vertex 0.0420785 -0.00134426 0.06
       vertex 0.0420785 0.00134426 0.06
       vertex 0.0404611 -0.000430922 0.06
    endloop
  endfacet
  facet normal 0 0 1
    outer loop
       vertex 0.0404611 -0.000430922 0.06
       vertex 0.04086 -0.000795411 0.06
       vertex 0.0420785 -0.00134426 0.06
    endloop
  endfacet
  facet normal 0 0 1
    outer loop
       vertex 0.0743339 -0.000275933 0.06
       vertex 0.0766223 2.24577e-17 0.06
       vertex 0.0743339 0.000275933 0.06
    endloop
  endfacet
endsolid ascii
