ISO-10303-21;
HEADER;
/* Generated by software containing ST-Developer
 * from STEP Tools, Inc. (www.steptools.com) 
 */
/* OPTION: strings as raw bytes, not using required /X/ escapes */

FILE_DESCRIPTION(
/* description */ ('Unknown',
'CAx-IF Rec.Pracs.---Representation and Presentation of Product Manufa
cturing Information (PMI)---4.0---2014-10-13',
'CAx-IF Rec.Pracs.---3D Tessellated Geometry---0.4---2014-09-14','2;1'),

/* implementation_level */ '2;1');

FILE_NAME(
/* name */ 'albert_5_aoa_fins',
/* time_stamp */ '2026-03-01T15:58:45+01:00',
/* author */ ('Unknown'),
/* organization */ ('Unknown'),
/* preprocessor_version */ 'ST-DEVELOPER v18.102',
/* originating_system */ 'Solid Edge',
/* authorisation */ 'Unknown');

FILE_SCHEMA (('AP242_MANAGED_MODEL_BASED_3D_ENGINEERING_MIM_LF { 1 0 10303 442 1 1 4 }'));
ENDSEC;

DATA;
#10=(
BOUNDED_SURFACE()
B_SPLINE_SURFACE(3,2,((#1725,#1726,#1727),(#1728,#1729,#1730),(#1731,#1732,
#1733),(#1734,#1735,#1736)),.UNSPECIFIED.,.F.,.F.,.F.)
B_SPLINE_SURFACE_WITH_KNOTS((4,4),(3,3),(0.0193937221519135,0.0261272302816774),
(0.,1.),.PIECEWISE_BEZIER_KNOTS.)
GEOMETRIC_REPRESENTATION_ITEM()
RATIONAL_B_SPLINE_SURFACE(((1.,0.92850533347171,1.),(1.,0.927908052734152,
1.),(1.,0.926689711376608,1.),(1.,0.926912426329508,1.)))
REPRESENTATION_ITEM('')
SURFACE()
);
#11=(
BOUNDED_SURFACE()
B_SPLINE_SURFACE(3,2,((#1745,#1746,#1747),(#1748,#1749,#1750),(#1751,#1752,
#1753),(#1754,#1755,#1756)),.UNSPECIFIED.,.F.,.F.,.F.)
B_SPLINE_SURFACE_WITH_KNOTS((4,4),(3,3),(0.0194326653632899,0.026062093211568),
(0.,1.),.PIECEWISE_BEZIER_KNOTS.)
GEOMETRIC_REPRESENTATION_ITEM()
RATIONAL_B_SPLINE_SURFACE(((1.,0.927623466221668,1.),(1.,0.926929627856279,
1.),(1.,0.926198464175133,1.),(1.,0.925419758641478,1.)))
REPRESENTATION_ITEM('')
SURFACE()
);
#12=(
BOUNDED_SURFACE()
B_SPLINE_SURFACE(3,2,((#1765,#1766,#1767),(#1768,#1769,#1770),(#1771,#1772,
#1773),(#1774,#1775,#1776)),.UNSPECIFIED.,.F.,.F.,.F.)
B_SPLINE_SURFACE_WITH_KNOTS((4,4),(3,3),(0.0193937221519133,0.0261272302816768),
(0.,1.),.PIECEWISE_BEZIER_KNOTS.)
GEOMETRIC_REPRESENTATION_ITEM()
RATIONAL_B_SPLINE_SURFACE(((1.,0.92850533347171,1.),(1.,0.927908052733903,
1.),(1.,0.926689711378175,1.),(1.,0.926912426329456,1.)))
REPRESENTATION_ITEM('')
SURFACE()
);
#13=(
BOUNDED_SURFACE()
B_SPLINE_SURFACE(3,2,((#1785,#1786,#1787),(#1788,#1789,#1790),(#1791,#1792,
#1793),(#1794,#1795,#1796)),.UNSPECIFIED.,.F.,.F.,.F.)
B_SPLINE_SURFACE_WITH_KNOTS((4,4),(3,3),(0.0194326653632909,0.0260620932115681),
(0.,1.),.PIECEWISE_BEZIER_KNOTS.)
GEOMETRIC_REPRESENTATION_ITEM()
RATIONAL_B_SPLINE_SURFACE(((1.,0.927623466221655,1.),(1.,0.92692962785553,
1.),(1.,0.926198464176087,1.),(1.,0.925419758641205,1.)))
REPRESENTATION_ITEM('')
SURFACE()
);
#14=(
BOUNDED_SURFACE()
B_SPLINE_SURFACE(3,2,((#1805,#1806,#1807),(#1808,#1809,#1810),(#1811,#1812,
#1813),(#1814,#1815,#1816),(#1817,#1818,#1819)),.UNSPECIFIED.,.F.,.F.,.F.)
B_SPLINE_SURFACE_WITH_KNOTS((4,1,4),(3,3),(-1.09177187005995E-5,0.00175018547443249,
0.00351128866756557),(0.,1.),.UNSPECIFIED.)
GEOMETRIC_REPRESENTATION_ITEM()
RATIONAL_B_SPLINE_SURFACE(((1.,1.,1.),(1.,0.999999999971649,1.),(1.,0.953634033001919,
1.),(1.,0.850389213163855,1.),(1.,0.798426752166078,1.)))
REPRESENTATION_ITEM('')
SURFACE()
);
#15=(
BOUNDED_SURFACE()
B_SPLINE_SURFACE(3,2,((#1827,#1828,#1829),(#1830,#1831,#1832),(#1833,#1834,
#1835),(#1836,#1837,#1838)),.UNSPECIFIED.,.F.,.F.,.F.)
B_SPLINE_SURFACE_WITH_KNOTS((4,4),(3,3),(0.0634230217122831,0.0715891546741212),
(0.,1.),.PIECEWISE_BEZIER_KNOTS.)
GEOMETRIC_REPRESENTATION_ITEM()
RATIONAL_B_SPLINE_SURFACE(((1.,0.711838769672694,1.),(1.,0.712630953698967,
1.),(1.,0.713723327144384,1.),(1.,0.715262981939631,1.)))
REPRESENTATION_ITEM('')
SURFACE()
);
#16=(
BOUNDED_SURFACE()
B_SPLINE_SURFACE(3,2,((#1841,#1842,#1843),(#1844,#1845,#1846),(#1847,#1848,
#1849),(#1850,#1851,#1852),(#1853,#1854,#1855)),.UNSPECIFIED.,.F.,.F.,.F.)
B_SPLINE_SURFACE_WITH_KNOTS((4,1,4),(3,3),(-0.00192099922900199,-0.000178320933290619,
0.00156435736242075),(0.,1.),.UNSPECIFIED.)
GEOMETRIC_REPRESENTATION_ITEM()
RATIONAL_B_SPLINE_SURFACE(((1.,1.,1.),(1.,0.999999999956532,1.),(1.,0.953294380409744,
1.),(1.,0.852368474834581,1.),(1.,0.80064337762907,1.)))
REPRESENTATION_ITEM('')
SURFACE()
);
#17=(
BOUNDED_SURFACE()
B_SPLINE_SURFACE(3,2,((#1863,#1864,#1865),(#1866,#1867,#1868),(#1869,#1870,
#1871),(#1872,#1873,#1874)),.UNSPECIFIED.,.F.,.F.,.F.)
B_SPLINE_SURFACE_WITH_KNOTS((4,4),(3,3),(0.00341574422037431,0.0072962200445346),
(0.,0.751516483297346),.PIECEWISE_BEZIER_KNOTS.)
GEOMETRIC_REPRESENTATION_ITEM()
RATIONAL_B_SPLINE_SURFACE(((1.,0.782559672185919,0.891939325343558),(1.,
0.781854846449306,0.891589050188166),(1.,0.78088195161914,0.891105553530603),
(1.,0.779885918215675,0.89061055776491)))
REPRESENTATION_ITEM('')
SURFACE()
);
#18=(
BOUNDED_SURFACE()
B_SPLINE_SURFACE(3,2,((#1876,#1877,#1878),(#1879,#1880,#1881),(#1882,#1883,
#1884),(#1885,#1886,#1887)),.UNSPECIFIED.,.F.,.F.,.F.)
B_SPLINE_SURFACE_WITH_KNOTS((4,4),(3,3),(0.,0.00112704163543226),(0.,1.),
 .PIECEWISE_BEZIER_KNOTS.)
GEOMETRIC_REPRESENTATION_ITEM()
RATIONAL_B_SPLINE_SURFACE(((1.,0.711838769674493,1.),(1.,0.744056937115073,
1.),(1.,0.77286747345235,1.),(1.,0.798426752166166,1.)))
REPRESENTATION_ITEM('')
SURFACE()
);
#19=(
BOUNDED_SURFACE()
B_SPLINE_SURFACE(3,2,((#1892,#1893,#1894),(#1895,#1896,#1897),(#1898,#1899,
#1900),(#1901,#1902,#1903)),.UNSPECIFIED.,.F.,.F.,.F.)
B_SPLINE_SURFACE_WITH_KNOTS((4,4),(3,3),(0.,0.00110440567758657),(0.,1.),
 .PIECEWISE_BEZIER_KNOTS.)
GEOMETRIC_REPRESENTATION_ITEM()
RATIONAL_B_SPLINE_SURFACE(((1.,0.715262981939613,1.),(1.,0.746947048228279,
1.),(1.,0.775385534224475,1.),(1.,0.800643377629075,1.)))
REPRESENTATION_ITEM('')
SURFACE()
);
#20=(
BOUNDED_SURFACE()
B_SPLINE_SURFACE(3,2,((#1908,#1909,#1910),(#1911,#1912,#1913),(#1914,#1915,
#1916),(#1917,#1918,#1919),(#1920,#1921,#1922)),.UNSPECIFIED.,.F.,.F.,.F.)
B_SPLINE_SURFACE_WITH_KNOTS((4,1,4),(3,3),(0.00288631174693604,0.00480515267956944,
0.00672399361220283),(0.242635990776705,1.),.UNSPECIFIED.)
GEOMETRIC_REPRESENTATION_ITEM()
RATIONAL_B_SPLINE_SURFACE(((0.896213851659845,0.786127878209816,1.),(0.89570523558696,
0.78507977303948,1.),(0.894477639601291,0.78255006592196,1.),(0.893066672306574,
0.77964248553745,1.),(0.892353677706805,0.778173217525135,1.)))
REPRESENTATION_ITEM('')
SURFACE()
);
#21=(
BOUNDED_SURFACE()
B_SPLINE_SURFACE(3,2,((#1925,#1926,#1927),(#1928,#1929,#1930),(#1931,#1932,
#1933),(#1934,#1935,#1936),(#1937,#1938,#1939)),.UNSPECIFIED.,.F.,.F.,.F.)
B_SPLINE_SURFACE_WITH_KNOTS((4,1,4),(3,3),(-1.08038249360741E-5,0.00174292474757082,
0.00349665332007771),(0.,1.),.UNSPECIFIED.)
GEOMETRIC_REPRESENTATION_ITEM()
RATIONAL_B_SPLINE_SURFACE(((1.,1.,1.),(1.,0.999999999956387,1.),(1.,0.953290497577863,
1.),(1.,0.852367461908391,1.),(1.,0.800643377628884,1.)))
REPRESENTATION_ITEM('')
SURFACE()
);
#22=(
BOUNDED_SURFACE()
B_SPLINE_SURFACE(3,2,((#1947,#1948,#1949),(#1950,#1951,#1952),(#1953,#1954,
#1955),(#1956,#1957,#1958)),.UNSPECIFIED.,.F.,.F.,.F.)
B_SPLINE_SURFACE_WITH_KNOTS((4,4),(3,3),(0.0589756345119231,0.0671439613672769),
(0.,1.),.PIECEWISE_BEZIER_KNOTS.)
GEOMETRIC_REPRESENTATION_ITEM()
RATIONAL_B_SPLINE_SURFACE(((1.,0.711838769672559,1.),(1.,0.712631028634205,
1.),(1.,0.713723708997449,1.),(1.,0.715262981939686,1.)))
REPRESENTATION_ITEM('')
SURFACE()
);
#23=(
BOUNDED_SURFACE()
B_SPLINE_SURFACE(3,2,((#1961,#1962,#1963),(#1964,#1965,#1966),(#1967,#1968,
#1969),(#1970,#1971,#1972)),.UNSPECIFIED.,.F.,.F.,.F.)
B_SPLINE_SURFACE_WITH_KNOTS((4,4),(3,3),(0.00358854835315599,0.0074383348855505),
(0.,0.757364014275369),.PIECEWISE_BEZIER_KNOTS.)
GEOMETRIC_REPRESENTATION_ITEM()
RATIONAL_B_SPLINE_SURFACE(((1.,0.786128082711656,0.896213953059851),(1.,
0.784019685275106,0.895190806879219),(1.,0.781095131696311,0.893771602998427),
(1.,0.778173216045416,0.892353679230109)))
REPRESENTATION_ITEM('')
SURFACE()
);
#24=(
BOUNDED_SURFACE()
B_SPLINE_SURFACE(3,2,((#1974,#1975,#1976),(#1977,#1978,#1979),(#1980,#1981,
#1982),(#1983,#1984,#1985)),.UNSPECIFIED.,.F.,.F.,.F.)
B_SPLINE_SURFACE_WITH_KNOTS((4,4),(3,3),(0.,0.00110440567758419),(0.,1.),
 .PIECEWISE_BEZIER_KNOTS.)
GEOMETRIC_REPRESENTATION_ITEM()
RATIONAL_B_SPLINE_SURFACE(((1.,0.715262981939655,1.),(1.,0.746947048227715,
1.),(1.,0.775385534253499,1.),(1.,0.800643377628861,1.)))
REPRESENTATION_ITEM('')
SURFACE()
);
#25=(
BOUNDED_SURFACE()
B_SPLINE_SURFACE(3,2,((#1990,#1991,#1992),(#1993,#1994,#1995),(#1996,#1997,
#1998),(#1999,#2000,#2001)),.UNSPECIFIED.,.F.,.F.,.F.)
B_SPLINE_SURFACE_WITH_KNOTS((4,4),(3,3),(0.,0.00112704163546308),(0.,1.),
 .PIECEWISE_BEZIER_KNOTS.)
GEOMETRIC_REPRESENTATION_ITEM()
RATIONAL_B_SPLINE_SURFACE(((1.,0.711838769672543,1.),(1.,0.744056937113846,
1.),(1.,0.772867473451499,1.),(1.,0.798426752166699,1.)))
REPRESENTATION_ITEM('')
SURFACE()
);
#26=(
BOUNDED_SURFACE()
B_SPLINE_SURFACE(3,2,((#2010,#2011,#2012),(#2013,#2014,#2015),(#2016,#2017,
#2018),(#2019,#2020,#2021),(#2022,#2023,#2024)),.UNSPECIFIED.,.F.,.F.,.F.)
B_SPLINE_SURFACE_WITH_KNOTS((4,1,4),(3,3),(-0.00197101308726177,-0.000215669412799861,
0.00153967426166205),(0.,1.),.UNSPECIFIED.)
GEOMETRIC_REPRESENTATION_ITEM()
RATIONAL_B_SPLINE_SURFACE(((1.,1.,1.),(1.,0.999999999971775,1.),(1.,0.95301561952087,
1.),(1.,0.850507611551421,1.),(1.,0.798426752166696,1.)))
REPRESENTATION_ITEM('')
SURFACE()
);
#27=(
BOUNDED_SURFACE()
B_SPLINE_SURFACE(3,2,((#2030,#2031,#2032),(#2033,#2034,#2035),(#2036,#2037,
#2038),(#2039,#2040,#2041),(#2042,#2043,#2044)),.UNSPECIFIED.,.F.,.F.,.F.)
B_SPLINE_SURFACE_WITH_KNOTS((4,1,4),(3,3),(0.00317494609075081,0.00511319764872899,
0.00705144920670718),(0.248483518815894,1.),.UNSPECIFIED.)
GEOMETRIC_REPRESENTATION_ITEM()
RATIONAL_B_SPLINE_SURFACE(((0.891939282190397,0.782559587202105,1.),(0.891765302158846,
0.782209503557966,1.),(0.891344635122054,0.781363034869024,1.),(0.890858665508586,
0.780385163950695,1.),(0.890610557142202,0.779885918834628,1.)))
REPRESENTATION_ITEM('')
SURFACE()
);
#28=(
BOUNDED_SURFACE()
B_SPLINE_SURFACE(3,2,((#2045,#2046,#2047),(#2048,#2049,#2050),(#2051,#2052,
#2053),(#2054,#2055,#2056)),.UNSPECIFIED.,.F.,.F.,.F.)
B_SPLINE_SURFACE_WITH_KNOTS((4,4),(3,3),(0.,0.00341925343347769),(0.,1.),
 .PIECEWISE_BEZIER_KNOTS.)
GEOMETRIC_REPRESENTATION_ITEM()
RATIONAL_B_SPLINE_SURFACE(((1.,0.69846148189263,1.),(1.,0.700823434789006,
1.),(1.,0.703982022664111,1.),(1.,0.707163730114396,1.)))
REPRESENTATION_ITEM('')
SURFACE()
);
#29=(
BOUNDED_SURFACE()
B_SPLINE_SURFACE(3,2,((#2063,#2064,#2065),(#2066,#2067,#2068),(#2069,#2070,
#2071),(#2072,#2073,#2074),(#2075,#2076,#2077)),.UNSPECIFIED.,.F.,.F.,.F.)
B_SPLINE_SURFACE_WITH_KNOTS((4,1,4),(3,3),(0.,0.00130018357065466,0.00260036714130932),
(0.,1.),.UNSPECIFIED.)
GEOMETRIC_REPRESENTATION_ITEM()
RATIONAL_B_SPLINE_SURFACE(((1.,0.707106781186551,1.),(1.,0.784376215319547,
1.),(1.,0.940222859076614,1.),(1.,1.00000000000079,1.),(1.,1.,1.)))
REPRESENTATION_ITEM('')
SURFACE()
);
#30=(
BOUNDED_SURFACE()
B_SPLINE_SURFACE(3,2,((#2079,#2080,#2081),(#2082,#2083,#2084),(#2085,#2086,
#2087),(#2088,#2089,#2090),(#2091,#2092,#2093),(#2094,#2095,#2096),(#2097,
#2098,#2099),(#2100,#2101,#2102),(#2103,#2104,#2105),(#2106,#2107,#2108),
(#2109,#2110,#2111),(#2112,#2113,#2114),(#2115,#2116,#2117),(#2118,#2119,
#2120),(#2121,#2122,#2123),(#2124,#2125,#2126),(#2127,#2128,#2129),(#2130,
#2131,#2132),(#2133,#2134,#2135),(#2136,#2137,#2138)),.UNSPECIFIED.,.F.,
 .F.,.F.)
B_SPLINE_SURFACE_WITH_KNOTS((4,1,1,1,1,1,1,1,1,1,1,1,1,1,1,1,1,4),(3,3),
(0.,0.004091648379194,0.00818329675838799,0.012274945137582,0.016366593516776,
0.018412417706373,0.02045824189597,0.022504066085567,0.024549890275164,
0.026595714464761,0.0276186265595595,0.028641538654358,0.0296644507491565,
0.030687362843955,0.0311988188913542,0.0317102749387535,0.0322217309861527,
0.032733187033552),(0.,1.),.UNSPECIFIED.)
GEOMETRIC_REPRESENTATION_ITEM()
RATIONAL_B_SPLINE_SURFACE(((1.,0.69846148189263,1.),(1.,0.697692313825006,
1.),(1.,0.693719426854926,1.),(1.,0.695551150618593,1.),(1.,0.695076795161915,
1.),(1.,0.691442161147042,1.),(1.,0.685484094399589,1.),(1.,0.679257631258966,
1.),(1.,0.671052002374205,1.),(1.,0.661277958094045,1.),(1.,0.644590228890285,
1.),(1.,0.626078732907465,1.),(1.,0.610830692063876,1.),(1.,0.584695812860439,
1.),(1.,0.557873313870764,1.),(1.,0.529344822695236,1.),(1.,0.506909636147102,
1.),(1.,0.487574240802442,1.),(1.,0.471857972607845,1.),(1.,0.47185792552639,
1.)))
REPRESENTATION_ITEM('')
SURFACE()
);
#31=(
BOUNDED_SURFACE()
B_SPLINE_SURFACE(3,2,((#2142,#2143,#2144),(#2145,#2146,#2147),(#2148,#2149,
#2150),(#2151,#2152,#2153),(#2154,#2155,#2156),(#2157,#2158,#2159),(#2160,
#2161,#2162),(#2163,#2164,#2165),(#2166,#2167,#2168),(#2169,#2170,#2171),
(#2172,#2173,#2174),(#2175,#2176,#2177),(#2178,#2179,#2180),(#2181,#2182,
#2183),(#2184,#2185,#2186),(#2187,#2188,#2189),(#2190,#2191,#2192),(#2193,
#2194,#2195),(#2196,#2197,#2198)),.UNSPECIFIED.,.F.,.F.,.F.)
B_SPLINE_SURFACE_WITH_KNOTS((4,1,1,1,1,1,1,1,1,1,1,1,1,1,1,1,4),(3,3),(0.,
0.000518358051575081,0.00103671610315016,0.00155507415472524,0.00207343220630032,
0.00311014830945048,0.00414686441260064,0.00622029661890097,0.00829372882520129,
0.0103671610315016,0.0124405932378019,0.0145140254441023,0.0165874576504026,
0.0207343220630032,0.0248811864756039,0.0290280508882045,0.0331749153008052),
(0.,1.),.UNSPECIFIED.)
GEOMETRIC_REPRESENTATION_ITEM()
RATIONAL_B_SPLINE_SURFACE(((1.,0.47185792552639,1.),(1.,0.471857978458262,
1.),(1.,0.487867865559517,1.),(1.,0.507191618256769,1.),(1.,0.53002849055498,
1.),(1.,0.558655166890463,1.),(1.,0.58577476655578,1.),(1.,0.619582246117915,
1.),(1.,0.640922835185706,1.),(1.,0.661834676459714,1.),(1.,0.671115844496464,
1.),(1.,0.679373705838731,1.),(1.,0.685552065509148,1.),(1.,0.691476482630381,
1.),(1.,0.695102629418616,1.),(1.,0.695529065527521,1.),(1.,0.693734625695348,
1.),(1.,0.697693344181684,1.),(1.,0.698461481892677,1.)))
REPRESENTATION_ITEM('')
SURFACE()
);
#32=(
BOUNDED_SURFACE()
B_SPLINE_SURFACE(3,2,((#2200,#2201,#2202),(#2203,#2204,#2205),(#2206,#2207,
#2208),(#2209,#2210,#2211),(#2212,#2213,#2214)),.UNSPECIFIED.,.F.,.F.,.F.)
B_SPLINE_SURFACE_WITH_KNOTS((4,1,4),(3,3),(0.,0.00130018357065492,0.00260036714130984),
(0.,1.),.UNSPECIFIED.)
GEOMETRIC_REPRESENTATION_ITEM()
RATIONAL_B_SPLINE_SURFACE(((1.,0.707106781186548,1.),(1.,0.784376215321412,
1.),(1.,0.940222859075525,1.),(1.,1.00000000000082,1.),(1.,1.,1.)))
REPRESENTATION_ITEM('')
SURFACE()
);
#33=(
BOUNDED_SURFACE()
B_SPLINE_SURFACE(3,2,((#2220,#2221,#2222),(#2223,#2224,#2225),(#2226,#2227,
#2228),(#2229,#2230,#2231)),.UNSPECIFIED.,.F.,.F.,.F.)
B_SPLINE_SURFACE_WITH_KNOTS((4,4),(3,3),(0.,0.00342795119650164),(0.,1.),
 .PIECEWISE_BEZIER_KNOTS.)
GEOMETRIC_REPRESENTATION_ITEM()
RATIONAL_B_SPLINE_SURFACE(((1.,0.698461481892675,1.),(1.,0.700820256987981,
1.),(1.,0.703999543452348,1.),(1.,0.707163405005739,1.)))
REPRESENTATION_ITEM('')
SURFACE()
);
#34=(
BOUNDED_SURFACE()
B_SPLINE_SURFACE(3,2,((#2232,#2233,#2234),(#2235,#2236,#2237),(#2238,#2239,
#2240),(#2241,#2242,#2243),(#2244,#2245,#2246),(#2247,#2248,#2249),(#2250,
#2251,#2252),(#2253,#2254,#2255),(#2256,#2257,#2258),(#2259,#2260,#2261),
(#2262,#2263,#2264),(#2265,#2266,#2267),(#2268,#2269,#2270),(#2271,#2272,
#2273),(#2274,#2275,#2276),(#2277,#2278,#2279),(#2280,#2281,#2282),(#2283,
#2284,#2285),(#2286,#2287,#2288),(#2289,#2290,#2291),(#2292,#2293,#2294),
(#2295,#2296,#2297),(#2298,#2299,#2300),(#2301,#2302,#2303),(#2304,#2305,
#2306),(#2307,#2308,#2309),(#2310,#2311,#2312),(#2313,#2314,#2315),(#2316,
#2317,#2318)),.UNSPECIFIED.,.F.,.F.,.F.)
B_SPLINE_SURFACE_WITH_KNOTS((4,1,1,1,1,1,1,1,1,1,1,1,1,1,1,1,1,1,1,1,1,
1,1,1,1,1,4),(3,3),(0.,0.000165707556118273,0.000331415112236547,0.000662830224473093,
0.00099424533670964,0.00132566044894619,0.00198849067341928,0.00265132089789237,
0.00331415112236547,0.00397698134683856,0.00530264179578475,0.00662830224473093,
0.00795396269367712,0.00927962314262331,0.0106052835915695,0.0132566044894619,
0.0159079253873542,0.0185592462852466,0.021210567183139,0.0265132089789237,
0.0318158507747085,0.0344671716726009,0.0371184925704932,0.0384441530194394,
0.0397698134683856,0.0410954739173318,0.042421134366278),(0.,1.),
 .UNSPECIFIED.)
GEOMETRIC_REPRESENTATION_ITEM()
RATIONAL_B_SPLINE_SURFACE(((1.,0.881674598767881,1.),(1.,0.88167402430169,
1.),(1.,0.873652008731398,1.),(1.,0.862079261395655,1.),(1.,0.84490339318697,
1.),(1.,0.826246909854022,1.),(1.,0.805265389233793,1.),(1.,0.785605534653728,
1.),(1.,0.77134029736471,1.),(1.,0.758239713852881,1.),(1.,0.745779013932017,
1.),(1.,0.737788124834969,1.),(1.,0.729211092629986,1.),(1.,0.723436971794257,
1.),(1.,0.720505007911178,1.),(1.,0.716910917340326,1.),(1.,0.721413326174122,
1.),(1.,0.714957706400511,1.),(1.,0.713259380893345,1.),(1.,0.710688642529288,
1.),(1.,0.709051580911722,1.),(1.,0.708027068760971,1.),(1.,0.707393333746636,
1.),(1.,0.707432573110468,1.),(1.,0.707128727486763,1.),(1.,0.706517076281276,
1.),(1.,0.707560944620027,1.),(1.,0.707174399045254,1.),(1.,0.707016218280573,
1.)))
REPRESENTATION_ITEM('')
SURFACE()
);
#35=(
BOUNDED_SURFACE()
B_SPLINE_SURFACE(3,2,((#2335,#2336,#2337),(#2338,#2339,#2340),(#2341,#2342,
#2343),(#2344,#2345,#2346),(#2347,#2348,#2349),(#2350,#2351,#2352),(#2353,
#2354,#2355),(#2356,#2357,#2358),(#2359,#2360,#2361),(#2362,#2363,#2364),
(#2365,#2366,#2367),(#2368,#2369,#2370),(#2371,#2372,#2373),(#2374,#2375,
#2376),(#2377,#2378,#2379),(#2380,#2381,#2382),(#2383,#2384,#2385),(#2386,
#2387,#2388),(#2389,#2390,#2391),(#2392,#2393,#2394),(#2395,#2396,#2397),
(#2398,#2399,#2400),(#2401,#2402,#2403),(#2404,#2405,#2406),(#2407,#2408,
#2409),(#2410,#2411,#2412),(#2413,#2414,#2415),(#2416,#2417,#2418),(#2419,
#2420,#2421)),.UNSPECIFIED.,.F.,.F.,.F.)
B_SPLINE_SURFACE_WITH_KNOTS((4,1,1,1,1,1,1,1,1,1,1,1,1,1,1,1,1,1,1,1,1,
1,1,1,1,1,4),(3,3),(0.,0.000165707556118275,0.00033141511223655,0.000662830224473099,
0.000994245336709649,0.0013256604489462,0.0019884906734193,0.0026513208978924,
0.0033141511223655,0.0039769813468386,0.00530264179578479,0.00662830224473099,
0.00795396269367719,0.00927962314262339,0.0106052835915696,0.013256604489462,
0.0159079253873544,0.0185592462852468,0.0212105671831392,0.026513208978924,
0.0318158507747088,0.0344671716726012,0.0371184925704936,0.0384441530194398,
0.039769813468386,0.0410954739173321,0.0424211343662783),(0.,1.),
 .UNSPECIFIED.)
GEOMETRIC_REPRESENTATION_ITEM()
RATIONAL_B_SPLINE_SURFACE(((1.,0.881674598767881,1.),(1.,0.881674024302771,
1.),(1.,0.873652008730927,1.),(1.,0.862079261395948,1.),(1.,0.844903393186841,
1.),(1.,0.82624690985408,1.),(1.,0.805265389233886,1.),(1.,0.785605534653763,
1.),(1.,0.771340297364757,1.),(1.,0.758239713852914,1.),(1.,0.745779013932081,
1.),(1.,0.737788124835035,1.),(1.,0.729211092630046,1.),(1.,0.723436971794316,
1.),(1.,0.720505007911225,1.),(1.,0.716910917340365,1.),(1.,0.721413326174182,
1.),(1.,0.714957706400551,1.),(1.,0.713259380893411,1.),(1.,0.710688642529323,
1.),(1.,0.7090515809118,1.),(1.,0.708027068761042,1.),(1.,0.70739333374677,
1.),(1.,0.707432573110238,1.),(1.,0.707128727487133,1.),(1.,0.706517076279957,
1.),(1.,0.707560944625016,1.),(1.,0.707174399034747,1.),(1.,0.707016218280617,
1.)))
REPRESENTATION_ITEM('')
SURFACE()
);
#36=(
BOUNDED_SURFACE()
B_SPLINE_SURFACE(3,2,((#2422,#2423,#2424),(#2425,#2426,#2427),(#2428,#2429,
#2430),(#2431,#2432,#2433),(#2434,#2435,#2436)),.UNSPECIFIED.,.F.,.F.,.F.)
B_SPLINE_SURFACE_WITH_KNOTS((4,1,4),(3,3),(0.,0.00129979303761674,0.00259958607523347),
(0.,1.),.UNSPECIFIED.)
GEOMETRIC_REPRESENTATION_ITEM()
RATIONAL_B_SPLINE_SURFACE(((1.,0.707106781186548,1.),(1.,0.784349097061882,
1.),(1.,0.940194266603605,1.),(1.,1.00000000000087,1.),(1.,1.,1.)))
REPRESENTATION_ITEM('')
SURFACE()
);
#37=(
BOUNDED_SURFACE()
B_SPLINE_SURFACE(3,2,((#2443,#2444,#2445),(#2446,#2447,#2448),(#2449,#2450,
#2451),(#2452,#2453,#2454)),.UNSPECIFIED.,.F.,.F.,.F.)
B_SPLINE_SURFACE_WITH_KNOTS((4,4),(3,3),(0.,0.00344876612761366),(0.,1.),
 .PIECEWISE_BEZIER_KNOTS.)
GEOMETRIC_REPRESENTATION_ITEM()
RATIONAL_B_SPLINE_SURFACE(((1.,0.703844736456811,1.),(1.,0.704726419223121,
1.),(1.,0.705926057492273,1.),(1.,0.707128296653313,1.)))
REPRESENTATION_ITEM('')
SURFACE()
);
#38=(
BOUNDED_SURFACE()
B_SPLINE_SURFACE(3,2,((#2458,#2459,#2460),(#2461,#2462,#2463),(#2464,#2465,
#2466),(#2467,#2468,#2469),(#2470,#2471,#2472),(#2473,#2474,#2475),(#2476,
#2477,#2478),(#2479,#2480,#2481),(#2482,#2483,#2484),(#2485,#2486,#2487)),
 .UNSPECIFIED.,.F.,.F.,.F.)
B_SPLINE_SURFACE_WITH_KNOTS((4,1,1,1,1,1,1,4),(3,3),(0.,0.00827393711478059,
0.0165478742295612,0.0206848427869515,0.0248218113443418,0.0289587799017321,
0.0310272641804272,0.0330957484591224),(0.,1.),.UNSPECIFIED.)
GEOMETRIC_REPRESENTATION_ITEM()
RATIONAL_B_SPLINE_SURFACE(((1.,0.703844736456813,1.),(1.,0.704386392700935,
1.),(1.,0.705229221087057,1.),(1.,0.705790138831513,1.),(1.,0.706160378915711,
1.),(1.,0.706205741006961,1.),(1.,0.706462173545831,1.),(1.,0.706386292725083,
1.),(1.,0.70692770954852,1.),(1.,0.70717861448137,1.)))
REPRESENTATION_ITEM('')
SURFACE()
);
#39=(
BOUNDED_SURFACE()
B_SPLINE_SURFACE(3,2,((#2501,#2502,#2503),(#2504,#2505,#2506),(#2507,#2508,
#2509),(#2510,#2511,#2512),(#2513,#2514,#2515)),.UNSPECIFIED.,.F.,.F.,.F.)
B_SPLINE_SURFACE_WITH_KNOTS((4,1,4),(3,3),(0.,0.00129979303761661,0.00259958607523321),
(0.,1.),.UNSPECIFIED.)
GEOMETRIC_REPRESENTATION_ITEM()
RATIONAL_B_SPLINE_SURFACE(((1.,0.707106781186547,1.),(1.,0.784349097061337,
1.),(1.,0.940194266603856,1.),(1.,1.00000000000089,1.),(1.,1.,1.)))
REPRESENTATION_ITEM('')
SURFACE()
);
#40=(
BOUNDED_SURFACE()
B_SPLINE_SURFACE(3,2,((#2521,#2522,#2523),(#2524,#2525,#2526),(#2527,#2528,
#2529),(#2530,#2531,#2532),(#2533,#2534,#2535),(#2536,#2537,#2538),(#2539,
#2540,#2541),(#2542,#2543,#2544),(#2545,#2546,#2547),(#2548,#2549,#2550)),
 .UNSPECIFIED.,.F.,.F.,.F.)
B_SPLINE_SURFACE_WITH_KNOTS((4,1,1,1,1,1,1,4),(3,3),(0.,0.00827390333697004,
0.0165478066739401,0.0206847583424251,0.0248217100109101,0.0289586616793951,
0.0310271375136376,0.0330956133478801),(0.,1.),.UNSPECIFIED.)
GEOMETRIC_REPRESENTATION_ITEM()
RATIONAL_B_SPLINE_SURFACE(((1.,0.703844736457417,1.),(1.,0.704386379651584,
1.),(1.,0.705229200759845,1.),(1.,0.705790122265052,1.),(1.,0.706160369517959,
1.),(1.,0.706205721745487,1.),(1.,0.706462192032825,1.),(1.,0.706386266814546,
1.),(1.,0.706927671950633,1.),(1.,0.707178629563049,1.)))
REPRESENTATION_ITEM('')
SURFACE()
);
#41=(
BOUNDED_SURFACE()
B_SPLINE_SURFACE(3,2,((#2552,#2553,#2554),(#2555,#2556,#2557),(#2558,#2559,
#2560),(#2561,#2562,#2563)),.UNSPECIFIED.,.F.,.F.,.F.)
B_SPLINE_SURFACE_WITH_KNOTS((4,4),(3,3),(0.,0.00343937463002635),(0.,1.),
 .PIECEWISE_BEZIER_KNOTS.)
GEOMETRIC_REPRESENTATION_ITEM()
RATIONAL_B_SPLINE_SURFACE(((1.,0.703844736457378,1.),(1.,0.70472766322818,
1.),(1.,0.705919216876253,1.),(1.,0.707128423661129,1.)))
REPRESENTATION_ITEM('')
SURFACE()
);
#42=B_SPLINE_SURFACE_WITH_KNOTS('',3,3,((#1177,#1178,#1179,#1180),(#1181,
#1182,#1183,#1184),(#1185,#1186,#1187,#1188),(#1189,#1190,#1191,#1192),
(#1193,#1194,#1195,#1196),(#1197,#1198,#1199,#1200),(#1201,#1202,#1203,
#1204),(#1205,#1206,#1207,#1208),(#1209,#1210,#1211,#1212),(#1213,#1214,
#1215,#1216),(#1217,#1218,#1219,#1220),(#1221,#1222,#1223,#1224),(#1225,
#1226,#1227,#1228),(#1229,#1230,#1231,#1232),(#1233,#1234,#1235,#1236),
(#1237,#1238,#1239,#1240),(#1241,#1242,#1243,#1244),(#1245,#1246,#1247,
#1248),(#1249,#1250,#1251,#1252),(#1253,#1254,#1255,#1256),(#1257,#1258,
#1259,#1260),(#1261,#1262,#1263,#1264),(#1265,#1266,#1267,#1268),(#1269,
#1270,#1271,#1272),(#1273,#1274,#1275,#1276),(#1277,#1278,#1279,#1280),
(#1281,#1282,#1283,#1284),(#1285,#1286,#1287,#1288)),.UNSPECIFIED.,.F.,
 .F.,.F.,(4,2,2,2,2,2,2,2,2,2,2,2,2,4),(4,4),(0.,0.03125,0.0625,0.125,0.25,
0.5,0.625,0.6875,0.75,0.875,0.9375,0.96875,0.984375,1.),(0.,0.997594401676505),
 .UNSPECIFIED.);
#43=B_SPLINE_SURFACE_WITH_KNOTS('',3,3,((#1385,#1386,#1387,#1388),(#1389,
#1390,#1391,#1392),(#1393,#1394,#1395,#1396),(#1397,#1398,#1399,#1400),
(#1401,#1402,#1403,#1404),(#1405,#1406,#1407,#1408),(#1409,#1410,#1411,
#1412),(#1413,#1414,#1415,#1416),(#1417,#1418,#1419,#1420),(#1421,#1422,
#1423,#1424),(#1425,#1426,#1427,#1428),(#1429,#1430,#1431,#1432),(#1433,
#1434,#1435,#1436),(#1437,#1438,#1439,#1440),(#1441,#1442,#1443,#1444),
(#1445,#1446,#1447,#1448),(#1449,#1450,#1451,#1452),(#1453,#1454,#1455,
#1456),(#1457,#1458,#1459,#1460),(#1461,#1462,#1463,#1464),(#1465,#1466,
#1467,#1468),(#1469,#1470,#1471,#1472),(#1473,#1474,#1475,#1476),(#1477,
#1478,#1479,#1480),(#1481,#1482,#1483,#1484),(#1485,#1486,#1487,#1488),
(#1489,#1490,#1491,#1492),(#1493,#1494,#1495,#1496)),.UNSPECIFIED.,.F.,
 .F.,.F.,(4,2,2,2,2,2,2,2,2,2,2,2,2,4),(4,4),(0.,0.015625,0.03125,0.0625,
0.125,0.25,0.3125,0.375,0.5,0.75,0.875,0.9375,0.96875,1.),(0.,0.997594401676505),
 .UNSPECIFIED.);
#44=CONTEXT_DEPENDENT_SHAPE_REPRESENTATION(#54,#2581);
#45=CONTEXT_DEPENDENT_SHAPE_REPRESENTATION(#55,#2583);
#46=CONTEXT_DEPENDENT_SHAPE_REPRESENTATION(#56,#2584);
#47=CONTEXT_DEPENDENT_SHAPE_REPRESENTATION(#57,#2585);
#48=CONTEXT_DEPENDENT_SHAPE_REPRESENTATION(#58,#2586);
#49=NEXT_ASSEMBLY_USAGE_OCCURRENCE('body','body','body',#2587,#2588,'');
#50=NEXT_ASSEMBLY_USAGE_OCCURRENCE('fin','fin','fin',#2587,#2589,'');
#51=NEXT_ASSEMBLY_USAGE_OCCURRENCE('fin','fin','fin',#2587,#2589,'');
#52=NEXT_ASSEMBLY_USAGE_OCCURRENCE('fin','fin','fin',#2587,#2589,'');
#53=NEXT_ASSEMBLY_USAGE_OCCURRENCE('fin','fin','fin',#2587,#2589,'');
#54=(
REPRESENTATION_RELATIONSHIP(' ',' ',#812,#813)
REPRESENTATION_RELATIONSHIP_WITH_TRANSFORMATION(#59)
SHAPE_REPRESENTATION_RELATIONSHIP()
);
#55=(
REPRESENTATION_RELATIONSHIP(' ',' ',#814,#813)
REPRESENTATION_RELATIONSHIP_WITH_TRANSFORMATION(#60)
SHAPE_REPRESENTATION_RELATIONSHIP()
);
#56=(
REPRESENTATION_RELATIONSHIP(' ',' ',#814,#813)
REPRESENTATION_RELATIONSHIP_WITH_TRANSFORMATION(#61)
SHAPE_REPRESENTATION_RELATIONSHIP()
);
#57=(
REPRESENTATION_RELATIONSHIP(' ',' ',#814,#813)
REPRESENTATION_RELATIONSHIP_WITH_TRANSFORMATION(#62)
SHAPE_REPRESENTATION_RELATIONSHIP()
);
#58=(
REPRESENTATION_RELATIONSHIP(' ',' ',#814,#813)
REPRESENTATION_RELATIONSHIP_WITH_TRANSFORMATION(#63)
SHAPE_REPRESENTATION_RELATIONSHIP()
);
#59=ITEM_DEFINED_TRANSFORMATION(' ',' ',#815,#836);
#60=ITEM_DEFINED_TRANSFORMATION(' ',' ',#815,#880);
#61=ITEM_DEFINED_TRANSFORMATION(' ',' ',#815,#881);
#62=ITEM_DEFINED_TRANSFORMATION(' ',' ',#815,#882);
#63=ITEM_DEFINED_TRANSFORMATION(' ',' ',#815,#883);
#64=CONSTRUCTIVE_GEOMETRY_REPRESENTATION_RELATIONSHIP(
'supplemental geometry','',#812,#66);
#65=CONSTRUCTIVE_GEOMETRY_REPRESENTATION_RELATIONSHIP(
'supplemental geometry','',#814,#67);
#66=CONSTRUCTIVE_GEOMETRY_REPRESENTATION('supplemental geometry',(#835),
#2571);
#67=CONSTRUCTIVE_GEOMETRY_REPRESENTATION('supplemental geometry',(#879),
#2572);
#68=SHAPE_REPRESENTATION_RELATIONSHIP('','',#812,#70);
#69=SHAPE_REPRESENTATION_RELATIONSHIP('','',#814,#71);
#70=ADVANCED_BREP_SHAPE_REPRESENTATION('',(#807),#2571);
#71=ADVANCED_BREP_SHAPE_REPRESENTATION('',(#808),#2572);
#72=VERTEX_LOOP('',#463);
#73=DEGENERATE_TOROIDAL_SURFACE('',#834,455.190476190476,497.190476190476,
 .F.);
#74=TOROIDAL_SURFACE('',#833,38.,4.);
#75=TOROIDAL_SURFACE('',#859,6.5,1.);
#76=TOROIDAL_SURFACE('',#865,6.5,1.);
#77=TOROIDAL_SURFACE('',#870,8.,0.5);
#78=TOROIDAL_SURFACE('',#876,8.,0.5);
#79=PLANE('',#819);
#80=PLANE('',#821);
#81=PLANE('',#824);
#82=PLANE('',#827);
#83=PLANE('',#830);
#84=PLANE('',#837);
#85=PLANE('',#839);
#86=PLANE('',#841);
#87=PLANE('',#842);
#88=PLANE('',#850);
#89=PLANE('',#852);
#90=CIRCLE('',#817,42.);
#91=CIRCLE('',#818,42.);
#92=CIRCLE('',#820,38.);
#93=CIRCLE('',#822,7.5);
#94=CIRCLE('',#825,7.5);
#95=CIRCLE('',#828,7.5);
#96=CIRCLE('',#831,7.5);
#97=CIRCLE('',#838,8.);
#98=CIRCLE('',#840,8.);
#99=CIRCLE('',#843,6.5);
#100=CIRCLE('',#845,7.5);
#101=CIRCLE('',#846,7.5);
#102=CIRCLE('',#847,7.5);
#103=CIRCLE('',#848,7.5);
#104=CIRCLE('',#849,7.5);
#105=CIRCLE('',#851,6.5);
#106=CIRCLE('',#853,1.);
#107=CIRCLE('',#854,1.);
#108=CIRCLE('',#855,1.);
#109=CIRCLE('',#856,1.);
#110=CIRCLE('',#857,1.);
#111=CIRCLE('',#858,1.);
#112=CIRCLE('',#860,1.);
#113=CIRCLE('',#861,1.);
#114=CIRCLE('',#862,1.);
#115=CIRCLE('',#863,1.);
#116=CIRCLE('',#864,1.);
#117=CIRCLE('',#866,1.);
#118=CIRCLE('',#867,0.5);
#119=CIRCLE('',#868,0.5);
#120=CIRCLE('',#869,0.5);
#121=CIRCLE('',#871,0.5);
#122=CIRCLE('',#872,0.5);
#123=CIRCLE('',#873,0.5);
#124=CIRCLE('',#874,0.5);
#125=CIRCLE('',#875,0.5);
#126=CIRCLE('',#877,0.5);
#127=CIRCLE('',#878,0.5);
#128=ORIENTED_EDGE('',*,*,#344,.F.);
#129=ORIENTED_EDGE('',*,*,#345,.F.);
#130=ORIENTED_EDGE('',*,*,#346,.F.);
#131=ORIENTED_EDGE('',*,*,#347,.F.);
#132=ORIENTED_EDGE('',*,*,#348,.T.);
#133=ORIENTED_EDGE('',*,*,#349,.T.);
#134=ORIENTED_EDGE('',*,*,#350,.T.);
#135=ORIENTED_EDGE('',*,*,#351,.T.);
#136=ORIENTED_EDGE('',*,*,#344,.T.);
#137=ORIENTED_EDGE('',*,*,#351,.F.);
#138=ORIENTED_EDGE('',*,*,#352,.T.);
#139=ORIENTED_EDGE('',*,*,#345,.T.);
#140=ORIENTED_EDGE('',*,*,#352,.F.);
#141=ORIENTED_EDGE('',*,*,#353,.T.);
#142=ORIENTED_EDGE('',*,*,#346,.T.);
#143=ORIENTED_EDGE('',*,*,#353,.F.);
#144=ORIENTED_EDGE('',*,*,#354,.T.);
#145=ORIENTED_EDGE('',*,*,#347,.T.);
#146=ORIENTED_EDGE('',*,*,#354,.F.);
#147=ORIENTED_EDGE('',*,*,#348,.F.);
#148=ORIENTED_EDGE('',*,*,#350,.F.);
#149=ORIENTED_EDGE('',*,*,#349,.F.);
#150=ORIENTED_EDGE('',*,*,#355,.T.);
#151=ORIENTED_EDGE('',*,*,#356,.T.);
#152=ORIENTED_EDGE('',*,*,#357,.T.);
#153=ORIENTED_EDGE('',*,*,#358,.T.);
#154=ORIENTED_EDGE('',*,*,#359,.T.);
#155=ORIENTED_EDGE('',*,*,#360,.T.);
#156=ORIENTED_EDGE('',*,*,#361,.T.);
#157=ORIENTED_EDGE('',*,*,#362,.F.);
#158=ORIENTED_EDGE('',*,*,#363,.T.);
#159=ORIENTED_EDGE('',*,*,#364,.T.);
#160=ORIENTED_EDGE('',*,*,#365,.T.);
#161=ORIENTED_EDGE('',*,*,#366,.T.);
#162=ORIENTED_EDGE('',*,*,#367,.T.);
#163=ORIENTED_EDGE('',*,*,#368,.T.);
#164=ORIENTED_EDGE('',*,*,#369,.T.);
#165=ORIENTED_EDGE('',*,*,#370,.T.);
#166=ORIENTED_EDGE('',*,*,#371,.T.);
#167=ORIENTED_EDGE('',*,*,#372,.T.);
#168=ORIENTED_EDGE('',*,*,#362,.T.);
#169=ORIENTED_EDGE('',*,*,#373,.T.);
#170=ORIENTED_EDGE('',*,*,#374,.T.);
#171=ORIENTED_EDGE('',*,*,#375,.T.);
#172=ORIENTED_EDGE('',*,*,#376,.T.);
#173=ORIENTED_EDGE('',*,*,#377,.T.);
#174=ORIENTED_EDGE('',*,*,#378,.T.);
#175=ORIENTED_EDGE('',*,*,#379,.T.);
#176=ORIENTED_EDGE('',*,*,#380,.T.);
#177=ORIENTED_EDGE('',*,*,#381,.T.);
#178=ORIENTED_EDGE('',*,*,#382,.T.);
#179=ORIENTED_EDGE('',*,*,#364,.F.);
#180=ORIENTED_EDGE('',*,*,#383,.T.);
#181=ORIENTED_EDGE('',*,*,#384,.T.);
#182=ORIENTED_EDGE('',*,*,#385,.T.);
#183=ORIENTED_EDGE('',*,*,#386,.T.);
#184=ORIENTED_EDGE('',*,*,#387,.T.);
#185=ORIENTED_EDGE('',*,*,#388,.T.);
#186=ORIENTED_EDGE('',*,*,#389,.T.);
#187=ORIENTED_EDGE('',*,*,#390,.T.);
#188=ORIENTED_EDGE('',*,*,#391,.T.);
#189=ORIENTED_EDGE('',*,*,#392,.T.);
#190=ORIENTED_EDGE('',*,*,#393,.T.);
#191=ORIENTED_EDGE('',*,*,#394,.T.);
#192=ORIENTED_EDGE('',*,*,#395,.T.);
#193=ORIENTED_EDGE('',*,*,#396,.T.);
#194=ORIENTED_EDGE('',*,*,#397,.T.);
#195=ORIENTED_EDGE('',*,*,#398,.T.);
#196=ORIENTED_EDGE('',*,*,#399,.T.);
#197=ORIENTED_EDGE('',*,*,#400,.T.);
#198=ORIENTED_EDGE('',*,*,#401,.T.);
#199=ORIENTED_EDGE('',*,*,#402,.T.);
#200=ORIENTED_EDGE('',*,*,#403,.T.);
#201=ORIENTED_EDGE('',*,*,#404,.T.);
#202=ORIENTED_EDGE('',*,*,#405,.T.);
#203=ORIENTED_EDGE('',*,*,#406,.T.);
#204=ORIENTED_EDGE('',*,*,#407,.T.);
#205=ORIENTED_EDGE('',*,*,#405,.F.);
#206=ORIENTED_EDGE('',*,*,#401,.F.);
#207=ORIENTED_EDGE('',*,*,#408,.T.);
#208=ORIENTED_EDGE('',*,*,#381,.F.);
#209=ORIENTED_EDGE('',*,*,#380,.F.);
#210=ORIENTED_EDGE('',*,*,#409,.T.);
#211=ORIENTED_EDGE('',*,*,#395,.F.);
#212=ORIENTED_EDGE('',*,*,#410,.T.);
#213=ORIENTED_EDGE('',*,*,#360,.F.);
#214=ORIENTED_EDGE('',*,*,#411,.T.);
#215=ORIENTED_EDGE('',*,*,#366,.F.);
#216=ORIENTED_EDGE('',*,*,#412,.T.);
#217=ORIENTED_EDGE('',*,*,#397,.F.);
#218=ORIENTED_EDGE('',*,*,#413,.T.);
#219=ORIENTED_EDGE('',*,*,#367,.F.);
#220=ORIENTED_EDGE('',*,*,#374,.F.);
#221=ORIENTED_EDGE('',*,*,#414,.T.);
#222=ORIENTED_EDGE('',*,*,#403,.F.);
#223=ORIENTED_EDGE('',*,*,#415,.T.);
#224=ORIENTED_EDGE('',*,*,#416,.F.);
#225=ORIENTED_EDGE('',*,*,#375,.F.);
#226=ORIENTED_EDGE('',*,*,#417,.F.);
#227=ORIENTED_EDGE('',*,*,#377,.F.);
#228=ORIENTED_EDGE('',*,*,#418,.F.);
#229=ORIENTED_EDGE('',*,*,#391,.F.);
#230=ORIENTED_EDGE('',*,*,#419,.F.);
#231=ORIENTED_EDGE('',*,*,#420,.F.);
#232=ORIENTED_EDGE('',*,*,#379,.F.);
#233=ORIENTED_EDGE('',*,*,#421,.F.);
#234=ORIENTED_EDGE('',*,*,#417,.T.);
#235=ORIENTED_EDGE('',*,*,#415,.F.);
#236=ORIENTED_EDGE('',*,*,#422,.F.);
#237=ORIENTED_EDGE('',*,*,#376,.F.);
#238=ORIENTED_EDGE('',*,*,#416,.T.);
#239=ORIENTED_EDGE('',*,*,#423,.F.);
#240=ORIENTED_EDGE('',*,*,#418,.T.);
#241=ORIENTED_EDGE('',*,*,#378,.F.);
#242=ORIENTED_EDGE('',*,*,#419,.T.);
#243=ORIENTED_EDGE('',*,*,#424,.F.);
#244=ORIENTED_EDGE('',*,*,#421,.T.);
#245=ORIENTED_EDGE('',*,*,#409,.F.);
#246=ORIENTED_EDGE('',*,*,#420,.T.);
#247=ORIENTED_EDGE('',*,*,#425,.F.);
#248=ORIENTED_EDGE('',*,*,#422,.T.);
#249=ORIENTED_EDGE('',*,*,#402,.F.);
#250=ORIENTED_EDGE('',*,*,#425,.T.);
#251=ORIENTED_EDGE('',*,*,#424,.T.);
#252=ORIENTED_EDGE('',*,*,#392,.F.);
#253=ORIENTED_EDGE('',*,*,#423,.T.);
#254=ORIENTED_EDGE('',*,*,#426,.F.);
#255=ORIENTED_EDGE('',*,*,#368,.F.);
#256=ORIENTED_EDGE('',*,*,#427,.F.);
#257=ORIENTED_EDGE('',*,*,#370,.F.);
#258=ORIENTED_EDGE('',*,*,#428,.F.);
#259=ORIENTED_EDGE('',*,*,#406,.F.);
#260=ORIENTED_EDGE('',*,*,#429,.F.);
#261=ORIENTED_EDGE('',*,*,#427,.T.);
#262=ORIENTED_EDGE('',*,*,#413,.F.);
#263=ORIENTED_EDGE('',*,*,#430,.F.);
#264=ORIENTED_EDGE('',*,*,#369,.F.);
#265=ORIENTED_EDGE('',*,*,#426,.T.);
#266=ORIENTED_EDGE('',*,*,#431,.F.);
#267=ORIENTED_EDGE('',*,*,#428,.T.);
#268=ORIENTED_EDGE('',*,*,#371,.F.);
#269=ORIENTED_EDGE('',*,*,#429,.T.);
#270=ORIENTED_EDGE('',*,*,#432,.F.);
#271=ORIENTED_EDGE('',*,*,#433,.F.);
#272=ORIENTED_EDGE('',*,*,#430,.T.);
#273=ORIENTED_EDGE('',*,*,#396,.F.);
#274=ORIENTED_EDGE('',*,*,#434,.F.);
#275=ORIENTED_EDGE('',*,*,#432,.T.);
#276=ORIENTED_EDGE('',*,*,#407,.F.);
#277=ORIENTED_EDGE('',*,*,#431,.T.);
#278=ORIENTED_EDGE('',*,*,#372,.F.);
#279=ORIENTED_EDGE('',*,*,#433,.T.);
#280=ORIENTED_EDGE('',*,*,#435,.F.);
#281=ORIENTED_EDGE('',*,*,#434,.T.);
#282=ORIENTED_EDGE('',*,*,#411,.F.);
#283=ORIENTED_EDGE('',*,*,#435,.T.);
#284=ORIENTED_EDGE('',*,*,#436,.F.);
#285=ORIENTED_EDGE('',*,*,#412,.F.);
#286=ORIENTED_EDGE('',*,*,#437,.F.);
#287=ORIENTED_EDGE('',*,*,#358,.F.);
#288=ORIENTED_EDGE('',*,*,#398,.F.);
#289=ORIENTED_EDGE('',*,*,#436,.T.);
#290=ORIENTED_EDGE('',*,*,#438,.F.);
#291=ORIENTED_EDGE('',*,*,#437,.T.);
#292=ORIENTED_EDGE('',*,*,#365,.F.);
#293=ORIENTED_EDGE('',*,*,#439,.F.);
#294=ORIENTED_EDGE('',*,*,#359,.F.);
#295=ORIENTED_EDGE('',*,*,#438,.T.);
#296=ORIENTED_EDGE('',*,*,#357,.F.);
#297=ORIENTED_EDGE('',*,*,#440,.F.);
#298=ORIENTED_EDGE('',*,*,#399,.F.);
#299=ORIENTED_EDGE('',*,*,#439,.T.);
#300=ORIENTED_EDGE('',*,*,#382,.F.);
#301=ORIENTED_EDGE('',*,*,#441,.F.);
#302=ORIENTED_EDGE('',*,*,#355,.F.);
#303=ORIENTED_EDGE('',*,*,#400,.F.);
#304=ORIENTED_EDGE('',*,*,#440,.T.);
#305=ORIENTED_EDGE('',*,*,#442,.F.);
#306=ORIENTED_EDGE('',*,*,#441,.T.);
#307=ORIENTED_EDGE('',*,*,#408,.F.);
#308=ORIENTED_EDGE('',*,*,#442,.T.);
#309=ORIENTED_EDGE('',*,*,#356,.F.);
#310=ORIENTED_EDGE('',*,*,#443,.F.);
#311=ORIENTED_EDGE('',*,*,#389,.F.);
#312=ORIENTED_EDGE('',*,*,#444,.F.);
#313=ORIENTED_EDGE('',*,*,#363,.F.);
#314=ORIENTED_EDGE('',*,*,#444,.T.);
#315=ORIENTED_EDGE('',*,*,#390,.F.);
#316=ORIENTED_EDGE('',*,*,#443,.T.);
#317=ORIENTED_EDGE('',*,*,#383,.F.);
#318=ORIENTED_EDGE('',*,*,#445,.F.);
#319=ORIENTED_EDGE('',*,*,#446,.F.);
#320=ORIENTED_EDGE('',*,*,#394,.F.);
#321=ORIENTED_EDGE('',*,*,#446,.T.);
#322=ORIENTED_EDGE('',*,*,#388,.F.);
#323=ORIENTED_EDGE('',*,*,#447,.F.);
#324=ORIENTED_EDGE('',*,*,#410,.F.);
#325=ORIENTED_EDGE('',*,*,#445,.T.);
#326=ORIENTED_EDGE('',*,*,#393,.F.);
#327=ORIENTED_EDGE('',*,*,#448,.F.);
#328=ORIENTED_EDGE('',*,*,#384,.F.);
#329=ORIENTED_EDGE('',*,*,#447,.T.);
#330=ORIENTED_EDGE('',*,*,#387,.F.);
#331=ORIENTED_EDGE('',*,*,#449,.F.);
#332=ORIENTED_EDGE('',*,*,#361,.F.);
#333=ORIENTED_EDGE('',*,*,#448,.T.);
#334=ORIENTED_EDGE('',*,*,#404,.F.);
#335=ORIENTED_EDGE('',*,*,#450,.F.);
#336=ORIENTED_EDGE('',*,*,#449,.T.);
#337=ORIENTED_EDGE('',*,*,#386,.F.);
#338=ORIENTED_EDGE('',*,*,#451,.F.);
#339=ORIENTED_EDGE('',*,*,#373,.F.);
#340=ORIENTED_EDGE('',*,*,#450,.T.);
#341=ORIENTED_EDGE('',*,*,#414,.F.);
#342=ORIENTED_EDGE('',*,*,#451,.T.);
#343=ORIENTED_EDGE('',*,*,#385,.F.);
#344=EDGE_CURVE('',#452,#452,#519,.T.);
#345=EDGE_CURVE('',#453,#453,#520,.T.);
#346=EDGE_CURVE('',#454,#454,#521,.T.);
#347=EDGE_CURVE('',#455,#455,#522,.T.);
#348=EDGE_CURVE('',#456,#456,#90,.F.);
#349=EDGE_CURVE('',#457,#457,#91,.T.);
#350=EDGE_CURVE('',#458,#458,#92,.T.);
#351=EDGE_CURVE('',#459,#459,#93,.T.);
#352=EDGE_CURVE('',#460,#460,#94,.T.);
#353=EDGE_CURVE('',#461,#461,#95,.T.);
#354=EDGE_CURVE('',#462,#462,#96,.T.);
#355=EDGE_CURVE('',#464,#465,#523,.T.);
#356=EDGE_CURVE('',#465,#466,#524,.T.);
#357=EDGE_CURVE('',#466,#467,#97,.F.);
#358=EDGE_CURVE('',#467,#468,#525,.T.);
#359=EDGE_CURVE('',#468,#464,#526,.T.);
#360=EDGE_CURVE('',#469,#470,#527,.T.);
#361=EDGE_CURVE('',#470,#471,#528,.T.);
#362=EDGE_CURVE('',#472,#471,#529,.T.);
#363=EDGE_CURVE('',#472,#473,#530,.T.);
#364=EDGE_CURVE('',#473,#474,#531,.T.);
#365=EDGE_CURVE('',#474,#475,#532,.T.);
#366=EDGE_CURVE('',#475,#476,#533,.T.);
#367=EDGE_CURVE('',#476,#477,#534,.T.);
#368=EDGE_CURVE('',#477,#478,#535,.T.);
#369=EDGE_CURVE('',#478,#479,#536,.T.);
#370=EDGE_CURVE('',#479,#480,#537,.T.);
#371=EDGE_CURVE('',#480,#481,#538,.T.);
#372=EDGE_CURVE('',#481,#469,#539,.T.);
#373=EDGE_CURVE('',#471,#482,#540,.T.);
#374=EDGE_CURVE('',#482,#483,#541,.T.);
#375=EDGE_CURVE('',#483,#484,#542,.T.);
#376=EDGE_CURVE('',#484,#485,#543,.T.);
#377=EDGE_CURVE('',#485,#486,#544,.T.);
#378=EDGE_CURVE('',#486,#487,#545,.T.);
#379=EDGE_CURVE('',#487,#488,#546,.T.);
#380=EDGE_CURVE('',#488,#489,#547,.T.);
#381=EDGE_CURVE('',#489,#490,#548,.T.);
#382=EDGE_CURVE('',#490,#474,#549,.T.);
#383=EDGE_CURVE('',#473,#472,#550,.T.);
#384=EDGE_CURVE('',#491,#492,#98,.F.);
#385=EDGE_CURVE('',#492,#493,#551,.T.);
#386=EDGE_CURVE('',#493,#494,#552,.T.);
#387=EDGE_CURVE('',#494,#495,#553,.T.);
#388=EDGE_CURVE('',#495,#491,#554,.T.);
#389=EDGE_CURVE('',#496,#497,#555,.T.);
#390=EDGE_CURVE('',#497,#496,#556,.T.);
#391=EDGE_CURVE('',#498,#499,#557,.T.);
#392=EDGE_CURVE('',#499,#498,#99,.T.);
#393=EDGE_CURVE('',#500,#501,#100,.T.);
#394=EDGE_CURVE('',#501,#502,#558,.T.);
#395=EDGE_CURVE('',#502,#503,#559,.T.);
#396=EDGE_CURVE('',#503,#504,#101,.F.);
#397=EDGE_CURVE('',#504,#505,#560,.T.);
#398=EDGE_CURVE('',#505,#506,#561,.F.);
#399=EDGE_CURVE('',#506,#507,#102,.T.);
#400=EDGE_CURVE('',#507,#508,#562,.T.);
#401=EDGE_CURVE('',#508,#509,#563,.T.);
#402=EDGE_CURVE('',#509,#510,#103,.F.);
#403=EDGE_CURVE('',#510,#511,#564,.T.);
#404=EDGE_CURVE('',#511,#500,#565,.F.);
#405=EDGE_CURVE('',#512,#512,#104,.T.);
#406=EDGE_CURVE('',#513,#514,#566,.T.);
#407=EDGE_CURVE('',#514,#513,#105,.T.);
#408=EDGE_CURVE('',#508,#490,#567,.T.);
#409=EDGE_CURVE('',#488,#509,#568,.T.);
#410=EDGE_CURVE('',#502,#470,#569,.T.);
#411=EDGE_CURVE('',#469,#503,#570,.T.);
#412=EDGE_CURVE('',#475,#505,#571,.T.);
#413=EDGE_CURVE('',#504,#477,#572,.T.);
#414=EDGE_CURVE('',#482,#511,#573,.T.);
#415=EDGE_CURVE('',#510,#483,#574,.T.);
#416=EDGE_CURVE('',#484,#515,#106,.F.);
#417=EDGE_CURVE('',#515,#483,#575,.T.);
#418=EDGE_CURVE('',#499,#485,#107,.T.);
#419=EDGE_CURVE('',#486,#498,#108,.T.);
#420=EDGE_CURVE('',#488,#516,#576,.F.);
#421=EDGE_CURVE('',#516,#487,#109,.F.);
#422=EDGE_CURVE('',#515,#510,#110,.T.);
#423=EDGE_CURVE('',#499,#515,#577,.T.);
#424=EDGE_CURVE('',#516,#498,#578,.T.);
#425=EDGE_CURVE('',#509,#516,#111,.T.);
#426=EDGE_CURVE('',#478,#517,#112,.F.);
#427=EDGE_CURVE('',#517,#477,#579,.T.);
#428=EDGE_CURVE('',#514,#479,#113,.T.);
#429=EDGE_CURVE('',#480,#513,#114,.T.);
#430=EDGE_CURVE('',#517,#504,#115,.T.);
#431=EDGE_CURVE('',#514,#517,#580,.T.);
#432=EDGE_CURVE('',#518,#513,#581,.T.);
#433=EDGE_CURVE('',#481,#518,#116,.T.);
#434=EDGE_CURVE('',#518,#503,#117,.T.);
#435=EDGE_CURVE('',#469,#518,#582,.F.);
#436=EDGE_CURVE('',#505,#467,#583,.F.);
#437=EDGE_CURVE('',#468,#475,#118,.T.);
#438=EDGE_CURVE('',#506,#467,#119,.T.);
#439=EDGE_CURVE('',#464,#474,#120,.T.);
#440=EDGE_CURVE('',#507,#466,#121,.T.);
#441=EDGE_CURVE('',#465,#490,#122,.T.);
#442=EDGE_CURVE('',#508,#466,#584,.F.);
#443=EDGE_CURVE('',#497,#472,#585,.F.);
#444=EDGE_CURVE('',#473,#496,#123,.T.);
#445=EDGE_CURVE('',#491,#501,#124,.T.);
#446=EDGE_CURVE('',#502,#491,#586,.F.);
#447=EDGE_CURVE('',#470,#495,#125,.T.);
#448=EDGE_CURVE('',#492,#500,#126,.T.);
#449=EDGE_CURVE('',#471,#494,#587,.T.);
#450=EDGE_CURVE('',#492,#511,#588,.T.);
#451=EDGE_CURVE('',#482,#493,#127,.T.);
#452=VERTEX_POINT('',#1043);
#453=VERTEX_POINT('',#1063);
#454=VERTEX_POINT('',#1083);
#455=VERTEX_POINT('',#1103);
#456=VERTEX_POINT('',#1105);
#457=VERTEX_POINT('',#1107);
#458=VERTEX_POINT('',#1110);
#459=VERTEX_POINT('',#1113);
#460=VERTEX_POINT('',#1117);
#461=VERTEX_POINT('',#1121);
#462=VERTEX_POINT('',#1125);
#463=VERTEX_POINT('',#1129);
#464=VERTEX_POINT('',#1148);
#465=VERTEX_POINT('',#1149);
#466=VERTEX_POINT('',#1154);
#467=VERTEX_POINT('',#1156);
#468=VERTEX_POINT('',#1161);
#469=VERTEX_POINT('',#1293);
#470=VERTEX_POINT('',#1294);
#471=VERTEX_POINT('',#1304);
#472=VERTEX_POINT('',#1309);
#473=VERTEX_POINT('',#1330);
#474=VERTEX_POINT('',#1335);
#475=VERTEX_POINT('',#1350);
#476=VERTEX_POINT('',#1355);
#477=VERTEX_POINT('',#1360);
#478=VERTEX_POINT('',#1365);
#479=VERTEX_POINT('',#1370);
#480=VERTEX_POINT('',#1375);
#481=VERTEX_POINT('',#1380);
#482=VERTEX_POINT('',#1506);
#483=VERTEX_POINT('',#1511);
#484=VERTEX_POINT('',#1516);
#485=VERTEX_POINT('',#1521);
#486=VERTEX_POINT('',#1526);
#487=VERTEX_POINT('',#1531);
#488=VERTEX_POINT('',#1536);
#489=VERTEX_POINT('',#1541);
#490=VERTEX_POINT('',#1546);
#491=VERTEX_POINT('',#1583);
#492=VERTEX_POINT('',#1584);
#493=VERTEX_POINT('',#1589);
#494=VERTEX_POINT('',#1596);
#495=VERTEX_POINT('',#1603);
#496=VERTEX_POINT('',#1630);
#497=VERTEX_POINT('',#1631);
#498=VERTEX_POINT('',#1658);
#499=VERTEX_POINT('',#1659);
#500=VERTEX_POINT('',#1663);
#501=VERTEX_POINT('',#1664);
#502=VERTEX_POINT('',#1670);
#503=VERTEX_POINT('',#1675);
#504=VERTEX_POINT('',#1677);
#505=VERTEX_POINT('',#1682);
#506=VERTEX_POINT('',#1688);
#507=VERTEX_POINT('',#1690);
#508=VERTEX_POINT('',#1696);
#509=VERTEX_POINT('',#1701);
#510=VERTEX_POINT('',#1703);
#511=VERTEX_POINT('',#1708);
#512=VERTEX_POINT('',#1715);
#513=VERTEX_POINT('',#1721);
#514=VERTEX_POINT('',#1722);
#515=VERTEX_POINT('',#1821);
#516=VERTEX_POINT('',#1861);
#517=VERTEX_POINT('',#1941);
#518=VERTEX_POINT('',#2006);
#519=B_SPLINE_CURVE_WITH_KNOTS('',3,(#1024,#1025,#1026,#1027,#1028,#1029,
#1030,#1031,#1032,#1033,#1034,#1035,#1036,#1037,#1038,#1039,#1040,#1041,
#1042),.UNSPECIFIED.,.T.,.F.,(1,1,1,1,1,1,1,1,1,1,1,1,1,1,1,1,1,1,1,1,1,
1,1),(-0.00880972911807842,-0.00587315274538561,-0.0029365763726928,0.,
0.00293657637269281,0.00587315274538561,0.00880972911807842,0.0117463054907712,
0.014682881863464,0.0176194582361568,0.0205560346088496,0.0234926109815424,
0.0264291873542353,0.0293657637269281,0.0323023400996209,0.0352389164723137,
0.0381754928450065,0.0411120692176993,0.0440486455903921,0.0469852219630849,
0.0499217983357777,0.0528583747084705,0.0557949510811633),.UNSPECIFIED.);
#520=B_SPLINE_CURVE_WITH_KNOTS('',3,(#1044,#1045,#1046,#1047,#1048,#1049,
#1050,#1051,#1052,#1053,#1054,#1055,#1056,#1057,#1058,#1059,#1060,#1061,
#1062),.UNSPECIFIED.,.T.,.F.,(1,1,1,1,1,1,1,1,1,1,1,1,1,1,1,1,1,1,1,1,1,
1,1),(-0.00880972911807842,-0.00587315274538561,-0.00293657637269281,0.,
0.00293657637269281,0.00587315274538561,0.00880972911807842,0.0117463054907712,
0.014682881863464,0.0176194582361568,0.0205560346088496,0.0234926109815424,
0.0264291873542353,0.0293657637269281,0.0323023400996209,0.0352389164723137,
0.0381754928450065,0.0411120692176993,0.0440486455903921,0.0469852219630849,
0.0499217983357777,0.0528583747084705,0.0557949510811633),.UNSPECIFIED.);
#521=B_SPLINE_CURVE_WITH_KNOTS('',3,(#1064,#1065,#1066,#1067,#1068,#1069,
#1070,#1071,#1072,#1073,#1074,#1075,#1076,#1077,#1078,#1079,#1080,#1081,
#1082),.UNSPECIFIED.,.T.,.F.,(1,1,1,1,1,1,1,1,1,1,1,1,1,1,1,1,1,1,1,1,1,
1,1),(-0.00880972911807842,-0.00587315274538561,-0.0029365763726928,0.,
0.00293657637269281,0.00587315274538561,0.00880972911807842,0.0117463054907712,
0.014682881863464,0.0176194582361568,0.0205560346088496,0.0234926109815424,
0.0264291873542353,0.0293657637269281,0.0323023400996209,0.0352389164723137,
0.0381754928450065,0.0411120692176993,0.0440486455903921,0.0469852219630849,
0.0499217983357777,0.0528583747084705,0.0557949510811633),.UNSPECIFIED.);
#522=B_SPLINE_CURVE_WITH_KNOTS('',3,(#1084,#1085,#1086,#1087,#1088,#1089,
#1090,#1091,#1092,#1093,#1094,#1095,#1096,#1097,#1098,#1099,#1100,#1101,
#1102),.UNSPECIFIED.,.T.,.F.,(1,1,1,1,1,1,1,1,1,1,1,1,1,1,1,1,1,1,1,1,1,
1,1),(-0.00880972911807842,-0.00587315274538561,-0.0029365763726928,0.,
0.00293657637269281,0.00587315274538561,0.00880972911807842,0.0117463054907712,
0.014682881863464,0.0176194582361568,0.0205560346088496,0.0234926109815424,
0.0264291873542353,0.0293657637269281,0.0323023400996209,0.0352389164723137,
0.0381754928450065,0.0411120692176993,0.0440486455903921,0.0469852219630849,
0.0499217983357777,0.0528583747084705,0.0557949510811633),.UNSPECIFIED.);
#523=B_SPLINE_CURVE_WITH_KNOTS('',3,(#1133,#1134,#1135,#1136,#1137,#1138,
#1139,#1140,#1141,#1142,#1143,#1144,#1145,#1146,#1147),.UNSPECIFIED.,.F.,
 .F.,(4,1,1,1,1,1,1,1,1,1,1,1,4),(0.,0.00103596784363792,0.00207193568727583,
0.00414387137455166,0.00621580706182749,0.00828774274910332,0.0103596784363792,
0.012431614123655,0.0165754854982066,0.0207193568727583,0.02486322824731,
0.0290070996218616,0.0331509709964133),.UNSPECIFIED.);
#524=B_SPLINE_CURVE_WITH_KNOTS('',3,(#1150,#1151,#1152,#1153),
 .UNSPECIFIED.,.F.,.F.,(4,4),(0.,0.000969408127553577),.UNSPECIFIED.);
#525=B_SPLINE_CURVE_WITH_KNOTS('',3,(#1157,#1158,#1159,#1160),
 .UNSPECIFIED.,.F.,.F.,(4,4),(0.,0.000969408127553592),.UNSPECIFIED.);
#526=B_SPLINE_CURVE_WITH_KNOTS('',3,(#1162,#1163,#1164,#1165,#1166,#1167,
#1168,#1169,#1170,#1171,#1172,#1173,#1174,#1175,#1176),.UNSPECIFIED.,.F.,
 .F.,(4,1,1,1,1,1,1,1,1,1,1,1,4),(0.,0.004091648379194,0.00818329675838799,
0.012274945137582,0.016366593516776,0.02045824189597,0.022504066085567,
0.024549890275164,0.026595714464761,0.028641538654358,0.030687362843955,
0.0317102749387535,0.032733187033552),.UNSPECIFIED.);
#527=B_SPLINE_CURVE_WITH_KNOTS('',3,(#1289,#1290,#1291,#1292),
 .UNSPECIFIED.,.F.,.F.,(4,4),(0.000990090521486069,0.00749630959428414),
 .UNSPECIFIED.);
#528=B_SPLINE_CURVE_WITH_KNOTS('',3,(#1295,#1296,#1297,#1298,#1299,#1300,
#1301,#1302,#1303),.UNSPECIFIED.,.F.,.F.,(4,1,1,1,1,1,4),(1.3938640762424E-17,
0.00822751068940236,0.0164550213788047,0.0205687767235059,0.024682532068207,
0.0287962874129082,0.0329100427576094),.UNSPECIFIED.);
#529=B_SPLINE_CURVE_WITH_KNOTS('',3,(#1305,#1306,#1307,#1308),
 .UNSPECIFIED.,.F.,.F.,(4,4),(0.,1.),.PIECEWISE_BEZIER_KNOTS.);
#530=B_SPLINE_CURVE_WITH_KNOTS('',3,(#1310,#1311,#1312,#1313,#1314,#1315,
#1316,#1317,#1318,#1319,#1320,#1321,#1322,#1323,#1324,#1325,#1326,#1327,
#1328,#1329),.UNSPECIFIED.,.F.,.F.,(4,1,1,1,1,1,1,1,1,1,1,1,1,1,1,1,1,4),
(1.39577234642833E-17,0.00131701250356983,0.00263402500713964,0.00526805001427927,
0.0079020750214189,0.0105361000285585,0.0158041500428378,0.021072200057117,
0.0263402500713963,0.0289742750785359,0.0316083000856756,0.0342423250928152,
0.0368763500999548,0.0381933626035246,0.0395103751070944,0.0408273876106642,
0.0414858938624492,0.0421444001142341),.UNSPECIFIED.);
#531=B_SPLINE_CURVE_WITH_KNOTS('',3,(#1331,#1332,#1333,#1334),
 .UNSPECIFIED.,.F.,.F.,(4,4),(0.,1.),.PIECEWISE_BEZIER_KNOTS.);
#532=B_SPLINE_CURVE_WITH_KNOTS('',3,(#1336,#1337,#1338,#1339,#1340,#1341,
#1342,#1343,#1344,#1345,#1346,#1347,#1348,#1349),.UNSPECIFIED.,.F.,.F.,
(4,1,1,1,1,1,1,1,1,1,1,4),(-5.99999999664005E-8,0.00105963796938994,0.00211933593877984,
0.00423873187755965,0.00635812781633945,0.00847752375511926,0.0127163156326789,
0.0169551075102385,0.0211938993877981,0.0254326912653577,0.0296714831429173,
0.0339102750204769),.UNSPECIFIED.);
#533=B_SPLINE_CURVE_WITH_KNOTS('',3,(#1351,#1352,#1353,#1354),
 .UNSPECIFIED.,.F.,.F.,(4,4),(0.000512332028347817,0.00639457947295595),
 .UNSPECIFIED.);
#534=B_SPLINE_CURVE_WITH_KNOTS('',3,(#1356,#1357,#1358,#1359),
 .UNSPECIFIED.,.F.,.F.,(4,4),(-5.99999999989582E-8,0.000638887375741142),
 .UNSPECIFIED.);
#535=B_SPLINE_CURVE_WITH_KNOTS('',3,(#1361,#1362,#1363,#1364),
 .UNSPECIFIED.,.F.,.F.,(4,4),(-1.06984979760715E-5,0.0034867164902241),
 .UNSPECIFIED.);
#536=B_SPLINE_CURVE_WITH_KNOTS('',3,(#1366,#1367,#1368,#1369),
 .UNSPECIFIED.,.F.,.F.,(4,4),(0.,0.00110027476312504),.UNSPECIFIED.);
#537=B_SPLINE_CURVE_WITH_KNOTS('',3,(#1371,#1372,#1373,#1374),
 .UNSPECIFIED.,.F.,.F.,(4,4),(0.00148992563308075,0.00963286651560933),
 .UNSPECIFIED.);
#538=B_SPLINE_CURVE_WITH_KNOTS('',3,(#1376,#1377,#1378,#1379),
 .UNSPECIFIED.,.F.,.F.,(4,4),(0.,0.00112397427972253),.UNSPECIFIED.);
#539=B_SPLINE_CURVE_WITH_KNOTS('',3,(#1381,#1382,#1383,#1384),
 .UNSPECIFIED.,.F.,.F.,(4,4),(0.,0.0035059139997122),.UNSPECIFIED.);
#540=B_SPLINE_CURVE_WITH_KNOTS('',3,(#1497,#1498,#1499,#1500,#1501,#1502,
#1503,#1504,#1505),.UNSPECIFIED.,.F.,.F.,(4,1,1,1,1,1,4),(8.14732377181308E-15,
0.00411549692567704,0.00823099385134594,0.0123464907770148,0.0164619877026837,
0.0246929815540215,0.0329239754053593),.UNSPECIFIED.);
#541=B_SPLINE_CURVE_WITH_KNOTS('',3,(#1507,#1508,#1509,#1510),
 .UNSPECIFIED.,.F.,.F.,(4,4),(0.000504658092525637,0.007010877273004),
 .UNSPECIFIED.);
#542=B_SPLINE_CURVE_WITH_KNOTS('',3,(#1512,#1513,#1514,#1515),
 .UNSPECIFIED.,.F.,.F.,(4,4),(-1.08926431744747E-5,0.00350002288443299),
 .UNSPECIFIED.);
#543=B_SPLINE_CURVE_WITH_KNOTS('',3,(#1517,#1518,#1519,#1520),
 .UNSPECIFIED.,.F.,.F.,(4,4),(0.,0.0011239742796981),.UNSPECIFIED.);
#544=B_SPLINE_CURVE_WITH_KNOTS('',3,(#1522,#1523,#1524,#1525),
 .UNSPECIFIED.,.F.,.F.,(4,4),(0.00148734673452228,0.00963044487390922),
 .UNSPECIFIED.);
#545=B_SPLINE_CURVE_WITH_KNOTS('',3,(#1527,#1528,#1529,#1530),
 .UNSPECIFIED.,.F.,.F.,(4,4),(0.,0.00110027476312704),.UNSPECIFIED.);
#546=B_SPLINE_CURVE_WITH_KNOTS('',3,(#1532,#1533,#1534,#1535),
 .UNSPECIFIED.,.F.,.F.,(4,4),(3.12731722069275E-18,0.00348155460378924),
 .UNSPECIFIED.);
#547=B_SPLINE_CURVE_WITH_KNOTS('',3,(#1537,#1538,#1539,#1540),
 .UNSPECIFIED.,.F.,.F.,(4,4),(0.000970785824931453,0.00160973320070116),
 .UNSPECIFIED.);
#548=B_SPLINE_CURVE_WITH_KNOTS('',3,(#1542,#1543,#1544,#1545),
 .UNSPECIFIED.,.F.,.F.,(4,4),(-5.9999999998498E-8,0.00588219162199946),
 .UNSPECIFIED.);
#549=B_SPLINE_CURVE_WITH_KNOTS('',3,(#1547,#1548,#1549,#1550,#1551,#1552,
#1553,#1554,#1555,#1556,#1557,#1558,#1559,#1560),.UNSPECIFIED.,.F.,.F.,
(4,1,1,1,1,1,1,1,1,1,1,4),(6.93889390390723E-18,0.00417620910965079,0.00835241821930157,
0.0125286273289523,0.0167048364386031,0.0208810455482539,0.0250572546579047,
0.0271453592127301,0.0292334637675555,0.0313215683223809,0.0323656205997936,
0.0334096728772063),.UNSPECIFIED.);
#550=B_SPLINE_CURVE_WITH_KNOTS('',3,(#1561,#1562,#1563,#1564,#1565,#1566,
#1567,#1568,#1569,#1570,#1571,#1572,#1573,#1574,#1575,#1576,#1577,#1578,
#1579,#1580),.UNSPECIFIED.,.F.,.F.,(4,1,1,1,1,1,1,1,1,1,1,1,1,1,1,1,1,4),
(-5.99999998765518E-8,0.000669186155314773,0.00133843231062942,0.00267692462125872,
0.00401541693188802,0.00535390924251732,0.00803089386377592,0.0107078784850345,
0.0133848631062931,0.0160618477275517,0.0214158169700689,0.0267697862125861,
0.0321237554551033,0.0348007400763619,0.0374777246976205,0.0401547093188791,
0.0414932016295084,0.0428316939401377),.UNSPECIFIED.);
#551=B_SPLINE_CURVE_WITH_KNOTS('',3,(#1585,#1586,#1587,#1588),
 .UNSPECIFIED.,.F.,.F.,(4,4),(0.,0.000990718693995831),.UNSPECIFIED.);
#552=B_SPLINE_CURVE_WITH_KNOTS('',3,(#1590,#1591,#1592,#1593,#1594,#1595),
 .UNSPECIFIED.,.F.,.F.,(4,1,1,4),(0.,0.0144426263235577,0.0216639394853366,
0.0288852526471154),.UNSPECIFIED.);
#553=B_SPLINE_CURVE_WITH_KNOTS('',3,(#1597,#1598,#1599,#1600,#1601,#1602),
 .UNSPECIFIED.,.F.,.F.,(4,1,1,4),(0.,0.00722131316177879,0.0144426263235576,
0.0288852526471152),.UNSPECIFIED.);
#554=B_SPLINE_CURVE_WITH_KNOTS('',3,(#1604,#1605,#1606,#1607),
 .UNSPECIFIED.,.F.,.F.,(4,4),(0.,0.000990718693995433),.UNSPECIFIED.);
#555=B_SPLINE_CURVE_WITH_KNOTS('',3,(#1609,#1610,#1611,#1612,#1613,#1614,
#1615,#1616,#1617,#1618,#1619,#1620,#1621,#1622,#1623,#1624,#1625,#1626,
#1627,#1628,#1629),.UNSPECIFIED.,.F.,.F.,(4,1,1,1,1,1,1,1,1,1,1,1,1,1,1,
1,1,1,4),(0.,0.000294532826967373,0.000589065653934746,0.00117813130786949,
0.00176719696180424,0.00235626261573899,0.00353439392360848,0.00471252523147797,
0.00589065653934746,0.00706878784721696,0.00942505046295594,0.0117813130786949,
0.0141375756944339,0.0164938383101729,0.0188501009259119,0.0235626261573899,
0.0282751513888678,0.0329876766203458,0.0377002018518238),.UNSPECIFIED.);
#556=B_SPLINE_CURVE_WITH_KNOTS('',3,(#1632,#1633,#1634,#1635,#1636,#1637,
#1638,#1639,#1640,#1641,#1642,#1643,#1644,#1645,#1646,#1647,#1648,#1649,
#1650,#1651,#1652),.UNSPECIFIED.,.F.,.F.,(4,1,1,1,1,1,1,1,1,1,1,1,1,1,1,
1,1,1,4),(6.27664904790016E-20,0.00462824152148547,0.00925648304297093,
0.0138847245644564,0.0185129660859419,0.0208270868466846,0.0231412076074273,
0.0254553283681701,0.0277694491289128,0.0300835698896555,0.0312406302700269,
0.0323976906503983,0.0335547510307696,0.034711811411141,0.0352903416013267,
0.0358688717915124,0.036447401981698,0.0367366670767909,0.0370259321718837),
 .UNSPECIFIED.);
#557=B_SPLINE_CURVE_WITH_KNOTS('',3,(#1654,#1655,#1656,#1657),
 .UNSPECIFIED.,.F.,.F.,(4,4),(0.00149629340326721,0.00966634582460636),
 .UNSPECIFIED.);
#558=B_SPLINE_CURVE_WITH_KNOTS('',3,(#1665,#1666,#1667,#1668,#1669),
 .UNSPECIFIED.,.F.,.F.,(4,1,4),(0.,0.00123232557505004,0.00246465115010008),
 .UNSPECIFIED.);
#559=B_SPLINE_CURVE_WITH_KNOTS('',3,(#1671,#1672,#1673,#1674),
 .UNSPECIFIED.,.F.,.F.,(4,4),(0.000500018639864423,0.00700028088772765),
 .UNSPECIFIED.);
#560=B_SPLINE_CURVE_WITH_KNOTS('',3,(#1678,#1679,#1680,#1681),
 .UNSPECIFIED.,.F.,.F.,(4,4),(0.00100040534100426,0.0075024318184093),
 .UNSPECIFIED.);
#561=B_SPLINE_CURVE_WITH_KNOTS('',3,(#1683,#1684,#1685,#1686,#1687),
 .UNSPECIFIED.,.F.,.F.,(4,1,4),(0.,0.00123268740203868,0.00246537480407735),
 .UNSPECIFIED.);
#562=B_SPLINE_CURVE_WITH_KNOTS('',3,(#1691,#1692,#1693,#1694,#1695),
 .UNSPECIFIED.,.F.,.F.,(4,1,4),(0.,0.00123268740203876,0.00246537480407753),
 .UNSPECIFIED.);
#563=B_SPLINE_CURVE_WITH_KNOTS('',3,(#1697,#1698,#1699,#1700),
 .UNSPECIFIED.,.F.,.F.,(4,4),(0.00050012959520984,0.00700215985194684),
 .UNSPECIFIED.);
#564=B_SPLINE_CURVE_WITH_KNOTS('',3,(#1704,#1705,#1706,#1707),
 .UNSPECIFIED.,.F.,.F.,(4,4),(0.0010000440842009,0.00750030630617237),
 .UNSPECIFIED.);
#565=B_SPLINE_CURVE_WITH_KNOTS('',3,(#1709,#1710,#1711,#1712,#1713),
 .UNSPECIFIED.,.F.,.F.,(4,1,4),(4.33680868994202E-19,0.00123232557504989,
0.00246465115009978),.UNSPECIFIED.);
#566=B_SPLINE_CURVE_WITH_KNOTS('',3,(#1717,#1718,#1719,#1720),
 .UNSPECIFIED.,.F.,.F.,(4,4),(0.00149114684882625,0.00966135769266674),
 .UNSPECIFIED.);
#567=B_SPLINE_CURVE_WITH_KNOTS('',3,(#1737,#1738,#1739,#1740),
 .UNSPECIFIED.,.F.,.F.,(4,4),(3.12731722069275E-18,0.00306821324677759),
 .UNSPECIFIED.);
#568=B_SPLINE_CURVE_WITH_KNOTS('',3,(#1741,#1742,#1743,#1744),
 .UNSPECIFIED.,.F.,.F.,(4,4),(6.93889390390723E-18,0.00309450991142247),
 .UNSPECIFIED.);
#569=B_SPLINE_CURVE_WITH_KNOTS('',3,(#1757,#1758,#1759,#1760),
 .UNSPECIFIED.,.F.,.F.,(4,4),(2.4532694666934E-18,0.00308596587968712),
 .UNSPECIFIED.);
#570=B_SPLINE_CURVE_WITH_KNOTS('',3,(#1761,#1762,#1763,#1764),
 .UNSPECIFIED.,.F.,.F.,(4,4),(6.9928938926747E-18,0.00313551356267659),
 .UNSPECIFIED.);
#571=B_SPLINE_CURVE_WITH_KNOTS('',3,(#1777,#1778,#1779,#1780),
 .UNSPECIFIED.,.F.,.F.,(4,4),(4.42269442734662E-18,0.00302108459686864),
 .UNSPECIFIED.);
#572=B_SPLINE_CURVE_WITH_KNOTS('',3,(#1781,#1782,#1783,#1784),
 .UNSPECIFIED.,.F.,.F.,(4,4),(7.7898404271829E-16,0.00309648430708806),
 .UNSPECIFIED.);
#573=B_SPLINE_CURVE_WITH_KNOTS('',3,(#1797,#1798,#1799,#1800),
 .UNSPECIFIED.,.F.,.F.,(4,4),(0.,0.00303844829404417),.UNSPECIFIED.);
#574=B_SPLINE_CURVE_WITH_KNOTS('',3,(#1801,#1802,#1803,#1804),
 .UNSPECIFIED.,.F.,.F.,(4,4),(1.2266347333467E-18,0.00314344201797561),
 .UNSPECIFIED.);
#575=B_SPLINE_CURVE_WITH_KNOTS('',3,(#1822,#1823,#1824,#1825,#1826),
 .UNSPECIFIED.,.F.,.F.,(4,1,4),(0.,0.00173814863799588,0.00347629727599176),
 .UNSPECIFIED.);
#576=B_SPLINE_CURVE_WITH_KNOTS('',3,(#1856,#1857,#1858,#1859,#1860),
 .UNSPECIFIED.,.F.,.F.,(4,1,4),(4.75073589413134E-18,0.00171994275227694,
0.00343988550455387),.UNSPECIFIED.);
#577=B_SPLINE_CURVE_WITH_KNOTS('',3,(#1888,#1889,#1890,#1891),
 .UNSPECIFIED.,.F.,.F.,(4,4),(8.97613821696762E-15,0.000895834621276269),
 .UNSPECIFIED.);
#578=B_SPLINE_CURVE_WITH_KNOTS('',3,(#1904,#1905,#1906,#1907),
 .UNSPECIFIED.,.F.,.F.,(4,4),(0.,0.000879697403673174),.UNSPECIFIED.);
#579=B_SPLINE_CURVE_WITH_KNOTS('',3,(#1942,#1943,#1944,#1945,#1946),
 .UNSPECIFIED.,.F.,.F.,(4,1,4),(3.62704503551541E-16,0.00171994275227721,
0.00343988550455405),.UNSPECIFIED.);
#580=B_SPLINE_CURVE_WITH_KNOTS('',3,(#1986,#1987,#1988,#1989),
 .UNSPECIFIED.,.F.,.F.,(4,4),(1.60142790134666E-16,0.000879697403670979),
 .UNSPECIFIED.);
#581=B_SPLINE_CURVE_WITH_KNOTS('',3,(#2002,#2003,#2004,#2005),
 .UNSPECIFIED.,.F.,.F.,(4,4),(0.,0.000895834621299048),.UNSPECIFIED.);
#582=B_SPLINE_CURVE_WITH_KNOTS('',3,(#2025,#2026,#2027,#2028,#2029),
 .UNSPECIFIED.,.F.,.F.,(4,1,4),(2.74283864732555E-18,0.00173482737925956,
0.00346965475851912),.UNSPECIFIED.);
#583=B_SPLINE_CURVE_WITH_KNOTS('',3,(#2057,#2058,#2059,#2060,#2061),
 .UNSPECIFIED.,.F.,.F.,(4,1,4),(0.,0.00119779547857157,0.00239559095714313),
 .UNSPECIFIED.);
#584=B_SPLINE_CURVE_WITH_KNOTS('',3,(#2215,#2216,#2217,#2218,#2219),
 .UNSPECIFIED.,.F.,.F.,(4,1,4),(0.,0.00119779547857157,0.00239559095714314),
 .UNSPECIFIED.);
#585=B_SPLINE_CURVE_WITH_KNOTS('',3,(#2319,#2320,#2321,#2322,#2323,#2324,
#2325,#2326,#2327,#2328,#2329,#2330,#2331,#2332,#2333),.UNSPECIFIED.,.F.,
 .F.,(4,1,1,1,1,1,1,1,1,1,1,1,4),(0.,6.99711591355592E-5,0.000139942318271118,
0.000279884636542237,0.000419826954813355,0.000559769273084474,0.00083965390962671,
0.00111953854616895,0.00167930781925342,0.00223907709233789,0.00279884636542237,
0.00335861563850684,0.00447815418467579),.UNSPECIFIED.);
#586=B_SPLINE_CURVE_WITH_KNOTS('',3,(#2438,#2439,#2440,#2441,#2442),
 .UNSPECIFIED.,.F.,.F.,(4,1,4),(3.027956406709E-20,0.00119740208438755,
0.0023948041687751),.UNSPECIFIED.);
#587=B_SPLINE_CURVE_WITH_KNOTS('',3,(#2488,#2489,#2490,#2491,#2492,#2493,
#2494,#2495,#2496,#2497,#2498,#2499,#2500),.UNSPECIFIED.,.F.,.F.,(4,1,1,
1,1,1,1,1,1,1,4),(0.,0.0001297725272647,0.000259545054529399,0.000519090109058799,
0.000778635163588198,0.0010381802181176,0.0015572703271764,0.00207636043623519,
0.00259545054529399,0.00311454065435279,0.00415272087247039),
 .UNSPECIFIED.);
#588=B_SPLINE_CURVE_WITH_KNOTS('',3,(#2516,#2517,#2518,#2519,#2520),
 .UNSPECIFIED.,.F.,.F.,(4,1,4),(0.,0.00119740208438707,0.00239480416877415),
 .UNSPECIFIED.);
#589=EDGE_LOOP('',(#128));
#590=EDGE_LOOP('',(#129));
#591=EDGE_LOOP('',(#130));
#592=EDGE_LOOP('',(#131));
#593=EDGE_LOOP('',(#132));
#594=EDGE_LOOP('',(#133));
#595=EDGE_LOOP('',(#134));
#596=EDGE_LOOP('',(#135));
#597=EDGE_LOOP('',(#136));
#598=EDGE_LOOP('',(#137));
#599=EDGE_LOOP('',(#138));
#600=EDGE_LOOP('',(#139));
#601=EDGE_LOOP('',(#140));
#602=EDGE_LOOP('',(#141));
#603=EDGE_LOOP('',(#142));
#604=EDGE_LOOP('',(#143));
#605=EDGE_LOOP('',(#144));
#606=EDGE_LOOP('',(#145));
#607=EDGE_LOOP('',(#146));
#608=EDGE_LOOP('',(#147));
#609=EDGE_LOOP('',(#148));
#610=EDGE_LOOP('',(#149));
#611=EDGE_LOOP('',(#150,#151,#152,#153,#154));
#612=EDGE_LOOP('',(#155,#156,#157,#158,#159,#160,#161,#162,#163,#164,#165,
#166,#167));
#613=EDGE_LOOP('',(#168,#169,#170,#171,#172,#173,#174,#175,#176,#177,#178,
#179,#180));
#614=EDGE_LOOP('',(#181,#182,#183,#184,#185));
#615=EDGE_LOOP('',(#186,#187));
#616=EDGE_LOOP('',(#188,#189));
#617=EDGE_LOOP('',(#190,#191,#192,#193,#194,#195,#196,#197,#198,#199,#200,
#201));
#618=EDGE_LOOP('',(#202));
#619=EDGE_LOOP('',(#203,#204));
#620=EDGE_LOOP('',(#205));
#621=EDGE_LOOP('',(#206,#207,#208,#209,#210));
#622=EDGE_LOOP('',(#211,#212,#213,#214));
#623=EDGE_LOOP('',(#215,#216,#217,#218,#219));
#624=EDGE_LOOP('',(#220,#221,#222,#223));
#625=EDGE_LOOP('',(#224,#225,#226));
#626=EDGE_LOOP('',(#227,#228,#229,#230));
#627=EDGE_LOOP('',(#231,#232,#233));
#628=EDGE_LOOP('',(#234,#235,#236));
#629=EDGE_LOOP('',(#237,#238,#239,#240));
#630=EDGE_LOOP('',(#241,#242,#243,#244));
#631=EDGE_LOOP('',(#245,#246,#247));
#632=EDGE_LOOP('',(#248,#249,#250,#251,#252,#253));
#633=EDGE_LOOP('',(#254,#255,#256));
#634=EDGE_LOOP('',(#257,#258,#259,#260));
#635=EDGE_LOOP('',(#261,#262,#263));
#636=EDGE_LOOP('',(#264,#265,#266,#267));
#637=EDGE_LOOP('',(#268,#269,#270,#271));
#638=EDGE_LOOP('',(#272,#273,#274,#275,#276,#277));
#639=EDGE_LOOP('',(#278,#279,#280));
#640=EDGE_LOOP('',(#281,#282,#283));
#641=EDGE_LOOP('',(#284,#285,#286,#287));
#642=EDGE_LOOP('',(#288,#289,#290));
#643=EDGE_LOOP('',(#291,#292,#293,#294));
#644=EDGE_LOOP('',(#295,#296,#297,#298));
#645=EDGE_LOOP('',(#299,#300,#301,#302));
#646=EDGE_LOOP('',(#303,#304,#305));
#647=EDGE_LOOP('',(#306,#307,#308,#309));
#648=EDGE_LOOP('',(#310,#311,#312,#313));
#649=EDGE_LOOP('',(#314,#315,#316,#317));
#650=EDGE_LOOP('',(#318,#319,#320));
#651=EDGE_LOOP('',(#321,#322,#323,#324));
#652=EDGE_LOOP('',(#325,#326,#327,#328));
#653=EDGE_LOOP('',(#329,#330,#331,#332));
#654=EDGE_LOOP('',(#333,#334,#335));
#655=EDGE_LOOP('',(#336,#337,#338,#339));
#656=EDGE_LOOP('',(#340,#341,#342,#343));
#657=FACE_BOUND('',#589,.T.);
#658=FACE_BOUND('',#590,.T.);
#659=FACE_BOUND('',#591,.T.);
#660=FACE_BOUND('',#592,.T.);
#661=FACE_BOUND('',#593,.T.);
#662=FACE_BOUND('',#594,.T.);
#663=FACE_BOUND('',#595,.T.);
#664=FACE_BOUND('',#596,.T.);
#665=FACE_BOUND('',#597,.T.);
#666=FACE_BOUND('',#598,.T.);
#667=FACE_BOUND('',#599,.T.);
#668=FACE_BOUND('',#600,.T.);
#669=FACE_BOUND('',#601,.T.);
#670=FACE_BOUND('',#602,.T.);
#671=FACE_BOUND('',#603,.T.);
#672=FACE_BOUND('',#604,.T.);
#673=FACE_BOUND('',#605,.T.);
#674=FACE_BOUND('',#606,.T.);
#675=FACE_BOUND('',#607,.T.);
#676=FACE_BOUND('',#608,.T.);
#677=FACE_BOUND('',#609,.T.);
#678=FACE_BOUND('',#72,.T.);
#679=FACE_BOUND('',#610,.T.);
#680=FACE_BOUND('',#611,.T.);
#681=FACE_BOUND('',#612,.T.);
#682=FACE_BOUND('',#613,.T.);
#683=FACE_BOUND('',#614,.T.);
#684=FACE_BOUND('',#615,.T.);
#685=FACE_BOUND('',#616,.T.);
#686=FACE_BOUND('',#617,.T.);
#687=FACE_BOUND('',#618,.T.);
#688=FACE_BOUND('',#619,.T.);
#689=FACE_BOUND('',#620,.T.);
#690=FACE_BOUND('',#621,.T.);
#691=FACE_BOUND('',#622,.T.);
#692=FACE_BOUND('',#623,.T.);
#693=FACE_BOUND('',#624,.T.);
#694=FACE_BOUND('',#625,.T.);
#695=FACE_BOUND('',#626,.T.);
#696=FACE_BOUND('',#627,.T.);
#697=FACE_BOUND('',#628,.T.);
#698=FACE_BOUND('',#629,.T.);
#699=FACE_BOUND('',#630,.T.);
#700=FACE_BOUND('',#631,.T.);
#701=FACE_BOUND('',#632,.T.);
#702=FACE_BOUND('',#633,.T.);
#703=FACE_BOUND('',#634,.T.);
#704=FACE_BOUND('',#635,.T.);
#705=FACE_BOUND('',#636,.T.);
#706=FACE_BOUND('',#637,.T.);
#707=FACE_BOUND('',#638,.T.);
#708=FACE_BOUND('',#639,.T.);
#709=FACE_BOUND('',#640,.T.);
#710=FACE_BOUND('',#641,.T.);
#711=FACE_BOUND('',#642,.T.);
#712=FACE_BOUND('',#643,.T.);
#713=FACE_BOUND('',#644,.T.);
#714=FACE_BOUND('',#645,.T.);
#715=FACE_BOUND('',#646,.T.);
#716=FACE_BOUND('',#647,.T.);
#717=FACE_BOUND('',#648,.T.);
#718=FACE_BOUND('',#649,.T.);
#719=FACE_BOUND('',#650,.T.);
#720=FACE_BOUND('',#651,.T.);
#721=FACE_BOUND('',#652,.T.);
#722=FACE_BOUND('',#653,.T.);
#723=FACE_BOUND('',#654,.T.);
#724=FACE_BOUND('',#655,.T.);
#725=FACE_BOUND('',#656,.T.);
#726=CYLINDRICAL_SURFACE('',#816,42.);
#727=CYLINDRICAL_SURFACE('',#823,7.5);
#728=CYLINDRICAL_SURFACE('',#826,7.5);
#729=CYLINDRICAL_SURFACE('',#829,7.5);
#730=CYLINDRICAL_SURFACE('',#832,7.5);
#731=CYLINDRICAL_SURFACE('',#844,7.5);
#732=ADVANCED_FACE('',(#657,#658,#659,#660,#661,#662),#726,.T.);
#733=ADVANCED_FACE('',(#663),#79,.T.);
#734=ADVANCED_FACE('',(#664),#80,.F.);
#735=ADVANCED_FACE('',(#665,#666),#727,.F.);
#736=ADVANCED_FACE('',(#667),#81,.F.);
#737=ADVANCED_FACE('',(#668,#669),#728,.F.);
#738=ADVANCED_FACE('',(#670),#82,.F.);
#739=ADVANCED_FACE('',(#671,#672),#729,.F.);
#740=ADVANCED_FACE('',(#673),#83,.F.);
#741=ADVANCED_FACE('',(#674,#675),#730,.F.);
#742=ADVANCED_FACE('',(#676,#677),#74,.T.);
#743=ADVANCED_FACE('',(#678,#679),#73,.F.);
#744=ADVANCED_FACE('',(#680),#84,.T.);
#745=ADVANCED_FACE('',(#681),#42,.T.);
#746=ADVANCED_FACE('',(#682),#43,.T.);
#747=ADVANCED_FACE('',(#683),#85,.T.);
#748=ADVANCED_FACE('',(#684),#86,.F.);
#749=ADVANCED_FACE('',(#685),#87,.T.);
#750=ADVANCED_FACE('',(#686,#687),#731,.T.);
#751=ADVANCED_FACE('',(#688),#88,.T.);
#752=ADVANCED_FACE('',(#689),#89,.F.);
#753=ADVANCED_FACE('',(#690),#10,.F.);
#754=ADVANCED_FACE('',(#691),#11,.F.);
#755=ADVANCED_FACE('',(#692),#12,.F.);
#756=ADVANCED_FACE('',(#693),#13,.F.);
#757=ADVANCED_FACE('',(#694),#14,.F.);
#758=ADVANCED_FACE('',(#695),#15,.F.);
#759=ADVANCED_FACE('',(#696),#16,.F.);
#760=ADVANCED_FACE('',(#697),#17,.T.);
#761=ADVANCED_FACE('',(#698),#18,.F.);
#762=ADVANCED_FACE('',(#699),#19,.F.);
#763=ADVANCED_FACE('',(#700),#20,.T.);
#764=ADVANCED_FACE('',(#701),#75,.T.);
#765=ADVANCED_FACE('',(#702),#21,.F.);
#766=ADVANCED_FACE('',(#703),#22,.F.);
#767=ADVANCED_FACE('',(#704),#23,.T.);
#768=ADVANCED_FACE('',(#705),#24,.F.);
#769=ADVANCED_FACE('',(#706),#25,.F.);
#770=ADVANCED_FACE('',(#707),#76,.T.);
#771=ADVANCED_FACE('',(#708),#26,.F.);
#772=ADVANCED_FACE('',(#709),#27,.T.);
#773=ADVANCED_FACE('',(#710),#28,.T.);
#774=ADVANCED_FACE('',(#711),#29,.F.);
#775=ADVANCED_FACE('',(#712),#30,.T.);
#776=ADVANCED_FACE('',(#713),#77,.F.);
#777=ADVANCED_FACE('',(#714),#31,.T.);
#778=ADVANCED_FACE('',(#715),#32,.F.);
#779=ADVANCED_FACE('',(#716),#33,.T.);
#780=ADVANCED_FACE('',(#717),#34,.T.);
#781=ADVANCED_FACE('',(#718),#35,.T.);
#782=ADVANCED_FACE('',(#719),#36,.F.);
#783=ADVANCED_FACE('',(#720),#37,.T.);
#784=ADVANCED_FACE('',(#721),#78,.F.);
#785=ADVANCED_FACE('',(#722),#38,.T.);
#786=ADVANCED_FACE('',(#723),#39,.F.);
#787=ADVANCED_FACE('',(#724),#40,.T.);
#788=ADVANCED_FACE('',(#725),#41,.T.);
#789=CLOSED_SHELL('',(#732,#733,#734,#735,#736,#737,#738,#739,#740,#741,
#742,#743));
#790=CLOSED_SHELL('',(#744,#745,#746,#747,#748,#749,#750,#751,#752,#753,
#754,#755,#756,#757,#758,#759,#760,#761,#762,#763,#764,#765,#766,#767,#768,
#769,#770,#771,#772,#773,#774,#775,#776,#777,#778,#779,#780,#781,#782,#783,
#784,#785,#786,#787,#788));
#791=STYLED_ITEM('',(#793),#807);
#792=STYLED_ITEM('',(#794),#808);
#793=PRESENTATION_STYLE_ASSIGNMENT((#795));
#794=PRESENTATION_STYLE_ASSIGNMENT((#796));
#795=SURFACE_STYLE_USAGE(.BOTH.,#797);
#796=SURFACE_STYLE_USAGE(.BOTH.,#798);
#797=SURFACE_SIDE_STYLE('',(#799));
#798=SURFACE_SIDE_STYLE('',(#800));
#799=SURFACE_STYLE_FILL_AREA(#801);
#800=SURFACE_STYLE_FILL_AREA(#802);
#801=FILL_AREA_STYLE('',(#803));
#802=FILL_AREA_STYLE('',(#804));
#803=FILL_AREA_STYLE_COLOUR('',#805);
#804=FILL_AREA_STYLE_COLOUR('',#806);
#805=COLOUR_RGB('',0.200000002980232,0.200000002980232,0.200000002980232);
#806=COLOUR_RGB('',0.800000011920929,0.,0.);
#807=MANIFOLD_SOLID_BREP('',#789);
#808=MANIFOLD_SOLID_BREP('',#790);
#809=SHAPE_DEFINITION_REPRESENTATION(#2580,#812);
#810=SHAPE_DEFINITION_REPRESENTATION(#2579,#813);
#811=SHAPE_DEFINITION_REPRESENTATION(#2582,#814);
#812=SHAPE_REPRESENTATION('body',(#815),#2571);
#813=SHAPE_REPRESENTATION('albert_simplified_body',(#815,#836,#880,#881,
#882,#883),#2570);
#814=SHAPE_REPRESENTATION('fin',(#815),#2572);
#815=AXIS2_PLACEMENT_3D('',#1022,#884,#885);
#816=AXIS2_PLACEMENT_3D('',#1023,#886,#887);
#817=AXIS2_PLACEMENT_3D('',#1104,#888,#889);
#818=AXIS2_PLACEMENT_3D('',#1106,#890,#891);
#819=AXIS2_PLACEMENT_3D('',#1108,#892,#893);
#820=AXIS2_PLACEMENT_3D('',#1109,#894,#895);
#821=AXIS2_PLACEMENT_3D('',#1111,#896,#897);
#822=AXIS2_PLACEMENT_3D('',#1112,#898,#899);
#823=AXIS2_PLACEMENT_3D('',#1114,#900,#901);
#824=AXIS2_PLACEMENT_3D('',#1115,#902,#903);
#825=AXIS2_PLACEMENT_3D('',#1116,#904,#905);
#826=AXIS2_PLACEMENT_3D('',#1118,#906,#907);
#827=AXIS2_PLACEMENT_3D('',#1119,#908,#909);
#828=AXIS2_PLACEMENT_3D('',#1120,#910,#911);
#829=AXIS2_PLACEMENT_3D('',#1122,#912,#913);
#830=AXIS2_PLACEMENT_3D('',#1123,#914,#915);
#831=AXIS2_PLACEMENT_3D('',#1124,#916,#917);
#832=AXIS2_PLACEMENT_3D('',#1126,#918,#919);
#833=AXIS2_PLACEMENT_3D('',#1127,#920,#921);
#834=AXIS2_PLACEMENT_3D('',#1128,#922,#923);
#835=AXIS2_PLACEMENT_3D('Base',#1130,#924,#925);
#836=AXIS2_PLACEMENT_3D('',#1131,#926,#927);
#837=AXIS2_PLACEMENT_3D('',#1132,#928,#929);
#838=AXIS2_PLACEMENT_3D('',#1155,#930,#931);
#839=AXIS2_PLACEMENT_3D('',#1581,#932,#933);
#840=AXIS2_PLACEMENT_3D('',#1582,#934,#935);
#841=AXIS2_PLACEMENT_3D('',#1608,#936,#937);
#842=AXIS2_PLACEMENT_3D('',#1653,#938,#939);
#843=AXIS2_PLACEMENT_3D('',#1660,#940,#941);
#844=AXIS2_PLACEMENT_3D('',#1661,#942,#943);
#845=AXIS2_PLACEMENT_3D('',#1662,#944,#945);
#846=AXIS2_PLACEMENT_3D('',#1676,#946,#947);
#847=AXIS2_PLACEMENT_3D('',#1689,#948,#949);
#848=AXIS2_PLACEMENT_3D('',#1702,#950,#951);
#849=AXIS2_PLACEMENT_3D('',#1714,#952,#953);
#850=AXIS2_PLACEMENT_3D('',#1716,#954,#955);
#851=AXIS2_PLACEMENT_3D('',#1723,#956,#957);
#852=AXIS2_PLACEMENT_3D('',#1724,#958,#959);
#853=AXIS2_PLACEMENT_3D('',#1820,#960,#961);
#854=AXIS2_PLACEMENT_3D('',#1839,#962,#963);
#855=AXIS2_PLACEMENT_3D('',#1840,#964,#965);
#856=AXIS2_PLACEMENT_3D('',#1862,#966,#967);
#857=AXIS2_PLACEMENT_3D('',#1875,#968,#969);
#858=AXIS2_PLACEMENT_3D('',#1923,#970,#971);
#859=AXIS2_PLACEMENT_3D('',#1924,#972,#973);
#860=AXIS2_PLACEMENT_3D('',#1940,#974,#975);
#861=AXIS2_PLACEMENT_3D('',#1959,#976,#977);
#862=AXIS2_PLACEMENT_3D('',#1960,#978,#979);
#863=AXIS2_PLACEMENT_3D('',#1973,#980,#981);
#864=AXIS2_PLACEMENT_3D('',#2007,#982,#983);
#865=AXIS2_PLACEMENT_3D('',#2008,#984,#985);
#866=AXIS2_PLACEMENT_3D('',#2009,#986,#987);
#867=AXIS2_PLACEMENT_3D('',#2062,#988,#989);
#868=AXIS2_PLACEMENT_3D('',#2078,#990,#991);
#869=AXIS2_PLACEMENT_3D('',#2139,#992,#993);
#870=AXIS2_PLACEMENT_3D('',#2140,#994,#995);
#871=AXIS2_PLACEMENT_3D('',#2141,#996,#997);
#872=AXIS2_PLACEMENT_3D('',#2199,#998,#999);
#873=AXIS2_PLACEMENT_3D('',#2334,#1000,#1001);
#874=AXIS2_PLACEMENT_3D('',#2437,#1002,#1003);
#875=AXIS2_PLACEMENT_3D('',#2455,#1004,#1005);
#876=AXIS2_PLACEMENT_3D('',#2456,#1006,#1007);
#877=AXIS2_PLACEMENT_3D('',#2457,#1008,#1009);
#878=AXIS2_PLACEMENT_3D('',#2551,#1010,#1011);
#879=AXIS2_PLACEMENT_3D('Base',#2564,#1012,#1013);
#880=AXIS2_PLACEMENT_3D('',#2565,#1014,#1015);
#881=AXIS2_PLACEMENT_3D('',#2566,#1016,#1017);
#882=AXIS2_PLACEMENT_3D('',#2567,#1018,#1019);
#883=AXIS2_PLACEMENT_3D('',#2568,#1020,#1021);
#884=DIRECTION('',(0.,0.,1.));
#885=DIRECTION('',(1.,0.,0.));
#886=DIRECTION('',(-1.,0.,0.));
#887=DIRECTION('',(0.,0.,1.));
#888=DIRECTION('',(-1.,6.12303176911189E-17,0.));
#889=DIRECTION('',(-6.12303176911189E-17,-1.,0.));
#890=DIRECTION('',(-1.,0.,0.));
#891=DIRECTION('',(0.,0.,1.));
#892=DIRECTION('',(-1.,6.12303176911189E-17,0.));
#893=DIRECTION('',(-6.12303176911189E-17,-1.,0.));
#894=DIRECTION('',(-1.,6.12303176911189E-17,0.));
#895=DIRECTION('',(-6.12303176911189E-17,-1.,0.));
#896=DIRECTION('',(0.,-1.,0.));
#897=DIRECTION('',(0.,0.,-1.));
#898=DIRECTION('',(0.,1.,0.));
#899=DIRECTION('',(0.,0.,1.));
#900=DIRECTION('',(0.,-1.,0.));
#901=DIRECTION('',(0.,0.,1.));
#902=DIRECTION('',(0.,-6.12323399573677E-17,-1.));
#903=DIRECTION('',(0.,1.,-6.12323399573677E-17));
#904=DIRECTION('',(0.,6.12323399573677E-17,1.));
#905=DIRECTION('',(0.,-1.,6.12323399573677E-17));
#906=DIRECTION('',(0.,-6.12323399573677E-17,-1.));
#907=DIRECTION('',(0.,-1.,6.12323399573677E-17));
#908=DIRECTION('',(0.,1.,-1.22464679914735E-16));
#909=DIRECTION('',(0.,1.22464679914735E-16,1.));
#910=DIRECTION('',(0.,-1.,1.22464679914735E-16));
#911=DIRECTION('',(0.,-1.22464679914735E-16,-1.));
#912=DIRECTION('',(0.,1.,-1.22464679914735E-16));
#913=DIRECTION('',(0.,-1.22464679914735E-16,-1.));
#914=DIRECTION('',(0.,1.83697019872103E-16,1.));
#915=DIRECTION('',(0.,-1.,1.83697019872103E-16));
#916=DIRECTION('',(0.,-1.83697019872103E-16,-1.));
#917=DIRECTION('',(0.,1.,-1.83697019872103E-16));
#918=DIRECTION('',(0.,1.83697019872103E-16,1.));
#919=DIRECTION('',(0.,1.,-1.83697019872103E-16));
#920=DIRECTION('',(-1.,6.12303176911189E-17,0.));
#921=DIRECTION('',(-6.12303176911189E-17,-1.,0.));
#922=DIRECTION('',(-1.,0.,0.));
#923=DIRECTION('',(0.,0.,1.));
#924=DIRECTION('',(0.,0.,1.));
#925=DIRECTION('',(1.,0.,0.));
#926=DIRECTION('',(0.,0.,1.));
#927=DIRECTION('',(1.,0.,0.));
#928=DIRECTION('',(0.,0.,-1.));
#929=DIRECTION('',(-1.,0.,0.));
#930=DIRECTION('',(0.,0.,-1.));
#931=DIRECTION('',(-1.,0.,0.));
#932=DIRECTION('',(0.,0.,-1.));
#933=DIRECTION('',(-1.,0.,0.));
#934=DIRECTION('',(0.,0.,-1.));
#935=DIRECTION('',(-1.,0.,0.));
#936=DIRECTION('',(-1.58563022654139E-13,-6.90075019512166E-14,-1.));
#937=DIRECTION('',(-1.,0.,1.58563022654139E-13));
#938=DIRECTION('',(0.,0.,1.));
#939=DIRECTION('',(1.,0.,0.));
#940=DIRECTION('',(0.,0.,1.));
#941=DIRECTION('',(1.,0.,0.));
#942=DIRECTION('',(0.,0.,-1.));
#943=DIRECTION('',(-1.,0.,0.));
#944=DIRECTION('',(0.,0.,-1.));
#945=DIRECTION('',(-1.,0.,0.));
#946=DIRECTION('',(0.,0.,1.));
#947=DIRECTION('',(1.,0.,0.));
#948=DIRECTION('',(0.,0.,-1.));
#949=DIRECTION('',(-1.,0.,0.));
#950=DIRECTION('',(0.,0.,1.));
#951=DIRECTION('',(1.,0.,0.));
#952=DIRECTION('',(0.,0.,1.));
#953=DIRECTION('',(1.,0.,0.));
#954=DIRECTION('',(0.,0.,1.));
#955=DIRECTION('',(1.,0.,0.));
#956=DIRECTION('',(0.,0.,1.));
#957=DIRECTION('',(1.,0.,0.));
#958=DIRECTION('',(0.,0.,1.));
#959=DIRECTION('',(1.,0.,0.));
#960=DIRECTION('',(-0.959597468437447,0.0637540063222037,0.274058616442379));
#961=DIRECTION('',(0.274617285755241,0.,0.961553610759392));
#962=DIRECTION('',(-0.997761079870923,0.0668792007638393,0.));
#963=DIRECTION('',(-0.0668792007638393,-0.997761079870923,0.));
#964=DIRECTION('',(0.999207846924223,-0.0397954601061183,6.93339723775877E-15));
#965=DIRECTION('',(0.0397954601061183,0.999207846924223,0.));
#966=DIRECTION('',(0.962861076056927,-0.0407838075339069,0.266899286731032));
#967=DIRECTION('',(0.267121533341353,0.,-0.96366284893907));
#968=DIRECTION('',(-0.655819803581526,0.754917469151621,0.));
#969=DIRECTION('',(-0.754917469151621,-0.655819803581526,0.));
#970=DIRECTION('',(0.735350259779614,0.677687240135192,3.52679989449888E-15));
#971=DIRECTION('',(-0.677687240135192,0.735350259779614,0.));
#972=DIRECTION('',(0.,0.,1.));
#973=DIRECTION('',(1.,0.,0.));
#974=DIRECTION('',(0.9628610760571,0.0407838075340957,0.266899286730379));
#975=DIRECTION('',(0.267121533340702,0.,-0.96366284893925));
#976=DIRECTION('',(0.999207846924234,0.0397954601058546,0.));
#977=DIRECTION('',(-0.0397954601058546,0.999207846924234,0.));
#978=DIRECTION('',(-0.997761079870866,-0.0668792007646924,6.92335827467184E-15));
#979=DIRECTION('',(0.0668792007646924,-0.997761079870866,0.));
#980=DIRECTION('',(0.735350259779659,-0.677687240135144,0.));
#981=DIRECTION('',(0.677687240135144,0.735350259779659,0.));
#982=DIRECTION('',(-0.959597468436785,-0.0637540063235982,0.274058616444375));
#983=DIRECTION('',(0.274617285757266,0.,0.961553610758814));
#984=DIRECTION('',(0.,0.,1.));
#985=DIRECTION('',(1.,0.,0.));
#986=DIRECTION('',(0.65581980358096,0.754917469152112,0.));
#987=DIRECTION('',(-0.754917469152112,0.65581980358096,0.));
#988=DIRECTION('',(-0.999298763902788,-0.03744302955637,0.));
#989=DIRECTION('',(0.03744302955637,-0.999298763902788,0.));
#990=DIRECTION('',(0.524162881675911,-0.851618032613921,2.9546435874811E-15));
#991=DIRECTION('',(0.851618032613921,0.524162881675911,0.));
#992=DIRECTION('',(-3.39741153147587E-16,1.,0.));
#993=DIRECTION('',(-1.,-3.39741153147587E-16,0.));
#994=DIRECTION('',(0.,0.,-1.));
#995=DIRECTION('',(-1.,0.,0.));
#996=DIRECTION('',(-0.524162881675922,-0.851618032613914,0.));
#997=DIRECTION('',(0.851618032613914,-0.524162881675922,0.));
#998=DIRECTION('',(0.999298763902788,-0.0374430295563839,0.));
#999=DIRECTION('',(0.0374430295563839,0.999298763902788,0.));
#1000=DIRECTION('',(-3.29641903653088E-14,1.,-1.13241579640256E-13));
#1001=DIRECTION('',(0.,1.13241579640256E-13,1.));
#1002=DIRECTION('',(-0.414206677701301,-0.910182854237351,0.));
#1003=DIRECTION('',(0.910182854237351,-0.414206677701301,0.));
#1004=DIRECTION('',(0.996631179046662,0.0820139802232501,-1.36887644486099E-14));
#1005=DIRECTION('',(-0.0820139802232501,0.996631179046663,0.));
#1006=DIRECTION('',(0.,0.,-1.));
#1007=DIRECTION('',(-1.,0.,0.));
#1008=DIRECTION('',(0.414206677701409,-0.910182854237301,0.));
#1009=DIRECTION('',(0.910182854237302,0.414206677701409,0.));
#1010=DIRECTION('',(-0.996631179046681,0.0820139802230269,0.));
#1011=DIRECTION('',(-0.0820139802230269,-0.996631179046681,0.));
#1012=DIRECTION('',(0.,0.,1.));
#1013=DIRECTION('',(1.,0.,0.));
#1014=DIRECTION('',(-3.14790102178083E-17,1.,4.89712970952861E-16));
#1015=DIRECTION('',(-0.996194698091746,1.13220746364021E-17,-0.0871557427476574));
#1016=DIRECTION('',(-2.7565924588479E-16,4.93957975303988E-16,-1.));
#1017=DIRECTION('',(-0.996194698091746,-0.0871557427476585,2.31559005006648E-16));
#1018=DIRECTION('',(1.62682774188276E-18,-1.,-8.43967983312777E-17));
#1019=DIRECTION('',(-0.996194698091746,-8.97630281525896E-18,0.0871557427476578));
#1020=DIRECTION('',(-2.32564094863572E-16,-3.77310390099459E-16,1.));
#1021=DIRECTION('',(-0.996194698091746,0.0871557427476579,-1.98794350974069E-16));
#1022=CARTESIAN_POINT('',(0.,0.,0.));
#1023=CARTESIAN_POINT('',(400.75,0.,-1.73472347597681E-15));
#1024=CARTESIAN_POINT('',(-367.853179653733,41.9265166672019,-2.96164020418451));
#1025=CARTESIAN_POINT('',(-368.447660451419,42.0366116498017,0.00243723674772764));
#1026=CARTESIAN_POINT('',(-367.85617854059,41.9270367335911,2.95189125719359));
#1027=CARTESIAN_POINT('',(-366.189450023557,41.664042509162,5.4415116626904));
#1028=CARTESIAN_POINT('',(-363.701501704557,41.3992421921334,7.1061914717289));
#1029=CARTESIAN_POINT('',(-360.754929645615,41.2879292430089,7.69601504879719));
#1030=CARTESIAN_POINT('',(-357.80497318806,41.3986338705808,7.10974070976902));
#1031=CARTESIAN_POINT('',(-355.310191912329,41.6640213337158,5.44199010763381));
#1032=CARTESIAN_POINT('',(-353.643157223611,41.9271725518874,2.95080484765783));
#1033=CARTESIAN_POINT('',(-353.053995221802,42.0363142749183,0.00302919898906364));
#1034=CARTESIAN_POINT('',(-353.640865419754,41.9275697179799,-2.94509605400837));
#1035=CARTESIAN_POINT('',(-355.304679781431,41.6648598899515,-5.43546816598921));
#1036=CARTESIAN_POINT('',(-357.791897180498,41.3996465985848,-7.10409738163373));
#1037=CARTESIAN_POINT('',(-360.744268965927,41.2877920490725,-7.69669129479486));
#1038=CARTESIAN_POINT('',(-363.696332963077,41.3987792835854,-7.10912406503899));
#1039=CARTESIAN_POINT('',(-366.186517144689,41.6636553024248,-5.44331160366872));
#1040=CARTESIAN_POINT('',(-367.853179653733,41.9265166672019,-2.96164020418451));
#1041=CARTESIAN_POINT('',(-368.447660451419,42.0366116498017,0.00243723674772764));
#1042=CARTESIAN_POINT('',(-367.85617854059,41.9270367335911,2.95189125719359));
#1043=CARTESIAN_POINT('',(-368.25,42.,-1.73472347597681E-15));
#1044=CARTESIAN_POINT('',(-353.646820346268,-2.96164020418447,41.9265166672019));
#1045=CARTESIAN_POINT('',(-353.052339548581,0.00243723674771588,42.0366116498017));
#1046=CARTESIAN_POINT('',(-353.64382145941,2.9518912571936,41.9270367335911));
#1047=CARTESIAN_POINT('',(-355.310549976443,5.44151166269042,41.664042509162));
#1048=CARTESIAN_POINT('',(-357.798498295443,7.10619147172892,41.3992421921334));
#1049=CARTESIAN_POINT('',(-360.745070354386,7.6960150487972,41.2879292430089));
#1050=CARTESIAN_POINT('',(-363.69502681194,7.10974070976904,41.3986338705808));
#1051=CARTESIAN_POINT('',(-366.189808087671,5.44199010763382,41.6640213337158));
#1052=CARTESIAN_POINT('',(-367.856842776389,2.95080484765788,41.9271725518874));
#1053=CARTESIAN_POINT('',(-368.446004778198,0.00302919898909327,42.0363142749183));
#1054=CARTESIAN_POINT('',(-367.859134580246,-2.94509605400839,41.9275697179798));
#1055=CARTESIAN_POINT('',(-366.19532021857,-5.43546816598919,41.6648598899515));
#1056=CARTESIAN_POINT('',(-363.708102819502,-7.10409738163372,41.3996465985848));
#1057=CARTESIAN_POINT('',(-360.755731034074,-7.69669129479485,41.2877920490724));
#1058=CARTESIAN_POINT('',(-357.803667036923,-7.10912406503895,41.3987792835854));
#1059=CARTESIAN_POINT('',(-355.313482855311,-5.4433116036688,41.6636553024248));
#1060=CARTESIAN_POINT('',(-353.646820346268,-2.96164020418447,41.9265166672019));
#1061=CARTESIAN_POINT('',(-353.052339548581,0.00243723674771588,42.0366116498017));
#1062=CARTESIAN_POINT('',(-353.64382145941,2.9518912571936,41.9270367335911));
#1063=CARTESIAN_POINT('',(-353.25,0.,42.));
#1064=CARTESIAN_POINT('',(-367.853179653733,-41.9265166672019,2.96164020418451));
#1065=CARTESIAN_POINT('',(-368.447660451419,-42.0366116498017,-0.00243723674772645));
#1066=CARTESIAN_POINT('',(-367.85617854059,-41.9270367335911,-2.95189125719359));
#1067=CARTESIAN_POINT('',(-366.189450023557,-41.664042509162,-5.4415116626904));
#1068=CARTESIAN_POINT('',(-363.701501704557,-41.3992421921334,-7.1061914717289));
#1069=CARTESIAN_POINT('',(-360.754929645615,-41.2879292430089,-7.69601504879719));
#1070=CARTESIAN_POINT('',(-357.80497318806,-41.3986338705808,-7.10974070976902));
#1071=CARTESIAN_POINT('',(-355.310191912329,-41.6640213337158,-5.44199010763381));
#1072=CARTESIAN_POINT('',(-353.643157223611,-41.9271725518874,-2.95080484765783));
#1073=CARTESIAN_POINT('',(-353.053995221802,-42.0363142749183,-0.00302919898907078));
#1074=CARTESIAN_POINT('',(-353.640865419754,-41.9275697179799,2.94509605400837));
#1075=CARTESIAN_POINT('',(-355.304679781431,-41.6648598899515,5.43546816598922));
#1076=CARTESIAN_POINT('',(-357.791897180498,-41.3996465985848,7.10409738163373));
#1077=CARTESIAN_POINT('',(-360.744268965927,-41.2877920490725,7.69669129479486));
#1078=CARTESIAN_POINT('',(-363.696332963077,-41.3987792835854,7.10912406503899));
#1079=CARTESIAN_POINT('',(-366.186517144689,-41.6636553024248,5.44331160366873));
#1080=CARTESIAN_POINT('',(-367.853179653733,-41.9265166672019,2.96164020418451));
#1081=CARTESIAN_POINT('',(-368.447660451419,-42.0366116498017,-0.00243723674772645));
#1082=CARTESIAN_POINT('',(-367.85617854059,-41.9270367335911,-2.95189125719359));
#1083=CARTESIAN_POINT('',(-368.25,-42.,3.40879308044208E-15));
#1084=CARTESIAN_POINT('',(-367.853179653733,-2.96164020418452,-41.9265166672019));
#1085=CARTESIAN_POINT('',(-368.447660451419,0.00243723674772282,-42.0366116498017));
#1086=CARTESIAN_POINT('',(-367.85617854059,2.95189125719358,-41.9270367335911));
#1087=CARTESIAN_POINT('',(-366.189450023557,5.44151166269039,-41.664042509162));
#1088=CARTESIAN_POINT('',(-363.701501704557,7.1061914717289,-41.3992421921334));
#1089=CARTESIAN_POINT('',(-360.754929645615,7.69601504879719,-41.2879292430089));
#1090=CARTESIAN_POINT('',(-357.80497318806,7.10974070976901,-41.3986338705808));
#1091=CARTESIAN_POINT('',(-355.310191912329,5.4419901076338,-41.6640213337158));
#1092=CARTESIAN_POINT('',(-353.643157223611,2.95080484765782,-41.9271725518874));
#1093=CARTESIAN_POINT('',(-353.053995221802,0.00302919898905736,-42.0363142749183));
#1094=CARTESIAN_POINT('',(-353.640865419754,-2.94509605400838,-41.9275697179799));
#1095=CARTESIAN_POINT('',(-355.304679781431,-5.43546816598922,-41.6648598899515));
#1096=CARTESIAN_POINT('',(-357.791897180498,-7.10409738163374,-41.3996465985848));
#1097=CARTESIAN_POINT('',(-360.744268965927,-7.69669129479487,-41.2877920490725));
#1098=CARTESIAN_POINT('',(-363.696332963077,-7.10912406503899,-41.3987792835854));
#1099=CARTESIAN_POINT('',(-366.186517144689,-5.44331160366873,-41.6636553024248));
#1100=CARTESIAN_POINT('',(-367.853179653733,-2.96164020418452,-41.9265166672019));
#1101=CARTESIAN_POINT('',(-368.447660451419,0.00243723674772282,-42.0366116498017));
#1102=CARTESIAN_POINT('',(-367.85617854059,2.95189125719358,-41.9270367335911));
#1103=CARTESIAN_POINT('',(-368.25,-7.71527483462833E-15,-42.));
#1104=CARTESIAN_POINT('',(-396.75,0.,-1.73472347597681E-15));
#1105=CARTESIAN_POINT('',(-396.75,-42.,-1.73472347597681E-15));
#1106=CARTESIAN_POINT('',(400.75,0.,0.));
#1107=CARTESIAN_POINT('',(400.75,0.,42.));
#1108=CARTESIAN_POINT('',(-400.75,0.,-1.73472347597681E-15));
#1109=CARTESIAN_POINT('',(-400.75,2.44921270764476E-16,-1.73472347597681E-15));
#1110=CARTESIAN_POINT('',(-400.75,-38.,-1.73472347597681E-15));
#1111=CARTESIAN_POINT('',(-360.75,32.5,-6.57207833260884E-15));
#1112=CARTESIAN_POINT('',(-360.75,32.5,-6.57207833260884E-15));
#1113=CARTESIAN_POINT('',(-360.75,32.5,7.49999999999999));
#1114=CARTESIAN_POINT('',(-360.75,42.,-6.57207833260884E-15));
#1115=CARTESIAN_POINT('',(-360.75,6.82740590524648E-15,32.5));
#1116=CARTESIAN_POINT('',(-360.75,6.82740590524648E-15,32.5));
#1117=CARTESIAN_POINT('',(-360.75,-7.49999999999999,32.5));
#1118=CARTESIAN_POINT('',(-360.75,7.40911313484147E-15,42.));
#1119=CARTESIAN_POINT('',(-360.75,-32.5,7.08273347788412E-15));
#1120=CARTESIAN_POINT('',(-360.75,-32.5,7.08273347788412E-15));
#1121=CARTESIAN_POINT('',(-360.75,-32.5,-7.49999999999999));
#1122=CARTESIAN_POINT('',(-360.75,-42.,8.24614793707411E-15));
#1123=CARTESIAN_POINT('',(-360.75,-1.08075080024754E-14,-32.5));
#1124=CARTESIAN_POINT('',(-360.75,-1.08075080024754E-14,-32.5));
#1125=CARTESIAN_POINT('',(-360.75,7.49999999999999,-32.5));
#1126=CARTESIAN_POINT('',(-360.75,-1.25526296912604E-14,-42.));
#1127=CARTESIAN_POINT('',(-396.75,0.,-1.73472347597681E-15));
#1128=CARTESIAN_POINT('',(400.75,0.,0.));
#1129=CARTESIAN_POINT('',(600.75,0.,5.55111512312578E-14));
#1130=CARTESIAN_POINT('',(0.,0.,0.));
#1131=CARTESIAN_POINT('',(0.,0.,0.));
#1132=CARTESIAN_POINT('',(-40.,-2.71050543121376E-17,0.));
#1133=CARTESIAN_POINT('',(-39.0657414540746,1.14068813957429E-16,0.));
#1134=CARTESIAN_POINT('',(-39.0657414540746,0.352375085181637,0.));
#1135=CARTESIAN_POINT('',(-38.7448752711391,0.996005073617695,1.69723372422199E-14));
#1136=CARTESIAN_POINT('',(-37.7810124077173,1.99050240483731,-3.54220671457603E-14));
#1137=CARTESIAN_POINT('',(-36.2303777064204,2.77940979052151,-2.50751156125775E-16));
#1138=CARTESIAN_POINT('',(-34.2610289066665,3.38929310887236,-5.98028409714873E-15));
#1139=CARTESIAN_POINT('',(-32.2631529114832,3.7759242974939,-3.15000720191403E-15));
#1140=CARTESIAN_POINT('',(-30.2443181219417,4.0296850636711,-2.88689011040816E-15));
#1141=CARTESIAN_POINT('',(-27.5367316673137,4.26212707921183,7.54862749170555E-15));
#1142=CARTESIAN_POINT('',(-24.1284737723522,4.37152025897001,1.79111392345161E-15));
#1143=CARTESIAN_POINT('',(-20.0413437229716,4.36296677397798,3.6510532055763E-15));
#1144=CARTESIAN_POINT('',(-15.9542679818052,4.26892288181435,-7.28802849687855E-15));
#1145=CARTESIAN_POINT('',(-11.8660573102684,4.25613944845017,-1.8208339646968E-15));
#1146=CARTESIAN_POINT('',(-9.14184289433204,4.17612630468507,0.));
#1147=CARTESIAN_POINT('',(-7.77994998429456,4.12509712469889,0.));
#1148=CARTESIAN_POINT('',(-39.0657414540746,1.14068813957429E-16,0.));
#1149=CARTESIAN_POINT('',(-7.77994998429456,4.12509712469889,0.));
#1150=CARTESIAN_POINT('',(-7.77994998429456,4.12509712469889,0.));
#1151=CARTESIAN_POINT('',(-7.45515276808776,4.11292719894138,0.));
#1152=CARTESIAN_POINT('',(-7.13281784613339,4.135667033667,0.));
#1153=CARTESIAN_POINT('',(-6.81294426091132,4.19330305340735,0.));
#1154=CARTESIAN_POINT('',(-6.81294426091131,4.19330305340736,0.));
#1155=CARTESIAN_POINT('',(6.93889390390723E-15,-2.71050543121376E-17,0.));
#1156=CARTESIAN_POINT('',(-6.81294426091135,-4.1933030534073,0.));
#1157=CARTESIAN_POINT('',(-6.81294426091135,-4.1933030534073,0.));
#1158=CARTESIAN_POINT('',(-7.13281784613342,-4.13566703366695,0.));
#1159=CARTESIAN_POINT('',(-7.45515276808781,-4.11292719894132,0.));
#1160=CARTESIAN_POINT('',(-7.77994998429461,-4.12509712469882,0.));
#1161=CARTESIAN_POINT('',(-7.77994998429461,-4.12509712469882,0.));
#1162=CARTESIAN_POINT('',(-7.77994998429461,-4.12509712469882,0.));
#1163=CARTESIAN_POINT('',(-9.14311277178148,-4.17617388610967,0.));
#1164=CARTESIAN_POINT('',(-11.8698571869567,-4.25618247175614,8.2595740313152E-15));
#1165=CARTESIAN_POINT('',(-15.9619806275662,-4.26903195128838,-3.53817827344242E-15));
#1166=CARTESIAN_POINT('',(-20.0526120857334,-4.36317560914973,3.29105384848924E-15));
#1167=CARTESIAN_POINT('',(-24.1441931843541,-4.37133032209157,7.82303735346292E-16));
#1168=CARTESIAN_POINT('',(-27.5524600744911,-4.26149070131932,6.70638386166959E-15));
#1169=CARTESIAN_POINT('',(-30.271225793961,-4.02690607337065,-7.02378127014411E-15));
#1170=CARTESIAN_POINT('',(-32.3009960286851,-3.77069279865067,1.11603351285429E-14));
#1171=CARTESIAN_POINT('',(-34.3104430195597,-3.37672833738075,-1.41987923183406E-14));
#1172=CARTESIAN_POINT('',(-36.2597915210937,-2.76776529076243,1.96139820051673E-14));
#1173=CARTESIAN_POINT('',(-37.7997571009996,-1.97544540946403,-6.32890421542387E-14));
#1174=CARTESIAN_POINT('',(-38.7487640148638,-0.989911719229268,3.63724635576827E-15));
#1175=CARTESIAN_POINT('',(-39.0657414540746,-0.347023464940571,0.));
#1176=CARTESIAN_POINT('',(-39.0657414540746,-1.18264765137183E-15,0.));
#1177=CARTESIAN_POINT('',(41.,0.,60.));
#1178=CARTESIAN_POINT('',(41.0000000013311,0.,40.0481119664699));
#1179=CARTESIAN_POINT('',(40.9999999998404,0.,20.0962239329398));
#1180=CARTESIAN_POINT('',(40.9999999999988,0.,0.144335899409711));
#1181=CARTESIAN_POINT('',(40.5626242577666,-0.0151384261673505,60.));
#1182=CARTESIAN_POINT('',(40.421390354062,-0.0290121771200664,40.0481119664762));
#1183=CARTESIAN_POINT('',(40.2807987559358,-0.0516088238846025,20.0962239329345));
#1184=CARTESIAN_POINT('',(40.1408494584818,-0.082928366460471,0.144335899409673));
#1185=CARTESIAN_POINT('',(40.1256797557675,-0.0327721174352595,60.));
#1186=CARTESIAN_POINT('',(39.8435221286088,-0.0627918292462921,40.0481119664751));
#1187=CARTESIAN_POINT('',(39.5628148303356,-0.111680918039843,20.0962239329494));
#1188=CARTESIAN_POINT('',(39.2835578620004,-0.179439383816629,0.14433589940978));
#1189=CARTESIAN_POINT('',(39.2571472102219,-0.127227088072976,60.));
#1190=CARTESIAN_POINT('',(38.6939028532833,-0.196179548339644,40.0481119664596));
#1191=CARTESIAN_POINT('',(38.1327739702423,-0.292069323494664,20.0962239329167));
#1192=CARTESIAN_POINT('',(37.5737605596403,-0.414896413538197,0.144335899409544));
#1193=CARTESIAN_POINT('',(38.8248930730908,-0.195971395863324,60.));
#1194=CARTESIAN_POINT('',(38.1213353349154,-0.286305340198489,40.0481119664297));
#1195=CARTESIAN_POINT('',(37.4198141481823,-0.402680604771375,20.0962239329785));
#1196=CARTESIAN_POINT('',(36.7203295196059,-0.545097189572397,0.144335899409991));
#1197=CARTESIAN_POINT('',(37.5275228356156,-0.397200558590658,60.));
#1198=CARTESIAN_POINT('',(36.4023338589309,-0.546056172242764,40.0481119664713));
#1199=CARTESIAN_POINT('',(35.2784639864043,-0.714372598224863,20.0962239329204));
#1200=CARTESIAN_POINT('',(34.155913216918,-0.902149836531312,0.144335899409571));
#1201=CARTESIAN_POINT('',(36.6593692868781,-0.499338727131978,60.));
#1202=CARTESIAN_POINT('',(35.2523762417366,-0.681449200082871,40.0481119664913));
#1203=CARTESIAN_POINT('',(33.8465496221023,-0.88313639928588,20.0962239328398));
#1204=CARTESIAN_POINT('',(32.4418894227909,-1.10440032473294,0.144335899408989));
#1205=CARTESIAN_POINT('',(34.0554249625766,-0.814454622806907,60.));
#1206=CARTESIAN_POINT('',(31.8034261901259,-1.09968689365636,40.0481119665034));
#1207=CARTESIAN_POINT('',(29.5523683832703,-1.40536365354243,20.096223932911));
#1208=CARTESIAN_POINT('',(27.3022515403457,-1.73148490242407,0.144335899409502));
#1209=CARTESIAN_POINT('',(32.3184432974168,-1.01848125315338,60.));
#1210=CARTESIAN_POINT('',(29.5025369363733,-1.36776144645814,40.048111966331));
#1211=CARTESIAN_POINT('',(26.6871877228215,-1.73540082606651,20.0962239329879));
#1212=CARTESIAN_POINT('',(23.8723956607232,-2.12139939194337,0.14433589941006));
#1213=CARTESIAN_POINT('',(27.1014842885628,-1.5721891037505,60.));
#1214=CARTESIAN_POINT('',(22.5923128196519,-2.09898329287939,40.0481119665729));
#1215=CARTESIAN_POINT('',(18.0829448631159,-2.64207293495972,20.0962239329782));
#1216=CARTESIAN_POINT('',(13.5733804180999,-3.20145803002832,0.144335899409987));
#1217=CARTESIAN_POINT('',(23.6172732312834,-1.88559694663937,60.));
#1218=CARTESIAN_POINT('',(17.9772615251455,-2.51270041574899,40.0481119664634));
#1219=CARTESIAN_POINT('',(12.3365772117273,-3.15476909370682,20.0962239329325));
#1220=CARTESIAN_POINT('',(6.69522029102584,-3.81180298055542,0.144335899409658));
#1221=CARTESIAN_POINT('',(18.3817351244329,-2.22144846646146,60.));
#1222=CARTESIAN_POINT('',(11.0425156194723,-2.95541979364734,40.0481119663991));
#1223=CARTESIAN_POINT('',(3.70195235886768,-3.7023227856191,20.0962239328075));
#1224=CARTESIAN_POINT('',(-3.63995465788327,-4.46215744236111,0.144335899408757));
#1225=CARTESIAN_POINT('',(16.6348831267376,-2.30928496236017,60.));
#1226=CARTESIAN_POINT('',(8.72871956719414,-3.07117779819051,40.0481119664474));
#1227=CARTESIAN_POINT('',(0.820989685588356,-3.8454431688055,20.0962239327985));
#1228=CARTESIAN_POINT('',(-7.08830651896613,-4.63208107428079,0.144335899408692));
#1229=CARTESIAN_POINT('',(14.0127822766272,-2.38450945242291,60.));
#1230=CARTESIAN_POINT('',(5.25563601475635,-3.16887208783823,40.0481119664434));
#1231=CARTESIAN_POINT('',(-3.50338632979133,-3.96372438336169,20.0962239327951));
#1232=CARTESIAN_POINT('',(-12.2642847578296,-4.76906633890784,0.144335899408667));
#1233=CARTESIAN_POINT('',(13.1383321365692,-2.38683992484631,60.));
#1234=CARTESIAN_POINT('',(4.09739224025649,-3.17109699575933,40.0481119663515));
#1235=CARTESIAN_POINT('',(-4.94552466152553,-3.96500514540948,20.0962239327238));
#1236=CARTESIAN_POINT('',(-13.9904185694126,-4.76856437385303,0.144335899408154));
#1237=CARTESIAN_POINT('',(11.38969876054,-2.40667277463135,60.));
#1238=CARTESIAN_POINT('',(1.78129928156272,-3.19849936156025,40.048111966425));
#1239=CARTESIAN_POINT('',(-7.82923904963354,-4.00108199613193,20.0962239330543));
#1240=CARTESIAN_POINT('',(-17.4419162320623,-4.81442067831346,0.144335899410538));
#1241=CARTESIAN_POINT('',(10.5155658200196,-2.43005917554438,60.));
#1242=CARTESIAN_POINT('',(0.623479023910081,-3.22905023112938,40.0481119664413));
#1243=CARTESIAN_POINT('',(-9.2708442259966,-4.03838606303948,20.0962239326971));
#1244=CARTESIAN_POINT('',(-19.1674039309842,-4.85806667132312,0.14433589940796));
#1245=CARTESIAN_POINT('',(7.89251382085537,-2.45065531269965,60.));
#1246=CARTESIAN_POINT('',(-2.85082786850452,-3.25537496678538,40.0481119663804));
#1247=CARTESIAN_POINT('',(-13.5966803635986,-4.06951166394563,20.0962239326998));
#1248=CARTESIAN_POINT('',(-24.3450436652695,-4.89306540403964,0.14433589940798));
#1249=CARTESIAN_POINT('',(6.13884074119071,-2.43926002893096,60.0000000000001));
#1250=CARTESIAN_POINT('',(-5.17365562695824,-3.2391001930868,40.0481119663264));
#1251=CARTESIAN_POINT('',(-16.4888831513783,-4.04720639889853,20.0962239327998));
#1252=CARTESIAN_POINT('',(-27.8068418320434,-4.86357864641773,0.144335899408703));
#1253=CARTESIAN_POINT('',(3.53369804773903,-2.13066492434195,60.));
#1254=CARTESIAN_POINT('',(-8.62390207972449,-2.82765269807856,40.0481119664712));
#1255=CARTESIAN_POINT('',(-20.7841758509541,-3.53024203582651,20.096223932737));
#1256=CARTESIAN_POINT('',(-32.9471232669527,-4.23843293755913,0.144335899408247));
#1257=CARTESIAN_POINT('',(2.66476733914353,-1.98195478336331,60.0000000000001));
#1258=CARTESIAN_POINT('',(-9.77467515101982,-2.62962042625305,40.0481119666452));
#1259=CARTESIAN_POINT('',(-22.216735849744,-3.28183899447474,20.0962239330285));
#1260=CARTESIAN_POINT('',(-34.6614147574549,-3.93861048791197,0.144335899410348));
#1261=CARTESIAN_POINT('',(1.43059066887354,-1.53752026953425,60.));
#1262=CARTESIAN_POINT('',(-11.4086649929099,-2.0389965097748,40.0481119663321));
#1263=CARTESIAN_POINT('',(-24.2499747727666,-2.5430737594587,20.0962239329323));
#1264=CARTESIAN_POINT('',(-37.0933386700898,-3.04975201855324,0.144335899409659));
#1265=CARTESIAN_POINT('',(1.02914588245633,-1.3514584040861,60.));
#1266=CARTESIAN_POINT('',(-11.9400869011237,-1.79180319861636,40.0481119664121));
#1267=CARTESIAN_POINT('',(-24.9111207784512,-2.23400048582592,20.0962239327302));
#1268=CARTESIAN_POINT('',(-37.8839557502223,-2.67805026573969,0.144335899408199));
#1269=CARTESIAN_POINT('',(0.507628558461613,-0.949331118098612,60.));
#1270=CARTESIAN_POINT('',(-12.6300676713292,-1.25819007137054,40.0481119663634));
#1271=CARTESIAN_POINT('',(-25.7688567559697,-1.56790165749526,20.0962239330661));
#1272=CARTESIAN_POINT('',(-38.908738694402,-1.87846587647514,0.144335899410624));
#1273=CARTESIAN_POINT('',(0.351607550264241,-0.796327312148081,60.));
#1274=CARTESIAN_POINT('',(-12.836365471025,-1.05527656762335,40.0481119663452));
#1275=CARTESIAN_POINT('',(-26.0251007383437,-1.31481367134334,20.0962239330175));
#1276=CARTESIAN_POINT('',(-39.2145982507747,-1.57493862331107,0.144335899410274));
#1277=CARTESIAN_POINT('',(0.101140054111465,-0.43286001653794,60.));
#1278=CARTESIAN_POINT('',(-13.1676624782322,-0.573360240937877,40.0481119666188));
#1279=CARTESIAN_POINT('',(-26.436811291784,-0.713929926491067,20.0962239327469));
#1280=CARTESIAN_POINT('',(-39.7063063880833,-0.854569073196747,0.144335899408316));
#1281=CARTESIAN_POINT('',(6.93889390390723E-15,-0.216751472774891,60.));
#1282=CARTESIAN_POINT('',(-13.3012586890201,-0.287074419332496,40.0481119664699));
#1283=CARTESIAN_POINT('',(-26.602517377772,-0.357401482039432,20.096223932761));
#1284=CARTESIAN_POINT('',(-39.9037760670582,-0.427732660897567,0.144335899408421));
#1285=CARTESIAN_POINT('',(6.93889390390723E-15,-2.71050543121376E-17,60.));
#1286=CARTESIAN_POINT('',(-13.3012586890201,-3.14474974220199E-17,40.0481119664699));
#1287=CARTESIAN_POINT('',(-26.602517377772,-3.145794359608E-17,20.0962239327611));
#1288=CARTESIAN_POINT('',(-39.9037760670582,-2.7136392833734E-17,0.144335899408421));
#1289=CARTESIAN_POINT('',(8.36873504304828,-3.55387497872822,7.01004049673474));
#1290=CARTESIAN_POINT('',(8.34306245930923,-3.57773257561037,4.84158394895804));
#1291=CARTESIAN_POINT('',(8.3185336289594,-3.60053141777421,2.67310234802609));
#1292=CARTESIAN_POINT('',(8.29490580484202,-3.62250551971543,0.504602586962039));
#1293=CARTESIAN_POINT('',(8.36873504304828,-3.55387497872822,7.01004049673474));
#1294=CARTESIAN_POINT('',(8.29490580484202,-3.62250551971543,0.504602586962039));
#1295=CARTESIAN_POINT('',(8.294905804842,-3.62250551971543,0.504602586962039));
#1296=CARTESIAN_POINT('',(11.0281723241155,-3.39758871856962,0.503845485795909));
#1297=CARTESIAN_POINT('',(16.4907073472827,-2.89946522194949,0.50266505650597));
#1298=CARTESIAN_POINT('',(23.3089248448487,-2.18448824613494,0.501864445013321));
#1299=CARTESIAN_POINT('',(28.7570426924461,-1.55179737119109,0.501358816374806));
#1300=CARTESIAN_POINT('',(32.8420140348045,-1.06550840158838,0.501243332821906));
#1301=CARTESIAN_POINT('',(36.919153547139,-0.518243037128664,0.50100331885364));
#1302=CARTESIAN_POINT('',(39.6344615712851,-0.131302158891596,0.500706138749077));
#1303=CARTESIAN_POINT('',(40.9999999999962,0.,0.500000000000332));
#1304=CARTESIAN_POINT('',(40.9999999999962,0.,0.500000000000332));
#1305=CARTESIAN_POINT('',(41.,0.,60.));
#1306=CARTESIAN_POINT('',(41.0000000013343,0.,40.));
#1307=CARTESIAN_POINT('',(40.9999999998332,0.,20.));
#1308=CARTESIAN_POINT('',(41.,0.,0.));
#1309=CARTESIAN_POINT('',(41.0000000000328,0.,59.4999999999946));
#1310=CARTESIAN_POINT('',(41.0000000000328,2.5444211760968E-20,59.4999999999946));
#1311=CARTESIAN_POINT('',(40.5600878107181,-0.0154527078984836,59.5002263593093));
#1312=CARTESIAN_POINT('',(39.681166279962,-0.0546596320266423,59.5002827990734));
#1313=CARTESIAN_POINT('',(37.9461496319603,-0.342967662676488,59.4989125429243));
#1314=CARTESIAN_POINT('',(35.7670812794925,-0.608620269834447,59.5007338036728));
#1315=CARTESIAN_POINT('',(33.1515387057915,-0.921524137494151,59.5003853194391));
#1316=CARTESIAN_POINT('',(29.6611441935537,-1.31017888909868,59.5015216683634));
#1317=CARTESIAN_POINT('',(25.2912170907788,-1.73868389325021,59.5028700961999));
#1318=CARTESIAN_POINT('',(20.0382327298599,-2.13992948544712,59.5061417548359));
#1319=CARTESIAN_POINT('',(15.6585637024396,-2.38330228328881,59.5108703723857));
#1320=CARTESIAN_POINT('',(12.1481824634342,-2.40849066169474,59.518815160168));
#1321=CARTESIAN_POINT('',(9.51731807405139,-2.46411667822703,59.5153294885984));
#1322=CARTESIAN_POINT('',(6.88238588777755,-2.46644813855104,59.525710910191));
#1323=CARTESIAN_POINT('',(4.68838131268317,-2.33623662493876,59.5433501893887));
#1324=CARTESIAN_POINT('',(2.95688012992595,-2.09394359070045,59.5711414484894));
#1325=CARTESIAN_POINT('',(1.67160239521419,-1.76521079523475,59.6084132224403));
#1326=CARTESIAN_POINT('',(0.653082389897812,-1.29833022128962,59.6684698312474));
#1327=CARTESIAN_POINT('',(0.0275757527684224,-0.657036603437527,59.7403196376499));
#1328=CARTESIAN_POINT('',(-0.148425545723293,-0.219502083807173,59.7773500981125));
#1329=CARTESIAN_POINT('',(-0.148433267924943,-2.71533332887206E-17,59.7773500981125));
#1330=CARTESIAN_POINT('',(-0.148433267924949,-2.71533332887142E-17,59.7773500981125));
#1331=CARTESIAN_POINT('',(6.93889390390723E-15,-2.71050543121376E-17,60.));
#1332=CARTESIAN_POINT('',(-13.3333333333333,-3.145796878578E-17,40.));
#1333=CARTESIAN_POINT('',(-26.6666666663972,-3.14579687859761E-17,19.9999999998204));
#1334=CARTESIAN_POINT('',(-40.,-2.71050543121376E-17,0.));
#1335=CARTESIAN_POINT('',(-39.48176660124,-2.7272049278931E-17,0.77735009811793));
#1336=CARTESIAN_POINT('',(-39.48176660124,-2.7272049278931E-17,0.777350098117931));
#1337=CARTESIAN_POINT('',(-39.4817649399132,-0.353232656508192,0.777352590108139));
#1338=CARTESIAN_POINT('',(-39.2391745319468,-1.03325041885606,0.750154399294503));
#1339=CARTESIAN_POINT('',(-38.3595471952019,-2.13597593987507,0.69707645912045));
#1340=CARTESIAN_POINT('',(-36.8493124113768,-3.05160871625194,0.633408777059339));
#1341=CARTESIAN_POINT('',(-34.8699272057581,-3.73820400585329,0.597009409027759));
#1342=CARTESIAN_POINT('',(-32.1483393682604,-4.33600934498061,0.557656061991788));
#1343=CARTESIAN_POINT('',(-28.6729886056941,-4.7050200110329,0.540444541932241));
#1344=CARTESIAN_POINT('',(-24.4941333810859,-4.86997769186775,0.523304755471886));
#1345=CARTESIAN_POINT('',(-20.3097214827527,-4.86635086939095,0.517475539445088));
#1346=CARTESIAN_POINT('',(-16.1273215242137,-4.771616727163,0.515772810183811));
#1347=CARTESIAN_POINT('',(-11.9431387099223,-4.756548490297,0.51904433703424));
#1348=CARTESIAN_POINT('',(-9.15505247743245,-4.6767976629824,0.513248013977116));
#1349=CARTESIAN_POINT('',(-7.76123399918463,-4.62459892803085,0.512151558312354));
#1350=CARTESIAN_POINT('',(-7.76123399918463,-4.62459892803083,0.512151558312887));
#1351=CARTESIAN_POINT('',(-7.76123399918463,-4.62459892803084,0.512151558312887));
#1352=CARTESIAN_POINT('',(-7.8002511791204,-4.57838369938726,2.4719689245655));
#1353=CARTESIAN_POINT('',(-7.8412930881906,-4.52843514880503,4.43166035546728));
#1354=CARTESIAN_POINT('',(-7.88490729479755,-4.47357199398077,6.39115647881186));
#1355=CARTESIAN_POINT('',(-7.88490729479755,-4.47357199398077,6.39115647881186));
#1356=CARTESIAN_POINT('',(-7.88490729479755,-4.47357199398077,6.39115647881186));
#1357=CARTESIAN_POINT('',(-7.88739353146863,-4.46755144708376,6.60403930880343));
#1358=CARTESIAN_POINT('',(-7.89015399913689,-4.46140090292666,6.81691683280532));
#1359=CARTESIAN_POINT('',(-7.89318478279342,-4.45512804207233,7.02978537363136));
#1360=CARTESIAN_POINT('',(-7.89318478279342,-4.45512804207233,7.02978537363136));
#1361=CARTESIAN_POINT('',(-7.89318478279342,-4.45512804207233,7.02978537363134));
#1362=CARTESIAN_POINT('',(-6.99644679371943,-4.41162290882458,7.77347184750757));
#1363=CARTESIAN_POINT('',(-6.06454807344946,-4.36430296070408,8.52135274040232));
#1364=CARTESIAN_POINT('',(-4.93399446437817,-4.3163423307072,8.83769422297955));
#1365=CARTESIAN_POINT('',(-4.93399446437816,-4.3163423307072,8.83769422297956));
#1366=CARTESIAN_POINT('',(-4.93399446437816,-4.3163423307072,8.83769422297956));
#1367=CARTESIAN_POINT('',(-4.57730978297426,-4.30121096330179,8.93749856664138));
#1368=CARTESIAN_POINT('',(-4.21280718963263,-4.28665963756375,8.97619728633577));
#1369=CARTESIAN_POINT('',(-3.84345203489815,-4.2719353798897,8.9767977333335));
#1370=CARTESIAN_POINT('',(-3.84345203489815,-4.2719353798897,8.9767977333335));
#1371=CARTESIAN_POINT('',(-3.84345203489815,-4.2719353798897,8.9767977333335));
#1372=CARTESIAN_POINT('',(-1.13126295181808,-4.16381459043241,8.9812068386929));
#1373=CARTESIAN_POINT('',(1.57900857039537,-4.00997721817906,8.98431671365922));
#1374=CARTESIAN_POINT('',(4.28731205592888,-3.82841125693673,8.98657113198211));
#1375=CARTESIAN_POINT('',(4.28731205592888,-3.82841125693673,8.98657113198211));
#1376=CARTESIAN_POINT('',(4.28731205592888,-3.82841125693673,8.98657113198211));
#1377=CARTESIAN_POINT('',(4.66423686584764,-3.80314203737011,8.98688488788222));
#1378=CARTESIAN_POINT('',(5.03605505345155,-3.77819897245699,8.94732536178655));
#1379=CARTESIAN_POINT('',(5.39966037899143,-3.75404137990034,8.84350292780206));
#1380=CARTESIAN_POINT('',(5.39966037899143,-3.75404137990034,8.84350292780206));
#1381=CARTESIAN_POINT('',(5.39966037899143,-3.75404137990034,8.84350292780206));
#1382=CARTESIAN_POINT('',(6.53477178506151,-3.67862565595973,8.5193876832116));
#1383=CARTESIAN_POINT('',(7.46822290276595,-3.61715069140637,7.75219199365611));
#1384=CARTESIAN_POINT('',(8.36873504304828,-3.55387497872822,7.01004049673474));
#1385=CARTESIAN_POINT('',(6.93889390390723E-15,-2.71050543121376E-17,60.));
#1386=CARTESIAN_POINT('',(-13.3012586890201,-3.14474974220199E-17,40.0481119664699));
#1387=CARTESIAN_POINT('',(-26.602517377772,-3.145794359608E-17,20.0962239327611));
#1388=CARTESIAN_POINT('',(-39.9037760670582,-2.7136392833734E-17,0.144335899408421));
#1389=CARTESIAN_POINT('',(0.,0.216751472774891,60.));
#1390=CARTESIAN_POINT('',(-13.3012586890201,0.287074419332496,40.0481119664699));
#1391=CARTESIAN_POINT('',(-26.602517377772,0.357401482039431,20.096223932761));
#1392=CARTESIAN_POINT('',(-39.9037760670582,0.427732660897567,0.144335899408421));
#1393=CARTESIAN_POINT('',(0.101140054111409,0.432860016537948,60.));
#1394=CARTESIAN_POINT('',(-13.1676624782323,0.573360240937885,40.0481119666187));
#1395=CARTESIAN_POINT('',(-26.436811291784,0.713929926492367,20.0962239327469));
#1396=CARTESIAN_POINT('',(-39.7063063880833,0.85456907319676,0.144335899408316));
#1397=CARTESIAN_POINT('',(0.351607550264255,0.796327312148089,60.));
#1398=CARTESIAN_POINT('',(-12.836365471025,1.05527656762335,40.0481119663453));
#1399=CARTESIAN_POINT('',(-26.0251007382281,1.31481367135211,20.0962239329411));
#1400=CARTESIAN_POINT('',(-39.2145982507739,1.57493862331113,0.144335899409723));
#1401=CARTESIAN_POINT('',(0.50762855846162,0.949331118098617,60.));
#1402=CARTESIAN_POINT('',(-12.6300676713291,1.25819007137055,40.0481119663635));
#1403=CARTESIAN_POINT('',(-25.7688567556224,1.56790165749882,20.0962239328373));
#1404=CARTESIAN_POINT('',(-38.9087386943995,1.87846587647516,0.144335899408973));
#1405=CARTESIAN_POINT('',(1.02914588245636,1.35145840408611,60.));
#1406=CARTESIAN_POINT('',(-11.9400869011237,1.79180319861636,40.048111966412));
#1407=CARTESIAN_POINT('',(-24.9111207788014,2.23400048580013,20.0962239329574));
#1408=CARTESIAN_POINT('',(-37.8839557502248,2.67805026573951,0.144335899409839));
#1409=CARTESIAN_POINT('',(1.43059066887356,1.53752026953426,60.));
#1410=CARTESIAN_POINT('',(-11.40866499291,2.03899650977481,40.048111966332));
#1411=CARTESIAN_POINT('',(-24.2499747731187,2.54307375945294,20.0962239331589));
#1412=CARTESIAN_POINT('',(-37.0933386700923,3.04975201855319,0.144335899411295));
#1413=CARTESIAN_POINT('',(2.6647673391435,1.9819547833633,60.));
#1414=CARTESIAN_POINT('',(-9.77467515101986,2.62962042625304,40.0481119666452));
#1415=CARTESIAN_POINT('',(-22.216735849744,3.28183899447475,20.0962239330284));
#1416=CARTESIAN_POINT('',(-34.6614147574549,3.93861048791198,0.144335899410348));
#1417=CARTESIAN_POINT('',(3.53369804773906,2.13066492434195,60.));
#1418=CARTESIAN_POINT('',(-8.62390207972443,2.82765269807856,40.0481119664713));
#1419=CARTESIAN_POINT('',(-20.7841758509541,3.53024203582651,20.0962239327369));
#1420=CARTESIAN_POINT('',(-32.9471232669527,4.23843293755913,0.144335899408247));
#1421=CARTESIAN_POINT('',(6.13884074119067,2.43926002893097,60.));
#1422=CARTESIAN_POINT('',(-5.17365562695837,3.23910019308681,40.0481119663262));
#1423=CARTESIAN_POINT('',(-16.4888831517544,4.04720639893123,20.0962239330147));
#1424=CARTESIAN_POINT('',(-27.8068418320462,4.86357864641796,0.144335899410254));
#1425=CARTESIAN_POINT('',(7.89251382085539,2.45065531269965,60.));
#1426=CARTESIAN_POINT('',(-2.85082786850452,3.25537496678538,40.0481119663804));
#1427=CARTESIAN_POINT('',(-13.5966803635986,4.06951166394563,20.0962239326998));
#1428=CARTESIAN_POINT('',(-24.3450436652695,4.89306540403964,0.14433589940798));
#1429=CARTESIAN_POINT('',(10.5155658200196,2.43005917554438,60.));
#1430=CARTESIAN_POINT('',(0.623479023910095,3.22905023112938,40.0481119664413));
#1431=CARTESIAN_POINT('',(-9.27084422599663,4.03838606303948,20.0962239326971));
#1432=CARTESIAN_POINT('',(-19.1674039309843,4.85806667132312,0.14433589940796));
#1433=CARTESIAN_POINT('',(11.38969876054,2.40667277463135,60.));
#1434=CARTESIAN_POINT('',(1.78129928156274,3.19849936156024,40.0481119664251));
#1435=CARTESIAN_POINT('',(-7.8292390494988,4.00108199613458,20.0962239329894));
#1436=CARTESIAN_POINT('',(-17.4419162320613,4.81442067831348,0.14433589941007));
#1437=CARTESIAN_POINT('',(13.1383321365692,2.38683992484631,60.));
#1438=CARTESIAN_POINT('',(4.09739224025652,3.17109699575933,40.0481119663515));
#1439=CARTESIAN_POINT('',(-4.94552466138779,3.96500514541199,20.0962239326614));
#1440=CARTESIAN_POINT('',(-13.9904185694116,4.76856437385305,0.144335899407704));
#1441=CARTESIAN_POINT('',(14.0127822766271,2.38450945242291,60.));
#1442=CARTESIAN_POINT('',(5.25563601475634,3.16887208783823,40.0481119664434));
#1443=CARTESIAN_POINT('',(-3.50338632979136,3.96372438336169,20.0962239327951));
#1444=CARTESIAN_POINT('',(-12.2642847578297,4.76906633890784,0.144335899408667));
#1445=CARTESIAN_POINT('',(16.6348831267376,2.30928496236017,60.0000000000001));
#1446=CARTESIAN_POINT('',(8.72871956719412,3.07117779819051,40.0481119664473));
#1447=CARTESIAN_POINT('',(0.820989685731833,3.84544316880775,20.0962239327418));
#1448=CARTESIAN_POINT('',(-7.0883065189651,4.63208107428081,0.144335899408282));
#1449=CARTESIAN_POINT('',(18.3817351244329,2.22144846646146,60.));
#1450=CARTESIAN_POINT('',(11.0425156194723,2.95541979364734,40.0481119663991));
#1451=CARTESIAN_POINT('',(3.70195235872151,3.70232278561705,20.0962239328612));
#1452=CARTESIAN_POINT('',(-3.63995465788429,4.4621574423611,0.144335899409145));
#1453=CARTESIAN_POINT('',(23.6172732312835,1.88559694663937,60.));
#1454=CARTESIAN_POINT('',(17.9772615251455,2.51270041574899,40.0481119664634));
#1455=CARTESIAN_POINT('',(12.3365772117273,3.15476909370682,20.0962239329325));
#1456=CARTESIAN_POINT('',(6.69522029102578,3.81180298055542,0.144335899409658));
#1457=CARTESIAN_POINT('',(27.1014842885628,1.5721891037505,60.));
#1458=CARTESIAN_POINT('',(22.5923128196519,2.09898329287938,40.0481119665729));
#1459=CARTESIAN_POINT('',(18.0829448643793,2.64207293496772,20.0962239326929));
#1460=CARTESIAN_POINT('',(13.5733804181089,3.20145803002838,0.144335899407927));
#1461=CARTESIAN_POINT('',(32.3184432974168,1.01848125315338,60.));
#1462=CARTESIAN_POINT('',(29.5025369363733,1.36776144645815,40.0481119663308));
#1463=CARTESIAN_POINT('',(26.687187723798,1.73540082606917,20.0962239328503));
#1464=CARTESIAN_POINT('',(23.8723956607302,2.12139939194339,0.144335899409068));
#1465=CARTESIAN_POINT('',(34.0554249625766,0.814454622806906,60.));
#1466=CARTESIAN_POINT('',(31.803426190126,1.09968689365636,40.0481119665034));
#1467=CARTESIAN_POINT('',(29.5523683829424,1.40536365353405,20.0962239329478));
#1468=CARTESIAN_POINT('',(27.3022515403432,1.73148490242402,0.144335899409768));
#1469=CARTESIAN_POINT('',(36.6593692868781,0.499338727131979,60.));
#1470=CARTESIAN_POINT('',(35.2523762417366,0.681449200082868,40.0481119664917));
#1471=CARTESIAN_POINT('',(33.8465496204506,0.883136399276817,20.0962239329557));
#1472=CARTESIAN_POINT('',(32.441889422779,1.10440032473288,0.144335899409825));
#1473=CARTESIAN_POINT('',(37.5275228356156,0.397200558590658,60.));
#1474=CARTESIAN_POINT('',(36.4023338589309,0.546056172242765,40.0481119664711));
#1475=CARTESIAN_POINT('',(35.2784639867353,0.714372598225038,20.0962239329018));
#1476=CARTESIAN_POINT('',(34.1559132169204,0.902149836531314,0.144335899409437));
#1477=CARTESIAN_POINT('',(38.8248930730908,0.195971395863323,60.));
#1478=CARTESIAN_POINT('',(38.1213353349154,0.286305340198487,40.0481119664301));
#1479=CARTESIAN_POINT('',(37.419814146856,0.402680604771043,20.0962239330246));
#1480=CARTESIAN_POINT('',(36.7203295195963,0.545097189572393,0.144335899410324));
#1481=CARTESIAN_POINT('',(39.257147210222,0.127227088072974,60.));
#1482=CARTESIAN_POINT('',(38.6939028532833,0.196179548339642,40.0481119664596));
#1483=CARTESIAN_POINT('',(38.1327739702423,0.292069323494662,20.0962239329167));
#1484=CARTESIAN_POINT('',(37.5737605596403,0.414896413538195,0.144335899409544));
#1485=CARTESIAN_POINT('',(40.1256797557675,0.0327721174352584,60.));
#1486=CARTESIAN_POINT('',(39.8435221286088,0.0627918292462916,40.0481119664747));
#1487=CARTESIAN_POINT('',(39.5628148316632,0.111680918040876,20.0962239329311));
#1488=CARTESIAN_POINT('',(39.28355786201,0.179439383816635,0.144335899409648));
#1489=CARTESIAN_POINT('',(40.5626242577667,0.0151384261673491,60.));
#1490=CARTESIAN_POINT('',(40.421390354062,0.0290121771200651,40.0481119664761));
#1491=CARTESIAN_POINT('',(40.2807987562677,0.0516088238846094,20.0962239329323));
#1492=CARTESIAN_POINT('',(40.1408494584842,0.0829283664604744,0.144335899409656));
#1493=CARTESIAN_POINT('',(41.,0.,60.));
#1494=CARTESIAN_POINT('',(41.0000000013311,0.,40.0481119664699));
#1495=CARTESIAN_POINT('',(40.9999999995085,0.,20.0962239329398));
#1496=CARTESIAN_POINT('',(40.9999999999964,0.,0.144335899409711));
#1497=CARTESIAN_POINT('',(40.999999999988,2.93785318988928E-20,0.500000000001103));
#1498=CARTESIAN_POINT('',(39.6344363406886,0.131304584919369,0.500706151794611));
#1499=CARTESIAN_POINT('',(36.9182674709536,0.518378991029787,0.501003283004341));
#1500=CARTESIAN_POINT('',(32.8412899215041,1.06559074757575,0.501243402839332));
#1501=CARTESIAN_POINT('',(28.7567332273516,1.55183502647219,0.501358837406968));
#1502=CARTESIAN_POINT('',(23.3089903346772,2.1844801606908,0.501864438560802));
#1503=CARTESIAN_POINT('',(16.4900488223587,2.8995306896641,0.502665163537695));
#1504=CARTESIAN_POINT('',(11.0281445497769,3.39759100408385,0.50384549348784));
#1505=CARTESIAN_POINT('',(8.29490580484194,3.62250551971635,0.504602586961188));
#1506=CARTESIAN_POINT('',(8.29490580484194,3.62250551971635,0.504602586961194));
#1507=CARTESIAN_POINT('',(8.29490580484194,3.62250551971634,0.504602586961194));
#1508=CARTESIAN_POINT('',(8.31853362895943,3.60053141777882,2.67310234802556));
#1509=CARTESIAN_POINT('',(8.34306245931071,3.57773257561619,4.84158394895778));
#1510=CARTESIAN_POINT('',(8.36873504305134,3.553874978734,7.01004049673474));
#1511=CARTESIAN_POINT('',(8.36873504305134,3.553874978734,7.01004049673474));
#1512=CARTESIAN_POINT('',(8.36873504305135,3.553874978734,7.01004049673474));
#1513=CARTESIAN_POINT('',(7.46693823327793,3.61724096048707,7.75325074362267));
#1514=CARTESIAN_POINT('',(6.53421396251754,3.6786627171615,8.51954696166863));
#1515=CARTESIAN_POINT('',(5.39966037898515,3.75404137990069,8.84350292780382));
#1516=CARTESIAN_POINT('',(5.39966037898511,3.75404137990069,8.84350292780382));
#1517=CARTESIAN_POINT('',(5.39966037898511,3.75404137990069,8.84350292780382));
#1518=CARTESIAN_POINT('',(5.03605505345304,3.77819897245627,8.94732536178521));
#1519=CARTESIAN_POINT('',(4.66423686585726,3.8031420373684,8.98688488788069));
#1520=CARTESIAN_POINT('',(4.28731205594678,3.82841125693412,8.98657113198173));
#1521=CARTESIAN_POINT('',(4.28731205594678,3.82841125693413,8.98657113198173));
#1522=CARTESIAN_POINT('',(4.28731205594678,3.82841125693412,8.98657113198173));
#1523=CARTESIAN_POINT('',(1.57900857040729,4.00997721817451,8.98431671365902));
#1524=CARTESIAN_POINT('',(-1.13126295181173,4.16381459043217,8.98120683869326));
#1525=CARTESIAN_POINT('',(-3.84345203489758,4.27193537989041,8.97679773333366));
#1526=CARTESIAN_POINT('',(-3.84345203489758,4.27193537989041,8.97679773333366));
#1527=CARTESIAN_POINT('',(-3.84345203489758,4.27193537989041,8.97679773333366));
#1528=CARTESIAN_POINT('',(-4.21280718963274,4.28665963756458,8.97619728633589));
#1529=CARTESIAN_POINT('',(-4.57730978297502,4.30121096330269,8.9374985666413));
#1530=CARTESIAN_POINT('',(-4.93399446437952,4.31634233070813,8.837694222979));
#1531=CARTESIAN_POINT('',(-4.93399446437952,4.31634233070813,8.83769422297901));
#1532=CARTESIAN_POINT('',(-4.9339944643795,4.31634233070812,8.83769422297899));
#1533=CARTESIAN_POINT('',(-6.0645638766082,4.36430363111054,8.52134831850154));
#1534=CARTESIAN_POINT('',(-7.00051340023061,4.41182019971647,7.77009931328638));
#1535=CARTESIAN_POINT('',(-7.89318478279162,4.4551280420726,7.02978537363142));
#1536=CARTESIAN_POINT('',(-7.89318478279211,4.45512804207261,7.02978537363141));
#1537=CARTESIAN_POINT('',(-7.89318478279211,4.45512804207261,7.02978537363141));
#1538=CARTESIAN_POINT('',(-7.89015399913528,4.46140090292723,6.81691683279586));
#1539=CARTESIAN_POINT('',(-7.88739353142824,4.46755144708359,6.60403930878487));
#1540=CARTESIAN_POINT('',(-7.88490729479536,4.47357199398191,6.39115647878336));
#1541=CARTESIAN_POINT('',(-7.88490729479536,4.4735719939819,6.39115647878336));
#1542=CARTESIAN_POINT('',(-7.88490729479536,4.4735719939819,6.39115647878336));
#1543=CARTESIAN_POINT('',(-7.84129305673679,4.52843518775536,4.43165896387515));
#1544=CARTESIAN_POINT('',(-7.8002511791197,4.57838369938814,2.4719689245414));
#1545=CARTESIAN_POINT('',(-7.76123399918457,4.62459892803091,0.512151558312291));
#1546=CARTESIAN_POINT('',(-7.76123399918458,4.62459892803092,0.512151558312291));
#1547=CARTESIAN_POINT('',(-7.76123399918457,4.62459892803091,0.512151558312282));
#1548=CARTESIAN_POINT('',(-9.1529679715592,4.67671959788916,0.513246374187989));
#1549=CARTESIAN_POINT('',(-11.9366260810479,4.75648763667021,0.519021735040474));
#1550=CARTESIAN_POINT('',(-16.1127502980833,4.77138207670184,0.51580506130758));
#1551=CARTESIAN_POINT('',(-20.2887254945788,4.86601111871673,0.517435768163089));
#1552=CARTESIAN_POINT('',(-24.4637658944622,4.8703570933099,0.523228467803702));
#1553=CARTESIAN_POINT('',(-28.6458522511097,4.70681655010742,0.540342306343989));
#1554=CARTESIAN_POINT('',(-32.0978183281274,4.34217421719642,0.557240167378377));
#1555=CARTESIAN_POINT('',(-34.8147728824857,3.7535868326266,0.59611625053751));
#1556=CARTESIAN_POINT('',(-36.8137211541517,3.06899507760173,0.632311230679076));
#1557=CARTESIAN_POINT('',(-38.3417312633145,2.15052747852435,0.696023395694558));
#1558=CARTESIAN_POINT('',(-39.2353234901025,1.0457294255705,0.749845630403047));
#1559=CARTESIAN_POINT('',(-39.4817649644401,0.348017425848459,0.777352553317696));
#1560=CARTESIAN_POINT('',(-39.48176660124,-2.7272049278931E-17,0.777350098117931));
#1561=CARTESIAN_POINT('',(-0.148433267924943,-2.71533332887183E-17,59.7773500981125));
#1562=CARTESIAN_POINT('',(-0.148425419778094,0.223082051648443,59.7773500981125));
#1563=CARTESIAN_POINT('',(0.0275571811926072,0.655375632099908,59.7403228004551));
#1564=CARTESIAN_POINT('',(0.653006565242478,1.29921283660131,59.6684766473427));
#1565=CARTESIAN_POINT('',(1.67145307690992,1.76483881769097,59.6084184554445));
#1566=CARTESIAN_POINT('',(2.9566503995603,2.0939816143192,59.5711476787469));
#1567=CARTESIAN_POINT('',(4.68804482389233,2.3361560533343,59.5433526079807));
#1568=CARTESIAN_POINT('',(6.88191459742379,2.46645081721912,59.5257139876093));
#1569=CARTESIAN_POINT('',(9.51669192678316,2.46412385224133,59.5153325584243));
#1570=CARTESIAN_POINT('',(12.1474004585134,2.40849455605581,59.5188122858269));
#1571=CARTESIAN_POINT('',(15.6575651245426,2.38333791828909,59.5108746335608));
#1572=CARTESIAN_POINT('',(20.037040985496,2.14000405943052,59.5061417282269));
#1573=CARTESIAN_POINT('',(25.2894376126346,1.73884196320104,59.5028711883277));
#1574=CARTESIAN_POINT('',(29.6599979646128,1.31029833853291,59.5015220629746));
#1575=CARTESIAN_POINT('',(33.1508427199353,0.921608607368803,59.5003854759074));
#1576=CARTESIAN_POINT('',(35.7665819146454,0.608670625580583,59.5007335393927));
#1577=CARTESIAN_POINT('',(37.9457997851554,0.34304161043724,59.4989130215121));
#1578=CARTESIAN_POINT('',(39.6805261919163,0.0547287806913223,59.5002819723749));
#1579=CARTESIAN_POINT('',(40.5598579250818,0.0154607830454687,59.5002264775983));
#1580=CARTESIAN_POINT('',(41.0000000000327,-5.87174113095607E-20,59.4999999999947));
#1581=CARTESIAN_POINT('',(-40.,-2.71050543121376E-17,0.));
#1582=CARTESIAN_POINT('',(6.93889390390723E-15,-2.71050543121376E-17,0.));
#1583=CARTESIAN_POINT('',(7.2814628338988,-3.31365342161044,0.));
#1584=CARTESIAN_POINT('',(7.28146283389843,3.31365342161125,0.));
#1585=CARTESIAN_POINT('',(7.28146283389843,3.31365342161125,0.));
#1586=CARTESIAN_POINT('',(7.59861559127243,3.21460902276406,0.));
#1587=CARTESIAN_POINT('',(7.92276136534409,3.15146088563971,0.));
#1588=CARTESIAN_POINT('',(8.25390055213554,3.12421104308255,0.));
#1589=CARTESIAN_POINT('',(8.25390055213554,3.12421104308255,0.));
#1590=CARTESIAN_POINT('',(8.25390055213554,3.12421104308255,0.));
#1591=CARTESIAN_POINT('',(13.0535465652726,2.72924239121326,0.));
#1592=CARTESIAN_POINT('',(20.2419728930371,2.03529187676786,1.020135680475E-15));
#1593=CARTESIAN_POINT('',(29.8066709162908,0.927388074654896,7.08181146300759E-15));
#1594=CARTESIAN_POINT('',(34.5861316053973,0.346888514530338,0.));
#1595=CARTESIAN_POINT('',(36.969699789593,-1.08595453207253E-12,0.));
#1596=CARTESIAN_POINT('',(36.969699789593,-1.08461137416815E-12,0.));
#1597=CARTESIAN_POINT('',(36.969699789593,-1.08461137416815E-12,0.));
#1598=CARTESIAN_POINT('',(34.586131605398,-0.346888514538734,0.));
#1599=CARTESIAN_POINT('',(29.8066709162909,-0.927388074657561,5.20417042793042E-15));
#1600=CARTESIAN_POINT('',(20.2419728930364,-2.03529187676246,-7.80625564189563E-15));
#1601=CARTESIAN_POINT('',(13.0535465652723,-2.72924239121134,0.));
#1602=CARTESIAN_POINT('',(8.25390055213548,-3.12421104308165,0.));
#1603=CARTESIAN_POINT('',(8.25390055213548,-3.12421104308165,0.));
#1604=CARTESIAN_POINT('',(8.25390055213548,-3.12421104308165,0.));
#1605=CARTESIAN_POINT('',(7.92276136534417,-3.15146088563888,0.));
#1606=CARTESIAN_POINT('',(7.59861559127266,-3.21460902276326,0.));
#1607=CARTESIAN_POINT('',(7.28146283389881,-3.31365342161044,0.));
#1608=CARTESIAN_POINT('',(6.93889390390723E-15,-2.71050543121376E-17,60.));
#1609=CARTESIAN_POINT('',(0.267591879244078,3.89000054112266E-14,60.));
#1610=CARTESIAN_POINT('',(0.267591879244078,-0.100597502976511,60.));
#1611=CARTESIAN_POINT('',(0.349909082920445,-0.285047811672808,60.));
#1612=CARTESIAN_POINT('',(0.585018988354423,-0.602040568656371,59.9999999999999));
#1613=CARTESIAN_POINT('',(0.984038050625326,-0.898008410944206,59.9999999999999));
#1614=CARTESIAN_POINT('',(1.50590160321755,-1.1517291613455,59.9999999999998));
#1615=CARTESIAN_POINT('',(2.24175378859428,-1.40993927287628,59.9999999999998));
#1616=CARTESIAN_POINT('',(3.18614563903683,-1.62688936157428,59.9999999999996));
#1617=CARTESIAN_POINT('',(4.32864406927286,-1.78039376322078,59.9999999999994));
#1618=CARTESIAN_POINT('',(5.47878898398182,-1.88248326899705,59.9999999999993));
#1619=CARTESIAN_POINT('',(7.02112951362157,-1.95677155169997,59.9999999999989));
#1620=CARTESIAN_POINT('',(8.95072101498093,-1.97023417130884,59.9999999999987));
#1621=CARTESIAN_POINT('',(11.2618806187799,-1.92164844354928,59.9999999999983));
#1622=CARTESIAN_POINT('',(13.5748824639026,-1.90878414950651,59.999999999998));
#1623=CARTESIAN_POINT('',(15.8858921678509,-1.84566603844944,59.9999999999976));
#1624=CARTESIAN_POINT('',(18.9649957665442,-1.69905486359838,59.9999999999971));
#1625=CARTESIAN_POINT('',(22.8109650693464,-1.43849871582737,59.9999999999965));
#1626=CARTESIAN_POINT('',(27.4229938354065,-1.0344641937444,59.9999999999958));
#1627=CARTESIAN_POINT('',(32.0267878157293,-0.554069013165409,59.9999999999949));
#1628=CARTESIAN_POINT('',(35.0909891101738,-0.1895244166774,59.9999999999944));
#1629=CARTESIAN_POINT('',(36.6222861491669,2.09842344666352E-14,59.9999999999942));
#1630=CARTESIAN_POINT('',(0.267591879244078,3.89000054112266E-14,60.));
#1631=CARTESIAN_POINT('',(36.6222861491669,2.2457724719517E-14,59.9999999999942));
#1632=CARTESIAN_POINT('',(36.6222861491669,1.6862182946598E-14,59.9999999999942));
#1633=CARTESIAN_POINT('',(35.0909990262248,0.189523189395089,59.9999999999944));
#1634=CARTESIAN_POINT('',(32.0268379465336,0.554060613975438,59.9999999999949));
#1635=CARTESIAN_POINT('',(27.4237644640892,1.0343875722715,59.9999999999956));
#1636=CARTESIAN_POINT('',(22.8116961884732,1.43844263588734,59.9999999999963));
#1637=CARTESIAN_POINT('',(18.9655845219224,1.6990213344155,59.9999999999969));
#1638=CARTESIAN_POINT('',(15.886389800959,1.84564532805571,59.9999999999974));
#1639=CARTESIAN_POINT('',(13.5753090277881,1.90878315501535,59.9999999999977));
#1640=CARTESIAN_POINT('',(11.2622360236764,1.92163981508325,59.9999999999981));
#1641=CARTESIAN_POINT('',(8.95100523262567,1.97023258338842,59.9999999999985));
#1642=CARTESIAN_POINT('',(7.02135558265287,1.9567770131355,59.9999999999987));
#1643=CARTESIAN_POINT('',(5.47896615038132,1.88249560459542,59.999999999999));
#1644=CARTESIAN_POINT('',(4.32878514906426,1.78040980718724,59.9999999999992));
#1645=CARTESIAN_POINT('',(3.18625021605173,1.62690807298635,59.9999999999994));
#1646=CARTESIAN_POINT('',(2.24182927855781,1.40996150740804,59.9999999999995));
#1647=CARTESIAN_POINT('',(1.50595092433504,1.15174962727685,59.9999999999997));
#1648=CARTESIAN_POINT('',(0.98406892780847,0.898027893141188,59.9999999999997));
#1649=CARTESIAN_POINT('',(0.58503355289657,0.602056022371131,59.9999999999999));
#1650=CARTESIAN_POINT('',(0.349913332517915,0.285056091016344,59.9999999999999));
#1651=CARTESIAN_POINT('',(0.267591879244093,0.100600595898313,59.9999999999999));
#1652=CARTESIAN_POINT('',(0.267591879244099,2.7747687318385E-14,60.));
#1653=CARTESIAN_POINT('',(6.93889390390723E-15,-2.71050543121376E-17,8.));
#1654=CARTESIAN_POINT('',(-3.80366728808045,5.27087423124331,8.00000000000001));
#1655=CARTESIAN_POINT('',(-1.08244039793964,5.16249590287085,8.00000000000001));
#1656=CARTESIAN_POINT('',(1.63686136656365,5.00822261278365,8.));
#1657=CARTESIAN_POINT('',(4.35418522613466,4.82608236737723,8.));
#1658=CARTESIAN_POINT('',(-3.80366728808045,5.27087423124331,8.));
#1659=CARTESIAN_POINT('',(4.35418522613466,4.82608236737723,8.));
#1660=CARTESIAN_POINT('',(6.93889390390723E-15,-2.71050543121376E-17,8.));
#1661=CARTESIAN_POINT('',(6.93889390390723E-15,-2.71050543121376E-17,8.));
#1662=CARTESIAN_POINT('',(6.93889390390723E-15,-2.71050543121376E-17,-0.5));
#1663=CARTESIAN_POINT('',(6.82637140677978,3.10655008276055,-0.5));
#1664=CARTESIAN_POINT('',(6.82637140678012,-3.10655008275979,-0.5));
#1665=CARTESIAN_POINT('',(6.82637140678012,-3.10655008275979,-0.5));
#1666=CARTESIAN_POINT('',(6.65338926408248,-3.48666317327392,-0.5));
#1667=CARTESIAN_POINT('',(6.26516354561209,-4.17026513756702,-0.197477486041486));
#1668=CARTESIAN_POINT('',(5.84781317372354,-4.70829957228212,0.268197257611349));
#1669=CARTESIAN_POINT('',(5.62342424585025,-4.96256987368276,0.5));
#1670=CARTESIAN_POINT('',(5.62342424585025,-4.96256987368275,0.5));
#1671=CARTESIAN_POINT('',(5.62342424585025,-4.96256987368275,0.5));
#1672=CARTESIAN_POINT('',(5.63583821231239,-4.94850276696843,2.66667287871878));
#1673=CARTESIAN_POINT('',(5.64862072484869,-4.93391251762895,4.83334025507097));
#1674=CARTESIAN_POINT('',(5.66188101864084,-4.91864852685722,7.));
#1675=CARTESIAN_POINT('',(5.66188101864084,-4.91864852685722,7.));
#1676=CARTESIAN_POINT('',(6.93889390390723E-15,-2.71050543121376E-17,7.));
#1677=CARTESIAN_POINT('',(-5.08265430101416,-5.5151269483469,7.));
#1678=CARTESIAN_POINT('',(-5.08265430101416,-5.5151269483469,7.));
#1679=CARTESIAN_POINT('',(-5.03854468866848,-5.55577767370727,4.83348713510361));
#1680=CARTESIAN_POINT('',(-4.99940372026948,-5.59092404863552,2.6667745969605));
#1681=CARTESIAN_POINT('',(-4.96214280714888,-5.62380109547454,0.500000000000001));
#1682=CARTESIAN_POINT('',(-4.96214280714887,-5.62380109547454,0.500000000000002));
#1683=CARTESIAN_POINT('',(-6.38713524460439,-3.93122161256935,-0.5));
#1684=CARTESIAN_POINT('',(-6.16816913734784,-4.28698027459961,-0.499999999999994));
#1685=CARTESIAN_POINT('',(-5.69779729993499,-4.91719255886967,-0.197448895894555));
#1686=CARTESIAN_POINT('',(-5.21654318340475,-5.399331741786,0.268204082649936));
#1687=CARTESIAN_POINT('',(-4.96214280714887,-5.62380109547454,0.5));
#1688=CARTESIAN_POINT('',(-6.38713524460439,-3.93122161256935,-0.5));
#1689=CARTESIAN_POINT('',(6.93889390390723E-15,-2.71050543121376E-17,-0.5));
#1690=CARTESIAN_POINT('',(-6.38713524460436,3.9312216125694,-0.5));
#1691=CARTESIAN_POINT('',(-6.38713524460436,3.9312216125694,-0.5));
#1692=CARTESIAN_POINT('',(-6.1681691373478,4.28698027459968,-0.499999999999999));
#1693=CARTESIAN_POINT('',(-5.69779729979141,4.91719255899638,-0.197448896174629));
#1694=CARTESIAN_POINT('',(-5.21654318369175,5.39933174153277,0.268204083210137));
#1695=CARTESIAN_POINT('',(-4.96214280714884,5.62380109547456,0.5));
#1696=CARTESIAN_POINT('',(-4.96214280714884,5.62380109547457,0.500000000000001));
#1697=CARTESIAN_POINT('',(-4.96214280714883,5.62380109547457,0.500000000000001));
#1698=CARTESIAN_POINT('',(-4.99940372026925,5.59092404863572,2.66677459696096));
#1699=CARTESIAN_POINT('',(-5.03854468866814,5.55577767370758,4.83348713510452));
#1700=CARTESIAN_POINT('',(-5.08265430101397,5.51512694834708,7.00000000000137));
#1701=CARTESIAN_POINT('',(-5.08265430101396,5.51512694834708,7.00000000000137));
#1702=CARTESIAN_POINT('',(6.93889390390723E-15,-2.71050543121376E-17,7.));
#1703=CARTESIAN_POINT('',(5.66188101863718,4.91864852686143,7.));
#1704=CARTESIAN_POINT('',(5.66188101863718,4.91864852686143,7.));
#1705=CARTESIAN_POINT('',(5.64862072484506,4.9339125176331,4.83334025507098));
#1706=CARTESIAN_POINT('',(5.63583821230956,4.94850276697164,2.6666728787188));
#1707=CARTESIAN_POINT('',(5.62342424584974,4.96256987368333,0.499999999999998));
#1708=CARTESIAN_POINT('',(5.62342424584974,4.96256987368333,0.5));
#1709=CARTESIAN_POINT('',(6.82637140677978,3.10655008276055,-0.5));
#1710=CARTESIAN_POINT('',(6.65338926408212,3.48666317327461,-0.499999999999999));
#1711=CARTESIAN_POINT('',(6.2651635457206,4.1702651374442,-0.197477485800771));
#1712=CARTESIAN_POINT('',(5.84781317350522,4.70829957252957,0.268197257129785));
#1713=CARTESIAN_POINT('',(5.62342424584974,4.96256987368333,0.5));
#1714=CARTESIAN_POINT('',(6.93889390390723E-15,-2.71050543121376E-17,-10.));
#1715=CARTESIAN_POINT('',(7.50000000000001,-2.71050543121376E-17,-10.));
#1716=CARTESIAN_POINT('',(6.93889390390723E-15,-2.71050543121376E-17,8.));
#1717=CARTESIAN_POINT('',(4.35418522610809,-4.82608236738042,8.));
#1718=CARTESIAN_POINT('',(1.63686136654587,-5.00822261278853,8.));
#1719=CARTESIAN_POINT('',(-1.08244039794902,-5.1624959028712,8.));
#1720=CARTESIAN_POINT('',(-3.80366728808123,-5.2708742312426,8.));
#1721=CARTESIAN_POINT('',(4.35418522610809,-4.82608236738042,8.));
#1722=CARTESIAN_POINT('',(-3.80366728808122,-5.2708742312426,8.));
#1723=CARTESIAN_POINT('',(6.93889390390723E-15,-2.71050543121376E-17,8.));
#1724=CARTESIAN_POINT('',(6.93889390390723E-15,-2.71050543121376E-17,-10.));
#1725=CARTESIAN_POINT('',(-4.96145700096685,5.62440613998997,0.460102062993));
#1726=CARTESIAN_POINT('',(-6.16032237561569,4.56685110960612,0.403940608917645));
#1727=CARTESIAN_POINT('',(-7.75827380303987,4.62810263332293,0.363265995442507));
#1728=CARTESIAN_POINT('',(-4.99999781104018,5.59040813785394,2.70325388488309));
#1729=CARTESIAN_POINT('',(-6.19715224648278,4.51974521080538,2.64519220076132));
#1730=CARTESIAN_POINT('',(-7.80270231430032,4.57555581280309,2.60078004095804));
#1731=CARTESIAN_POINT('',(-5.04035235879212,5.5541691503813,4.94635420042042));
#1732=CARTESIAN_POINT('',(-6.2408802598425,4.46467091212082,4.88574516329382));
#1733=CARTESIAN_POINT('',(-7.86170504335449,4.51972038889066,4.8431872490766));
#1734=CARTESIAN_POINT('',(-5.08652012120296,5.5115617620233,7.18881259011853));
#1735=CARTESIAN_POINT('',(-6.27553454456925,4.41424197318853,7.11930834964299));
#1736=CARTESIAN_POINT('',(-7.89375165739994,4.45395981352496,7.06938113976256));
#1737=CARTESIAN_POINT('',(-4.96214280714884,5.62380109547458,0.5));
#1738=CARTESIAN_POINT('',(-5.72973051693589,4.9465225487563,0.504495553231695));
#1739=CARTESIAN_POINT('',(-6.7382649198021,4.58634862473472,0.508878020694667));
#1740=CARTESIAN_POINT('',(-7.76123399918457,4.6245989280309,0.512151558312983));
#1741=CARTESIAN_POINT('',(-7.8931847827921,4.45512804207261,7.02978537363142));
#1742=CARTESIAN_POINT('',(-6.85961268243158,4.43077309045059,7.02176410743954));
#1743=CARTESIAN_POINT('',(-5.84287360647043,4.81452078664306,7.01095623452529));
#1744=CARTESIAN_POINT('',(-5.08265430101394,5.51512694834711,7.));
#1745=CARTESIAN_POINT('',(5.62319910840853,-4.96282498051197,0.460698527523915));
#1746=CARTESIAN_POINT('',(6.68888129996503,-3.75533868531944,0.439324345194427));
#1747=CARTESIAN_POINT('',(8.29402704711854,-3.62332277866581,0.42391418834593));
#1748=CARTESIAN_POINT('',(5.63585455457121,-4.9484855480601,2.67031471980597));
#1749=CARTESIAN_POINT('',(6.70417808970902,-3.7317953803601,2.64998473462488));
#1750=CARTESIAN_POINT('',(8.31806920172088,-3.60096302323421,2.63253678686514));
#1751=CARTESIAN_POINT('',(5.64889257748595,-4.93360302315813,4.87992023752314));
#1752=CARTESIAN_POINT('',(6.71996293625067,-3.70727970524263,4.85910606704514));
#1753=CARTESIAN_POINT('',(8.34304178767466,-3.57775174230502,4.84102126020183));
#1754=CARTESIAN_POINT('',(5.6624290663708,-4.91801759536495,7.08950337173936));
#1755=CARTESIAN_POINT('',(6.73636923233423,-3.68152140693617,7.06604192884767));
#1756=CARTESIAN_POINT('',(8.36920018548609,-3.55344272107833,7.0493185311927));
#1757=CARTESIAN_POINT('',(5.62342424585025,-4.96256987368274,0.5));
#1758=CARTESIAN_POINT('',(6.30476353187106,-4.19049815314566,0.501708757095682));
#1759=CARTESIAN_POINT('',(7.26865600380054,-3.70696824009716,0.503369668167431));
#1760=CARTESIAN_POINT('',(8.294905804842,-3.62250551971543,0.504602586962225));
#1761=CARTESIAN_POINT('',(8.36873504304828,-3.55387497872822,7.01004049673474));
#1762=CARTESIAN_POINT('',(7.32590775966148,-3.6358337859996,7.00736993473724));
#1763=CARTESIAN_POINT('',(6.34789325564062,-4.12897639598305,7.00374135864224));
#1764=CARTESIAN_POINT('',(5.66188101864083,-4.91864852685721,7.));
#1765=CARTESIAN_POINT('',(-7.7582738030399,-4.6281026333229,0.363265995442013));
#1766=CARTESIAN_POINT('',(-6.16032237561573,-4.56685110960609,0.403940608917362));
#1767=CARTESIAN_POINT('',(-4.9614570009669,-5.62440613998995,0.460102062993009));
#1768=CARTESIAN_POINT('',(-7.80270231425452,-4.57555581280152,2.60078004093819));
#1769=CARTESIAN_POINT('',(-6.19715224642783,-4.51974521078453,2.64519220074175));
#1770=CARTESIAN_POINT('',(-4.99999781101962,-5.5904081378721,2.70325388486155));
#1771=CARTESIAN_POINT('',(-7.8617050433367,-4.51972038888833,4.84318724912481));
#1772=CARTESIAN_POINT('',(-6.24088025983434,-4.4646709121491,4.88574516335229));
#1773=CARTESIAN_POINT('',(-5.04035235879233,-5.55416915038111,4.94635420047858));
#1774=CARTESIAN_POINT('',(-7.89375165740122,-4.45395981352468,7.06938113976247));
#1775=CARTESIAN_POINT('',(-6.27553454456989,-4.41424197318786,7.11930834964278));
#1776=CARTESIAN_POINT('',(-5.08652012120317,-5.51156176202311,7.18881259011815));
#1777=CARTESIAN_POINT('',(-7.76123399918463,-4.62459892803085,0.512151558312399));
#1778=CARTESIAN_POINT('',(-6.73644453702798,-4.58628055797232,0.508872195404122));
#1779=CARTESIAN_POINT('',(-5.73109473144725,-4.94531883847018,0.504503543066466));
#1780=CARTESIAN_POINT('',(-4.96214280714882,-5.62380109547447,0.5));
#1781=CARTESIAN_POINT('',(-5.08265430101372,-5.51512694834758,7.00000000000014));
#1782=CARTESIAN_POINT('',(-5.84251592419151,-4.81485042100856,7.01095107963009));
#1783=CARTESIAN_POINT('',(-6.86009676915385,-4.43078449740323,7.02176786430642));
#1784=CARTESIAN_POINT('',(-7.89318478279333,-4.4551280420722,7.02978537363561));
#1785=CARTESIAN_POINT('',(8.29402704711854,3.62332277866652,0.423914188352854));
#1786=CARTESIAN_POINT('',(6.68888129996481,3.75533868531992,0.439324345198454));
#1787=CARTESIAN_POINT('',(5.62319910840806,4.96282498051251,0.460698527523927));
#1788=CARTESIAN_POINT('',(8.31806920176835,3.6009630232352,2.63253678683261));
#1789=CARTESIAN_POINT('',(6.70417808976582,3.73179538036871,2.64998473459199));
#1790=CARTESIAN_POINT('',(5.63585455458332,4.94848554804638,2.67031471976875));
#1791=CARTESIAN_POINT('',(8.34304178764489,3.57775174231394,4.84102126013991));
#1792=CARTESIAN_POINT('',(6.71996293622157,3.70727970525262,4.85910606698369));
#1793=CARTESIAN_POINT('',(5.64889257747163,4.93360302317459,4.87992023745838));
#1794=CARTESIAN_POINT('',(8.36920018548918,3.55344272108411,7.04931853119181));
#1795=CARTESIAN_POINT('',(6.73636923233369,3.68152140693865,7.06604192884676));
#1796=CARTESIAN_POINT('',(5.66242906636713,4.91801759536916,7.08950337173847));
#1797=CARTESIAN_POINT('',(8.29490580484194,3.62250551971635,0.504602586961191));
#1798=CARTESIAN_POINT('',(7.26672465701916,3.70712719438265,0.503367347879941));
#1799=CARTESIAN_POINT('',(6.30604554149654,4.18904542115522,0.50171197229679));
#1800=CARTESIAN_POINT('',(5.62342424584975,4.96256987368335,0.5));
#1801=CARTESIAN_POINT('',(5.66188101863719,4.91864852686143,7.));
#1802=CARTESIAN_POINT('',(6.34914955360788,4.12753026508555,7.00374821021281));
#1803=CARTESIAN_POINT('',(7.32399716495991,3.63598394515758,7.00736504192193));
#1804=CARTESIAN_POINT('',(8.36873504305136,3.55387497873399,7.01004049673504));
#1805=CARTESIAN_POINT('',(8.36873504305135,3.553874978734,7.01004049673473));
#1806=CARTESIAN_POINT('',(8.36873504305134,3.553874978734,7.01004049673473));
#1807=CARTESIAN_POINT('',(8.36873504305134,3.553874978734,7.01004049673474));
#1808=CARTESIAN_POINT('',(7.91732119746481,3.5855941884141,7.382070351867));
#1809=CARTESIAN_POINT('',(7.84136701003629,3.59249757965134,7.28914980230715));
#1810=CARTESIAN_POINT('',(7.7654128667555,3.59940096625095,7.19622922930952));
#1811=CARTESIAN_POINT('',(7.01184072760937,3.64719072953975,8.12602636598716));
#1812=CARTESIAN_POINT('',(6.71233205975979,3.67242485826097,7.87761886680997));
#1813=CARTESIAN_POINT('',(6.58284413149454,3.876511395526,7.56857492202323));
#1814=CARTESIAN_POINT('',(5.96393830903507,3.7165512902943,8.68238120887792));
#1815=CARTESIAN_POINT('',(5.66289085244207,3.74469350643237,8.11661520116363));
#1816=CARTESIAN_POINT('',(5.62507068597368,4.31119722154868,7.84719938065813));
#1817=CARTESIAN_POINT('',(5.39966037898522,3.75404137990068,8.84350292780408));
#1818=CARTESIAN_POINT('',(5.19411492503935,3.77751746126743,8.1183383842653));
#1819=CARTESIAN_POINT('',(5.18823181069677,4.50717503047103,7.92799948674437));
#1820=CARTESIAN_POINT('',(5.46950007190743,4.75152133766163,8.85599897348847));
#1821=CARTESIAN_POINT('',(5.18823181069649,4.50717503047076,7.92799948674424));
#1822=CARTESIAN_POINT('',(5.18823181069649,4.50717503047076,7.92799948674424));
#1823=CARTESIAN_POINT('',(5.71019077541583,4.2730100380309,7.83145510225505));
#1824=CARTESIAN_POINT('',(6.73676952442595,3.82449898147639,7.5165343102549));
#1825=CARTESIAN_POINT('',(7.81654796693403,3.59554239722504,7.18044606120495));
#1826=CARTESIAN_POINT('',(8.36873504305134,3.55387497873399,7.01004049673473));
#1827=CARTESIAN_POINT('',(4.28731205594679,3.82841125693412,8.98657113198173));
#1828=CARTESIAN_POINT('',(4.28819818718365,3.84163132011822,8.));
#1829=CARTESIAN_POINT('',(4.35418522612523,4.82608236737786,8.));
#1830=CARTESIAN_POINT('',(1.57755389084571,4.01007474058806,8.98431550277975));
#1831=CARTESIAN_POINT('',(1.58150591112323,4.02528739391925,8.00000000000758));
#1832=CARTESIAN_POINT('',(1.63739527142023,5.00818682557975,8.));
#1833=CARTESIAN_POINT('',(-1.13376842012549,4.16391447034665,8.98120276562049));
#1834=CARTESIAN_POINT('',(-1.12693416982365,4.18211358106151,7.99999999996153));
#1835=CARTESIAN_POINT('',(-1.08278580966662,5.16250965941448,8.00000000000001));
#1836=CARTESIAN_POINT('',(-3.84345203489757,4.27193537989041,8.97679773333366));
#1837=CARTESIAN_POINT('',(-3.84254987084363,4.29458744621936,8.00000000000001));
#1838=CARTESIAN_POINT('',(-3.80366728808055,5.27087423124331,8.00000000000001));
#1839=CARTESIAN_POINT('',(4.35418522612523,4.82608236737786,9.));
#1840=CARTESIAN_POINT('',(-3.80366728808056,5.27087423124331,9.));
#1841=CARTESIAN_POINT('',(-7.8931847827929,4.45512804207263,7.02978537363142));
#1842=CARTESIAN_POINT('',(-7.8931847827928,4.45512804207263,7.02978537363142));
#1843=CARTESIAN_POINT('',(-7.89318478279269,4.45512804207263,7.02978537363142));
#1844=CARTESIAN_POINT('',(-7.29506879526011,4.43540520930799,7.21398859193367));
#1845=CARTESIAN_POINT('',(-7.37126981701706,4.43445480025408,7.30670587819016));
#1846=CARTESIAN_POINT('',(-7.44747088338725,4.43350439243882,7.39942314076546));
#1847=CARTESIAN_POINT('',(-6.08855706609441,4.58138642327248,7.58463975346115));
#1848=CARTESIAN_POINT('',(-6.23666958118764,4.38574904197006,7.88979717153821));
#1849=CARTESIAN_POINT('',(-6.53300615141562,4.38722070374126,8.14196756680844));
#1850=CARTESIAN_POINT('',(-5.10620205843644,4.90120359887613,7.85298859127493));
#1851=CARTESIAN_POINT('',(-5.20185560724686,4.34483313206736,8.11687692482286));
#1852=CARTESIAN_POINT('',(-5.49701229013753,4.34022681524992,8.68015554866647));
#1853=CARTESIAN_POINT('',(-4.6517799366853,5.04759036660741,7.93132123254588));
#1854=CARTESIAN_POINT('',(-4.73369313237093,4.32724767802735,8.11675713527087));
#1855=CARTESIAN_POINT('',(-4.93399446437949,4.31634233070812,8.83769422297899));
#1856=CARTESIAN_POINT('',(-4.6517799366853,5.0475903666074,7.93132123254581));
#1857=CARTESIAN_POINT('',(-5.19174016872102,4.87364850247117,7.83824365172708));
#1858=CARTESIAN_POINT('',(-6.25401081915733,4.54533156911296,7.53136247758428));
#1859=CARTESIAN_POINT('',(-7.34553557125525,4.43706959089457,7.19843805898661));
#1860=CARTESIAN_POINT('',(-7.89318478279308,4.45512804207264,7.02978537363142));
#1861=CARTESIAN_POINT('',(-4.65177993668532,5.0475903666074,7.9313212325459));
#1862=CARTESIAN_POINT('',(-4.89859281249191,5.31540404464732,8.86264246509181));
#1863=CARTESIAN_POINT('',(8.3874587150438,3.55244764031555,7.01008832653437));
#1864=CARTESIAN_POINT('',(8.3869567567404,3.54565024581996,7.68567670608343));
#1865=CARTESIAN_POINT('',(8.34061001784931,2.91803423529489,7.93147385464815));
#1866=CARTESIAN_POINT('',(7.3411846157945,3.62973744623516,7.00742227891085));
#1867=CARTESIAN_POINT('',(7.33808680941417,3.62492416684597,7.6845460460376));
#1868=CARTESIAN_POINT('',(7.12751569167338,3.00815913450402,7.93126230471319));
#1869=CARTESIAN_POINT('',(6.34923889024514,4.12742742924359,7.00374869741123));
#1870=CARTESIAN_POINT('',(6.34643630930137,4.12676361494609,7.6829840583797));
#1871=CARTESIAN_POINT('',(5.97843937537333,3.58614827628336,7.93097046916772));
#1872=CARTESIAN_POINT('',(5.66188101864236,4.91864852686502,7.));
#1873=CARTESIAN_POINT('',(5.66188101864236,4.91864852686502,7.68138478859682));
#1874=CARTESIAN_POINT('',(5.18315320840059,4.50276309393855,7.93067221409561));
#1875=CARTESIAN_POINT('',(4.90696354948556,4.2628287232799,7.));
#1876=CARTESIAN_POINT('',(4.35418522612669,4.82608236737262,8.));
#1877=CARTESIAN_POINT('',(4.28819818718547,3.84163132011803,8.00000000000506));
#1878=CARTESIAN_POINT('',(4.28731205595259,3.82841125693374,8.98657113198174));
#1879=CARTESIAN_POINT('',(4.65362585063103,4.71374585515468,7.99999999999924));
#1880=CARTESIAN_POINT('',(4.5804590709487,3.82057471446133,8.08689758255018));
#1881=CARTESIAN_POINT('',(4.66427087705231,3.80313975711595,8.98688492552735));
#1882=CARTESIAN_POINT('',(4.93023167589594,4.60644280013216,7.98005936076119));
#1883=CARTESIAN_POINT('',(4.88643611622154,3.79887200776428,8.13467912162737));
#1884=CARTESIAN_POINT('',(5.03609354634713,3.77819641528738,8.94731434972682));
#1885=CARTESIAN_POINT('',(5.18823181069647,4.50717503047077,7.92799948674424));
#1886=CARTESIAN_POINT('',(5.19411492503916,3.77751746126744,8.11833838426531));
#1887=CARTESIAN_POINT('',(5.3996603789851,3.75404137990069,8.84350292780383));
#1888=CARTESIAN_POINT('',(4.35418522612369,4.82608236737375,8.));
#1889=CARTESIAN_POINT('',(4.63468270945537,4.72085246393266,7.99999999999941));
#1890=CARTESIAN_POINT('',(4.91281454100198,4.61314418756687,7.98357383250472));
#1891=CARTESIAN_POINT('',(5.18823181069649,4.50717503047077,7.92799948674424));
#1892=CARTESIAN_POINT('',(-3.84345203489752,4.27193537989041,8.97679773333366));
#1893=CARTESIAN_POINT('',(-3.84254987084361,4.29458744621936,7.99999999999995));
#1894=CARTESIAN_POINT('',(-3.80366728808054,5.27087423124336,8.));
#1895=CARTESIAN_POINT('',(-4.21264848439303,4.28665331060228,8.97619755358047));
#1896=CARTESIAN_POINT('',(-4.13013834022252,4.30464609261962,8.08427449384083));
#1897=CARTESIAN_POINT('',(-4.10741218504194,5.19282625238729,8.));
#1898=CARTESIAN_POINT('',(-4.57711891742389,4.30120286687025,8.93755195236158));
#1899=CARTESIAN_POINT('',(-4.43099312769511,4.31546570953074,8.13115822227648));
#1900=CARTESIAN_POINT('',(-4.38895688980481,5.11713901832395,7.98097330767738));
#1901=CARTESIAN_POINT('',(-4.93399446437953,4.31634233070813,8.837694222979));
#1902=CARTESIAN_POINT('',(-4.73369313237098,4.32724767802736,8.1167571352709));
#1903=CARTESIAN_POINT('',(-4.65177993668535,5.0475903666074,7.9313212325459));
#1904=CARTESIAN_POINT('',(-4.65177993668532,5.0475903666074,7.9313212325459));
#1905=CARTESIAN_POINT('',(-4.37144588338587,5.12177280360093,7.98428145814854));
#1906=CARTESIAN_POINT('',(-4.08854838975746,5.19767335296931,8.00000000000001));
#1907=CARTESIAN_POINT('',(-3.80366728808056,5.27087423124335,8.));
#1908=CARTESIAN_POINT('',(-7.92998357921429,3.80757815820261,7.93627602950477));
#1909=CARTESIAN_POINT('',(-7.91215231895563,4.43553149211643,7.70059016577604));
#1910=CARTESIAN_POINT('',(-7.911582346819,4.45560387613404,7.02992784813096));
#1911=CARTESIAN_POINT('',(-7.33233259079673,3.79140005161582,7.93597875235447));
#1912=CARTESIAN_POINT('',(-7.39476734059883,4.42356099283276,7.69896275092191));
#1913=CARTESIAN_POINT('',(-7.39753953693976,4.44112618590506,7.02595548819787));
#1914=CARTESIAN_POINT('',(-6.11555710774563,3.99772807744743,7.93526146250657));
#1915=CARTESIAN_POINT('',(-6.34266719412184,4.60758154864265,7.69502445304637));
#1916=CARTESIAN_POINT('',(-6.35065696367465,4.61685035983621,7.01639227713122));
#1917=CARTESIAN_POINT('',(-5.08773054079647,4.63484116659546,7.9344402952355));
#1918=CARTESIAN_POINT('',(-5.46011414019659,5.16214033694305,7.69049322994644));
#1919=CARTESIAN_POINT('',(-5.46338590153271,5.16425069018788,7.00548708078201));
#1920=CARTESIAN_POINT('',(-4.64704051360044,5.04244767571656,7.93402590756225));
#1921=CARTESIAN_POINT('',(-5.0826543010139,5.51512694834704,7.68819796760885));
#1922=CARTESIAN_POINT('',(-5.08265430101391,5.51512694834705,7.00000000000003));
#1923=CARTESIAN_POINT('',(-4.40496706087874,4.77977668856749,7.00000000000043));
#1924=CARTESIAN_POINT('',(6.93889390390723E-15,-2.71050543121376E-17,7.));
#1925=CARTESIAN_POINT('',(-7.89318478279341,-4.45512804207233,7.02978537363135));
#1926=CARTESIAN_POINT('',(-7.89318478279341,-4.45512804207233,7.02978537363135));
#1927=CARTESIAN_POINT('',(-7.89318478279342,-4.45512804207233,7.02978537363135));
#1928=CARTESIAN_POINT('',(-7.44464462328027,-4.43336727745204,7.40176700388767));
#1929=CARTESIAN_POINT('',(-7.36796036838199,-4.43432371359,7.30846182370037));
#1930=CARTESIAN_POINT('',(-7.29127615846375,-4.43528014737003,7.21515661957526));
#1931=CARTESIAN_POINT('',(-6.5343673524919,-4.38728675598229,8.14083174582346));
#1932=CARTESIAN_POINT('',(-6.23834633365019,-4.38581535012476,7.8889003197123));
#1933=CARTESIAN_POINT('',(-6.09039343238077,-4.58146149171378,7.58407375917558));
#1934=CARTESIAN_POINT('',(-5.49700125944001,-4.34022634730192,8.68015863518281));
#1935=CARTESIAN_POINT('',(-5.20184699079998,-4.3448328083772,8.11687692396784));
#1936=CARTESIAN_POINT('',(-5.10619315441656,-4.9012064653216,7.85299012667814));
#1937=CARTESIAN_POINT('',(-4.93399446437795,-4.31634233070719,8.83769422297959));
#1938=CARTESIAN_POINT('',(-4.73369313236973,-4.32724767802649,8.11675713527089));
#1939=CARTESIAN_POINT('',(-4.6517799366843,-5.04759036660716,7.93132123254622));
#1940=CARTESIAN_POINT('',(-4.89859281249039,-5.31540404464638,8.86264246509248));
#1941=CARTESIAN_POINT('',(-4.65177993668402,-5.04759036660664,7.93132123254655));
#1942=CARTESIAN_POINT('',(-4.65177993668406,-5.04759036660616,7.93132123254571));
#1943=CARTESIAN_POINT('',(-5.19174016871983,-4.87364850246988,7.83824365172739));
#1944=CARTESIAN_POINT('',(-6.25401081915343,-4.54533156911366,7.53136247757424));
#1945=CARTESIAN_POINT('',(-7.34553557126239,-4.43706959089314,7.1984380590084));
#1946=CARTESIAN_POINT('',(-7.89318478279342,-4.45512804207233,7.02978537363135));
#1947=CARTESIAN_POINT('',(4.35418522610819,-4.82608236738041,8.));
#1948=CARTESIAN_POINT('',(4.28819818716573,-3.84163132012045,7.99999999999999));
#1949=CARTESIAN_POINT('',(4.28731205592889,-3.82841125693673,8.98657113198211));
#1950=CARTESIAN_POINT('',(1.63713828988171,-5.00820405087681,8.));
#1951=CARTESIAN_POINT('',(1.58125016936938,-4.0253047466778,8.00000000002845));
#1952=CARTESIAN_POINT('',(1.57729757444487,-4.0100919241658,8.98431528942915));
#1953=CARTESIAN_POINT('',(-1.08346062218493,-5.16253653518185,8.));
#1954=CARTESIAN_POINT('',(-1.12760912889807,-4.18214153615576,7.9999999999815));
#1955=CARTESIAN_POINT('',(-1.13444045543549,-4.16394126087824,8.98120167313176));
#1956=CARTESIAN_POINT('',(-3.80366728808139,-5.27087423124261,8.));
#1957=CARTESIAN_POINT('',(-3.84254987084421,-4.29458744621881,8.));
#1958=CARTESIAN_POINT('',(-3.84345203489815,-4.2719353798897,8.9767977333335));
#1959=CARTESIAN_POINT('',(-3.80366728808139,-5.27087423124261,9.));
#1960=CARTESIAN_POINT('',(4.35418522610819,-4.82608236738041,9.));
#1961=CARTESIAN_POINT('',(-7.91168334559177,-4.45560672197584,7.02992862860823));
#1962=CARTESIAN_POINT('',(-7.91225383888067,-4.43553384205417,7.70059049079001));
#1963=CARTESIAN_POINT('',(-7.93010093883513,-3.80758132919697,7.93627609063783));
#1964=CARTESIAN_POINT('',(-6.877595882793,-4.42645618162844,7.0219377160073));
#1965=CARTESIAN_POINT('',(-6.87003518469242,-4.41139405572951,7.69731231136885));
#1966=CARTESIAN_POINT('',(-6.72712981146012,-3.77498709794343,7.93567773590963));
#1967=CARTESIAN_POINT('',(-5.83981066887835,-4.81734354177999,7.01091209157944));
#1968=CARTESIAN_POINT('',(-5.83190812498263,-4.81445221634933,7.69275404507111));
#1969=CARTESIAN_POINT('',(-5.52274425096516,-4.23248481774157,7.93484934820018));
#1970=CARTESIAN_POINT('',(-5.08265430101372,-5.51512694834732,7.00000000000002));
#1971=CARTESIAN_POINT('',(-5.0826543010137,-5.5151269483473,7.68819797350817));
#1972=CARTESIAN_POINT('',(-4.64704050853216,-5.04244767021769,7.93402591042225));
#1973=CARTESIAN_POINT('',(-4.40496706087858,-4.77977668856793,7.));
#1974=CARTESIAN_POINT('',(-3.80366728808135,-5.2708742312427,8.));
#1975=CARTESIAN_POINT('',(-3.84254987084417,-4.29458744621881,7.99999999999991));
#1976=CARTESIAN_POINT('',(-3.84345203489804,-4.2719353798897,8.9767977333335));
#1977=CARTESIAN_POINT('',(-4.10741218504281,-5.19282625238729,8.00000000000001));
#1978=CARTESIAN_POINT('',(-4.13013834022442,-4.30464609261924,8.08427449383951));
#1979=CARTESIAN_POINT('',(-4.21264848439477,-4.28665331060152,8.97619755357998));
#1980=CARTESIAN_POINT('',(-4.38895689009096,-5.11713901824542,7.98097330762394));
#1981=CARTESIAN_POINT('',(-4.4309931280364,-4.31546570954701,8.13115822227203));
#1982=CARTESIAN_POINT('',(-4.57711891780905,-4.30120286688559,8.93755195225857));
#1983=CARTESIAN_POINT('',(-4.65177993668391,-5.04759036660721,7.93132123254633));
#1984=CARTESIAN_POINT('',(-4.73369313236928,-4.32724767802647,8.11675713527098));
#1985=CARTESIAN_POINT('',(-4.93399446437731,-4.31634233070716,8.8376942229798));
#1986=CARTESIAN_POINT('',(-3.80366728808141,-5.27087423124268,8.));
#1987=CARTESIAN_POINT('',(-4.08854838975753,-5.19767335296877,8.00000000000001));
#1988=CARTESIAN_POINT('',(-4.37144588338569,-5.12177280360043,7.98428145814858));
#1989=CARTESIAN_POINT('',(-4.65177993668441,-5.04759036660708,7.93132123254624));
#1990=CARTESIAN_POINT('',(4.28731205592883,-3.82841125693674,8.98657113198212));
#1991=CARTESIAN_POINT('',(4.28819818716571,-3.84163132012046,7.99999999999995));
#1992=CARTESIAN_POINT('',(4.35418522610817,-4.82608236738046,8.));
#1993=CARTESIAN_POINT('',(4.66427087703003,-3.80313975711854,8.9868849255274));
#1994=CARTESIAN_POINT('',(4.58045907092885,-3.82057471446501,8.0868975825481));
#1995=CARTESIAN_POINT('',(4.65362585062079,-4.71374585516039,8.00000000000001));
#1996=CARTESIAN_POINT('',(5.03609354633645,-3.77819641528869,8.94731434973221));
#1997=CARTESIAN_POINT('',(4.88643611621149,-3.7988720077654,8.13467912162767));
#1998=CARTESIAN_POINT('',(4.93023167588717,-4.6064428001354,7.98005936076351));
#1999=CARTESIAN_POINT('',(5.39966037899143,-3.75404137990034,8.84350292780206));
#2000=CARTESIAN_POINT('',(5.19411492504437,-3.77751746126711,8.1183383842653));
#2001=CARTESIAN_POINT('',(5.18823181070193,-4.50717503046872,7.92799948674313));
#2002=CARTESIAN_POINT('',(5.18823181070192,-4.50717503046872,7.92799948674313));
#2003=CARTESIAN_POINT('',(4.91281454099779,-4.61314418756891,7.98357383250601));
#2004=CARTESIAN_POINT('',(4.63468270944983,-4.72085246393557,8.00000000000001));
#2005=CARTESIAN_POINT('',(4.3541852261082,-4.82608236738045,8.));
#2006=CARTESIAN_POINT('',(5.18823181070192,-4.50717503046872,7.92799948674313));
#2007=CARTESIAN_POINT('',(5.46950007191513,-4.75152133766118,8.85599897348625));
#2008=CARTESIAN_POINT('',(6.93889390390723E-15,-2.71050543121376E-17,7.));
#2009=CARTESIAN_POINT('',(4.90696354948873,-4.26282872327626,7.));
#2010=CARTESIAN_POINT('',(8.36873504304828,-3.55387497872823,7.01004049673474));
#2011=CARTESIAN_POINT('',(8.36873504304828,-3.55387497872822,7.01004049673474));
#2012=CARTESIAN_POINT('',(8.36873504304828,-3.55387497872823,7.01004049673474));
#2013=CARTESIAN_POINT('',(7.76738597529282,-3.59925207776749,7.19562031759057));
#2014=CARTESIAN_POINT('',(7.84309171763659,-3.59237126741794,7.28823700309875));
#2015=CARTESIAN_POINT('',(7.91879750408141,-3.58549045368935,7.38085366525861));
#2016=CARTESIAN_POINT('',(6.57343714504957,-3.87947522841328,7.57138222154732));
#2017=CARTESIAN_POINT('',(6.70317439684885,-3.67306827281051,7.881175961486));
#2018=CARTESIAN_POINT('',(7.00322599041626,-3.64777041781298,8.13163382103548));
#2019=CARTESIAN_POINT('',(5.62606604097182,-4.31075067865401,7.84701527423799));
#2020=CARTESIAN_POINT('',(5.6638935720194,-3.74462329546339,8.11661151350958));
#2021=CARTESIAN_POINT('',(5.9652240373789,-3.71646586774527,8.6820140853068));
#2022=CARTESIAN_POINT('',(5.18823181070191,-4.50717503046872,7.9279994867431));
#2023=CARTESIAN_POINT('',(5.19411492504435,-3.7775174612671,8.11833838426527));
#2024=CARTESIAN_POINT('',(5.39966037899142,-3.75404137990033,8.84350292780204));
#2025=CARTESIAN_POINT('',(5.18823181070192,-4.50717503046872,7.92799948674312));
#2026=CARTESIAN_POINT('',(5.70981815088599,-4.27317720753231,7.83152402492497));
#2027=CARTESIAN_POINT('',(6.73618025986675,-3.8245349387965,7.516738620269));
#2028=CARTESIAN_POINT('',(7.81760308736584,-3.59546277901394,7.18012044982142));
#2029=CARTESIAN_POINT('',(8.36873504304828,-3.55387497872822,7.01004049673474));
#2030=CARTESIAN_POINT('',(8.34046275818846,-2.91804518118302,7.93147382775443));
#2031=CARTESIAN_POINT('',(8.38682949707722,-3.54565986620602,7.6856765664702));
#2032=CARTESIAN_POINT('',(8.38733165588853,-3.55245702839051,7.01008800276498));
#2033=CARTESIAN_POINT('',(7.73806419818223,-2.96281871854292,7.93136877266646));
#2034=CARTESIAN_POINT('',(7.86611481628125,-3.58503235433946,7.68511522754348));
#2035=CARTESIAN_POINT('',(7.86766995997487,-3.59086184285983,7.00876378958519));
#2036=CARTESIAN_POINT('',(6.54208563750853,-3.29649128730174,7.93111478224542));
#2037=CARTESIAN_POINT('',(6.83279432471601,-3.87522142472567,7.68375676760331));
#2038=CARTESIAN_POINT('',(6.83581973171689,-3.87805803554781,7.00556474329233));
#2039=CARTESIAN_POINT('',(5.5818875939377,-4.04319791556771,7.93082174967818));
#2040=CARTESIAN_POINT('',(6.00522135468788,-4.52147677458692,7.68218690372885));
#2041=CARTESIAN_POINT('',(6.00640766687737,-4.52206217200836,7.00187897200337));
#2042=CARTESIAN_POINT('',(5.18315321075782,-4.50276309598117,7.93067221286793));
#2043=CARTESIAN_POINT('',(5.66188101864239,-4.91864852685902,7.68138478614));
#2044=CARTESIAN_POINT('',(5.66188101864239,-4.91864852685902,7.));
#2045=CARTESIAN_POINT('',(-7.77994998429461,-4.12509712469883,0.));
#2046=CARTESIAN_POINT('',(-7.76076781262953,-4.63704075375303,-2.03287907341032E-17));
#2047=CARTESIAN_POINT('',(-7.76123399918463,-4.62459892803085,0.512151558312352));
#2048=CARTESIAN_POINT('',(-6.62009246040593,-4.08163808114114,0.));
#2049=CARTESIAN_POINT('',(-6.73649745749879,-4.59528844964175,-8.42845343370716E-14));
#2050=CARTESIAN_POINT('',(-6.73016232585741,-4.58604565695644,0.508852091835175));
#2051=CARTESIAN_POINT('',(-5.47668696990822,-4.49601070313757,0.));
#2052=CARTESIAN_POINT('',(-5.720110665997,-4.9547009742612,1.49411943021966E-12));
#2053=CARTESIAN_POINT('',(-5.71368483637393,-4.95448021996864,0.504419435029316));
#2054=CARTESIAN_POINT('',(-4.61589575354861,-5.26256526394073,0.));
#2055=CARTESIAN_POINT('',(-4.94836487687707,-5.63590660081033,4.85852804589146E-17));
#2056=CARTESIAN_POINT('',(-4.94841843179427,-5.63596673952091,0.499919458810694));
#2057=CARTESIAN_POINT('',(-6.81294426091135,-4.1933030534073,0.));
#2058=CARTESIAN_POINT('',(-6.50272823135256,-4.44817718019865,7.07417809862463E-15));
#2059=CARTESIAN_POINT('',(-5.85655546030221,-4.89321072467622,0.179539185627804));
#2060=CARTESIAN_POINT('',(-5.25041885334706,-5.36944165337642,0.392246125422031));
#2061=CARTESIAN_POINT('',(-4.96214280714887,-5.62380109547454,0.5));
#2062=CARTESIAN_POINT('',(-7.77994998429461,-4.12509712469882,0.5));
#2063=CARTESIAN_POINT('',(-6.81294426091135,-4.1933030534073,0.));
#2064=CARTESIAN_POINT('',(-6.38713524460439,-3.93122161256934,-5.09575021068187E-15));
#2065=CARTESIAN_POINT('',(-6.38713524460439,-3.93122161256935,-0.5));
#2066=CARTESIAN_POINT('',(-6.55336083189281,-4.40657732161878,2.28431683940581E-15));
#2067=CARTESIAN_POINT('',(-6.25000556424785,-4.15401902779154,-0.0985107184175514));
#2068=CARTESIAN_POINT('',(-6.17101717611016,-4.28235300843415,-0.499999916481436));
#2069=CARTESIAN_POINT('',(-5.93760847825185,-4.83758330011333,0.148402476922636));
#2070=CARTESIAN_POINT('',(-5.83157475746444,-4.76971465146906,-0.0603668689960693));
#2071=CARTESIAN_POINT('',(-5.70369621081161,-4.91064579782882,-0.203195087912796));
#2072=CARTESIAN_POINT('',(-5.2748290518766,-5.34790339322141,0.383122127141716));
#2073=CARTESIAN_POINT('',(-5.2467616347374,-5.37266858849194,0.324683172731479));
#2074=CARTESIAN_POINT('',(-5.21869415917665,-5.39743383523247,0.266244254283502));
#2075=CARTESIAN_POINT('',(-4.96214280714887,-5.62380109547454,0.5));
#2076=CARTESIAN_POINT('',(-4.96214280714887,-5.62380109547454,0.5));
#2077=CARTESIAN_POINT('',(-4.96214280714887,-5.62380109547454,0.5));
#2078=CARTESIAN_POINT('',(-6.81294426091135,-4.1933030534073,-0.5));
#2079=CARTESIAN_POINT('',(-7.76123399918464,-4.62459892803085,0.512151558312354));
#2080=CARTESIAN_POINT('',(-7.76076781262955,-4.63704075375302,3.25260651745651E-15));
#2081=CARTESIAN_POINT('',(-7.77994998429461,-4.12509712469882,3.25260651745651E-15));
#2082=CARTESIAN_POINT('',(-9.12710235633075,-4.67575092627618,0.513226026838705));
#2083=CARTESIAN_POINT('',(-9.1281671371637,-4.68937980085316,-8.28816842814259E-12));
#2084=CARTESIAN_POINT('',(-9.14311277179088,-4.17617388618874,3.25260651745651E-15));
#2085=CARTESIAN_POINT('',(-11.8668430189084,-4.75588923732659,0.518758095161083));
#2086=CARTESIAN_POINT('',(-11.8708683159764,-4.77547870850876,3.87746358264572E-12));
#2087=CARTESIAN_POINT('',(-11.8698655919066,-4.25619077584244,6.7865603400971E-15));
#2088=CARTESIAN_POINT('',(-15.9532758110102,-4.768656142062,0.516208039413804));
#2089=CARTESIAN_POINT('',(-15.948773786018,-4.78533665685353,-1.03950859990171E-12));
#2090=CARTESIAN_POINT('',(-15.9619512102274,-4.26900288686775,-3.26154013036381E-15));
#2091=CARTESIAN_POINT('',(-20.0454753974601,-4.86295235731812,0.5168684341993));
#2092=CARTESIAN_POINT('',(-20.0499407252866,-4.88050186734479,2.85125054949373E-13));
#2093=CARTESIAN_POINT('',(-20.0527213501389,-4.36328356274596,1.05542975342773E-15));
#2094=CARTESIAN_POINT('',(-23.4646834183079,-4.869261636625,0.521918914740345));
#2095=CARTESIAN_POINT('',(-23.4735321264821,-4.89201755059602,-2.86149526955397E-14));
#2096=CARTESIAN_POINT('',(-23.4619415117491,-4.36965357056374,6.96517109684723E-15));
#2097=CARTESIAN_POINT('',(-26.2076062418314,-4.80482096914187,0.530120419801022));
#2098=CARTESIAN_POINT('',(-26.2139632469244,-4.83660840370374,1.00404625230438E-15));
#2099=CARTESIAN_POINT('',(-26.1897101466581,-4.30597669777651,-5.91792023835189E-15));
#2100=CARTESIAN_POINT('',(-28.2651501099446,-4.70021847131011,0.538627895609769));
#2101=CARTESIAN_POINT('',(-28.2753306325723,-4.7413305131291,3.7595948503609E-15));
#2102=CARTESIAN_POINT('',(-28.2319776807852,-4.20267290838047,5.61581401355144E-15));
#2103=CARTESIAN_POINT('',(-30.3238647870134,-4.52194616185733,0.549710494039616));
#2104=CARTESIAN_POINT('',(-30.3378257553706,-4.57570658617647,-5.717410935086E-15));
#2105=CARTESIAN_POINT('',(-30.2713642600326,-4.02704246902907,-6.13699495999303E-15));
#2106=CARTESIAN_POINT('',(-32.3753638883282,-4.26111764310226,0.562769955484633));
#2107=CARTESIAN_POINT('',(-32.3999731667513,-4.32944724201223,4.82851127284155E-15));
#2108=CARTESIAN_POINT('',(-32.300615987972,-3.77031885196867,5.27121845310333E-15));
#2109=CARTESIAN_POINT('',(-34.0876985099787,-3.92453333312045,0.58464396602183));
#2110=CARTESIAN_POINT('',(-34.1257157057482,-4.01825690907788,7.02432310563182E-15));
#2111=CARTESIAN_POINT('',(-33.9766232616123,-3.44345958237004,5.76920545826838E-15));
#2112=CARTESIAN_POINT('',(-35.4324735065787,-3.53559828108033,0.608082390924163));
#2113=CARTESIAN_POINT('',(-35.4803674273482,-3.66161443272015,6.56188103667208E-15));
#2114=CARTESIAN_POINT('',(-35.2832347455124,-3.07039470080823,7.42630428574403E-15));
#2115=CARTESIAN_POINT('',(-36.4294380148417,-3.17505082994704,0.62702754224636));
#2116=CARTESIAN_POINT('',(-36.500417193791,-3.32398937766049,5.15368106863724E-16));
#2117=CARTESIAN_POINT('',(-36.249643828081,-2.72506596012919,-2.06158952656572E-15));
#2118=CARTESIAN_POINT('',(-37.4053884921487,-2.71110251182567,0.658402910031579));
#2119=CARTESIAN_POINT('',(-37.525354870451,-2.89636516719424,2.46990590997666E-14));
#2120=CARTESIAN_POINT('',(-37.1755492630791,-2.29411239230987,3.33461189950839E-14));
#2121=CARTESIAN_POINT('',(-38.1725910675812,-2.19414022262379,0.689081192868493));
#2122=CARTESIAN_POINT('',(-38.3503016310895,-2.41269941519421,-4.27414801486158E-14));
#2123=CARTESIAN_POINT('',(-37.8942509140707,-1.82097508099314,-6.59309761753015E-14));
#2124=CARTESIAN_POINT('',(-38.7223514183014,-1.67342549300676,0.71997165627525));
#2125=CARTESIAN_POINT('',(-38.9824519561781,-1.91288988169145,-3.55924326943881E-14));
#2126=CARTESIAN_POINT('',(-38.3955236029389,-1.3626888901674,5.64630019569819E-15));
#2127=CARTESIAN_POINT('',(-39.0842995628308,-1.20727550277549,0.743173524472383));
#2128=CARTESIAN_POINT('',(-39.4305501175656,-1.43654160487692,1.51817218521744E-13));
#2129=CARTESIAN_POINT('',(-38.7212104045402,-0.960355380806922,-1.5531385820193E-14));
#2130=CARTESIAN_POINT('',(-39.3689762174526,-0.682836420172311,0.762445741009369));
#2131=CARTESIAN_POINT('',(-39.8038306681661,-0.869120435578836,-6.27913682618733E-13));
#2132=CARTESIAN_POINT('',(-38.9759298415012,-0.510177788223548,2.26521353035259E-14));
#2133=CARTESIAN_POINT('',(-39.4817665748496,-0.248213294663079,0.777350137703476));
#2134=CARTESIAN_POINT('',(-39.9999995764991,-0.341267362601193,1.44636927383415E-12));
#2135=CARTESIAN_POINT('',(-39.0657413696401,-0.173511726401221,-2.16840434497101E-15));
#2136=CARTESIAN_POINT('',(-39.48176660124,-2.7272049278931E-17,0.77735009811793));
#2137=CARTESIAN_POINT('',(-39.9999999999996,1.67442538245065E-17,-2.16840434497101E-15));
#2138=CARTESIAN_POINT('',(-39.0657414540746,-6.26072650718766E-17,-2.16840434497101E-15));
#2139=CARTESIAN_POINT('',(-39.0657414540746,1.14068813957429E-16,0.5));
#2140=CARTESIAN_POINT('',(6.93889390390723E-15,-2.71050543121376E-17,-0.5));
#2141=CARTESIAN_POINT('',(-6.81294426091131,4.19330305340736,-0.5));
#2142=CARTESIAN_POINT('',(-39.48176660124,-2.72720492789308E-17,0.77735009811793));
#2143=CARTESIAN_POINT('',(-39.9999999999996,-2.03337261773123E-16,-1.95156391047391E-15));
#2144=CARTESIAN_POINT('',(-39.0657414540746,1.14068813957429E-16,-1.73472347597681E-15));
#2145=CARTESIAN_POINT('',(-39.4817665667686,0.252223123358569,0.777350149824998));
#2146=CARTESIAN_POINT('',(-39.9999995082148,0.34678044340649,2.08170206180617E-12));
#2147=CARTESIAN_POINT('',(-39.065741343583,0.176314776998286,-1.73472347597681E-15));
#2148=CARTESIAN_POINT('',(-39.3664263073708,0.689151557604921,0.762162267093194));
#2149=CARTESIAN_POINT('',(-39.7998318200181,0.876192072965076,-9.34648011191107E-13));
#2150=CARTESIAN_POINT('',(-38.9738181725612,0.515331297521623,-1.78598414835075E-16));
#2151=CARTESIAN_POINT('',(-39.0790861388216,1.21577918334713,0.742890099638446));
#2152=CARTESIAN_POINT('',(-39.4242084381062,1.44541599021746,2.21623243194998E-13));
#2153=CARTESIAN_POINT('',(-38.716438540736,0.967827970525026,-1.8240023349325E-14));
#2154=CARTESIAN_POINT('',(-38.7112498265615,1.68599416535456,0.719251601940809));
#2155=CARTESIAN_POINT('',(-38.9690683436448,1.92528658185828,-4.72002184162944E-14));
#2156=CARTESIAN_POINT('',(-38.3855492961774,1.37353177730469,1.2640210587444E-14));
#2157=CARTESIAN_POINT('',(-38.1537543649694,2.20912369921674,0.688210707681832));
#2158=CARTESIAN_POINT('',(-38.3296031118358,2.42679259347545,-2.02719460342338E-14));
#2159=CARTESIAN_POINT('',(-37.8767843803923,1.83449860783285,-5.42467227669898E-14));
#2160=CARTESIAN_POINT('',(-37.3755434263625,2.72845945079177,0.657137806419906));
#2161=CARTESIAN_POINT('',(-37.493422445291,2.91222095644454,-9.60144633427141E-16));
#2162=CARTESIAN_POINT('',(-37.1477131215394,2.30990981226566,1.03121209899824E-14));
#2163=CARTESIAN_POINT('',(-36.0684904462841,3.34134676062186,0.616478604654451));
#2164=CARTESIAN_POINT('',(-36.1413856443532,3.4706664937962,-3.21394691246328E-14));
#2165=CARTESIAN_POINT('',(-35.905535246157,2.88059751830604,-3.91469976957819E-14));
#2166=CARTESIAN_POINT('',(-34.3733529299756,3.86916604696651,0.589337481632175));
#2167=CARTESIAN_POINT('',(-34.4212135550913,3.96817391584128,8.61573028257096E-15));
#2168=CARTESIAN_POINT('',(-34.2545457778482,3.39095067291095,1.12803942584958E-14));
#2169=CARTESIAN_POINT('',(-32.3315529415397,4.26796727632468,0.562067740322818));
#2170=CARTESIAN_POINT('',(-32.3571078751179,4.33494626962757,-1.26291147495668E-15));
#2171=CARTESIAN_POINT('',(-32.2579610808092,3.77666978508808,-1.7437926787675E-15));
#2172=CARTESIAN_POINT('',(-30.2890641131588,4.52542119632445,0.549613343580673));
#2173=CARTESIAN_POINT('',(-30.302255782768,4.57925730565994,3.15012934087142E-15));
#2174=CARTESIAN_POINT('',(-30.2367429831262,4.03056633275975,1.5494681879959E-15));
#2175=CARTESIAN_POINT('',(-28.2381593646941,4.70201250502351,0.538473365096085));
#2176=CARTESIAN_POINT('',(-28.2484954340445,4.74290075068754,1.63196762376307E-15));
#2177=CARTESIAN_POINT('',(-28.205256431557,4.20441583401291,5.95426078264472E-15));
#2178=CARTESIAN_POINT('',(-26.1792755676225,4.80583659367877,0.530026199717713));
#2179=CARTESIAN_POINT('',(-26.1855143687279,4.8375353823064,1.7509016287981E-14));
#2180=CARTESIAN_POINT('',(-26.1615528025257,4.30698743488692,3.25642603504253E-15));
#2181=CARTESIAN_POINT('',(-23.4404826425355,4.86933182338998,0.521871876139558));
#2182=CARTESIAN_POINT('',(-23.4493155573245,4.8920319075709,-8.24546341449868E-14));
#2183=CARTESIAN_POINT('',(-23.4378297895528,4.36971857751544,-8.17749874434413E-15));
#2184=CARTESIAN_POINT('',(-20.0262330090324,4.86264899961344,0.516832333776103));
#2185=CARTESIAN_POINT('',(-20.0306024148298,4.88016062630698,5.97010207628333E-13));
#2186=CARTESIAN_POINT('',(-20.0335537183625,4.36298133198922,2.02104772712383E-15));
#2187=CARTESIAN_POINT('',(-15.9405322993414,4.76846246958801,0.5162387924896));
#2188=CARTESIAN_POINT('',(-15.9360344212137,4.7851745925746,-2.17797196895439E-12));
#2189=CARTESIAN_POINT('',(-15.9491417621919,4.26880894653849,-6.97428111873583E-15));
#2190=CARTESIAN_POINT('',(-11.8610470132734,4.75582667585376,0.518736955791532));
#2191=CARTESIAN_POINT('',(-11.8651056514263,4.77539381274173,8.11472361616609E-12));
#2192=CARTESIAN_POINT('',(-11.8641169697504,4.25612824276584,4.4088737326065E-15));
#2193=CARTESIAN_POINT('',(-9.1252726708325,4.67568240424871,0.513224587500506));
#2194=CARTESIAN_POINT('',(-9.12633338414142,4.68930961150002,-1.73690756926593E-11));
#2195=CARTESIAN_POINT('',(-9.14128671059595,4.17610546495042,4.77048955893622E-15));
#2196=CARTESIAN_POINT('',(-7.76123399918457,4.62459892803091,0.512151558312291));
#2197=CARTESIAN_POINT('',(-7.76076781262949,4.63704075375302,4.77048955893622E-15));
#2198=CARTESIAN_POINT('',(-7.77994998429456,4.12509712469889,4.77048955893622E-15));
#2199=CARTESIAN_POINT('',(-7.77994998429456,4.12509712469889,0.5));
#2200=CARTESIAN_POINT('',(-6.38713524460436,3.9312216125694,-0.5));
#2201=CARTESIAN_POINT('',(-6.38713524460436,3.9312216125694,-8.67361737988404E-16));
#2202=CARTESIAN_POINT('',(-6.81294426091131,4.19330305340736,-4.33680868994202E-16));
#2203=CARTESIAN_POINT('',(-6.17101717611027,4.28235300843395,-0.499999916481341));
#2204=CARTESIAN_POINT('',(-6.2500055642532,4.15401902779031,-0.0985107184196087));
#2205=CARTESIAN_POINT('',(-6.55336083189426,4.40657732161678,-6.37089899822015E-17));
#2206=CARTESIAN_POINT('',(-5.7036962108115,4.910645797829,-0.20319508791287));
#2207=CARTESIAN_POINT('',(-5.83157475749687,4.76971465146381,-0.0603668689948434));
#2208=CARTESIAN_POINT('',(-5.93760847829479,4.83758330007633,0.148402476923162));
#2209=CARTESIAN_POINT('',(-5.21869415917649,5.39743383523261,0.266244254283643));
#2210=CARTESIAN_POINT('',(-5.24676163467077,5.37266858850476,0.324683172731694));
#2211=CARTESIAN_POINT('',(-5.27482905178847,5.34790339329917,0.383122127141998));
#2212=CARTESIAN_POINT('',(-4.96214280714885,5.62380109547457,0.5));
#2213=CARTESIAN_POINT('',(-4.96214280714885,5.62380109547457,0.5));
#2214=CARTESIAN_POINT('',(-4.96214280714885,5.62380109547456,0.5));
#2215=CARTESIAN_POINT('',(-6.81294426091131,4.19330305340736,0.));
#2216=CARTESIAN_POINT('',(-6.50272823135253,4.4481771801987,1.76854452465613E-15));
#2217=CARTESIAN_POINT('',(-5.85655546029735,4.89321072468052,0.17953918560481));
#2218=CARTESIAN_POINT('',(-5.2504188533567,5.36944165336793,0.392246125468014));
#2219=CARTESIAN_POINT('',(-4.96214280714884,5.62380109547457,0.5));
#2220=CARTESIAN_POINT('',(-7.76123399918457,4.62459892803091,0.512151558312289));
#2221=CARTESIAN_POINT('',(-7.76076781262948,4.63704075375302,-1.0842021724855E-16));
#2222=CARTESIAN_POINT('',(-7.77994998429456,4.12509712469889,0.));
#2223=CARTESIAN_POINT('',(-6.73154954176594,4.58609752697833,0.508856531006053));
#2224=CARTESIAN_POINT('',(-6.73787088470706,4.59534443351295,1.87763894561605E-13));
#2225=CARTESIAN_POINT('',(-6.62165294635886,4.08169655019561,0.));
#2226=CARTESIAN_POINT('',(-5.70948784287382,4.95825339813424,0.504394652838669));
#2227=CARTESIAN_POINT('',(-5.71585809290777,4.95849034331842,-3.74476201830159E-13));
#2228=CARTESIAN_POINT('',(-5.47196608894502,4.5002548817697,0.));
#2229=CARTESIAN_POINT('',(-4.94849662802767,5.63589710589208,0.499919918620688));
#2230=CARTESIAN_POINT('',(-4.94844338036984,5.63583730906674,0.));
#2231=CARTESIAN_POINT('',(-4.61598371067163,5.26248693814306,0.));
#2232=CARTESIAN_POINT('',(-0.148433267924948,-2.71533332884993E-17,59.7773500981125));
#2233=CARTESIAN_POINT('',(-8.81331650181146E-17,1.58531369027196E-14,60.));
#2234=CARTESIAN_POINT('',(0.267591879244081,1.67829665667048E-14,60.));
#2235=CARTESIAN_POINT('',(-0.148433069117951,-0.139707844719354,59.777350396323));
#2236=CARTESIAN_POINT('',(1.26310084166313E-6,-0.110054934962959,59.9999999999998));
#2237=CARTESIAN_POINT('',(0.267592491718835,-0.0565971754072533,60.));
#2238=CARTESIAN_POINT('',(-0.0970818347750933,-0.325921975368798,59.763226531211));
#2239=CARTESIAN_POINT('',(0.0390883946675143,-0.270527691511648,60.0000000000001));
#2240=CARTESIAN_POINT('',(0.297177165354396,-0.164130189196332,60.));
#2241=CARTESIAN_POINT('',(0.036888597607155,-0.613498031911162,59.7431244013852));
#2242=CARTESIAN_POINT('',(0.156277478285888,-0.531965100759685,60.));
#2243=CARTESIAN_POINT('',(0.399950507019737,-0.361876612193279,60.));
#2244=CARTESIAN_POINT('',(0.259525277558284,-0.903666739608891,59.7137202274456));
#2245=CARTESIAN_POINT('',(0.356199288750426,-0.807418228965841,60.));
#2246=CARTESIAN_POINT('',(0.576670026760689,-0.577574557409364,59.9999999999999));
#2247=CARTESIAN_POINT('',(0.56564623693329,-1.16807646190817,59.6825877799211));
#2248=CARTESIAN_POINT('',(0.639108412369805,-1.06673548200922,59.9999999999999));
#2249=CARTESIAN_POINT('',(0.833878524134957,-0.785507300265151,59.9999999999999));
#2250=CARTESIAN_POINT('',(0.995605272609557,-1.44717686288168,59.6482836187869));
#2251=CARTESIAN_POINT('',(1.04835646039606,-1.35076630311177,60.));
#2252=CARTESIAN_POINT('',(1.20958554281955,-1.01780276990366,59.9999999999999));
#2253=CARTESIAN_POINT('',(1.5452801434974,-1.6895556893972,59.6170723391429));
#2254=CARTESIAN_POINT('',(1.58090073267071,-1.60389723396525,59.9999999999998));
#2255=CARTESIAN_POINT('',(1.70941046046955,-1.23088079140296,59.9999999999998));
#2256=CARTESIAN_POINT('',(2.21106787933689,-1.90311719906764,59.5949096413542));
#2257=CARTESIAN_POINT('',(2.23498401007947,-1.82825459773436,59.9999999999998));
#2258=CARTESIAN_POINT('',(2.33928246782926,-1.42867206814089,59.9999999999997));
#2259=CARTESIAN_POINT('',(2.87921447757987,-2.06052586366952,59.5748811363221));
#2260=CARTESIAN_POINT('',(2.89483308471814,-1.99782466637492,59.9999999999997));
#2261=CARTESIAN_POINT('',(2.97456809554207,-1.57501542921218,59.9999999999996));
#2262=CARTESIAN_POINT('',(3.76449898007556,-2.2126569509148,59.5561428405433));
#2263=CARTESIAN_POINT('',(3.77592644077582,-2.16353947106022,59.9999999999996));
#2264=CARTESIAN_POINT('',(3.8285948086493,-1.71958199307717,59.9999999999996));
#2265=CARTESIAN_POINT('',(4.85997047950124,-2.33593815967385,59.5443108853418));
#2266=CARTESIAN_POINT('',(4.86829814538652,-2.29586483976779,59.9999999999994));
#2267=CARTESIAN_POINT('',(4.90378563400789,-1.83965471392388,59.9999999999993));
#2268=CARTESIAN_POINT('',(6.1803543658442,-2.42258345309019,59.5317286350171));
#2269=CARTESIAN_POINT('',(6.18620769642057,-2.39299471417483,59.9999999999992));
#2270=CARTESIAN_POINT('',(6.20199635202625,-1.92387769759382,59.9999999999992));
#2271=CARTESIAN_POINT('',(7.49966240992843,-2.45847191896347,59.5233566177822));
#2272=CARTESIAN_POINT('',(7.50214684704019,-2.43619394974677,59.9999999999989));
#2273=CARTESIAN_POINT('',(7.50590578251825,-1.95901472149075,59.9999999999989));
#2274=CARTESIAN_POINT('',(8.80904471461591,-2.46278351027637,59.5191247959487));
#2275=CARTESIAN_POINT('',(8.81110546248871,-2.44435411464021,59.9999999999988));
#2276=CARTESIAN_POINT('',(8.80729156325472,-1.96312535798367,59.9999999999988));
#2277=CARTESIAN_POINT('',(10.5542552885142,-2.44354769704495,59.5139579416424));
#2278=CARTESIAN_POINT('',(10.5545523788192,-2.42996275435618,59.9999999999985));
#2279=CARTESIAN_POINT('',(10.5420439877656,-1.94385608541258,59.9999999999984));
#2280=CARTESIAN_POINT('',(12.7081957278988,-2.40788293355668,59.52042924489));
#2281=CARTESIAN_POINT('',(12.7079933692248,-2.38827860458562,59.9999999999982));
#2282=CARTESIAN_POINT('',(12.7098949321103,-1.90820562273473,59.9999999999981));
#2283=CARTESIAN_POINT('',(15.3309547346502,-2.37256552496113,59.5111561250789));
#2284=CARTESIAN_POINT('',(15.3377324796695,-2.36148985169859,59.9999999999977));
#2285=CARTESIAN_POINT('',(15.311656435202,-1.87295222571334,59.9999999999976));
#2286=CARTESIAN_POINT('',(17.9362242378283,-2.2507321460732,59.5087396867991));
#2287=CARTESIAN_POINT('',(17.9367311436489,-2.24205267520686,59.9999999999974));
#2288=CARTESIAN_POINT('',(17.9102536959744,-1.75148722237278,59.9999999999973));
#2289=CARTESIAN_POINT('',(21.4094629433387,-2.04224517870876,59.505074892957));
#2290=CARTESIAN_POINT('',(21.4147703218496,-2.03689537849814,59.9999999999967));
#2291=CARTESIAN_POINT('',(21.3732237643019,-1.54352603310424,59.9999999999967));
#2292=CARTESIAN_POINT('',(25.7447110421254,-1.69622795701185,59.5027541795519));
#2293=CARTESIAN_POINT('',(25.7474151128863,-1.69319431192662,59.9999999999961));
#2294=CARTESIAN_POINT('',(25.6997686665955,-1.19824060248595,59.999999999996));
#2295=CARTESIAN_POINT('',(30.0708159447523,-1.26750452581312,59.5013020237135));
#2296=CARTESIAN_POINT('',(30.0723466760651,-1.26603435019644,59.9999999999951));
#2297=CARTESIAN_POINT('',(30.0189429993329,-0.770188992690048,59.9999999999953));
#2298=CARTESIAN_POINT('',(33.5279847844554,-0.877783050871498,59.5004053228295));
#2299=CARTESIAN_POINT('',(33.5281577796816,-0.877352190228942,59.999999999995));
#2300=CARTESIAN_POINT('',(33.4693394453726,-0.381218047205084,59.9999999999947));
#2301=CARTESIAN_POINT('',(35.6832601938185,-0.616968022304855,59.500460841885));
#2302=CARTESIAN_POINT('',(35.6832285291145,-0.616513678543538,59.9999999999935));
#2303=CARTESIAN_POINT('',(35.6240753939619,-0.120521042523878,59.9999999999944));
#2304=CARTESIAN_POINT('',(37.4098432429378,-0.410652372138504,59.500030984637));
#2305=CARTESIAN_POINT('',(37.4102803282524,-0.410559200654473,59.9999999999956));
#2306=CARTESIAN_POINT('',(37.348107368623,0.0855908956611565,59.999999999994));
#2307=CARTESIAN_POINT('',(38.7257716853664,-0.209362947167727,59.4991661864882));
#2308=CARTESIAN_POINT('',(38.7256775524802,-0.210217572192492,59.999999999988));
#2309=CARTESIAN_POINT('',(38.6367773925916,0.283048959370196,59.9999999999939));
#2310=CARTESIAN_POINT('',(39.9636145528965,-0.029589622382508,59.5006423062826));
#2311=CARTESIAN_POINT('',(39.9632380903378,-0.0289995601338033,60.0000000000158));
#2312=CARTESIAN_POINT('',(39.9265302076945,0.469844465424845,59.9999999999935));
#2313=CARTESIAN_POINT('',(40.8141976785857,-0.00652672298538556,59.5000956055967));
#2314=CARTESIAN_POINT('',(40.8142915528649,-0.00642772908863224,59.9999999999457));
#2315=CARTESIAN_POINT('',(40.7966451514719,0.493165131742187,59.9999999999935));
#2316=CARTESIAN_POINT('',(41.2488886963047,0.00874269650898759,59.4998719329052));
#2317=CARTESIAN_POINT('',(41.2488931932876,0.00861467557248294,59.9999999999935));
#2318=CARTESIAN_POINT('',(41.2313360562554,0.508434489943851,59.9999999999934));
#2319=CARTESIAN_POINT('',(41.0000000000328,0.,59.4999999999946));
#2320=CARTESIAN_POINT('',(41.0000000000313,1.65014816698579E-15,59.5237664832184));
#2321=CARTESIAN_POINT('',(40.9451561937988,1.39721154056065E-15,59.5441426952237));
#2322=CARTESIAN_POINT('',(40.8632045519344,6.28449788373584E-15,59.5724317853379));
#2323=CARTESIAN_POINT('',(40.747228832276,3.25901132975937E-15,59.5967577800876));
#2324=CARTESIAN_POINT('',(40.6117802388168,8.69879347499009E-15,59.6218945800366));
#2325=CARTESIAN_POINT('',(40.4290652578394,1.71735986168752E-14,59.6522545458999));
#2326=CARTESIAN_POINT('',(40.2009044351117,5.34404400038452E-15,59.6882940452092));
#2327=CARTESIAN_POINT('',(39.8356331489702,9.9917925958508E-14,59.7464029407155));
#2328=CARTESIAN_POINT('',(39.3797607891759,-6.06141351966654E-13,59.8236048603569));
#2329=CARTESIAN_POINT('',(38.8311663418134,2.33712082338428E-12,59.8980512210922));
#2330=CARTESIAN_POINT('',(38.2812336774481,-8.51466303975367E-12,59.9510342797915));
#2331=CARTESIAN_POINT('',(37.5444604258161,4.51522757652289E-11,59.991520125416));
#2332=CARTESIAN_POINT('',(36.9954656680449,-1.99636601954459E-10,59.9999999999941));
#2333=CARTESIAN_POINT('',(36.6222861491668,1.30707912406917E-13,59.9999999999942));
#2334=CARTESIAN_POINT('',(0.267591879244002,-1.77207844089038E-14,59.5));
#2335=CARTESIAN_POINT('',(0.267591879244081,3.89000054112262E-14,60.));
#2336=CARTESIAN_POINT('',(-3.84891771232354E-15,2.37442568863411E-14,60.));
#2337=CARTESIAN_POINT('',(-0.148433267924948,-2.71533332886726E-17,59.7773500981125));
#2338=CARTESIAN_POINT('',(0.267592491716939,0.0565971754094695,60.));
#2339=CARTESIAN_POINT('',(1.26310047126002E-6,0.110054934965844,59.9999999999968));
#2340=CARTESIAN_POINT('',(-0.148433069119441,0.13970784472279,59.7773503963208));
#2341=CARTESIAN_POINT('',(0.297177165355229,0.1641301891954,60.));
#2342=CARTESIAN_POINT('',(0.0390883946676635,0.270527691510369,60.0000000000015));
#2343=CARTESIAN_POINT('',(-0.0970818347744878,0.325921975367088,59.7632265312121));
#2344=CARTESIAN_POINT('',(0.399950507019147,0.361876612193876,59.9999999999999));
#2345=CARTESIAN_POINT('',(0.156277478285668,0.53196510076038,59.9999999999991));
#2346=CARTESIAN_POINT('',(0.0368885976066969,0.613498031912122,59.7431244013845));
#2347=CARTESIAN_POINT('',(0.576670026760819,0.577574557409218,59.9999999999999));
#2348=CARTESIAN_POINT('',(0.356199288750457,0.807418228965745,60.0000000000002));
#2349=CARTESIAN_POINT('',(0.259525277558399,0.903666739608624,59.7137202274457));
#2350=CARTESIAN_POINT('',(0.833878524134848,0.785507300265252,59.9999999999998));
#2351=CARTESIAN_POINT('',(0.639108412369705,1.06673548200925,59.9999999999998));
#2352=CARTESIAN_POINT('',(0.565646236933171,1.16807646190821,59.682587779921));
#2353=CARTESIAN_POINT('',(1.20958554281953,1.01780276990375,59.9999999999998));
#2354=CARTESIAN_POINT('',(1.04835646039608,1.35076630311174,59.9999999999998));
#2355=CARTESIAN_POINT('',(0.99560527260953,1.44717686288164,59.6482836187869));
#2356=CARTESIAN_POINT('',(1.70941046046948,1.23088079140308,59.9999999999997));
#2357=CARTESIAN_POINT('',(1.58090073267068,1.60389723396534,59.9999999999997));
#2358=CARTESIAN_POINT('',(1.54528014349735,1.68955568939727,59.6170723391428));
#2359=CARTESIAN_POINT('',(2.33928246782919,1.42867206814097,59.9999999999995));
#2360=CARTESIAN_POINT('',(2.23498401007941,1.82825459773437,59.9999999999995));
#2361=CARTESIAN_POINT('',(2.21106787933683,1.90311719906764,59.594909641354));
#2362=CARTESIAN_POINT('',(2.97456809554202,1.57501542921227,59.9999999999994));
#2363=CARTESIAN_POINT('',(2.8948330847181,1.99782466637496,59.9999999999994));
#2364=CARTESIAN_POINT('',(2.87921447757982,2.06052586366954,59.5748811363219));
#2365=CARTESIAN_POINT('',(3.82859480864924,1.71958199307727,59.9999999999992));
#2366=CARTESIAN_POINT('',(3.77592644077575,2.16353947106023,59.9999999999992));
#2367=CARTESIAN_POINT('',(3.7644989800755,2.21265695091482,59.556142840543));
#2368=CARTESIAN_POINT('',(4.90378563400784,1.83965471392398,59.9999999999991));
#2369=CARTESIAN_POINT('',(4.86829814538648,2.2958648397678,59.9999999999991));
#2370=CARTESIAN_POINT('',(4.85997047950119,2.33593815967388,59.5443108853416));
#2371=CARTESIAN_POINT('',(6.20199635202614,1.92387769759391,59.9999999999988));
#2372=CARTESIAN_POINT('',(6.18620769642047,2.39299471417483,59.9999999999988));
#2373=CARTESIAN_POINT('',(6.18035436584409,2.4225834530902,59.5317286350168));
#2374=CARTESIAN_POINT('',(7.50590578251816,1.95901472149084,59.9999999999987));
#2375=CARTESIAN_POINT('',(7.5021468470401,2.43619394974677,59.9999999999986));
#2376=CARTESIAN_POINT('',(7.49966240992834,2.45847191896348,59.5233566177819));
#2377=CARTESIAN_POINT('',(8.80729156325459,1.96312535798374,59.9999999999984));
#2378=CARTESIAN_POINT('',(8.81110546248859,2.44435411464022,59.9999999999984));
#2379=CARTESIAN_POINT('',(8.80904471461577,2.46278351027638,59.5191247959484));
#2380=CARTESIAN_POINT('',(10.5420439877655,1.94385608541265,59.9999999999982));
#2381=CARTESIAN_POINT('',(10.5545523788192,2.4299627543562,59.9999999999982));
#2382=CARTESIAN_POINT('',(10.5542552885141,2.44354769704495,59.5139579416422));
#2383=CARTESIAN_POINT('',(12.7098949321102,1.90820562273481,59.9999999999978));
#2384=CARTESIAN_POINT('',(12.7079933692247,2.38827860458562,59.9999999999978));
#2385=CARTESIAN_POINT('',(12.7081957278987,2.40788293355669,59.5204292448897));
#2386=CARTESIAN_POINT('',(15.3116564352019,1.87295222571341,59.9999999999974));
#2387=CARTESIAN_POINT('',(15.3377324796694,2.36148985169861,59.9999999999974));
#2388=CARTESIAN_POINT('',(15.3309547346501,2.37256552496114,59.5111561250787));
#2389=CARTESIAN_POINT('',(17.9102536959743,1.75148722237286,59.999999999997));
#2390=CARTESIAN_POINT('',(17.9367311436487,2.24205267520685,59.999999999997));
#2391=CARTESIAN_POINT('',(17.9362242378282,2.25073214607321,59.5087396867988));
#2392=CARTESIAN_POINT('',(21.3732237643018,1.54352603310431,59.9999999999965));
#2393=CARTESIAN_POINT('',(21.4147703218495,2.03689537849817,59.9999999999964));
#2394=CARTESIAN_POINT('',(21.4094629433386,2.04224517870877,59.5050748929568));
#2395=CARTESIAN_POINT('',(25.6997686665953,1.19824060248605,59.9999999999958));
#2396=CARTESIAN_POINT('',(25.7474151128862,1.69319431192659,59.9999999999958));
#2397=CARTESIAN_POINT('',(25.7447110421252,1.69622795701188,59.5027541795517));
#2398=CARTESIAN_POINT('',(30.0189429993328,0.770188992690166,59.9999999999952));
#2399=CARTESIAN_POINT('',(30.0723466760644,1.26603435019654,59.9999999999951));
#2400=CARTESIAN_POINT('',(30.0708159447522,1.26750452581317,59.5013020237136));
#2401=CARTESIAN_POINT('',(33.4693394453724,0.381218047205181,59.9999999999946));
#2402=CARTESIAN_POINT('',(33.5281577796823,0.877352190228748,59.9999999999947));
#2403=CARTESIAN_POINT('',(33.5279847844553,0.877783050871523,59.5004053228293));
#2404=CARTESIAN_POINT('',(35.6240753939619,0.120521042523916,59.9999999999944));
#2405=CARTESIAN_POINT('',(35.6832285291129,0.616513678544087,59.9999999999939));
#2406=CARTESIAN_POINT('',(35.6832601938185,0.616968022304828,59.500460841885));
#2407=CARTESIAN_POINT('',(37.3481073686225,-0.0855908956610729,59.9999999999941));
#2408=CARTESIAN_POINT('',(37.4102803282539,0.41055920065382,59.9999999999947));
#2409=CARTESIAN_POINT('',(37.4098432429375,0.410652372138514,59.5000309846368));
#2410=CARTESIAN_POINT('',(38.6367773925933,-0.283048959370208,59.9999999999939));
#2411=CARTESIAN_POINT('',(38.7256775524767,0.210217572194795,59.9999999999912));
#2412=CARTESIAN_POINT('',(38.7257716853673,0.209362947167671,59.4991661864894));
#2413=CARTESIAN_POINT('',(39.9265302076875,-0.469844465424506,59.9999999999937));
#2414=CARTESIAN_POINT('',(39.9632380903413,0.0289995601266915,60.0000000000035));
#2415=CARTESIAN_POINT('',(39.9636145528923,0.0295896223826894,59.500642306278));
#2416=CARTESIAN_POINT('',(40.7966451514869,-0.493165131742615,59.9999999999936));
#2417=CARTESIAN_POINT('',(40.8142915528699,0.00642772910359539,59.9999999999724));
#2418=CARTESIAN_POINT('',(40.8141976785946,0.00652672298507458,59.5000956056073));
#2419=CARTESIAN_POINT('',(41.2313360562553,-0.508434489943784,59.9999999999935));
#2420=CARTESIAN_POINT('',(41.2488931932875,-0.00861467557247773,59.9999999999935));
#2421=CARTESIAN_POINT('',(41.2488886963046,-0.00874269650898943,59.4998719329053));
#2422=CARTESIAN_POINT('',(6.82637140678013,-3.10655008275979,-0.5));
#2423=CARTESIAN_POINT('',(6.82637140678013,-3.10655008275979,-5.42101086242752E-16));
#2424=CARTESIAN_POINT('',(7.2814628338988,-3.31365342161044,0.));
#2425=CARTESIAN_POINT('',(6.65564043314391,-3.48171642665681,-0.499999916476323));
#2426=CARTESIAN_POINT('',(6.71805593300292,-3.34456390286442,-0.0984795501469257));
#2427=CARTESIAN_POINT('',(7.05050745913319,-3.55743147868611,4.34009421483921E-16));
#2428=CARTESIAN_POINT('',(6.27020380355848,-4.16303318881337,-0.203227393104819));
#2429=CARTESIAN_POINT('',(6.37958843220308,-4.00724041341734,-0.0603887712368696));
#2430=CARTESIAN_POINT('',(6.49331350178406,-4.06138826685932,0.148386324328707));
#2431=CARTESIAN_POINT('',(5.84971178235078,-4.70614813017457,0.266235943225553));
#2432=CARTESIAN_POINT('',(5.87449178053205,-4.67806823485958,0.324676939420165));
#2433=CARTESIAN_POINT('',(5.89927172715457,-4.64998839795386,0.383117971612483));
#2434=CARTESIAN_POINT('',(5.62342424585024,-4.96256987368275,0.5));
#2435=CARTESIAN_POINT('',(5.62342424585024,-4.96256987368275,0.5));
#2436=CARTESIAN_POINT('',(5.62342424585024,-4.96256987368275,0.5));
#2437=CARTESIAN_POINT('',(7.2814628338988,-3.31365342161044,-0.5));
#2438=CARTESIAN_POINT('',(7.2814628338988,-3.31365342161044,0.));
#2439=CARTESIAN_POINT('',(7.00542473776448,-3.60501721399367,7.58153416045241E-16));
#2440=CARTESIAN_POINT('',(6.41974791230414,-4.12670248120842,0.179553067976955));
#2441=CARTESIAN_POINT('',(5.87771640665539,-4.67441419245205,0.392251184184453));
#2442=CARTESIAN_POINT('',(5.62342424584965,-4.96256987368344,0.5));
#2443=CARTESIAN_POINT('',(8.294905804842,-3.62250551971543,0.504602586962042));
#2444=CARTESIAN_POINT('',(8.29528677219571,-3.62713502241579,0.));
#2445=CARTESIAN_POINT('',(8.25390055213548,-3.12421104308165,0.));
#2446=CARTESIAN_POINT('',(7.26181672354891,-3.70753112860366,0.50336145133321));
#2447=CARTESIAN_POINT('',(7.26458478204821,-3.71069735761573,-1.89413103117795E-13));
#2448=CARTESIAN_POINT('',(7.09168760774466,-3.21985095605916,0.));
#2449=CARTESIAN_POINT('',(6.28576305266014,-4.20499539751224,0.50166984673225));
#2450=CARTESIAN_POINT('',(6.28817591459815,-4.20477677598794,0.));
#2451=CARTESIAN_POINT('',(5.99364394687373,-3.77947929519066,0.));
#2452=CARTESIAN_POINT('',(5.61132307131788,-4.97634603761778,0.499969572072185));
#2453=CARTESIAN_POINT('',(5.61130016612374,-4.9763260101818,0.));
#2454=CARTESIAN_POINT('',(5.23491577550895,-4.64722972575228,0.));
#2455=CARTESIAN_POINT('',(8.25390055213549,-3.12421104308165,0.5));
#2456=CARTESIAN_POINT('',(6.93889390390723E-15,-2.71050543121376E-17,-0.5));
#2457=CARTESIAN_POINT('',(7.28146283389843,3.31365342161125,-0.5));
#2458=CARTESIAN_POINT('',(8.25390055213549,-3.12421104308165,-9.75781955236954E-16));
#2459=CARTESIAN_POINT('',(8.29528677219572,-3.62713502241579,-9.85099317656751E-16));
#2460=CARTESIAN_POINT('',(8.294905804842,-3.62250551971543,0.504602586962039));
#2461=CARTESIAN_POINT('',(11.0037020852951,-2.89792656258513,-9.75781955236954E-16));
#2462=CARTESIAN_POINT('',(11.045831989278,-3.40001773526842,4.63098203959145E-12));
#2463=CARTESIAN_POINT('',(11.0476045349368,-3.39598966825146,0.503840103174569));
#2464=CARTESIAN_POINT('',(16.4978931739692,-2.39661076512097,-6.36236319142372E-15));
#2465=CARTESIAN_POINT('',(16.5441505285011,-2.8971512748388,-2.16334480207726E-12));
#2466=CARTESIAN_POINT('',(16.5473749879228,-2.89415243212561,0.502652007528691));
#2467=CARTESIAN_POINT('',(23.3552482963596,-1.67643089671329,4.62159797814985E-15));
#2468=CARTESIAN_POINT('',(23.4076364220747,-2.17560341172351,1.53100302445463E-13));
#2469=CARTESIAN_POINT('',(23.408854323347,-2.17358271909268,0.501860347265745));
#2470=CARTESIAN_POINT('',(28.8343633358623,-1.03932543779222,3.36193713347585E-15));
#2471=CARTESIAN_POINT('',(28.8950954273075,-1.536945238219,1.67022711948496E-13));
#2472=CARTESIAN_POINT('',(28.8951425357061,-1.53559072346715,0.501337523487027));
#2473=CARTESIAN_POINT('',(32.9422439264155,-0.548357305257888,-6.04504783804132E-15));
#2474=CARTESIAN_POINT('',(32.9977985620108,-1.04667778158451,-8.12850592672974E-13));
#2475=CARTESIAN_POINT('',(32.9981161906519,-1.04534887078686,0.501273478727413));
#2476=CARTESIAN_POINT('',(36.3603821242143,-0.0934050070027331,8.75162200183576E-15));
#2477=CARTESIAN_POINT('',(36.4391633551363,-0.588114087578367,2.42645973262377E-12));
#2478=CARTESIAN_POINT('',(36.4388425577272,-0.58723394832762,0.500911165094666));
#2479=CARTESIAN_POINT('',(39.0905776635573,0.309617013430329,-4.78609048332656E-15));
#2480=CARTESIAN_POINT('',(39.154024272342,-0.187500135863109,-4.19570756221968E-12));
#2481=CARTESIAN_POINT('',(39.1541976424369,-0.186452873867955,0.501018471554941));
#2482=CARTESIAN_POINT('',(40.462355166824,0.450609253148162,-2.81892564846231E-15));
#2483=CARTESIAN_POINT('',(40.5099920621983,-0.0473708578305676,9.25839442403259E-12));
#2484=CARTESIAN_POINT('',(40.5102113860098,-0.0470953219460523,0.500253276434946));
#2485=CARTESIAN_POINT('',(41.1486047797203,0.516595059721516,-2.81892564846231E-15));
#2486=CARTESIAN_POINT('',(41.196451452079,0.0189916797064676,-2.74981305392228E-15));
#2487=CARTESIAN_POINT('',(41.1964611738319,0.0188905738852495,0.499898407220206));
#2488=CARTESIAN_POINT('',(40.9999999999962,0.,0.500000000000332));
#2489=CARTESIAN_POINT('',(40.9999999999965,-2.40200403168014E-17,0.45589427474362));
#2490=CARTESIAN_POINT('',(40.9113857153835,-4.93833390347216E-13,0.404270416096319));
#2491=CARTESIAN_POINT('',(40.7588403868534,-6.98115911386819E-14,0.344059657840622));
#2492=CARTESIAN_POINT('',(40.5466061856392,1.30471853744198E-14,0.291034000359849));
#2493=CARTESIAN_POINT('',(40.2958789671941,3.23508336758645E-13,0.242422202051801));
#2494=CARTESIAN_POINT('',(39.9565182778482,6.86279846945824E-13,0.188664549956901));
#2495=CARTESIAN_POINT('',(39.5320709118633,1.12430025756501E-12,0.135764936947209));
#2496=CARTESIAN_POINT('',(39.0212056190638,1.47500741947397E-12,0.0861988626355425));
#2497=CARTESIAN_POINT('',(38.5097742427637,1.24645580975563E-12,0.0478513278467694));
#2498=CARTESIAN_POINT('',(37.8256289107817,9.1233945329201E-13,0.010871746634156));
#2499=CARTESIAN_POINT('',(37.3157598675219,-3.16808821944837E-12,9.60509666090048E-15));
#2500=CARTESIAN_POINT('',(36.969699789593,-1.18209651312057E-12,4.90515881340282E-27));
#2501=CARTESIAN_POINT('',(7.28146283389843,3.31365342161125,0.));
#2502=CARTESIAN_POINT('',(6.82637140677978,3.10655008276055,2.16840434497101E-16));
#2503=CARTESIAN_POINT('',(6.82637140677978,3.10655008276055,-0.5));
#2504=CARTESIAN_POINT('',(7.05050745913494,3.55743147868765,1.05721880516505E-16));
#2505=CARTESIAN_POINT('',(6.71805593300357,3.34456390286628,-0.0984795501462954));
#2506=CARTESIAN_POINT('',(6.65564043314366,3.48171642665724,-0.499999916476323));
#2507=CARTESIAN_POINT('',(6.49331350188787,4.06138826674002,0.148386324339106));
#2508=CARTESIAN_POINT('',(6.37958843225354,4.00724041334002,-0.0603887712203807));
#2509=CARTESIAN_POINT('',(6.27020380356648,4.16303318880453,-0.203227393083719));
#2510=CARTESIAN_POINT('',(5.89927172694353,4.64998839819362,0.383117971591661));
#2511=CARTESIAN_POINT('',(5.87449178043532,4.67806823500554,0.324676939388608));
#2512=CARTESIAN_POINT('',(5.84971178233331,4.70614813019444,0.266235943183299));
#2513=CARTESIAN_POINT('',(5.62342424585002,4.96256987368301,0.5));
#2514=CARTESIAN_POINT('',(5.62342424584988,4.96256987368317,0.5));
#2515=CARTESIAN_POINT('',(5.62342424584974,4.96256987368333,0.5));
#2516=CARTESIAN_POINT('',(7.28146283389843,3.31365342161125,0.));
#2517=CARTESIAN_POINT('',(7.00542473776419,3.60501721399434,3.03261366417942E-15));
#2518=CARTESIAN_POINT('',(6.41974791230133,4.12670248121144,0.179553067963545));
#2519=CARTESIAN_POINT('',(5.87771640666077,4.67441419244696,0.392251184210859));
#2520=CARTESIAN_POINT('',(5.62342424584973,4.96256987368333,0.5));
#2521=CARTESIAN_POINT('',(8.29490580484194,3.62250551971635,0.504602586961188));
#2522=CARTESIAN_POINT('',(8.29528677219559,3.62713502241584,-2.38524477946811E-15));
#2523=CARTESIAN_POINT('',(8.25390055213553,3.12421104308255,-2.27682456221956E-15));
#2524=CARTESIAN_POINT('',(11.0475382196689,3.39599512524656,0.503840121541524));
#2525=CARTESIAN_POINT('',(11.0457657768409,3.40002320254319,2.83720976703307E-12));
#2526=CARTESIAN_POINT('',(11.0036358398403,2.89793201400491,-2.27682456221956E-15));
#2527=CARTESIAN_POINT('',(16.5472112699168,2.8941682248415,0.502652036202875));
#2528=CARTESIAN_POINT('',(16.5439868591529,2.8971670900263,-1.35674750668789E-12));
#2529=CARTESIAN_POINT('',(16.4977295996537,2.39662654397044,-7.59070631838256E-15));
#2530=CARTESIAN_POINT('',(23.4086352272723,2.17360640725432,0.501860370653211));
#2531=CARTESIAN_POINT('',(23.4074172868017,2.17562712760671,1.77799955158283E-13));
#2532=CARTESIAN_POINT('',(23.3550293680329,1.67645456677016,1.28784513534714E-14));
#2533=CARTESIAN_POINT('',(28.8949237788938,1.53561735642587,0.501337536759381));
#2534=CARTESIAN_POINT('',(28.8948766956815,1.53697188127821,-3.65254990408653E-14));
#2535=CARTESIAN_POINT('',(28.8341447800147,1.03935204670569,-9.30316640623734E-15));
#2536=CARTESIAN_POINT('',(32.9979038242052,1.04537332775637,0.501273505933694));
#2537=CARTESIAN_POINT('',(32.9975861416507,1.04670227347569,1.1377080344954E-15));
#2538=CARTESIAN_POINT('',(32.9420316281021,0.548381753603686,9.06293699968341E-15));
#2539=CARTESIAN_POINT('',(36.4386774207673,0.58726010812511,0.50091113898515));
#2540=CARTESIAN_POINT('',(36.4389982224925,0.588140217585944,4.63332400750532E-14));
#2541=CARTESIAN_POINT('',(36.3602179802841,0.093431044568183,-1.43102272239394E-15));
#2542=CARTESIAN_POINT('',(39.1540792286772,0.186467568347392,0.501018508146431));
#2543=CARTESIAN_POINT('',(39.1539059445432,0.187514858682086,-8.10340710461504E-14));
#2544=CARTESIAN_POINT('',(39.0904573773739,-0.309602086835359,3.36533871433762E-15));
#2545=CARTESIAN_POINT('',(40.5101085428825,0.047105210789689,0.50025332961052));
#2546=CARTESIAN_POINT('',(40.5098891218562,0.0473808094554318,1.87947412345111E-13));
#2547=CARTESIAN_POINT('',(40.4622523237223,-0.450599364330369,9.75781955236954E-16));
#2548=CARTESIAN_POINT('',(41.1965024258797,-0.0188945404498545,0.499898385889328));
#2549=CARTESIAN_POINT('',(41.196492702086,-0.0189956674953957,9.75781955236954E-16));
#2550=CARTESIAN_POINT('',(41.1486460317567,-0.516599026280668,9.75781955236954E-16));
#2551=CARTESIAN_POINT('',(8.25390055213554,3.12421104308255,0.499999999999998));
#2552=CARTESIAN_POINT('',(8.25390055213554,3.12421104308255,0.));
#2553=CARTESIAN_POINT('',(8.29528677219563,3.62713502241589,-2.37169225231204E-17));
#2554=CARTESIAN_POINT('',(8.29490580484199,3.62250551971634,0.504602586961244));
#2555=CARTESIAN_POINT('',(7.09004774063239,3.21998590407943,0.));
#2556=CARTESIAN_POINT('',(7.26313229702087,3.71081511652885,1.14744042808984E-12));
#2557=CARTESIAN_POINT('',(7.26035904828898,3.70765109863252,0.503359700150037));
#2558=CARTESIAN_POINT('',(5.99793766361361,3.7745209341087,0.));
#2559=CARTESIAN_POINT('',(6.29201336040615,4.2003602162451,1.43505349451205E-13));
#2560=CARTESIAN_POINT('',(6.28957978612485,4.20058787906576,0.50167952142523));
#2561=CARTESIAN_POINT('',(5.2348356226269,4.64732139838066,0.));
#2562=CARTESIAN_POINT('',(5.61122878178972,4.97640738115642,-6.20451633863775E-17));
#2563=CARTESIAN_POINT('',(5.6112518227342,4.97642752618742,0.499969392450526));
#2564=CARTESIAN_POINT('',(0.,0.,0.));
#2565=CARTESIAN_POINT('',(-360.75,42.5,-6.93889390390723E-15));
#2566=CARTESIAN_POINT('',(-360.75,-1.38777878078145E-14,-42.5));
#2567=CARTESIAN_POINT('',(-360.75,-42.5,0.));
#2568=CARTESIAN_POINT('',(-360.75,6.93889390390723E-15,42.5));
#2569=MECHANICAL_DESIGN_GEOMETRIC_PRESENTATION_REPRESENTATION('',(#791,
#792),#2570);
#2570=(
GEOMETRIC_REPRESENTATION_CONTEXT(3)
GLOBAL_UNCERTAINTY_ASSIGNED_CONTEXT((#2573))
GLOBAL_UNIT_ASSIGNED_CONTEXT((#2578,#2577,#2576))
REPRESENTATION_CONTEXT('albert_simplified_body',
'TOP_LEVEL_ASSEMBLY_PART')
);
#2571=(
GEOMETRIC_REPRESENTATION_CONTEXT(3)
GLOBAL_UNCERTAINTY_ASSIGNED_CONTEXT((#2574))
GLOBAL_UNIT_ASSIGNED_CONTEXT((#2578,#2577,#2576))
REPRESENTATION_CONTEXT('body','COMPONENT_PART')
);
#2572=(
GEOMETRIC_REPRESENTATION_CONTEXT(3)
GLOBAL_UNCERTAINTY_ASSIGNED_CONTEXT((#2575))
GLOBAL_UNIT_ASSIGNED_CONTEXT((#2578,#2577,#2576))
REPRESENTATION_CONTEXT('fin','COMPONENT_PART')
);
#2573=UNCERTAINTY_MEASURE_WITH_UNIT(LENGTH_MEASURE(0.005),#2578,
'DISTANCE_ACCURACY_VALUE','Maximum Tolerance applied to model');
#2574=UNCERTAINTY_MEASURE_WITH_UNIT(LENGTH_MEASURE(0.005),#2578,
'DISTANCE_ACCURACY_VALUE','Maximum Tolerance applied to model');
#2575=UNCERTAINTY_MEASURE_WITH_UNIT(LENGTH_MEASURE(0.005),#2578,
'DISTANCE_ACCURACY_VALUE','Maximum Tolerance applied to model');
#2576=(
NAMED_UNIT(*)
SI_UNIT($,.STERADIAN.)
SOLID_ANGLE_UNIT()
);
#2577=(
NAMED_UNIT(*)
PLANE_ANGLE_UNIT()
SI_UNIT($,.RADIAN.)
);
#2578=(
LENGTH_UNIT()
NAMED_UNIT(*)
SI_UNIT(.MILLI.,.METRE.)
);
#2579=PRODUCT_DEFINITION_SHAPE('','',#2587);
#2580=PRODUCT_DEFINITION_SHAPE('','',#2588);
#2581=PRODUCT_DEFINITION_SHAPE(' ','NAUO PRDDFN',#49);
#2582=PRODUCT_DEFINITION_SHAPE('','',#2589);
#2583=PRODUCT_DEFINITION_SHAPE(' ','NAUO PRDDFN',#50);
#2584=PRODUCT_DEFINITION_SHAPE(' ','NAUO PRDDFN',#51);
#2585=PRODUCT_DEFINITION_SHAPE(' ','NAUO PRDDFN',#52);
#2586=PRODUCT_DEFINITION_SHAPE(' ','NAUO PRDDFN',#53);
#2587=PRODUCT_DEFINITION('','',#2593,#2590);
#2588=PRODUCT_DEFINITION('','',#2594,#2591);
#2589=PRODUCT_DEFINITION('','',#2595,#2592);
#2590=PRODUCT_DEFINITION_CONTEXT('',#2609,'design');
#2591=PRODUCT_DEFINITION_CONTEXT('',#2609,'design');
#2592=PRODUCT_DEFINITION_CONTEXT('',#2609,'design');
#2593=PRODUCT_DEFINITION_FORMATION_WITH_SPECIFIED_SOURCE('','',#2599,
 .NOT_KNOWN.);
#2594=PRODUCT_DEFINITION_FORMATION_WITH_SPECIFIED_SOURCE('','',#2600,
 .NOT_KNOWN.);
#2595=PRODUCT_DEFINITION_FORMATION_WITH_SPECIFIED_SOURCE('','',#2601,
 .NOT_KNOWN.);
#2596=PRODUCT_RELATED_PRODUCT_CATEGORY('','',(#2599));
#2597=PRODUCT_RELATED_PRODUCT_CATEGORY('','',(#2600));
#2598=PRODUCT_RELATED_PRODUCT_CATEGORY('','',(#2601));
#2599=PRODUCT('albert_simplified_body','albert_simplified_body',
'albert_simplified_body',(#2605));
#2600=PRODUCT('body','body','body',(#2606));
#2601=PRODUCT('fin','fin','fin',(#2607));
#2602=PRODUCT_CATEGORY('','');
#2603=PRODUCT_CATEGORY('','');
#2604=PRODUCT_CATEGORY('','');
#2605=PRODUCT_CONTEXT('',#2609,'mechanical');
#2606=PRODUCT_CONTEXT('',#2609,'mechanical');
#2607=PRODUCT_CONTEXT('',#2609,'mechanical');
#2608=APPLICATION_PROTOCOL_DEFINITION('international standard',
'ap242_managed_model_based_3d_engineering',2011,#2609);
#2609=APPLICATION_CONTEXT('managed model based 3d engineering');
ENDSEC;
END-ISO-10303-21;
