ISO-10303-21;
HEADER;
/* Generated by software containing ST-Developer
 * from STEP Tools, Inc. (www.steptools.com) 
 */
/* OPTION: strings as raw bytes, not using required /X/ escapes */

FILE_DESCRIPTION(
/* description */ ('Unknown'),
/* implementation_level */ '2;1');

FILE_NAME(
/* name */ 'NACA0012_20_grad',
/* time_stamp */ '2026-02-12T19:19:24+01:00',
/* author */ ('Unknown'),
/* organization */ ('Unknown'),
/* preprocessor_version */ 'ST-DEVELOPER v18.102',
/* originating_system */ 'Solid Edge',
/* authorisation */ 'Unknown');

FILE_SCHEMA (('AUTOMOTIVE_DESIGN {1 0 10303 214 3 1 1}'));
ENDSEC;

DATA;
#10=PROPERTY_DEFINITION_REPRESENTATION(#14,#12);
#11=PROPERTY_DEFINITION_REPRESENTATION(#15,#13);
#12=REPRESENTATION('',(#16),#2044);
#13=REPRESENTATION('',(#17),#2044);
#14=PROPERTY_DEFINITION('pmi validation property','',#2049);
#15=PROPERTY_DEFINITION('pmi validation property','',#2049);
#16=VALUE_REPRESENTATION_ITEM('number of annotations',COUNT_MEASURE(0.));
#17=VALUE_REPRESENTATION_ITEM('number of views',COUNT_MEASURE(0.));
#18=SHAPE_REPRESENTATION_RELATIONSHIP('','',#593,#19);
#19=ADVANCED_BREP_SHAPE_REPRESENTATION('',(#591),#2044);
#20=TOROIDAL_SURFACE('',#615,6.5,1.);
#21=TOROIDAL_SURFACE('',#621,6.5,1.);
#22=TOROIDAL_SURFACE('',#628,7.,0.5);
#23=TOROIDAL_SURFACE('',#630,7.,0.5);
#24=(
BOUNDED_SURFACE()
B_SPLINE_SURFACE(3,2,((#1284,#1285,#1286),(#1287,#1288,#1289),(#1290,#1291,
#1292),(#1293,#1294,#1295)),.UNSPECIFIED.,.F.,.F.,.F.)
B_SPLINE_SURFACE_WITH_KNOTS((4,4),(3,3),(0.0193937221519115,0.0261272302816774),
(0.,1.),.PIECEWISE_BEZIER_KNOTS.)
GEOMETRIC_REPRESENTATION_ITEM()
RATIONAL_B_SPLINE_SURFACE(((1.,0.928505333471711,1.),(1.,0.927908052732533,
1.),(1.,0.926689711375985,1.),(1.,0.926912426329508,1.)))
REPRESENTATION_ITEM('')
SURFACE()
);
#25=(
BOUNDED_SURFACE()
B_SPLINE_SURFACE(3,2,((#1304,#1305,#1306),(#1307,#1308,#1309),(#1310,#1311,
#1312),(#1313,#1314,#1315)),.UNSPECIFIED.,.F.,.F.,.F.)
B_SPLINE_SURFACE_WITH_KNOTS((4,4),(3,3),(0.0194326653632899,0.0260620932115669),
(0.,1.),.PIECEWISE_BEZIER_KNOTS.)
GEOMETRIC_REPRESENTATION_ITEM()
RATIONAL_B_SPLINE_SURFACE(((1.,0.927623466221669,1.),(1.,0.926929627856402,
1.),(1.,0.92619846417587,1.),(1.,0.925419758641478,1.)))
REPRESENTATION_ITEM('')
SURFACE()
);
#26=(
BOUNDED_SURFACE()
B_SPLINE_SURFACE(3,2,((#1324,#1325,#1326),(#1327,#1328,#1329),(#1330,#1331,
#1332),(#1333,#1334,#1335)),.UNSPECIFIED.,.F.,.F.,.F.)
B_SPLINE_SURFACE_WITH_KNOTS((4,4),(3,3),(0.0193937221519133,0.0261272302816768),
(0.,1.),.PIECEWISE_BEZIER_KNOTS.)
GEOMETRIC_REPRESENTATION_ITEM()
RATIONAL_B_SPLINE_SURFACE(((1.,0.92850533347171,1.),(1.,0.927908052734027,
1.),(1.,0.926689711378674,1.),(1.,0.926912426329456,1.)))
REPRESENTATION_ITEM('')
SURFACE()
);
#27=(
BOUNDED_SURFACE()
B_SPLINE_SURFACE(3,2,((#1344,#1345,#1346),(#1347,#1348,#1349),(#1350,#1351,
#1352),(#1353,#1354,#1355)),.UNSPECIFIED.,.F.,.F.,.F.)
B_SPLINE_SURFACE_WITH_KNOTS((4,4),(3,3),(0.0194326653632909,0.0260620932115681),
(0.,1.),.PIECEWISE_BEZIER_KNOTS.)
GEOMETRIC_REPRESENTATION_ITEM()
RATIONAL_B_SPLINE_SURFACE(((1.,0.927623466221655,1.),(1.,0.926929627856266,
1.),(1.,0.926198464175597,1.),(1.,0.925419758641205,1.)))
REPRESENTATION_ITEM('')
SURFACE()
);
#28=(
BOUNDED_SURFACE()
B_SPLINE_SURFACE(3,2,((#1364,#1365,#1366),(#1367,#1368,#1369),(#1370,#1371,
#1372),(#1373,#1374,#1375),(#1376,#1377,#1378)),.UNSPECIFIED.,.F.,.F.,.F.)
B_SPLINE_SURFACE_WITH_KNOTS((4,1,4),(3,3),(-1.09177187005995E-5,0.00175018547443248,
0.00351128866756557),(0.,1.),.UNSPECIFIED.)
GEOMETRIC_REPRESENTATION_ITEM()
RATIONAL_B_SPLINE_SURFACE(((1.,1.,1.),(1.,0.999999999971649,1.),(1.,0.953634033001543,
1.),(1.,0.850389213164608,1.),(1.,0.798426752166078,1.)))
REPRESENTATION_ITEM('')
SURFACE()
);
#29=(
BOUNDED_SURFACE()
B_SPLINE_SURFACE(3,2,((#1386,#1387,#1388),(#1389,#1390,#1391),(#1392,#1393,
#1394),(#1395,#1396,#1397)),.UNSPECIFIED.,.F.,.F.,.F.)
B_SPLINE_SURFACE_WITH_KNOTS((4,4),(3,3),(0.0634230217122831,0.0715891546741212),
(0.,1.),.PIECEWISE_BEZIER_KNOTS.)
GEOMETRIC_REPRESENTATION_ITEM()
RATIONAL_B_SPLINE_SURFACE(((1.,0.711838769672694,1.),(1.,0.712630953698665,
1.),(1.,0.713723327148465,1.),(1.,0.71526298193963,1.)))
REPRESENTATION_ITEM('')
SURFACE()
);
#30=(
BOUNDED_SURFACE()
B_SPLINE_SURFACE(3,2,((#1400,#1401,#1402),(#1403,#1404,#1405),(#1406,#1407,
#1408),(#1409,#1410,#1411),(#1412,#1413,#1414)),.UNSPECIFIED.,.F.,.F.,.F.)
B_SPLINE_SURFACE_WITH_KNOTS((4,1,4),(3,3),(-0.001920999229002,-0.000178320933290612,
0.00156435736242077),(0.,1.),.UNSPECIFIED.)
GEOMETRIC_REPRESENTATION_ITEM()
RATIONAL_B_SPLINE_SURFACE(((1.,1.,1.),(1.,0.999999999956532,1.),(1.,0.953294380410281,
1.),(1.,0.852368474833505,1.),(1.,0.800643377629069,1.)))
REPRESENTATION_ITEM('')
SURFACE()
);
#31=(
BOUNDED_SURFACE()
B_SPLINE_SURFACE(3,2,((#1422,#1423,#1424),(#1425,#1426,#1427),(#1428,#1429,
#1430),(#1431,#1432,#1433)),.UNSPECIFIED.,.F.,.F.,.F.)
B_SPLINE_SURFACE_WITH_KNOTS((4,4),(3,3),(0.00341574422037428,0.00729622004453661),
(0.,0.751516483297344),.PIECEWISE_BEZIER_KNOTS.)
GEOMETRIC_REPRESENTATION_ITEM()
RATIONAL_B_SPLINE_SURFACE(((1.,0.782559672185919,0.891939325343558),(1.,
0.781854846449306,0.891589050188166),(1.,0.780881951619468,0.891105553530765),
(1.,0.779885918215675,0.89061055776491)))
REPRESENTATION_ITEM('')
SURFACE()
);
#32=(
BOUNDED_SURFACE()
B_SPLINE_SURFACE(3,2,((#1435,#1436,#1437),(#1438,#1439,#1440),(#1441,#1442,
#1443),(#1444,#1445,#1446)),.UNSPECIFIED.,.F.,.F.,.F.)
B_SPLINE_SURFACE_WITH_KNOTS((4,4),(3,3),(0.,0.00112704163543226),(0.,1.),
 .PIECEWISE_BEZIER_KNOTS.)
GEOMETRIC_REPRESENTATION_ITEM()
RATIONAL_B_SPLINE_SURFACE(((1.,0.711838769674494,1.),(1.,0.744056937115137,
1.),(1.,0.772867473452287,1.),(1.,0.798426752166166,1.)))
REPRESENTATION_ITEM('')
SURFACE()
);
#33=(
BOUNDED_SURFACE()
B_SPLINE_SURFACE(3,2,((#1451,#1452,#1453),(#1454,#1455,#1456),(#1457,#1458,
#1459),(#1460,#1461,#1462)),.UNSPECIFIED.,.F.,.F.,.F.)
B_SPLINE_SURFACE_WITH_KNOTS((4,4),(3,3),(0.,0.00110440567758655),(0.,1.),
 .PIECEWISE_BEZIER_KNOTS.)
GEOMETRIC_REPRESENTATION_ITEM()
RATIONAL_B_SPLINE_SURFACE(((1.,0.715262981939613,1.),(1.,0.746947048227888,
1.),(1.,0.775385534223877,1.),(1.,0.800643377629076,1.)))
REPRESENTATION_ITEM('')
SURFACE()
);
#34=(
BOUNDED_SURFACE()
B_SPLINE_SURFACE(3,2,((#1467,#1468,#1469),(#1470,#1471,#1472),(#1473,#1474,
#1475),(#1476,#1477,#1478),(#1479,#1480,#1481)),.UNSPECIFIED.,.F.,.F.,.F.)
B_SPLINE_SURFACE_WITH_KNOTS((4,1,4),(3,3),(0.00288631174693603,0.00480515267956943,
0.00672399361220284),(0.242635990776674,1.),.UNSPECIFIED.)
GEOMETRIC_REPRESENTATION_ITEM()
RATIONAL_B_SPLINE_SURFACE(((0.896213851659854,0.786127878209807,1.),(0.895705235586982,
0.785079773039498,1.),(0.894477639601142,0.782550065921625,1.),(0.893066672306886,
0.779642485538064,1.),(0.892353677706813,0.778173217525123,1.)))
REPRESENTATION_ITEM('')
SURFACE()
);
#35=(
BOUNDED_SURFACE()
B_SPLINE_SURFACE(3,2,((#1484,#1485,#1486),(#1487,#1488,#1489),(#1490,#1491,
#1492),(#1493,#1494,#1495),(#1496,#1497,#1498)),.UNSPECIFIED.,.F.,.F.,.F.)
B_SPLINE_SURFACE_WITH_KNOTS((4,1,4),(3,3),(-1.08038249360741E-5,0.00174292474757082,
0.00349665332007771),(0.,1.),.UNSPECIFIED.)
GEOMETRIC_REPRESENTATION_ITEM()
RATIONAL_B_SPLINE_SURFACE(((1.,1.,1.),(1.,0.999999999956387,1.),(1.,0.953290497580271,
1.),(1.,0.852367461903575,1.),(1.,0.80064337762889,1.)))
REPRESENTATION_ITEM('')
SURFACE()
);
#36=(
BOUNDED_SURFACE()
B_SPLINE_SURFACE(3,2,((#1506,#1507,#1508),(#1509,#1510,#1511),(#1512,#1513,
#1514),(#1515,#1516,#1517)),.UNSPECIFIED.,.F.,.F.,.F.)
B_SPLINE_SURFACE_WITH_KNOTS((4,4),(3,3),(0.0589756345119231,0.0671439613672769),
(0.,1.),.PIECEWISE_BEZIER_KNOTS.)
GEOMETRIC_REPRESENTATION_ITEM()
RATIONAL_B_SPLINE_SURFACE(((1.,0.71183876967256,1.),(1.,0.712631028629218,
1.),(1.,0.713723708995787,1.),(1.,0.715262981939686,1.)))
REPRESENTATION_ITEM('')
SURFACE()
);
#37=(
BOUNDED_SURFACE()
B_SPLINE_SURFACE(3,2,((#1520,#1521,#1522),(#1523,#1524,#1525),(#1526,#1527,
#1528),(#1529,#1530,#1531)),.UNSPECIFIED.,.F.,.F.,.F.)
B_SPLINE_SURFACE_WITH_KNOTS((4,4),(3,3),(0.00358854835315626,0.00743833488555011),
(0.,0.757364014275376),.PIECEWISE_BEZIER_KNOTS.)
GEOMETRIC_REPRESENTATION_ITEM()
RATIONAL_B_SPLINE_SURFACE(((1.,0.786128082711653,0.896213953059853),(1.,
0.784019685275158,0.895190806879247),(1.,0.781095131712959,0.89377160300651),
(1.,0.778173216045404,0.892353679230107)))
REPRESENTATION_ITEM('')
SURFACE()
);
#38=(
BOUNDED_SURFACE()
B_SPLINE_SURFACE(3,2,((#1533,#1534,#1535),(#1536,#1537,#1538),(#1539,#1540,
#1541),(#1542,#1543,#1544)),.UNSPECIFIED.,.F.,.F.,.F.)
B_SPLINE_SURFACE_WITH_KNOTS((4,4),(3,3),(0.,0.00110440567758419),(0.,1.),
 .PIECEWISE_BEZIER_KNOTS.)
GEOMETRIC_REPRESENTATION_ITEM()
RATIONAL_B_SPLINE_SURFACE(((1.,0.715262981939655,1.),(1.,0.746947048227798,
1.),(1.,0.775385534252962,1.),(1.,0.800643377628861,1.)))
REPRESENTATION_ITEM('')
SURFACE()
);
#39=(
BOUNDED_SURFACE()
B_SPLINE_SURFACE(3,2,((#1549,#1550,#1551),(#1552,#1553,#1554),(#1555,#1556,
#1557),(#1558,#1559,#1560)),.UNSPECIFIED.,.F.,.F.,.F.)
B_SPLINE_SURFACE_WITH_KNOTS((4,4),(3,3),(0.,0.00112704163546308),(0.,1.),
 .PIECEWISE_BEZIER_KNOTS.)
GEOMETRIC_REPRESENTATION_ITEM()
RATIONAL_B_SPLINE_SURFACE(((1.,0.711838769672543,1.),(1.,0.744056937113804,
1.),(1.,0.772867473451224,1.),(1.,0.798426752166699,1.)))
REPRESENTATION_ITEM('')
SURFACE()
);
#40=(
BOUNDED_SURFACE()
B_SPLINE_SURFACE(3,2,((#1569,#1570,#1571),(#1572,#1573,#1574),(#1575,#1576,
#1577),(#1578,#1579,#1580),(#1581,#1582,#1583)),.UNSPECIFIED.,.F.,.F.,.F.)
B_SPLINE_SURFACE_WITH_KNOTS((4,1,4),(3,3),(-0.00197101308726177,-0.00021566941279986,
0.00153967426166205),(0.,1.),.UNSPECIFIED.)
GEOMETRIC_REPRESENTATION_ITEM()
RATIONAL_B_SPLINE_SURFACE(((1.,1.,1.),(1.,0.999999999971775,1.),(1.,0.953015619520461,
1.),(1.,0.850507611552241,1.),(1.,0.798426752166696,1.)))
REPRESENTATION_ITEM('')
SURFACE()
);
#41=(
BOUNDED_SURFACE()
B_SPLINE_SURFACE(3,2,((#1589,#1590,#1591),(#1592,#1593,#1594),(#1595,#1596,
#1597),(#1598,#1599,#1600),(#1601,#1602,#1603)),.UNSPECIFIED.,.F.,.F.,.F.)
B_SPLINE_SURFACE_WITH_KNOTS((4,1,4),(3,3),(0.00317494609075081,0.00511319764872899,
0.00705144920670718),(0.248483518815901,1.),.UNSPECIFIED.)
GEOMETRIC_REPRESENTATION_ITEM()
RATIONAL_B_SPLINE_SURFACE(((0.891939282190395,0.782559587202106,1.),(0.891765302158885,
0.78220950355805,1.),(0.891344635122107,0.781363034869136,1.),(0.890858665508435,
0.780385163950396,1.),(0.8906105571422,0.77988591883463,1.)))
REPRESENTATION_ITEM('')
SURFACE()
);
#42=(
BOUNDED_SURFACE()
B_SPLINE_SURFACE(3,2,((#1604,#1605,#1606),(#1607,#1608,#1609),(#1610,#1611,
#1612),(#1613,#1614,#1615),(#1616,#1617,#1618),(#1619,#1620,#1621),(#1622,
#1623,#1624),(#1625,#1626,#1627),(#1628,#1629,#1630),(#1631,#1632,#1633),
(#1634,#1635,#1636),(#1637,#1638,#1639),(#1640,#1641,#1642),(#1643,#1644,
#1645),(#1646,#1647,#1648),(#1649,#1650,#1651),(#1652,#1653,#1654),(#1655,
#1656,#1657),(#1658,#1659,#1660),(#1661,#1662,#1663)),.UNSPECIFIED.,.F.,
 .F.,.F.)
B_SPLINE_SURFACE_WITH_KNOTS((4,1,1,1,1,1,1,1,1,1,1,1,1,1,1,1,1,4),(3,3),
(0.,0.00409164837919399,0.00818329675838799,0.012274945137582,0.016366593516776,
0.018412417706373,0.02045824189597,0.022504066085567,0.024549890275164,
0.026595714464761,0.0276186265595595,0.028641538654358,0.0296644507491565,
0.030687362843955,0.0311988188913542,0.0317102749387535,0.0322217309861527,
0.0327331870335519),(0.,1.),.UNSPECIFIED.)
GEOMETRIC_REPRESENTATION_ITEM()
RATIONAL_B_SPLINE_SURFACE(((1.,0.69846148189263,1.),(1.,0.697692313825536,
1.),(1.,0.693719426854679,1.),(1.,0.69555115061866,1.),(1.,0.695076795161897,
1.),(1.,0.691442161147045,1.),(1.,0.685484094399588,1.),(1.,0.679257631258966,
1.),(1.,0.671052002374209,1.),(1.,0.661277958094043,1.),(1.,0.644590228890288,
1.),(1.,0.626078732907461,1.),(1.,0.610830692063876,1.),(1.,0.584695812860428,
1.),(1.,0.557873313870768,1.),(1.,0.52934482269522,1.),(1.,0.506909636147156,
1.),(1.,0.487574240802304,1.),(1.,0.471857972608117,1.),(1.,0.471857925526388,
1.)))
REPRESENTATION_ITEM('')
SURFACE()
);
#43=(
BOUNDED_SURFACE()
B_SPLINE_SURFACE(3,2,((#1666,#1667,#1668),(#1669,#1670,#1671),(#1672,#1673,
#1674),(#1675,#1676,#1677),(#1678,#1679,#1680),(#1681,#1682,#1683),(#1684,
#1685,#1686),(#1687,#1688,#1689),(#1690,#1691,#1692),(#1693,#1694,#1695),
(#1696,#1697,#1698),(#1699,#1700,#1701),(#1702,#1703,#1704),(#1705,#1706,
#1707),(#1708,#1709,#1710),(#1711,#1712,#1713),(#1714,#1715,#1716),(#1717,
#1718,#1719),(#1720,#1721,#1722)),.UNSPECIFIED.,.F.,.F.,.F.)
B_SPLINE_SURFACE_WITH_KNOTS((4,1,1,1,1,1,1,1,1,1,1,1,1,1,1,1,4),(3,3),(0.,
0.000518358051575083,0.00103671610315017,0.00155507415472525,0.00207343220630033,
0.0031101483094505,0.00414686441260066,0.00622029661890099,0.00829372882520132,
0.0103671610315017,0.012440593237802,0.0145140254441023,0.0165874576504026,
0.0207343220630033,0.024881186475604,0.0290280508882046,0.0331749153008053),
(0.,1.),.UNSPECIFIED.)
GEOMETRIC_REPRESENTATION_ITEM()
RATIONAL_B_SPLINE_SURFACE(((1.,0.471857925526388,1.),(1.,0.471857978457907,
1.),(1.,0.487867865559684,1.),(1.,0.507191618256732,1.),(1.,0.530028490554992,
1.),(1.,0.558655166890461,1.),(1.,0.585774766555783,1.),(1.,0.619582246117917,
1.),(1.,0.640922835185706,1.),(1.,0.661834676459716,1.),(1.,0.671115844496464,
1.),(1.,0.679373705838727,1.),(1.,0.685552065509149,1.),(1.,0.691476482630384,
1.),(1.,0.6951026294186,1.),(1.,0.695529065527578,1.),(1.,0.693734625695137,
1.),(1.,0.697693344182138,1.),(1.,0.698461481892677,1.)))
REPRESENTATION_ITEM('')
SURFACE()
);
#44=(
BOUNDED_SURFACE()
B_SPLINE_SURFACE(3,2,((#1724,#1725,#1726),(#1727,#1728,#1729),(#1730,#1731,
#1732),(#1733,#1734,#1735)),.UNSPECIFIED.,.F.,.F.,.F.)
B_SPLINE_SURFACE_WITH_KNOTS((4,4),(3,3),(0.,0.00339825293564358),(0.,1.),
 .PIECEWISE_BEZIER_KNOTS.)
GEOMETRIC_REPRESENTATION_ITEM()
RATIONAL_B_SPLINE_SURFACE(((1.,0.69846148189263,1.),(1.,0.700808928058911,
1.),(1.,0.703922197521637,1.),(1.,0.707106781186504,1.)))
REPRESENTATION_ITEM('')
SURFACE()
);
#45=(
BOUNDED_SURFACE()
B_SPLINE_SURFACE(3,2,((#1737,#1738,#1739),(#1740,#1741,#1742),(#1743,#1744,
#1745),(#1746,#1747,#1748)),.UNSPECIFIED.,.F.,.F.,.F.)
B_SPLINE_SURFACE_WITH_KNOTS((4,4),(3,3),(0.,0.00339832267903537),(0.,1.),
 .PIECEWISE_BEZIER_KNOTS.)
GEOMETRIC_REPRESENTATION_ITEM()
RATIONAL_B_SPLINE_SURFACE(((1.,0.707106781186548,1.),(1.,0.70392219824133,
1.),(1.,0.70080892342254,1.),(1.,0.698461481892654,1.)))
REPRESENTATION_ITEM('')
SURFACE()
);
#46=(
BOUNDED_SURFACE()
B_SPLINE_SURFACE(3,2,((#1754,#1755,#1756),(#1757,#1758,#1759),(#1760,#1761,
#1762),(#1763,#1764,#1765)),.UNSPECIFIED.,.F.,.F.,.F.)
B_SPLINE_SURFACE_WITH_KNOTS((4,4),(3,3),(0.,0.00341820178190571),(0.,1.),
 .PIECEWISE_BEZIER_KNOTS.)
GEOMETRIC_REPRESENTATION_ITEM()
RATIONAL_B_SPLINE_SURFACE(((1.,0.707106781186547,1.),(1.,0.70589622997391,
1.),(1.,0.704722222954499,1.),(1.,0.703844736456804,1.)))
REPRESENTATION_ITEM('')
SURFACE()
);
#47=(
BOUNDED_SURFACE()
B_SPLINE_SURFACE(3,2,((#1767,#1768,#1769),(#1770,#1771,#1772),(#1773,#1774,
#1775),(#1776,#1777,#1778)),.UNSPECIFIED.,.F.,.F.,.F.)
B_SPLINE_SURFACE_WITH_KNOTS((4,4),(3,3),(0.,0.00341818765858487),(0.,1.),
 .PIECEWISE_BEZIER_KNOTS.)
GEOMETRIC_REPRESENTATION_ITEM()
RATIONAL_B_SPLINE_SURFACE(((1.,0.703844736457417,1.),(1.,0.704722224222375,
1.),(1.,0.705896228552594,1.),(1.,0.707106781186531,1.)))
REPRESENTATION_ITEM('')
SURFACE()
);
#48=(
BOUNDED_SURFACE()
B_SPLINE_SURFACE(3,2,((#1780,#1781,#1782),(#1783,#1784,#1785),(#1786,#1787,
#1788),(#1789,#1790,#1791),(#1792,#1793,#1794),(#1795,#1796,#1797),(#1798,
#1799,#1800),(#1801,#1802,#1803),(#1804,#1805,#1806),(#1807,#1808,#1809)),
 .UNSPECIFIED.,.F.,.F.,.F.)
B_SPLINE_SURFACE_WITH_KNOTS((4,1,1,1,1,1,1,4),(3,3),(0.,0.00827393711478059,
0.0165478742295612,0.0206848427869515,0.0248218113443418,0.0289587799017321,
0.0310272641804272,0.0330957484591224),(0.,1.),.UNSPECIFIED.)
GEOMETRIC_REPRESENTATION_ITEM()
RATIONAL_B_SPLINE_SURFACE(((1.,0.703844736456813,1.),(1.,0.704386392700782,
1.),(1.,0.705229221087129,1.),(1.,0.705790138831506,1.),(1.,0.706160378915709,
1.),(1.,0.706205741006966,1.),(1.,0.706462173545822,1.),(1.,0.7063862927251,
1.),(1.,0.706927709548482,1.),(1.,0.70717861448137,1.)))
REPRESENTATION_ITEM('')
SURFACE()
);
#49=(
BOUNDED_SURFACE()
B_SPLINE_SURFACE(3,2,((#1823,#1824,#1825),(#1826,#1827,#1828),(#1829,#1830,
#1831),(#1832,#1833,#1834),(#1835,#1836,#1837),(#1838,#1839,#1840),(#1841,
#1842,#1843),(#1844,#1845,#1846),(#1847,#1848,#1849),(#1850,#1851,#1852)),
 .UNSPECIFIED.,.F.,.F.,.F.)
B_SPLINE_SURFACE_WITH_KNOTS((4,1,1,1,1,1,1,4),(3,3),(0.,0.00827390333697004,
0.0165478066739401,0.0206847583424251,0.0248217100109101,0.0289586616793951,
0.0310271375136376,0.0330956133478801),(0.,1.),.UNSPECIFIED.)
GEOMETRIC_REPRESENTATION_ITEM()
RATIONAL_B_SPLINE_SURFACE(((1.,0.703844736457417,1.),(1.,0.704386379651737,
1.),(1.,0.705229200759772,1.),(1.,0.705790122265061,1.),(1.,0.706160369517954,
1.),(1.,0.706205721745507,1.),(1.,0.706462192032765,1.),(1.,0.70638626681465,
1.),(1.,0.706927671950403,1.),(1.,0.707178629563049,1.)))
REPRESENTATION_ITEM('')
SURFACE()
);
#50=(
BOUNDED_SURFACE()
B_SPLINE_SURFACE(3,2,((#1853,#1854,#1855),(#1856,#1857,#1858),(#1859,#1860,
#1861),(#1862,#1863,#1864),(#1865,#1866,#1867),(#1868,#1869,#1870),(#1871,
#1872,#1873),(#1874,#1875,#1876),(#1877,#1878,#1879),(#1880,#1881,#1882),
(#1883,#1884,#1885),(#1886,#1887,#1888),(#1889,#1890,#1891),(#1892,#1893,
#1894),(#1895,#1896,#1897),(#1898,#1899,#1900),(#1901,#1902,#1903),(#1904,
#1905,#1906),(#1907,#1908,#1909),(#1910,#1911,#1912),(#1913,#1914,#1915),
(#1916,#1917,#1918),(#1919,#1920,#1921),(#1922,#1923,#1924),(#1925,#1926,
#1927),(#1928,#1929,#1930),(#1931,#1932,#1933),(#1934,#1935,#1936),(#1937,
#1938,#1939)),.UNSPECIFIED.,.F.,.F.,.F.)
B_SPLINE_SURFACE_WITH_KNOTS((4,1,1,1,1,1,1,1,1,1,1,1,1,1,1,1,1,1,1,1,1,
1,1,1,1,1,4),(3,3),(0.,0.000165707556118273,0.000331415112236547,0.000662830224473093,
0.00099424533670964,0.00132566044894619,0.00198849067341928,0.00265132089789237,
0.00331415112236547,0.00397698134683856,0.00530264179578475,0.00662830224473093,
0.00795396269367712,0.00927962314262331,0.0106052835915695,0.0132566044894619,
0.0159079253873542,0.0185592462852466,0.021210567183139,0.0265132089789237,
0.0318158507747085,0.0344671716726009,0.0371184925704932,0.0384441530194394,
0.0397698134683856,0.0410954739173318,0.042421134366278),(0.,1.),
 .UNSPECIFIED.)
GEOMETRIC_REPRESENTATION_ITEM()
RATIONAL_B_SPLINE_SURFACE(((1.,0.881674598767881,1.),(1.,0.88167402430169,
1.),(1.,0.873652008731397,1.),(1.,0.862079261395659,1.),(1.,0.844903393186942,
1.),(1.,0.826246909854012,1.),(1.,0.805265389233821,1.),(1.,0.785605534653707,
1.),(1.,0.771340297364704,1.),(1.,0.758239713852872,1.),(1.,0.745779013932038,
1.),(1.,0.737788124834962,1.),(1.,0.729211092629988,1.),(1.,0.723436971794254,
1.),(1.,0.720505007911187,1.),(1.,0.716910917340322,1.),(1.,0.721413326174127,
1.),(1.,0.714957706400495,1.),(1.,0.713259380893342,1.),(1.,0.710688642529288,
1.),(1.,0.709051580911744,1.),(1.,0.708027068760904,1.),(1.,0.707393333746752,
1.),(1.,0.707432573110098,1.),(1.,0.707128727487451,1.),(1.,0.706517076278632,
1.),(1.,0.707560944629979,1.),(1.,0.707174399023741,1.),(1.,0.707016218280573,
1.)))
REPRESENTATION_ITEM('')
SURFACE()
);
#51=(
BOUNDED_SURFACE()
B_SPLINE_SURFACE(3,2,((#1956,#1957,#1958),(#1959,#1960,#1961),(#1962,#1963,
#1964),(#1965,#1966,#1967),(#1968,#1969,#1970),(#1971,#1972,#1973),(#1974,
#1975,#1976),(#1977,#1978,#1979),(#1980,#1981,#1982),(#1983,#1984,#1985),
(#1986,#1987,#1988),(#1989,#1990,#1991),(#1992,#1993,#1994),(#1995,#1996,
#1997),(#1998,#1999,#2000),(#2001,#2002,#2003),(#2004,#2005,#2006),(#2007,
#2008,#2009),(#2010,#2011,#2012),(#2013,#2014,#2015),(#2016,#2017,#2018),
(#2019,#2020,#2021),(#2022,#2023,#2024),(#2025,#2026,#2027),(#2028,#2029,
#2030),(#2031,#2032,#2033),(#2034,#2035,#2036),(#2037,#2038,#2039),(#2040,
#2041,#2042)),.UNSPECIFIED.,.F.,.F.,.F.)
B_SPLINE_SURFACE_WITH_KNOTS((4,1,1,1,1,1,1,1,1,1,1,1,1,1,1,1,1,1,1,1,1,
1,1,1,1,1,4),(3,3),(0.,0.000165707556118275,0.00033141511223655,0.000662830224473099,
0.000994245336709649,0.0013256604489462,0.0019884906734193,0.0026513208978924,
0.0033141511223655,0.0039769813468386,0.00530264179578479,0.00662830224473099,
0.00795396269367719,0.00927962314262339,0.0106052835915696,0.013256604489462,
0.0159079253873544,0.0185592462852468,0.0212105671831392,0.026513208978924,
0.0318158507747088,0.0344671716726012,0.0371184925704936,0.0384441530194398,
0.039769813468386,0.0410954739173321,0.0424211343662783),(0.,1.),
 .UNSPECIFIED.)
GEOMETRIC_REPRESENTATION_ITEM()
RATIONAL_B_SPLINE_SURFACE(((1.,0.881674598767881,1.),(1.,0.881674024301753,
1.),(1.,0.873652008731406,1.),(1.,0.862079261395671,1.),(1.,0.84490339318694,
1.),(1.,0.826246909854034,1.),(1.,0.805265389233921,1.),(1.,0.785605534653746,
1.),(1.,0.771340297364754,1.),(1.,0.758239713852915,1.),(1.,0.74577901393208,
1.),(1.,0.737788124835038,1.),(1.,0.729211092630037,1.),(1.,0.723436971794293,
1.),(1.,0.720505007911239,1.),(1.,0.716910917340357,1.),(1.,0.72141332617419,
1.),(1.,0.714957706400527,1.),(1.,0.713259380893416,1.),(1.,0.710688642529331,
1.),(1.,0.709051580911783,1.),(1.,0.708027068761058,1.),(1.,0.707393333746745,
1.),(1.,0.707432573110291,1.),(1.,0.707128727487086,1.),(1.,0.706517076280084,
1.),(1.,0.707560944624522,1.),(1.,0.707174399035832,1.),(1.,0.707016218280616,
1.)))
REPRESENTATION_ITEM('')
SURFACE()
);
#52=CYLINDRICAL_SURFACE('',#601,7.5);
#53=CYLINDRICAL_SURFACE('',#604,7.5);
#54=CIRCLE('',#596,7.);
#55=CIRCLE('',#597,7.);
#56=CIRCLE('',#600,6.5);
#57=CIRCLE('',#602,7.5);
#58=CIRCLE('',#603,7.5);
#59=CIRCLE('',#605,7.5);
#60=CIRCLE('',#606,7.5);
#61=CIRCLE('',#608,6.5);
#62=CIRCLE('',#609,1.);
#63=CIRCLE('',#610,1.);
#64=CIRCLE('',#611,1.);
#65=CIRCLE('',#612,1.);
#66=CIRCLE('',#613,1.);
#67=CIRCLE('',#614,1.);
#68=CIRCLE('',#616,1.);
#69=CIRCLE('',#617,1.);
#70=CIRCLE('',#618,1.);
#71=CIRCLE('',#619,1.);
#72=CIRCLE('',#620,1.);
#73=CIRCLE('',#622,1.);
#74=CIRCLE('',#623,0.5);
#75=CIRCLE('',#624,0.5);
#76=CIRCLE('',#625,0.5);
#77=CIRCLE('',#626,0.5);
#78=CIRCLE('',#627,0.5);
#79=CIRCLE('',#629,0.5);
#80=CIRCLE('',#631,0.5);
#81=CIRCLE('',#632,0.5);
#82=CIRCLE('',#633,0.5);
#83=CIRCLE('',#634,0.5);
#84=PLANE('',#595);
#85=PLANE('',#598);
#86=PLANE('',#599);
#87=PLANE('',#607);
#88=ORIENTED_EDGE('',*,*,#264,.F.);
#89=ORIENTED_EDGE('',*,*,#265,.T.);
#90=ORIENTED_EDGE('',*,*,#266,.T.);
#91=ORIENTED_EDGE('',*,*,#267,.T.);
#92=ORIENTED_EDGE('',*,*,#268,.T.);
#93=ORIENTED_EDGE('',*,*,#269,.T.);
#94=ORIENTED_EDGE('',*,*,#270,.T.);
#95=ORIENTED_EDGE('',*,*,#271,.T.);
#96=ORIENTED_EDGE('',*,*,#272,.T.);
#97=ORIENTED_EDGE('',*,*,#273,.T.);
#98=ORIENTED_EDGE('',*,*,#274,.T.);
#99=ORIENTED_EDGE('',*,*,#275,.T.);
#100=ORIENTED_EDGE('',*,*,#276,.T.);
#101=ORIENTED_EDGE('',*,*,#266,.F.);
#102=ORIENTED_EDGE('',*,*,#277,.T.);
#103=ORIENTED_EDGE('',*,*,#264,.T.);
#104=ORIENTED_EDGE('',*,*,#278,.T.);
#105=ORIENTED_EDGE('',*,*,#279,.T.);
#106=ORIENTED_EDGE('',*,*,#280,.T.);
#107=ORIENTED_EDGE('',*,*,#281,.T.);
#108=ORIENTED_EDGE('',*,*,#282,.T.);
#109=ORIENTED_EDGE('',*,*,#283,.T.);
#110=ORIENTED_EDGE('',*,*,#284,.T.);
#111=ORIENTED_EDGE('',*,*,#285,.T.);
#112=ORIENTED_EDGE('',*,*,#286,.T.);
#113=ORIENTED_EDGE('',*,*,#287,.T.);
#114=ORIENTED_EDGE('',*,*,#288,.T.);
#115=ORIENTED_EDGE('',*,*,#289,.T.);
#116=ORIENTED_EDGE('',*,*,#290,.T.);
#117=ORIENTED_EDGE('',*,*,#291,.T.);
#118=ORIENTED_EDGE('',*,*,#292,.T.);
#119=ORIENTED_EDGE('',*,*,#293,.T.);
#120=ORIENTED_EDGE('',*,*,#294,.T.);
#121=ORIENTED_EDGE('',*,*,#295,.T.);
#122=ORIENTED_EDGE('',*,*,#296,.T.);
#123=ORIENTED_EDGE('',*,*,#297,.T.);
#124=ORIENTED_EDGE('',*,*,#298,.T.);
#125=ORIENTED_EDGE('',*,*,#299,.T.);
#126=ORIENTED_EDGE('',*,*,#300,.T.);
#127=ORIENTED_EDGE('',*,*,#301,.T.);
#128=ORIENTED_EDGE('',*,*,#302,.T.);
#129=ORIENTED_EDGE('',*,*,#303,.T.);
#130=ORIENTED_EDGE('',*,*,#304,.T.);
#131=ORIENTED_EDGE('',*,*,#305,.T.);
#132=ORIENTED_EDGE('',*,*,#306,.T.);
#133=ORIENTED_EDGE('',*,*,#307,.T.);
#134=ORIENTED_EDGE('',*,*,#308,.T.);
#135=ORIENTED_EDGE('',*,*,#309,.T.);
#136=ORIENTED_EDGE('',*,*,#310,.T.);
#137=ORIENTED_EDGE('',*,*,#311,.T.);
#138=ORIENTED_EDGE('',*,*,#304,.F.);
#139=ORIENTED_EDGE('',*,*,#312,.T.);
#140=ORIENTED_EDGE('',*,*,#286,.F.);
#141=ORIENTED_EDGE('',*,*,#285,.F.);
#142=ORIENTED_EDGE('',*,*,#313,.T.);
#143=ORIENTED_EDGE('',*,*,#308,.F.);
#144=ORIENTED_EDGE('',*,*,#314,.T.);
#145=ORIENTED_EDGE('',*,*,#275,.F.);
#146=ORIENTED_EDGE('',*,*,#315,.T.);
#147=ORIENTED_EDGE('',*,*,#268,.F.);
#148=ORIENTED_EDGE('',*,*,#316,.T.);
#149=ORIENTED_EDGE('',*,*,#306,.F.);
#150=ORIENTED_EDGE('',*,*,#317,.T.);
#151=ORIENTED_EDGE('',*,*,#269,.F.);
#152=ORIENTED_EDGE('',*,*,#279,.F.);
#153=ORIENTED_EDGE('',*,*,#318,.T.);
#154=ORIENTED_EDGE('',*,*,#302,.F.);
#155=ORIENTED_EDGE('',*,*,#319,.T.);
#156=ORIENTED_EDGE('',*,*,#320,.F.);
#157=ORIENTED_EDGE('',*,*,#280,.F.);
#158=ORIENTED_EDGE('',*,*,#321,.F.);
#159=ORIENTED_EDGE('',*,*,#282,.F.);
#160=ORIENTED_EDGE('',*,*,#322,.F.);
#161=ORIENTED_EDGE('',*,*,#300,.F.);
#162=ORIENTED_EDGE('',*,*,#323,.F.);
#163=ORIENTED_EDGE('',*,*,#324,.F.);
#164=ORIENTED_EDGE('',*,*,#284,.F.);
#165=ORIENTED_EDGE('',*,*,#325,.F.);
#166=ORIENTED_EDGE('',*,*,#321,.T.);
#167=ORIENTED_EDGE('',*,*,#319,.F.);
#168=ORIENTED_EDGE('',*,*,#326,.F.);
#169=ORIENTED_EDGE('',*,*,#281,.F.);
#170=ORIENTED_EDGE('',*,*,#320,.T.);
#171=ORIENTED_EDGE('',*,*,#327,.F.);
#172=ORIENTED_EDGE('',*,*,#322,.T.);
#173=ORIENTED_EDGE('',*,*,#283,.F.);
#174=ORIENTED_EDGE('',*,*,#323,.T.);
#175=ORIENTED_EDGE('',*,*,#328,.F.);
#176=ORIENTED_EDGE('',*,*,#325,.T.);
#177=ORIENTED_EDGE('',*,*,#313,.F.);
#178=ORIENTED_EDGE('',*,*,#324,.T.);
#179=ORIENTED_EDGE('',*,*,#329,.F.);
#180=ORIENTED_EDGE('',*,*,#326,.T.);
#181=ORIENTED_EDGE('',*,*,#305,.F.);
#182=ORIENTED_EDGE('',*,*,#329,.T.);
#183=ORIENTED_EDGE('',*,*,#328,.T.);
#184=ORIENTED_EDGE('',*,*,#301,.F.);
#185=ORIENTED_EDGE('',*,*,#327,.T.);
#186=ORIENTED_EDGE('',*,*,#330,.F.);
#187=ORIENTED_EDGE('',*,*,#270,.F.);
#188=ORIENTED_EDGE('',*,*,#331,.F.);
#189=ORIENTED_EDGE('',*,*,#272,.F.);
#190=ORIENTED_EDGE('',*,*,#332,.F.);
#191=ORIENTED_EDGE('',*,*,#310,.F.);
#192=ORIENTED_EDGE('',*,*,#333,.F.);
#193=ORIENTED_EDGE('',*,*,#331,.T.);
#194=ORIENTED_EDGE('',*,*,#317,.F.);
#195=ORIENTED_EDGE('',*,*,#334,.F.);
#196=ORIENTED_EDGE('',*,*,#271,.F.);
#197=ORIENTED_EDGE('',*,*,#330,.T.);
#198=ORIENTED_EDGE('',*,*,#335,.F.);
#199=ORIENTED_EDGE('',*,*,#332,.T.);
#200=ORIENTED_EDGE('',*,*,#273,.F.);
#201=ORIENTED_EDGE('',*,*,#333,.T.);
#202=ORIENTED_EDGE('',*,*,#336,.F.);
#203=ORIENTED_EDGE('',*,*,#337,.F.);
#204=ORIENTED_EDGE('',*,*,#334,.T.);
#205=ORIENTED_EDGE('',*,*,#309,.F.);
#206=ORIENTED_EDGE('',*,*,#338,.F.);
#207=ORIENTED_EDGE('',*,*,#336,.T.);
#208=ORIENTED_EDGE('',*,*,#311,.F.);
#209=ORIENTED_EDGE('',*,*,#335,.T.);
#210=ORIENTED_EDGE('',*,*,#274,.F.);
#211=ORIENTED_EDGE('',*,*,#337,.T.);
#212=ORIENTED_EDGE('',*,*,#339,.F.);
#213=ORIENTED_EDGE('',*,*,#338,.T.);
#214=ORIENTED_EDGE('',*,*,#315,.F.);
#215=ORIENTED_EDGE('',*,*,#339,.T.);
#216=ORIENTED_EDGE('',*,*,#340,.F.);
#217=ORIENTED_EDGE('',*,*,#267,.F.);
#218=ORIENTED_EDGE('',*,*,#341,.F.);
#219=ORIENTED_EDGE('',*,*,#294,.F.);
#220=ORIENTED_EDGE('',*,*,#341,.T.);
#221=ORIENTED_EDGE('',*,*,#287,.F.);
#222=ORIENTED_EDGE('',*,*,#342,.F.);
#223=ORIENTED_EDGE('',*,*,#295,.F.);
#224=ORIENTED_EDGE('',*,*,#340,.T.);
#225=ORIENTED_EDGE('',*,*,#293,.F.);
#226=ORIENTED_EDGE('',*,*,#343,.F.);
#227=ORIENTED_EDGE('',*,*,#316,.F.);
#228=ORIENTED_EDGE('',*,*,#342,.T.);
#229=ORIENTED_EDGE('',*,*,#312,.F.);
#230=ORIENTED_EDGE('',*,*,#344,.F.);
#231=ORIENTED_EDGE('',*,*,#296,.F.);
#232=ORIENTED_EDGE('',*,*,#343,.T.);
#233=ORIENTED_EDGE('',*,*,#292,.F.);
#234=ORIENTED_EDGE('',*,*,#345,.F.);
#235=ORIENTED_EDGE('',*,*,#307,.F.);
#236=ORIENTED_EDGE('',*,*,#344,.T.);
#237=ORIENTED_EDGE('',*,*,#303,.F.);
#238=ORIENTED_EDGE('',*,*,#346,.F.);
#239=ORIENTED_EDGE('',*,*,#297,.F.);
#240=ORIENTED_EDGE('',*,*,#345,.T.);
#241=ORIENTED_EDGE('',*,*,#291,.F.);
#242=ORIENTED_EDGE('',*,*,#347,.F.);
#243=ORIENTED_EDGE('',*,*,#314,.F.);
#244=ORIENTED_EDGE('',*,*,#346,.T.);
#245=ORIENTED_EDGE('',*,*,#318,.F.);
#246=ORIENTED_EDGE('',*,*,#348,.F.);
#247=ORIENTED_EDGE('',*,*,#288,.F.);
#248=ORIENTED_EDGE('',*,*,#347,.T.);
#249=ORIENTED_EDGE('',*,*,#290,.F.);
#250=ORIENTED_EDGE('',*,*,#349,.F.);
#251=ORIENTED_EDGE('',*,*,#276,.F.);
#252=ORIENTED_EDGE('',*,*,#348,.T.);
#253=ORIENTED_EDGE('',*,*,#278,.F.);
#254=ORIENTED_EDGE('',*,*,#349,.T.);
#255=ORIENTED_EDGE('',*,*,#289,.F.);
#256=ORIENTED_EDGE('',*,*,#350,.F.);
#257=ORIENTED_EDGE('',*,*,#298,.F.);
#258=ORIENTED_EDGE('',*,*,#351,.F.);
#259=ORIENTED_EDGE('',*,*,#265,.F.);
#260=ORIENTED_EDGE('',*,*,#351,.T.);
#261=ORIENTED_EDGE('',*,*,#299,.F.);
#262=ORIENTED_EDGE('',*,*,#350,.T.);
#263=ORIENTED_EDGE('',*,*,#277,.F.);
#264=EDGE_CURVE('',#352,#353,#402,.T.);
#265=EDGE_CURVE('',#352,#354,#403,.T.);
#266=EDGE_CURVE('',#354,#355,#404,.T.);
#267=EDGE_CURVE('',#355,#356,#405,.T.);
#268=EDGE_CURVE('',#356,#357,#406,.T.);
#269=EDGE_CURVE('',#357,#358,#407,.T.);
#270=EDGE_CURVE('',#358,#359,#408,.T.);
#271=EDGE_CURVE('',#359,#360,#409,.T.);
#272=EDGE_CURVE('',#360,#361,#410,.T.);
#273=EDGE_CURVE('',#361,#362,#411,.T.);
#274=EDGE_CURVE('',#362,#363,#412,.T.);
#275=EDGE_CURVE('',#363,#364,#413,.T.);
#276=EDGE_CURVE('',#364,#353,#414,.T.);
#277=EDGE_CURVE('',#354,#352,#415,.T.);
#278=EDGE_CURVE('',#353,#365,#416,.T.);
#279=EDGE_CURVE('',#365,#366,#417,.T.);
#280=EDGE_CURVE('',#366,#367,#418,.T.);
#281=EDGE_CURVE('',#367,#368,#419,.T.);
#282=EDGE_CURVE('',#368,#369,#420,.T.);
#283=EDGE_CURVE('',#369,#370,#421,.T.);
#284=EDGE_CURVE('',#370,#371,#422,.T.);
#285=EDGE_CURVE('',#371,#372,#423,.T.);
#286=EDGE_CURVE('',#372,#373,#424,.T.);
#287=EDGE_CURVE('',#373,#355,#425,.T.);
#288=EDGE_CURVE('',#374,#375,#426,.T.);
#289=EDGE_CURVE('',#375,#376,#427,.T.);
#290=EDGE_CURVE('',#376,#377,#428,.T.);
#291=EDGE_CURVE('',#377,#378,#429,.T.);
#292=EDGE_CURVE('',#378,#379,#54,.T.);
#293=EDGE_CURVE('',#379,#380,#430,.T.);
#294=EDGE_CURVE('',#380,#381,#431,.T.);
#295=EDGE_CURVE('',#381,#382,#432,.T.);
#296=EDGE_CURVE('',#382,#383,#433,.T.);
#297=EDGE_CURVE('',#383,#374,#55,.T.);
#298=EDGE_CURVE('',#384,#385,#434,.T.);
#299=EDGE_CURVE('',#385,#384,#435,.T.);
#300=EDGE_CURVE('',#386,#387,#436,.T.);
#301=EDGE_CURVE('',#387,#386,#56,.T.);
#302=EDGE_CURVE('',#388,#389,#437,.T.);
#303=EDGE_CURVE('',#389,#390,#57,.F.);
#304=EDGE_CURVE('',#390,#391,#438,.T.);
#305=EDGE_CURVE('',#391,#388,#58,.F.);
#306=EDGE_CURVE('',#392,#393,#439,.T.);
#307=EDGE_CURVE('',#393,#394,#59,.F.);
#308=EDGE_CURVE('',#394,#395,#440,.T.);
#309=EDGE_CURVE('',#395,#392,#60,.F.);
#310=EDGE_CURVE('',#396,#397,#441,.T.);
#311=EDGE_CURVE('',#397,#396,#61,.T.);
#312=EDGE_CURVE('',#390,#373,#442,.T.);
#313=EDGE_CURVE('',#371,#391,#443,.T.);
#314=EDGE_CURVE('',#394,#364,#444,.T.);
#315=EDGE_CURVE('',#363,#395,#445,.T.);
#316=EDGE_CURVE('',#356,#393,#446,.T.);
#317=EDGE_CURVE('',#392,#358,#447,.T.);
#318=EDGE_CURVE('',#365,#389,#448,.T.);
#319=EDGE_CURVE('',#388,#366,#449,.T.);
#320=EDGE_CURVE('',#367,#398,#62,.F.);
#321=EDGE_CURVE('',#398,#366,#450,.T.);
#322=EDGE_CURVE('',#387,#368,#63,.T.);
#323=EDGE_CURVE('',#369,#386,#64,.T.);
#324=EDGE_CURVE('',#371,#399,#451,.F.);
#325=EDGE_CURVE('',#399,#370,#65,.F.);
#326=EDGE_CURVE('',#398,#388,#66,.T.);
#327=EDGE_CURVE('',#387,#398,#452,.T.);
#328=EDGE_CURVE('',#399,#386,#453,.T.);
#329=EDGE_CURVE('',#391,#399,#67,.T.);
#330=EDGE_CURVE('',#359,#400,#68,.F.);
#331=EDGE_CURVE('',#400,#358,#454,.T.);
#332=EDGE_CURVE('',#397,#360,#69,.T.);
#333=EDGE_CURVE('',#361,#396,#70,.T.);
#334=EDGE_CURVE('',#400,#392,#71,.T.);
#335=EDGE_CURVE('',#397,#400,#455,.T.);
#336=EDGE_CURVE('',#401,#396,#456,.T.);
#337=EDGE_CURVE('',#362,#401,#72,.T.);
#338=EDGE_CURVE('',#401,#395,#73,.T.);
#339=EDGE_CURVE('',#363,#401,#457,.F.);
#340=EDGE_CURVE('',#356,#380,#74,.T.);
#341=EDGE_CURVE('',#381,#355,#75,.T.);
#342=EDGE_CURVE('',#382,#373,#76,.T.);
#343=EDGE_CURVE('',#393,#379,#77,.T.);
#344=EDGE_CURVE('',#383,#390,#78,.T.);
#345=EDGE_CURVE('',#394,#378,#79,.T.);
#346=EDGE_CURVE('',#374,#389,#80,.T.);
#347=EDGE_CURVE('',#364,#377,#81,.T.);
#348=EDGE_CURVE('',#375,#365,#82,.T.);
#349=EDGE_CURVE('',#353,#376,#458,.T.);
#350=EDGE_CURVE('',#385,#352,#459,.F.);
#351=EDGE_CURVE('',#354,#384,#83,.T.);
#352=VERTEX_POINT('',#834);
#353=VERTEX_POINT('',#835);
#354=VERTEX_POINT('',#856);
#355=VERTEX_POINT('',#861);
#356=VERTEX_POINT('',#876);
#357=VERTEX_POINT('',#881);
#358=VERTEX_POINT('',#886);
#359=VERTEX_POINT('',#891);
#360=VERTEX_POINT('',#896);
#361=VERTEX_POINT('',#901);
#362=VERTEX_POINT('',#906);
#363=VERTEX_POINT('',#911);
#364=VERTEX_POINT('',#916);
#365=VERTEX_POINT('',#1067);
#366=VERTEX_POINT('',#1072);
#367=VERTEX_POINT('',#1077);
#368=VERTEX_POINT('',#1082);
#369=VERTEX_POINT('',#1087);
#370=VERTEX_POINT('',#1092);
#371=VERTEX_POINT('',#1097);
#372=VERTEX_POINT('',#1102);
#373=VERTEX_POINT('',#1107);
#374=VERTEX_POINT('',#1127);
#375=VERTEX_POINT('',#1128);
#376=VERTEX_POINT('',#1135);
#377=VERTEX_POINT('',#1142);
#378=VERTEX_POINT('',#1147);
#379=VERTEX_POINT('',#1149);
#380=VERTEX_POINT('',#1154);
#381=VERTEX_POINT('',#1170);
#382=VERTEX_POINT('',#1186);
#383=VERTEX_POINT('',#1191);
#384=VERTEX_POINT('',#1215);
#385=VERTEX_POINT('',#1216);
#386=VERTEX_POINT('',#1243);
#387=VERTEX_POINT('',#1244);
#388=VERTEX_POINT('',#1251);
#389=VERTEX_POINT('',#1252);
#390=VERTEX_POINT('',#1254);
#391=VERTEX_POINT('',#1259);
#392=VERTEX_POINT('',#1266);
#393=VERTEX_POINT('',#1267);
#394=VERTEX_POINT('',#1269);
#395=VERTEX_POINT('',#1274);
#396=VERTEX_POINT('',#1281);
#397=VERTEX_POINT('',#1282);
#398=VERTEX_POINT('',#1380);
#399=VERTEX_POINT('',#1420);
#400=VERTEX_POINT('',#1500);
#401=VERTEX_POINT('',#1565);
#402=B_SPLINE_CURVE_WITH_KNOTS('',3,(#830,#831,#832,#833),.UNSPECIFIED.,
 .F.,.F.,(4,4),(0.,1.),.PIECEWISE_BEZIER_KNOTS.);
#403=B_SPLINE_CURVE_WITH_KNOTS('',3,(#836,#837,#838,#839,#840,#841,#842,
#843,#844,#845,#846,#847,#848,#849,#850,#851,#852,#853,#854,#855),
 .UNSPECIFIED.,.F.,.F.,(4,1,1,1,1,1,1,1,1,1,1,1,1,1,1,1,1,4),(1.4304896245382E-17,
0.00131701250356983,0.00263402500713964,0.00526805001427927,0.0079020750214189,
0.0105361000285585,0.0158041500428378,0.021072200057117,0.0263402500713963,
0.0289742750785359,0.0316083000856756,0.0342423250928152,0.0368763500999548,
0.0381933626035246,0.0395103751070944,0.0408273876106643,0.0414858938624492,
0.0421444001142341),.UNSPECIFIED.);
#404=B_SPLINE_CURVE_WITH_KNOTS('',3,(#857,#858,#859,#860),.UNSPECIFIED.,
 .F.,.F.,(4,4),(0.,1.),.PIECEWISE_BEZIER_KNOTS.);
#405=B_SPLINE_CURVE_WITH_KNOTS('',3,(#862,#863,#864,#865,#866,#867,#868,
#869,#870,#871,#872,#873,#874,#875),.UNSPECIFIED.,.F.,.F.,(4,1,1,1,1,1,
1,1,1,1,1,4),(-5.99999999664005E-8,0.00105963796938995,0.00211933593877986,
0.00423873187755968,0.00635812781633951,0.00847752375511933,0.012716315632679,
0.0169551075102386,0.0211938993877983,0.0254326912653579,0.0296714831429176,
0.0339102750204772),.UNSPECIFIED.);
#406=B_SPLINE_CURVE_WITH_KNOTS('',3,(#877,#878,#879,#880),.UNSPECIFIED.,
 .F.,.F.,(4,4),(0.000512332028347811,0.00639457947295596),.UNSPECIFIED.);
#407=B_SPLINE_CURVE_WITH_KNOTS('',3,(#882,#883,#884,#885),.UNSPECIFIED.,
 .F.,.F.,(4,4),(-5.99999999990318E-8,0.000638887375741121),
 .UNSPECIFIED.);
#408=B_SPLINE_CURVE_WITH_KNOTS('',3,(#887,#888,#889,#890),.UNSPECIFIED.,
 .F.,.F.,(4,4),(-1.06984979760768E-5,0.0034867164902241),.UNSPECIFIED.);
#409=B_SPLINE_CURVE_WITH_KNOTS('',3,(#892,#893,#894,#895),.UNSPECIFIED.,
 .F.,.F.,(4,4),(0.,0.00110027476312504),.UNSPECIFIED.);
#410=B_SPLINE_CURVE_WITH_KNOTS('',3,(#897,#898,#899,#900),.UNSPECIFIED.,
 .F.,.F.,(4,4),(0.00148992563308075,0.00963286651560933),.UNSPECIFIED.);
#411=B_SPLINE_CURVE_WITH_KNOTS('',3,(#902,#903,#904,#905),.UNSPECIFIED.,
 .F.,.F.,(4,4),(0.,0.00112397427972253),.UNSPECIFIED.);
#412=B_SPLINE_CURVE_WITH_KNOTS('',3,(#907,#908,#909,#910),.UNSPECIFIED.,
 .F.,.F.,(4,4),(0.,0.0035059139997122),.UNSPECIFIED.);
#413=B_SPLINE_CURVE_WITH_KNOTS('',3,(#912,#913,#914,#915),.UNSPECIFIED.,
 .F.,.F.,(4,4),(0.000990090521486069,0.00749630959428414),.UNSPECIFIED.);
#414=B_SPLINE_CURVE_WITH_KNOTS('',3,(#917,#918,#919,#920,#921,#922,#923,
#924,#925),.UNSPECIFIED.,.F.,.F.,(4,1,1,1,1,1,4),(1.4304896245382E-17,0.00822751068940236,
0.0164550213788047,0.0205687767235059,0.024682532068207,0.0287962874129082,
0.0329100427576094),.UNSPECIFIED.);
#415=B_SPLINE_CURVE_WITH_KNOTS('',3,(#1038,#1039,#1040,#1041,#1042,#1043,
#1044,#1045,#1046,#1047,#1048,#1049,#1050,#1051,#1052,#1053,#1054,#1055,
#1056,#1057),.UNSPECIFIED.,.F.,.F.,(4,1,1,1,1,1,1,1,1,1,1,1,1,1,1,1,1,4),
(-5.99999998765518E-8,0.000669186155314761,0.0013384323106294,0.00267692462125867,
0.00401541693188795,0.00535390924251722,0.00803089386377578,0.0107078784850343,
0.0133848631062929,0.0160618477275514,0.0214158169700685,0.0267697862125856,
0.0321237554551027,0.0348007400763613,0.0374777246976198,0.0401547093188784,
0.0414932016295077,0.0428316939401369),.UNSPECIFIED.);
#416=B_SPLINE_CURVE_WITH_KNOTS('',3,(#1058,#1059,#1060,#1061,#1062,#1063,
#1064,#1065,#1066),.UNSPECIFIED.,.F.,.F.,(4,1,1,1,1,1,4),(8.14407544774537E-15,
0.00411549692567704,0.00823099385134594,0.0123464907770148,0.0164619877026837,
0.0246929815540215,0.0329239754053593),.UNSPECIFIED.);
#417=B_SPLINE_CURVE_WITH_KNOTS('',3,(#1068,#1069,#1070,#1071),
 .UNSPECIFIED.,.F.,.F.,(4,4),(0.000504658092525637,0.007010877273004),
 .UNSPECIFIED.);
#418=B_SPLINE_CURVE_WITH_KNOTS('',3,(#1073,#1074,#1075,#1076),
 .UNSPECIFIED.,.F.,.F.,(4,4),(-1.08926431744747E-5,0.00350002288443299),
 .UNSPECIFIED.);
#419=B_SPLINE_CURVE_WITH_KNOTS('',3,(#1078,#1079,#1080,#1081),
 .UNSPECIFIED.,.F.,.F.,(4,4),(0.,0.0011239742796981),.UNSPECIFIED.);
#420=B_SPLINE_CURVE_WITH_KNOTS('',3,(#1083,#1084,#1085,#1086),
 .UNSPECIFIED.,.F.,.F.,(4,4),(0.00148734673452228,0.00963044487390922),
 .UNSPECIFIED.);
#421=B_SPLINE_CURVE_WITH_KNOTS('',3,(#1088,#1089,#1090,#1091),
 .UNSPECIFIED.,.F.,.F.,(4,4),(0.,0.00110027476312702),.UNSPECIFIED.);
#422=B_SPLINE_CURVE_WITH_KNOTS('',3,(#1093,#1094,#1095,#1096),
 .UNSPECIFIED.,.F.,.F.,(4,4),(4.33680868994202E-19,0.00348155460378928),
 .UNSPECIFIED.);
#423=B_SPLINE_CURVE_WITH_KNOTS('',3,(#1098,#1099,#1100,#1101),
 .UNSPECIFIED.,.F.,.F.,(4,4),(0.000970785824931453,0.00160973320070111),
 .UNSPECIFIED.);
#424=B_SPLINE_CURVE_WITH_KNOTS('',3,(#1103,#1104,#1105,#1106),
 .UNSPECIFIED.,.F.,.F.,(4,4),(-6.0000000003033E-8,0.00588219162199951),
 .UNSPECIFIED.);
#425=B_SPLINE_CURVE_WITH_KNOTS('',3,(#1108,#1109,#1110,#1111,#1112,#1113,
#1114,#1115,#1116,#1117,#1118,#1119,#1120,#1121),.UNSPECIFIED.,.F.,.F.,
(4,1,1,1,1,1,1,1,1,1,1,4),(7.41074193791804E-18,0.00417620910965079,0.00835241821930157,
0.0125286273289523,0.0167048364386031,0.0208810455482539,0.0250572546579047,
0.0271453592127301,0.0292334637675555,0.0313215683223809,0.0323656205997936,
0.0334096728772063),.UNSPECIFIED.);
#426=B_SPLINE_CURVE_WITH_KNOTS('',3,(#1123,#1124,#1125,#1126),
 .UNSPECIFIED.,.F.,.F.,(4,4),(4.33680868994203E-19,0.00348087472443164),
 .UNSPECIFIED.);
#427=B_SPLINE_CURVE_WITH_KNOTS('',3,(#1129,#1130,#1131,#1132,#1133,#1134),
 .UNSPECIFIED.,.F.,.F.,(4,1,1,4),(0.,0.0144426263235577,0.0216639394853366,
0.0288852526471155),.UNSPECIFIED.);
#428=B_SPLINE_CURVE_WITH_KNOTS('',3,(#1136,#1137,#1138,#1139,#1140,#1141),
 .UNSPECIFIED.,.F.,.F.,(4,1,1,4),(0.,0.00722131316177879,0.0144426263235576,
0.0288852526471152),.UNSPECIFIED.);
#429=B_SPLINE_CURVE_WITH_KNOTS('',3,(#1143,#1144,#1145,#1146),
 .UNSPECIFIED.,.F.,.F.,(4,4),(0.,0.00348087409920784),.UNSPECIFIED.);
#430=B_SPLINE_CURVE_WITH_KNOTS('',3,(#1150,#1151,#1152,#1153),
 .UNSPECIFIED.,.F.,.F.,(4,4),(0.,0.00345979507847942),.UNSPECIFIED.);
#431=B_SPLINE_CURVE_WITH_KNOTS('',3,(#1155,#1156,#1157,#1158,#1159,#1160,
#1161,#1162,#1163,#1164,#1165,#1166,#1167,#1168,#1169),.UNSPECIFIED.,.F.,
 .F.,(4,1,1,1,1,1,1,1,1,1,1,1,4),(0.,0.00409164837919399,0.00818329675838798,
0.012274945137582,0.016366593516776,0.02045824189597,0.022504066085567,
0.024549890275164,0.0265957144647609,0.0286415386543579,0.0306873628439549,
0.0317102749387534,0.0327331870335519),.UNSPECIFIED.);
#432=B_SPLINE_CURVE_WITH_KNOTS('',3,(#1171,#1172,#1173,#1174,#1175,#1176,
#1177,#1178,#1179,#1180,#1181,#1182,#1183,#1184,#1185),.UNSPECIFIED.,.F.,
 .F.,(4,1,1,1,1,1,1,1,1,1,1,1,4),(0.,0.00103596784363789,0.00207193568727577,
0.00414387137455154,0.00621580706182732,0.00828774274910309,0.0103596784363789,
0.0124316141236546,0.0165754854982062,0.0207193568727577,0.0248632282473093,
0.0290070996218608,0.0331509709964124),.UNSPECIFIED.);
#433=B_SPLINE_CURVE_WITH_KNOTS('',3,(#1187,#1188,#1189,#1190),
 .UNSPECIFIED.,.F.,.F.,(4,4),(8.67361737988405E-19,0.00345982485258265),
 .UNSPECIFIED.);
#434=B_SPLINE_CURVE_WITH_KNOTS('',3,(#1194,#1195,#1196,#1197,#1198,#1199,
#1200,#1201,#1202,#1203,#1204,#1205,#1206,#1207,#1208,#1209,#1210,#1211,
#1212,#1213,#1214),.UNSPECIFIED.,.F.,.F.,(4,1,1,1,1,1,1,1,1,1,1,1,1,1,1,
1,1,1,4),(0.,0.00029453282696738,0.000589065653934759,0.00117813130786952,
0.00176719696180428,0.00235626261573904,0.00353439392360856,0.00471252523147807,
0.00589065653934759,0.00706878784721711,0.00942505046295615,0.0117813130786952,
0.0141375756944342,0.0164938383101733,0.0188501009259123,0.0235626261573904,
0.0282751513888684,0.0329876766203465,0.0377002018518246),.UNSPECIFIED.);
#435=B_SPLINE_CURVE_WITH_KNOTS('',3,(#1217,#1218,#1219,#1220,#1221,#1222,
#1223,#1224,#1225,#1226,#1227,#1228,#1229,#1230,#1231,#1232,#1233,#1234,
#1235,#1236,#1237),.UNSPECIFIED.,.F.,.F.,(4,1,1,1,1,1,1,1,1,1,1,1,1,1,1,
1,1,1,4),(1.73472347597681E-18,0.00462824152148547,0.00925648304297093,
0.0138847245644564,0.0185129660859419,0.0208270868466846,0.0231412076074273,
0.0254553283681701,0.0277694491289128,0.0300835698896555,0.0312406302700269,
0.0323976906503983,0.0335547510307696,0.034711811411141,0.0352903416013267,
0.0358688717915124,0.036447401981698,0.0367366670767909,0.0370259321718837),
 .UNSPECIFIED.);
#436=B_SPLINE_CURVE_WITH_KNOTS('',3,(#1239,#1240,#1241,#1242),
 .UNSPECIFIED.,.F.,.F.,(4,4),(0.00149629340326721,0.00966634582460637),
 .UNSPECIFIED.);
#437=B_SPLINE_CURVE_WITH_KNOTS('',3,(#1247,#1248,#1249,#1250),
 .UNSPECIFIED.,.F.,.F.,(4,4),(0.0010000440842009,0.00750030630617237),
 .UNSPECIFIED.);
#438=B_SPLINE_CURVE_WITH_KNOTS('',3,(#1255,#1256,#1257,#1258),
 .UNSPECIFIED.,.F.,.F.,(4,4),(0.00050012959521018,0.00700215985194684),
 .UNSPECIFIED.);
#439=B_SPLINE_CURVE_WITH_KNOTS('',3,(#1262,#1263,#1264,#1265),
 .UNSPECIFIED.,.F.,.F.,(4,4),(0.00100040534100426,0.0075024318184093),
 .UNSPECIFIED.);
#440=B_SPLINE_CURVE_WITH_KNOTS('',3,(#1270,#1271,#1272,#1273),
 .UNSPECIFIED.,.F.,.F.,(4,4),(0.000500018639864424,0.00700028088772765),
 .UNSPECIFIED.);
#441=B_SPLINE_CURVE_WITH_KNOTS('',3,(#1277,#1278,#1279,#1280),
 .UNSPECIFIED.,.F.,.F.,(4,4),(0.00149114684882625,0.00966135769266674),
 .UNSPECIFIED.);
#442=B_SPLINE_CURVE_WITH_KNOTS('',3,(#1296,#1297,#1298,#1299),
 .UNSPECIFIED.,.F.,.F.,(4,4),(3.5762240613455E-18,0.00302115087864593),
 .UNSPECIFIED.);
#443=B_SPLINE_CURVE_WITH_KNOTS('',3,(#1300,#1301,#1302,#1303),
 .UNSPECIFIED.,.F.,.F.,(4,4),(1.37141932366277E-17,0.00309450991142216),
 .UNSPECIFIED.);
#444=B_SPLINE_CURVE_WITH_KNOTS('',3,(#1316,#1317,#1318,#1319),
 .UNSPECIFIED.,.F.,.F.,(4,4),(2.74283864732555E-18,0.00303846148068719),
 .UNSPECIFIED.);
#445=B_SPLINE_CURVE_WITH_KNOTS('',3,(#1320,#1321,#1322,#1323),
 .UNSPECIFIED.,.F.,.F.,(4,4),(7.99668010393889E-18,0.00313551356267659),
 .UNSPECIFIED.);
#446=B_SPLINE_CURVE_WITH_KNOTS('',3,(#1336,#1337,#1338,#1339),
 .UNSPECIFIED.,.F.,.F.,(4,4),(3.87895961444886E-18,0.0030210845968683),
 .UNSPECIFIED.);
#447=B_SPLINE_CURVE_WITH_KNOTS('',3,(#1340,#1341,#1342,#1343),
 .UNSPECIFIED.,.F.,.F.,(4,4),(7.78539663559903E-16,0.00309648430708794),
 .UNSPECIFIED.);
#448=B_SPLINE_CURVE_WITH_KNOTS('',3,(#1356,#1357,#1358,#1359),
 .UNSPECIFIED.,.F.,.F.,(4,4),(3.25260651745651E-19,0.00303844829404417),
 .UNSPECIFIED.);
#449=B_SPLINE_CURVE_WITH_KNOTS('',3,(#1360,#1361,#1362,#1363),
 .UNSPECIFIED.,.F.,.F.,(4,4),(8.67361737988402E-19,0.00314344201797367),
 .UNSPECIFIED.);
#450=B_SPLINE_CURVE_WITH_KNOTS('',3,(#1381,#1382,#1383,#1384,#1385),
 .UNSPECIFIED.,.F.,.F.,(4,1,4),(0.,0.00173814863799588,0.00347629727599176),
 .UNSPECIFIED.);
#451=B_SPLINE_CURVE_WITH_KNOTS('',3,(#1415,#1416,#1417,#1418,#1419),
 .UNSPECIFIED.,.F.,.F.,(4,1,4),(3.03576608295941E-18,0.00171994275227681,
0.00343988550455361),.UNSPECIFIED.);
#452=B_SPLINE_CURVE_WITH_KNOTS('',3,(#1447,#1448,#1449,#1450),
 .UNSPECIFIED.,.F.,.F.,(4,4),(8.97635450408717E-15,0.00089583462127627),
 .UNSPECIFIED.);
#453=B_SPLINE_CURVE_WITH_KNOTS('',3,(#1463,#1464,#1465,#1466),
 .UNSPECIFIED.,.F.,.F.,(4,4),(4.33680868994202E-19,0.000879697403673174),
 .UNSPECIFIED.);
#454=B_SPLINE_CURVE_WITH_KNOTS('',3,(#1501,#1502,#1503,#1504,#1505),
 .UNSPECIFIED.,.F.,.F.,(4,1,4),(3.63400761566306E-16,0.00171994275227726,
0.00343988550455416),.UNSPECIFIED.);
#455=B_SPLINE_CURVE_WITH_KNOTS('',3,(#1545,#1546,#1547,#1548),
 .UNSPECIFIED.,.F.,.F.,(4,4),(1.5998533693546E-16,0.000879697403670979),
 .UNSPECIFIED.);
#456=B_SPLINE_CURVE_WITH_KNOTS('',3,(#1561,#1562,#1563,#1564),
 .UNSPECIFIED.,.F.,.F.,(4,4),(0.,0.000895834621299048),.UNSPECIFIED.);
#457=B_SPLINE_CURVE_WITH_KNOTS('',3,(#1584,#1585,#1586,#1587,#1588),
 .UNSPECIFIED.,.F.,.F.,(4,1,4),(3.03576608295941E-18,0.00173482737925956,
0.00346965475851912),.UNSPECIFIED.);
#458=B_SPLINE_CURVE_WITH_KNOTS('',3,(#1810,#1811,#1812,#1813,#1814,#1815,
#1816,#1817,#1818,#1819,#1820,#1821,#1822),.UNSPECIFIED.,.F.,.F.,(4,1,1,
1,1,1,1,1,1,1,4),(0.,0.000129772527264699,0.000259545054529398,0.000519090109058797,
0.000778635163588195,0.00103818021811759,0.00155727032717639,0.00207636043623519,
0.00259545054529398,0.00311454065435278,0.00415272087247037),
 .UNSPECIFIED.);
#459=B_SPLINE_CURVE_WITH_KNOTS('',3,(#1940,#1941,#1942,#1943,#1944,#1945,
#1946,#1947,#1948,#1949,#1950,#1951,#1952,#1953,#1954),.UNSPECIFIED.,.F.,
 .F.,(4,1,1,1,1,1,1,1,1,1,1,1,4),(0.,6.99711591356144E-5,0.000139942318271229,
0.000279884636542458,0.000419826954813686,0.000559769273084915,0.000839653909627373,
0.00111953854616983,0.00167930781925475,0.00223907709233966,0.00279884636542457,
0.00335861563850949,0.00447815418467932),.UNSPECIFIED.);
#460=EDGE_LOOP('',(#88,#89,#90,#91,#92,#93,#94,#95,#96,#97,#98,#99,#100));
#461=EDGE_LOOP('',(#101,#102,#103,#104,#105,#106,#107,#108,#109,#110,#111,
#112,#113));
#462=EDGE_LOOP('',(#114,#115,#116,#117,#118,#119,#120,#121,#122,#123));
#463=EDGE_LOOP('',(#124,#125));
#464=EDGE_LOOP('',(#126,#127));
#465=EDGE_LOOP('',(#128,#129,#130,#131));
#466=EDGE_LOOP('',(#132,#133,#134,#135));
#467=EDGE_LOOP('',(#136,#137));
#468=EDGE_LOOP('',(#138,#139,#140,#141,#142));
#469=EDGE_LOOP('',(#143,#144,#145,#146));
#470=EDGE_LOOP('',(#147,#148,#149,#150,#151));
#471=EDGE_LOOP('',(#152,#153,#154,#155));
#472=EDGE_LOOP('',(#156,#157,#158));
#473=EDGE_LOOP('',(#159,#160,#161,#162));
#474=EDGE_LOOP('',(#163,#164,#165));
#475=EDGE_LOOP('',(#166,#167,#168));
#476=EDGE_LOOP('',(#169,#170,#171,#172));
#477=EDGE_LOOP('',(#173,#174,#175,#176));
#478=EDGE_LOOP('',(#177,#178,#179));
#479=EDGE_LOOP('',(#180,#181,#182,#183,#184,#185));
#480=EDGE_LOOP('',(#186,#187,#188));
#481=EDGE_LOOP('',(#189,#190,#191,#192));
#482=EDGE_LOOP('',(#193,#194,#195));
#483=EDGE_LOOP('',(#196,#197,#198,#199));
#484=EDGE_LOOP('',(#200,#201,#202,#203));
#485=EDGE_LOOP('',(#204,#205,#206,#207,#208,#209));
#486=EDGE_LOOP('',(#210,#211,#212));
#487=EDGE_LOOP('',(#213,#214,#215));
#488=EDGE_LOOP('',(#216,#217,#218,#219));
#489=EDGE_LOOP('',(#220,#221,#222,#223));
#490=EDGE_LOOP('',(#224,#225,#226,#227));
#491=EDGE_LOOP('',(#228,#229,#230,#231));
#492=EDGE_LOOP('',(#232,#233,#234,#235));
#493=EDGE_LOOP('',(#236,#237,#238,#239));
#494=EDGE_LOOP('',(#240,#241,#242,#243));
#495=EDGE_LOOP('',(#244,#245,#246,#247));
#496=EDGE_LOOP('',(#248,#249,#250,#251));
#497=EDGE_LOOP('',(#252,#253,#254,#255));
#498=EDGE_LOOP('',(#256,#257,#258,#259));
#499=EDGE_LOOP('',(#260,#261,#262,#263));
#500=FACE_BOUND('',#460,.T.);
#501=FACE_BOUND('',#461,.T.);
#502=FACE_BOUND('',#462,.T.);
#503=FACE_BOUND('',#463,.T.);
#504=FACE_BOUND('',#464,.T.);
#505=FACE_BOUND('',#465,.T.);
#506=FACE_BOUND('',#466,.T.);
#507=FACE_BOUND('',#467,.T.);
#508=FACE_BOUND('',#468,.T.);
#509=FACE_BOUND('',#469,.T.);
#510=FACE_BOUND('',#470,.T.);
#511=FACE_BOUND('',#471,.T.);
#512=FACE_BOUND('',#472,.T.);
#513=FACE_BOUND('',#473,.T.);
#514=FACE_BOUND('',#474,.T.);
#515=FACE_BOUND('',#475,.T.);
#516=FACE_BOUND('',#476,.T.);
#517=FACE_BOUND('',#477,.T.);
#518=FACE_BOUND('',#478,.T.);
#519=FACE_BOUND('',#479,.T.);
#520=FACE_BOUND('',#480,.T.);
#521=FACE_BOUND('',#481,.T.);
#522=FACE_BOUND('',#482,.T.);
#523=FACE_BOUND('',#483,.T.);
#524=FACE_BOUND('',#484,.T.);
#525=FACE_BOUND('',#485,.T.);
#526=FACE_BOUND('',#486,.T.);
#527=FACE_BOUND('',#487,.T.);
#528=FACE_BOUND('',#488,.T.);
#529=FACE_BOUND('',#489,.T.);
#530=FACE_BOUND('',#490,.T.);
#531=FACE_BOUND('',#491,.T.);
#532=FACE_BOUND('',#492,.T.);
#533=FACE_BOUND('',#493,.T.);
#534=FACE_BOUND('',#494,.T.);
#535=FACE_BOUND('',#495,.T.);
#536=FACE_BOUND('',#496,.T.);
#537=FACE_BOUND('',#497,.T.);
#538=FACE_BOUND('',#498,.T.);
#539=FACE_BOUND('',#499,.T.);
#540=B_SPLINE_SURFACE_WITH_KNOTS('',3,3,((#718,#719,#720,#721),(#722,#723,
#724,#725),(#726,#727,#728,#729),(#730,#731,#732,#733),(#734,#735,#736,
#737),(#738,#739,#740,#741),(#742,#743,#744,#745),(#746,#747,#748,#749),
(#750,#751,#752,#753),(#754,#755,#756,#757),(#758,#759,#760,#761),(#762,
#763,#764,#765),(#766,#767,#768,#769),(#770,#771,#772,#773),(#774,#775,
#776,#777),(#778,#779,#780,#781),(#782,#783,#784,#785),(#786,#787,#788,
#789),(#790,#791,#792,#793),(#794,#795,#796,#797),(#798,#799,#800,#801),
(#802,#803,#804,#805),(#806,#807,#808,#809),(#810,#811,#812,#813),(#814,
#815,#816,#817),(#818,#819,#820,#821),(#822,#823,#824,#825),(#826,#827,
#828,#829)),.UNSPECIFIED.,.F.,.F.,.F.,(4,2,2,2,2,2,2,2,2,2,2,2,2,4),(4,
4),(0.,0.03125,0.0625,0.125,0.25,0.5,0.625,0.6875,0.75,0.875,0.9375,0.96875,
0.984375,1.),(0.,0.997594401676505),.UNSPECIFIED.);
#541=B_SPLINE_SURFACE_WITH_KNOTS('',3,3,((#926,#927,#928,#929),(#930,#931,
#932,#933),(#934,#935,#936,#937),(#938,#939,#940,#941),(#942,#943,#944,
#945),(#946,#947,#948,#949),(#950,#951,#952,#953),(#954,#955,#956,#957),
(#958,#959,#960,#961),(#962,#963,#964,#965),(#966,#967,#968,#969),(#970,
#971,#972,#973),(#974,#975,#976,#977),(#978,#979,#980,#981),(#982,#983,
#984,#985),(#986,#987,#988,#989),(#990,#991,#992,#993),(#994,#995,#996,
#997),(#998,#999,#1000,#1001),(#1002,#1003,#1004,#1005),(#1006,#1007,#1008,
#1009),(#1010,#1011,#1012,#1013),(#1014,#1015,#1016,#1017),(#1018,#1019,
#1020,#1021),(#1022,#1023,#1024,#1025),(#1026,#1027,#1028,#1029),(#1030,
#1031,#1032,#1033),(#1034,#1035,#1036,#1037)),.UNSPECIFIED.,.F.,.F.,.F.,
(4,2,2,2,2,2,2,2,2,2,2,2,2,4),(4,4),(0.,0.015625,0.03125,0.0625,0.125,0.25,
0.3125,0.375,0.5,0.75,0.875,0.9375,0.96875,1.),(0.,0.997594401676505),
 .UNSPECIFIED.);
#542=ADVANCED_FACE('',(#500),#540,.T.);
#543=ADVANCED_FACE('',(#501),#541,.T.);
#544=ADVANCED_FACE('',(#502),#84,.T.);
#545=ADVANCED_FACE('',(#503),#85,.F.);
#546=ADVANCED_FACE('',(#504),#86,.T.);
#547=ADVANCED_FACE('',(#505),#52,.T.);
#548=ADVANCED_FACE('',(#506),#53,.T.);
#549=ADVANCED_FACE('',(#507),#87,.T.);
#550=ADVANCED_FACE('',(#508),#24,.F.);
#551=ADVANCED_FACE('',(#509),#25,.F.);
#552=ADVANCED_FACE('',(#510),#26,.F.);
#553=ADVANCED_FACE('',(#511),#27,.F.);
#554=ADVANCED_FACE('',(#512),#28,.F.);
#555=ADVANCED_FACE('',(#513),#29,.F.);
#556=ADVANCED_FACE('',(#514),#30,.F.);
#557=ADVANCED_FACE('',(#515),#31,.T.);
#558=ADVANCED_FACE('',(#516),#32,.F.);
#559=ADVANCED_FACE('',(#517),#33,.F.);
#560=ADVANCED_FACE('',(#518),#34,.T.);
#561=ADVANCED_FACE('',(#519),#20,.T.);
#562=ADVANCED_FACE('',(#520),#35,.F.);
#563=ADVANCED_FACE('',(#521),#36,.F.);
#564=ADVANCED_FACE('',(#522),#37,.T.);
#565=ADVANCED_FACE('',(#523),#38,.F.);
#566=ADVANCED_FACE('',(#524),#39,.F.);
#567=ADVANCED_FACE('',(#525),#21,.T.);
#568=ADVANCED_FACE('',(#526),#40,.F.);
#569=ADVANCED_FACE('',(#527),#41,.T.);
#570=ADVANCED_FACE('',(#528),#42,.T.);
#571=ADVANCED_FACE('',(#529),#43,.T.);
#572=ADVANCED_FACE('',(#530),#44,.T.);
#573=ADVANCED_FACE('',(#531),#45,.T.);
#574=ADVANCED_FACE('',(#532),#22,.T.);
#575=ADVANCED_FACE('',(#533),#23,.T.);
#576=ADVANCED_FACE('',(#534),#46,.T.);
#577=ADVANCED_FACE('',(#535),#47,.T.);
#578=ADVANCED_FACE('',(#536),#48,.T.);
#579=ADVANCED_FACE('',(#537),#49,.T.);
#580=ADVANCED_FACE('',(#538),#50,.T.);
#581=ADVANCED_FACE('',(#539),#51,.T.);
#582=CLOSED_SHELL('',(#542,#543,#544,#545,#546,#547,#548,#549,#550,#551,
#552,#553,#554,#555,#556,#557,#558,#559,#560,#561,#562,#563,#564,#565,#566,
#567,#568,#569,#570,#571,#572,#573,#574,#575,#576,#577,#578,#579,#580,#581));
#583=STYLED_ITEM('',(#584),#591);
#584=PRESENTATION_STYLE_ASSIGNMENT((#585));
#585=SURFACE_STYLE_USAGE(.BOTH.,#586);
#586=SURFACE_SIDE_STYLE('',(#587));
#587=SURFACE_STYLE_FILL_AREA(#588);
#588=FILL_AREA_STYLE('',(#589));
#589=FILL_AREA_STYLE_COLOUR('',#590);
#590=COLOUR_RGB('',0.800000011920929,0.,0.);
#591=MANIFOLD_SOLID_BREP('',#582);
#592=SHAPE_DEFINITION_REPRESENTATION(#2049,#593);
#593=SHAPE_REPRESENTATION('NACA0012_20_grad',(#594),#2044);
#594=AXIS2_PLACEMENT_3D('',#717,#635,#636);
#595=AXIS2_PLACEMENT_3D('',#1122,#637,#638);
#596=AXIS2_PLACEMENT_3D('',#1148,#639,#640);
#597=AXIS2_PLACEMENT_3D('',#1192,#641,#642);
#598=AXIS2_PLACEMENT_3D('',#1193,#643,#644);
#599=AXIS2_PLACEMENT_3D('',#1238,#645,#646);
#600=AXIS2_PLACEMENT_3D('',#1245,#647,#648);
#601=AXIS2_PLACEMENT_3D('',#1246,#649,#650);
#602=AXIS2_PLACEMENT_3D('',#1253,#651,#652);
#603=AXIS2_PLACEMENT_3D('',#1260,#653,#654);
#604=AXIS2_PLACEMENT_3D('',#1261,#655,#656);
#605=AXIS2_PLACEMENT_3D('',#1268,#657,#658);
#606=AXIS2_PLACEMENT_3D('',#1275,#659,#660);
#607=AXIS2_PLACEMENT_3D('',#1276,#661,#662);
#608=AXIS2_PLACEMENT_3D('',#1283,#663,#664);
#609=AXIS2_PLACEMENT_3D('',#1379,#665,#666);
#610=AXIS2_PLACEMENT_3D('',#1398,#667,#668);
#611=AXIS2_PLACEMENT_3D('',#1399,#669,#670);
#612=AXIS2_PLACEMENT_3D('',#1421,#671,#672);
#613=AXIS2_PLACEMENT_3D('',#1434,#673,#674);
#614=AXIS2_PLACEMENT_3D('',#1482,#675,#676);
#615=AXIS2_PLACEMENT_3D('',#1483,#677,#678);
#616=AXIS2_PLACEMENT_3D('',#1499,#679,#680);
#617=AXIS2_PLACEMENT_3D('',#1518,#681,#682);
#618=AXIS2_PLACEMENT_3D('',#1519,#683,#684);
#619=AXIS2_PLACEMENT_3D('',#1532,#685,#686);
#620=AXIS2_PLACEMENT_3D('',#1566,#687,#688);
#621=AXIS2_PLACEMENT_3D('',#1567,#689,#690);
#622=AXIS2_PLACEMENT_3D('',#1568,#691,#692);
#623=AXIS2_PLACEMENT_3D('',#1664,#693,#694);
#624=AXIS2_PLACEMENT_3D('',#1665,#695,#696);
#625=AXIS2_PLACEMENT_3D('',#1723,#697,#698);
#626=AXIS2_PLACEMENT_3D('',#1736,#699,#700);
#627=AXIS2_PLACEMENT_3D('',#1749,#701,#702);
#628=AXIS2_PLACEMENT_3D('',#1750,#703,#704);
#629=AXIS2_PLACEMENT_3D('',#1751,#705,#706);
#630=AXIS2_PLACEMENT_3D('',#1752,#707,#708);
#631=AXIS2_PLACEMENT_3D('',#1753,#709,#710);
#632=AXIS2_PLACEMENT_3D('',#1766,#711,#712);
#633=AXIS2_PLACEMENT_3D('',#1779,#713,#714);
#634=AXIS2_PLACEMENT_3D('',#1955,#715,#716);
#635=DIRECTION('',(0.,0.,1.));
#636=DIRECTION('',(1.,0.,0.));
#637=DIRECTION('',(0.,0.,-1.));
#638=DIRECTION('',(-0.939692620785908,0.342020143325669,0.));
#639=DIRECTION('',(0.,0.,-1.));
#640=DIRECTION('',(-0.939692620785908,0.342020143325669,0.));
#641=DIRECTION('',(0.,0.,-1.));
#642=DIRECTION('',(-0.939692620785908,0.342020143325669,0.));
#643=DIRECTION('',(-1.72602458025505E-13,-1.06140926281076E-14,-1.));
#644=DIRECTION('',(-0.939692620785908,0.342020143325669,1.58563022654139E-13));
#645=DIRECTION('',(0.,0.,1.));
#646=DIRECTION('',(0.939692620785908,-0.342020143325669,0.));
#647=DIRECTION('',(0.,0.,1.));
#648=DIRECTION('',(0.939692620785908,-0.342020143325669,0.));
#649=DIRECTION('',(0.,0.,-1.));
#650=DIRECTION('',(-0.939692620785908,0.342020143325669,0.));
#651=DIRECTION('',(0.,0.,-1.));
#652=DIRECTION('',(-0.939692620785908,0.342020143325669,0.));
#653=DIRECTION('',(0.,0.,1.));
#654=DIRECTION('',(0.939692620785908,-0.342020143325669,0.));
#655=DIRECTION('',(0.,0.,-1.));
#656=DIRECTION('',(-0.939692620785908,0.342020143325669,0.));
#657=DIRECTION('',(0.,0.,-1.));
#658=DIRECTION('',(-0.939692620785908,0.342020143325669,0.));
#659=DIRECTION('',(0.,0.,1.));
#660=DIRECTION('',(0.939692620785908,-0.342020143325669,0.));
#661=DIRECTION('',(0.,0.,1.));
#662=DIRECTION('',(0.939692620785908,-0.342020143325669,0.));
#663=DIRECTION('',(0.,0.,1.));
#664=DIRECTION('',(0.939692620785908,-0.342020143325669,0.));
#665=DIRECTION('',(-0.879921505635602,0.388110832976438,0.274058616442379));
#666=DIRECTION('',(0.258055836964455,-0.0939246434337138,0.961553610759392));
#667=DIRECTION('',(-0.914714690231331,0.404100278984066,0.));
#668=DIRECTION('',(-0.404100278984066,-0.914714690231331,0.));
#669=DIRECTION('',(0.925337391416863,-0.379144711219655,6.93339723775877E-15));
#670=DIRECTION('',(0.379144711219655,0.925337391416863,0.));
#671=DIRECTION('',(0.890844564314566,-0.367642126222865,0.266899286731009));
#672=DIRECTION('',(0.251012133733865,-0.0913609451187743,-0.963662848939076));
#673=DIRECTION('',(-0.358072048992535,0.933693958280918,0.));
#674=DIRECTION('',(-0.933693958280918,-0.358072048992535,0.));
#675=DIRECTION('',(0.92278589980892,0.385313097511417,3.52679989449888E-15));
#676=DIRECTION('',(-0.385313097511417,0.92278589980892,0.));
#677=DIRECTION('',(0.,0.,1.));
#678=DIRECTION('',(0.939692620785908,-0.342020143325669,0.));
#679=DIRECTION('',(0.918742331711014,-0.290993640248415,0.266899286730379));
#680=DIRECTION('',(0.251012133733274,-0.0913609451185591,-0.96366284893925));
#681=DIRECTION('',(0.952559089355194,-0.304353710814908,0.));
#682=DIRECTION('',(0.304353710814908,0.952559089355194,0.));
#683=DIRECTION('',(-0.960462757893078,0.278408496099567,6.92335827467184E-15));
#684=DIRECTION('',(-0.278408496099567,-0.960462757893078,0.));
#685=DIRECTION('',(0.459220525806948,-0.888322300000169,0.));
#686=DIRECTION('',(0.888322300000169,0.459220525806948,0.));
#687=DIRECTION('',(-0.923531814395268,0.268292494401875,0.274058616444375));
#688=DIRECTION('',(0.258055836966358,-0.0939246434344063,0.961553610758814));
#689=DIRECTION('',(0.,0.,1.));
#690=DIRECTION('',(0.939692620785908,-0.342020143325669,0.));
#691=DIRECTION('',(0.874466010988749,0.485086791848042,0.));
#692=DIRECTION('',(-0.485086791848042,0.874466010988749,0.));
#693=DIRECTION('',(0.951839944735347,-0.306595367881205,6.49533023831285E-17));
#694=DIRECTION('',(0.306595367881205,0.951839944735347,0.));
#695=DIRECTION('',(0.342020143325668,0.939692620785909,0.));
#696=DIRECTION('',(-0.939692620785909,0.342020143325668,0.));
#697=DIRECTION('',(0.926227404064513,-0.376965245029185,0.));
#698=DIRECTION('',(0.376965245029185,0.926227404064513,0.));
#699=DIRECTION('',(0.478332212810884,-0.878178964783058,4.05587980263565E-15));
#700=DIRECTION('',(0.878178964783058,0.478332212810884,0.));
#701=DIRECTION('',(0.93090629123849,0.36525809632724,0.));
#702=DIRECTION('',(-0.36525809632724,0.93090629123849,0.));
#703=DIRECTION('',(0.,0.,-1.));
#704=DIRECTION('',(-0.939692620785908,0.342020143325669,0.));
#705=DIRECTION('',(0.878215287597451,0.478265521055122,-2.60135628124095E-15));
#706=DIRECTION('',(-0.478265521055122,0.878215287597451,0.));
#707=DIRECTION('',(0.,0.,-1.));
#708=DIRECTION('',(-0.939692620785908,0.342020143325669,0.));
#709=DIRECTION('',(0.36532878985175,-0.930878550244582,0.));
#710=DIRECTION('',(0.930878550244583,0.36532878985175,0.));
#711=DIRECTION('',(0.964577397865973,-0.2638000066833,-1.35464928717584E-14));
#712=DIRECTION('',(0.2638000066833,0.964577397865973,0.));
#713=DIRECTION('',(0.908476531324737,-0.417935870717236,0.));
#714=DIRECTION('',(0.417935870717236,0.908476531324737,0.));
#715=DIRECTION('',(0.342020143325638,0.93969262078592,-1.13241579640256E-13));
#716=DIRECTION('',(3.87309012989853E-14,1.06412276754088E-13,1.));
#717=CARTESIAN_POINT('',(0.,0.,0.));
#718=CARTESIAN_POINT('',(38.5273974522222,-14.0228258763524,60.));
#719=CARTESIAN_POINT('',(38.5273974534731,-14.0228258768077,40.0481119664699));
#720=CARTESIAN_POINT('',(38.5273974520723,-14.0228258762978,20.0962239329398));
#721=CARTESIAN_POINT('',(38.5273974522212,-14.022825876352,0.144335899409711));
#722=CARTESIAN_POINT('',(38.1112210480473,-13.8874600296664,60.));
#723=CARTESIAN_POINT('',(37.9737594886419,-13.8521922510717,40.0481119664762));
#724=CARTESIAN_POINT('',(37.8339180929731,-13.8253409947494,20.0962239329345));
#725=CARTESIAN_POINT('',(37.6916968564308,-13.8069062590208,0.144335899409673));
#726=CARTESIAN_POINT('',(37.6945964462109,-13.7545864580289,60.));
#727=CARTESIAN_POINT('',(37.4191876599353,-13.6862921676146,40.0481119664751));
#728=CARTESIAN_POINT('',(37.1386880299909,-13.6362253332029,20.0962239329494));
#729=CARTESIAN_POINT('',(36.8530975573668,-13.6043859551545,0.14433589940978));
#730=CARTESIAN_POINT('',(36.846137319654,-13.5462894712232,60.));
#731=CARTESIAN_POINT('',(36.2932776233964,-13.4184426736333,40.0481119664596));
#732=CARTESIAN_POINT('',(35.733192718051,-13.3166322067535,20.0962239329167));
#733=CARTESIAN_POINT('',(35.165882602247,-13.2408580700849,0.144335899409544));
#734=CARTESIAN_POINT('',(36.4164393586845,-13.4630483680402,60.));
#735=CARTESIAN_POINT('',(35.7244153152355,-13.3073035904898,40.0481119664297));
#736=CARTESIAN_POINT('',(35.0253983480686,-13.1767261910185,20.0962239329785));
#737=CARTESIAN_POINT('',(34.3193884634966,-13.0713161719137,0.144335899409991));
#738=CARTESIAN_POINT('',(35.1284856930244,-13.2084151727742,60.));
#739=CARTESIAN_POINT('',(34.020242296328,-12.9634563994115,40.0481119664713));
#740=CARTESIAN_POINT('',(32.9065824622528,-12.737235967983,20.0962239329204));
#741=CARTESIAN_POINT('',(31.7875061897501,-12.5297538781011,0.144335899409571));
#742=CARTESIAN_POINT('',(34.2777548985231,-13.0074676548852,60.));
#743=CARTESIAN_POINT('',(32.8933284664468,-12.6973755595275,40.0481119664913));
#744=CARTESIAN_POINT('',(31.5033024810938,-12.4060785103872,20.0962239328398));
#745=CARTESIAN_POINT('',(30.107676937595,-12.1335765056836,0.144335899408989));
#746=CARTESIAN_POINT('',(31.7230716482368,-12.4129783257336,60.));
#747=CARTESIAN_POINT('',(29.5093298375889,-11.9107800429381,40.0481119665034));
#748=CARTESIAN_POINT('',(27.2894798182966,-11.4281151248136,20.096223932911));
#749=CARTESIAN_POINT('',(25.0635215888103,-10.9649835707526,0.144335899409502));
#750=CARTESIAN_POINT('',(30.0210615776923,-12.010617926642,60.));
#751=CARTESIAN_POINT('',(27.2555142876207,-11.3757372496814,40.048111966331));
#752=CARTESIAN_POINT('',(24.4842113334049,-10.7582991202789,20.0962239329879));
#753=CARTESIAN_POINT('',(21.7071527187797,-10.1583035397565,0.14433589941006));
#754=CARTESIAN_POINT('',(24.9293444557079,-10.746628039987,60.));
#755=CARTESIAN_POINT('',(20.511935076445,-9.69942518010735,40.0481119665729));
#756=CARTESIAN_POINT('',(16.0887676860566,-8.66746783439287,20.0962239329782));
#757=CARTESIAN_POINT('',(11.659842283727,-7.65075600258574,0.144335899409987));
#758=CARTESIAN_POINT('',(21.5480652405776,-9.8494647120585,60.));
#759=CARTESIAN_POINT('',(16.0337058407887,-8.5097516023583,40.0481119664634));
#760=CARTESIAN_POINT('',(10.5135959940268,-7.1838711437429,20.0962239329325));
#761=CARTESIAN_POINT('',(4.98773570027428,-5.87182333625125,0.144335899409658));
#762=CARTESIAN_POINT('',(16.513400730781,-8.37440241322304,60.));
#763=CARTESIAN_POINT('',(9.36575734112049,-6.55394894626288,40.0481119663991));
#764=CARTESIAN_POINT('',(2.21242834435361,-4.74518767777852,20.0962239328075));
#765=CARTESIAN_POINT('',(-4.94658625998626,-2.94811860758349,0.144335899408757));
#766=CARTESIAN_POINT('',(14.8418549480251,-7.85948314963424,60.));
#767=CARTESIAN_POINT('',(7.15190869548617,-5.87136103150244,40.0481119664474));
#768=CARTESIAN_POINT('',(-0.543741074456851,-3.89432957931194,20.0962239327985));
#769=CARTESIAN_POINT('',(-8.24509436266275,-1.92838879283065,0.144335899408692));
#770=CARTESIAN_POINT('',(12.352157837347,-7.03335973927947,60.));
#771=CARTESIAN_POINT('',(3.85486429494006,-4.77529910019054,40.0481119664434));
#772=CARTESIAN_POINT('',(-4.64777986356795,-2.52645385923374,20.0962239327951));
#773=CARTESIAN_POINT('',(-13.1557746389125,-0.28682401605046,0.144335899408667));
#774=CARTESIAN_POINT('',(11.5296464249771,-6.7364701047849,60.));
#775=CARTESIAN_POINT('',(2.76571020364527,-4.38124712798542,40.0481119663515));
#776=CARTESIAN_POINT('',(-6.00338465847023,-2.03441702296386,20.0962239327238));
#777=CARTESIAN_POINT('',(-14.7776381619861,0.304020210444337,0.144335899408154));
#778=CARTESIAN_POINT('',(9.87968531093649,-6.15703904948352,60.));
#779=CARTESIAN_POINT('',(0.579922580227831,-3.61484648323259,40.048111966425));
#780=CARTESIAN_POINT('',(-8.72552879908431,-1.08202976503794,20.0962239330543));
#781=CARTESIAN_POINT('',(-18.0366688260617,1.441411104794,0.144335899410538));
#782=CARTESIAN_POINT('',(9.05027041695142,-5.88004400424576,60.));
#783=CARTESIAN_POINT('',(-0.51852158487355,-3.24755705945759,40.0481119664413));
#784=CARTESIAN_POINT('',(-10.0929532877098,-0.624026112397553,20.0962239326971));
#785=CARTESIAN_POINT('',(-19.6730246927803,1.99054883732792,0.14433589940796));
#786=CARTESIAN_POINT('',(6.57836351561724,-5.00226142164242,60.));
#787=CARTESIAN_POINT('',(-3.79230572388325,-2.08401127799666,40.0481119663804));
#788=CARTESIAN_POINT('',(-14.1685551674265,0.826248485899416,20.0962239326998));
#789=CARTESIAN_POINT('',(-24.550384815756,3.72851787046628,0.14433589940798));
#790=CARTESIAN_POINT('',(4.93434727997326,-4.39176183951995,60.0000000000001));
#791=CARTESIAN_POINT('',(-5.9694835274259,-1.27426411037997,40.0481119663264));
#792=CARTESIAN_POINT('',(-16.8787079349711,1.83640019087214,20.0962239327998));
#793=CARTESIAN_POINT('',(-27.7933259426556,4.94023106417904,0.144335899408703));
#794=CARTESIAN_POINT('',(2.59185965674353,-3.21076601952883,60.));
#795=CARTESIAN_POINT('',(-9.0709313277694,0.292423850804119,40.0481119664712));
#796=CARTESIAN_POINT('',(-20.7381505633259,3.79126441279482,20.096223932737));
#797=CARTESIAN_POINT('',(-32.4097980508594,7.2857556668114,0.144335899408247));
#798=CARTESIAN_POINT('',(1.82619374563356,-2.77383239192127,60.0000000000001));
#799=CARTESIAN_POINT('',(-10.0845732650719,0.872100886095763,40.0481119666452));
#800=CARTESIAN_POINT('',(-21.9993577792162,4.51465129384261,20.0962239330285));
#801=CARTESIAN_POINT('',(-33.9181597971598,8.15381883157432,0.144335899410348));
#802=CARTESIAN_POINT('',(0.818452591953418,-1.93408727719859,60.));
#803=CARTESIAN_POINT('',(-11.4180161853697,1.98596326198598,40.0481119663321));
#804=CARTESIAN_POINT('',(-23.657304799911,5.90427220154786,20.0962239329323));
#805=CARTESIAN_POINT('',(-35.8994132510893,9.82083954131027,0.144335899409659));
#806=CARTESIAN_POINT('',(0.504854794392208,-1.62194411183955,60.));
#807=CARTESIAN_POINT('',(-11.8328443393306,2.40000598960291,40.0481119664121));
#808=CARTESIAN_POINT('',(-24.1728695373689,6.42083132768617,20.0962239327302));
#809=CARTESIAN_POINT('',(-36.5152208003854,10.440531902625,0.144335899408199));
#810=CARTESIAN_POINT('',(0.152324445410961,-1.06569863868095,60.));
#811=CARTESIAN_POINT('',(-12.2987077393158,3.13742562954791,40.0481119663634));
#812=CARTESIAN_POINT('',(-24.7510584892909,7.34012246334909,20.0962239330661));
#813=CARTESIAN_POINT('',(-37.2047278035211,11.5423918623585,0.144335899410624));
#814=CARTESIAN_POINT('',(0.0580430389608861,-0.868559763691591,60.));
#815=CARTESIAN_POINT('',(-12.42316375374,3.39865995469671,40.0481119663452));
#816=CARTESIAN_POINT('',(-24.9052878793508,7.6655879799235,20.0962239330175));
#817=CARTESIAN_POINT('',(-37.388329337011,11.9322243116724,0.144335899410274));
#818=CARTESIAN_POINT('',(-0.0530062823818265,-0.441347299177137,60.));
#819=CARTESIAN_POINT('',(-12.5696560155771,3.96482342060766,40.0481119666188));
#820=CARTESIAN_POINT('',(-25.086654903782,8.37104730340775,20.0962239327469));
#821=CARTESIAN_POINT('',(-37.6040029484427,12.7773243497503,0.144335899408316));
#822=CARTESIAN_POINT('',(-0.0741333697845114,-0.203679759511045,60.));
#823=CARTESIAN_POINT('',(-12.5972798712818,4.27953668976729,40.0481119664699));
#824=CARTESIAN_POINT('',(-25.1204277803332,8.76274927103877,20.096223932761));
#825=CARTESIAN_POINT('',(-37.6435770976932,13.2459579845761,0.144335899408421));
#826=CARTESIAN_POINT('',(6.51115692335726E-15,-2.39871190705908E-15,60.));
#827=CARTESIAN_POINT('',(-12.4990946372366,4.54929840323044,40.0481119664699));
#828=CARTESIAN_POINT('',(-24.9981892742212,9.09859680636917,20.0962239327611));
#829=CARTESIAN_POINT('',(-37.497283911708,13.6478952096907,0.144335899408421));
#830=CARTESIAN_POINT('',(38.5273974522222,-14.0228258763524,60.));
#831=CARTESIAN_POINT('',(38.5273974534761,-14.0228258768088,40.));
#832=CARTESIAN_POINT('',(38.5273974520655,-14.0228258762954,20.));
#833=CARTESIAN_POINT('',(38.5273974522223,-14.0228258763524,0.));
#834=CARTESIAN_POINT('',(38.527397452253,-14.0228258763636,59.4999999999946));
#835=CARTESIAN_POINT('',(38.5273974522187,-14.0228258763511,0.500000000000332));
#836=CARTESIAN_POINT('',(38.5273974522531,-14.0228258763636,59.4999999999946));
#837=CARTESIAN_POINT('',(38.1087300767901,-13.8868878419069,59.5002263593093));
#838=CARTESIAN_POINT('',(37.2694044422791,-13.6231214312726,59.5002827990733));
#839=CARTESIAN_POINT('',(35.5404149472463,-13.3006317175656,59.4989125429244));
#840=CARTESIAN_POINT('',(33.4019019534692,-12.804978241977,59.5007338036727));
#841=CARTESIAN_POINT('',(30.8370764719469,-12.2044434515006,59.5003853194391));
#842=CARTESIAN_POINT('',(27.4242507513174,-11.3758742222781,59.5015216683634));
#843=CARTESIAN_POINT('',(23.1713051565318,-10.2839341186353,59.5028700961999));
#844=CARTESIAN_POINT('',(18.0978804405206,-8.86435517673663,59.5061417548359));
#845=CARTESIAN_POINT('',(13.8990993747697,-7.5951157704912,59.5108703723857));
#846=CARTESIAN_POINT('',(10.5918050955386,-6.41816400931647,59.518815160168));
#847=CARTESIAN_POINT('',(8.10057602440005,-5.57062675104845,59.5153294885984));
#848=CARTESIAN_POINT('',(5.62375228629308,-4.67161772310779,59.525710910191));
#849=CARTESIAN_POINT('',(3.60659733765469,-3.79886516539402,59.5433501893886));
#850=CARTESIAN_POINT('',(2.06238755163265,-2.97897590635725,59.5711414484894));
#851=CARTESIAN_POINT('',(0.967054786484626,-2.23047724920843,59.6084132224403));
#852=CARTESIAN_POINT('',(0.169641614182644,-1.44339866088547,59.6684698312473));
#853=CARTESIAN_POINT('',(-0.198807021888795,-0.626843910750719,59.7403196376499));
#854=CARTESIAN_POINT('',(-0.214548524216312,-0.155499961979259,59.7773500981125));
#855=CARTESIAN_POINT('',(-0.139481646548206,0.0507671675699862,59.7773500981125));
#856=CARTESIAN_POINT('',(-0.139481646548213,0.0507671675699886,59.7773500981125));
#857=CARTESIAN_POINT('',(6.51115692335726E-15,-2.39871190705908E-15,60.));
#858=CARTESIAN_POINT('',(-12.5292349438121,4.56026857767558,40.));
#859=CARTESIAN_POINT('',(-25.058469887371,9.12053715525901,19.9999999998204));
#860=CARTESIAN_POINT('',(-37.5877048314363,13.6808057330267,0.));
#861=CARTESIAN_POINT('',(-37.1007247307767,13.5035594717067,0.77735009811793));
#862=CARTESIAN_POINT('',(-37.1007247307767,13.5035594717067,0.777350098117931));
#863=CARTESIAN_POINT('',(-37.2215358534461,13.171628782758,0.777352590108728));
#864=CARTESIAN_POINT('',(-37.2261552097493,12.4496503033744,0.75015439929425));
#865=CARTESIAN_POINT('',(-36.7767302331162,11.1125770007338,0.697076459120573));
#866=CARTESIAN_POINT('',(-35.6707386045117,9.73563292020351,0.633408777059295));
#867=CARTESIAN_POINT('',(-34.0455543524552,8.41345478137634,0.597009409027787));
#868=CARTESIAN_POINT('',(-31.6925598125072,6.92086365327766,0.557656061991773));
#869=CARTESIAN_POINT('',(-28.5530074271728,5.3854670874771,0.540444541932246));
#870=CARTESIAN_POINT('',(-24.6825868589176,3.80120490919693,0.523304755471884));
#871=CARTESIAN_POINT('',(-20.7492854293818,2.3734598503137,0.517475539445089));
#872=CARTESIAN_POINT('',(-16.7867140662649,1.03201579143705,0.51577281018381));
#873=CARTESIAN_POINT('',(-12.8497147111233,-0.384899503416502,0.51904433703424));
#874=CARTESIAN_POINT('',(-10.2024942629494,-1.26353989232788,0.513248013977116));
#875=CARTESIAN_POINT('',(-8.87488030541535,-1.69120312197983,0.512151558312354));
#876=CARTESIAN_POINT('',(-8.87488030541534,-1.69120312197982,0.512151558312887));
#877=CARTESIAN_POINT('',(-8.87488030541535,-1.69120312197982,0.512151558312887));
#878=CARTESIAN_POINT('',(-8.89573792236036,-1.63443035118172,2.4719689245655));
#879=CARTESIAN_POINT('',(-8.91722129124292,-1.57345690708631,4.43166035546242));
#880=CARTESIAN_POINT('',(-8.93944093506124,-1.50698546822196,6.39115647881188));
#881=CARTESIAN_POINT('',(-8.93944093506124,-1.50698546822196,6.39115647881188));
#882=CARTESIAN_POINT('',(-8.93944093506124,-1.50698546822196,6.39115647881188));
#883=CARTESIAN_POINT('',(-8.93971808500173,-1.50047766170725,6.60403930880344));
#884=CARTESIAN_POINT('',(-8.9402084661056,-1.49375390520137,6.81691683280532));
#885=CARTESIAN_POINT('',(-8.94091102637438,-1.48682275508475,7.02978537363135));
#886=CARTESIAN_POINT('',(-8.94091102637439,-1.48682275508475,7.02978537363135));
#887=CARTESIAN_POINT('',(-8.94091102637439,-1.48682275508475,7.02978537363135));
#888=CARTESIAN_POINT('',(-8.08337332335409,-1.75264375795431,7.7734718475072));
#889=CARTESIAN_POINT('',(-7.19149059715562,-2.02690568576224,8.52135274039559));
#890=CARTESIAN_POINT('',(-6.11271421176582,-2.36850954307672,8.83769422297955));
#891=CARTESIAN_POINT('',(-6.11271421176581,-2.36850954307673,8.83769422297956));
#892=CARTESIAN_POINT('',(-6.11271421176581,-2.36850954307673,8.83769422297956));
#893=CARTESIAN_POINT('',(-5.77236501625448,-2.4762840546393,8.93749856664138));
#894=CARTESIAN_POINT('',(-5.42486777251951,-2.58727751043789,8.97619728633577));
#895=CARTESIAN_POINT('',(-5.07275146644625,-2.6997681371154,8.9767977333335));
#896=CARTESIAN_POINT('',(-5.07275146644625,-2.6997681371154,8.9767977333335));
#897=CARTESIAN_POINT('',(-5.07275146644625,-2.6997681371154,8.9767977333335));
#898=CARTESIAN_POINT('',(-2.48714791099313,-3.5257911280302,8.9812068386929));
#899=CARTESIAN_POINT('',(0.112289718863968,-4.30819873900155,8.98431671365922));
#900=CARTESIAN_POINT('',(2.71936173515573,-5.06387689132781,8.98657113198211));
#901=CARTESIAN_POINT('',(2.71936173515573,-5.06387689132781,8.98657113198211));
#902=CARTESIAN_POINT('',(2.71936173515573,-5.06387689132781,8.98657113198211));
#903=CARTESIAN_POINT('',(3.08219777972541,-5.16904746967946,8.98688488788222));
#904=CARTESIAN_POINT('',(3.44012361752737,-5.27277796545619,8.94732536178655));
#905=CARTESIAN_POINT('',(3.79006324208428,-5.37443759954988,8.84350292780206));
#906=CARTESIAN_POINT('',(3.79006324208428,-5.37443759954988,8.84350292780206));
#907=CARTESIAN_POINT('',(3.79006324208428,-5.37443759954988,8.84350292780206));
#908=CARTESIAN_POINT('',(4.88251275084943,-5.69180096606635,8.5193876832116));
#909=CARTESIAN_POINT('',(5.78069555420814,-5.95329248057726,7.75219199365611));
#910=CARTESIAN_POINT('',(6.64854173567878,-6.20182605158451,7.01004049673474));
#911=CARTESIAN_POINT('',(6.64854173567877,-6.20182605158451,7.01004049673474));
#912=CARTESIAN_POINT('',(6.64854173567877,-6.20182605158451,7.01004049673474));
#913=CARTESIAN_POINT('',(6.61625761947765,-6.21546431855438,4.84158394895804));
#914=CARTESIAN_POINT('',(6.58541039533687,-6.22849886822634,2.67310234802609));
#915=CARTESIAN_POINT('',(6.55569191787315,-6.2410665778778,0.504602586962039));
#916=CARTESIAN_POINT('',(6.55569191787314,-6.2410665778778,0.504602586962039));
#917=CARTESIAN_POINT('',(6.55569191787313,-6.2410665778778,0.504602586962039));
#918=CARTESIAN_POINT('',(9.20104837323985,-6.96454612621948,0.503845485795909));
#919=CARTESIAN_POINT('',(14.5045204950025,-8.36476016375059,0.50266505650597));
#920=CARTESIAN_POINT('',(21.1560856921213,-10.0248693012889,0.501864445013321));
#921=CARTESIAN_POINT('',(26.4920348544098,-11.293700401956,0.501358816374805));
#922=CARTESIAN_POINT('',(30.4969729040271,-12.2338807296455,0.501243332821906));
#923=CARTESIAN_POINT('',(34.5154065960721,-13.1140833454183,0.50100331885364));
#924=CARTESIAN_POINT('',(37.1993030841562,-13.6791678970503,0.500706138749077));
#925=CARTESIAN_POINT('',(38.5273974522187,-14.0228258763511,0.500000000000332));
#926=CARTESIAN_POINT('',(6.51115692335726E-15,-2.39871190705908E-15,60.));
#927=CARTESIAN_POINT('',(-12.4990946372366,4.54929840323044,40.0481119664699));
#928=CARTESIAN_POINT('',(-24.9981892742212,9.09859680636917,20.0962239327611));
#929=CARTESIAN_POINT('',(-37.497283911708,13.6478952096907,0.144335899408421));
#930=CARTESIAN_POINT('',(0.0741333697845179,0.203679759511043,60.));
#931=CARTESIAN_POINT('',(-12.4009094031914,4.81906011669358,40.0481119664699));
#932=CARTESIAN_POINT('',(-24.8759507681093,9.43444434169957,20.096223932761));
#933=CARTESIAN_POINT('',(-37.3509907257227,14.0498324348052,0.144335899408421));
#934=CARTESIAN_POINT('',(0.243087407410639,0.372163427570826,60.));
#935=CARTESIAN_POINT('',(-12.1774545120116,5.04238819553041,40.0481119666187));
#936=CARTESIAN_POINT('',(-24.5982980722156,9.71279667077273,20.0962239327469));
#937=CARTESIAN_POINT('',(-37.0194432746499,14.38338885382,0.144335899408316));
#938=CARTESIAN_POINT('',(0.602763001830965,0.628046034220069,60.));
#939=CARTESIAN_POINT('',(-11.7013120679264,5.38193116166458,40.0481119663453));
#940=CARTESIAN_POINT('',(-24.0059023586005,10.1366293892318,20.0962239329411));
#941=CARTESIAN_POINT('',(-36.3110078696622,14.8921407167044,0.144335899409723));
#942=CARTESIAN_POINT('',(0.801705175562179,0.71846025403846,60.));
#943=CARTESIAN_POINT('',(-11.4380550422335,5.50204948077387,40.0481119663635));
#944=CARTESIAN_POINT('',(-23.6785505897292,10.2868136985662,20.0962239328373));
#945=CARTESIAN_POINT('',(-35.9197814669099,15.0727529074013,0.144335899408973));
#946=CARTESIAN_POINT('',(1.42930678852065,0.917966867398068,60.));
#947=CARTESIAN_POINT('',(-10.6071787657263,5.76749447688366,40.048111966412));
#948=CARTESIAN_POINT('',(-22.6447232050032,10.6193788705072,20.0962239329574));
#949=CARTESIAN_POINT('',(-34.6833265289445,15.4736200482443,0.144335899409839));
#950=CARTESIAN_POINT('',(1.87017839785789,0.955505625981608,60.));
#951=CARTESIAN_POINT('',(-10.0232604283423,5.81802321007322,40.048111966332));
#952=CARTESIAN_POINT('',(-21.9177398968482,10.6836874934181,20.0962239331589));
#953=CARTESIAN_POINT('',(-33.813260006105,15.5524984754339,0.144335899411295));
#954=CARTESIAN_POINT('',(3.18193066377536,0.951024177394408,60.));
#955=CARTESIAN_POINT('',(-8.28580695491357,5.81417070613155,40.0481119666452));
#956=CARTESIAN_POINT('',(-19.7544476926921,10.6824910652733,20.0962239330284));
#957=CARTESIAN_POINT('',(-31.2239915500005,15.555985254856,0.144335899410348));
#958=CARTESIAN_POINT('',(4.04932030234838,0.793574194014143,60.));
#959=CARTESIAN_POINT('',(-7.13670296562525,5.60667259986367,40.0481119664713));
#960=CARTESIAN_POINT('',(-18.3233227891905,10.4259491941036,20.0962239327369));
#961=CARTESIAN_POINT('',(-29.510539169299,15.2514039770519,0.144335899408247));
#962=CARTESIAN_POINT('',(6.60289940938032,0.192547459208963,60.));
#963=CARTESIAN_POINT('',(-3.75380850285452,4.81325298847984,40.0481119663262));
#964=CARTESIAN_POINT('',(-14.1102557100737,9.44266016671643,20.0962239330147));
#965=CARTESIAN_POINT('',(-24.4664422112112,14.0807689934815,0.144335899410254));
#966=CARTESIAN_POINT('',(8.25471047819996,-0.396535994775135,60.));
#967=CARTESIAN_POINT('',(-1.56549809844579,4.03409239036212,40.0481119663804));
#968=CARTESIAN_POINT('',(-11.3848452422901,8.4744286475232,20.0962239326998));
#969=CARTESIAN_POINT('',(-21.203330954173,12.924472776864,0.14433589940798));
#970=CARTESIAN_POINT('',(10.7125287919705,-1.31302665358148,60.));
#971=CARTESIAN_POINT('',(1.69027886083977,2.82107228922103,40.0481119664413));
#972=CARTESIAN_POINT('',(-7.33053452753953,6.96565705424818,20.0962239326971));
#973=CARTESIAN_POINT('',(-16.3499113743571,11.1207276419845,0.14433589940796));
#974=CARTESIAN_POINT('',(11.5259464455713,-1.63397375554867,60.));
#975=CARTESIAN_POINT('',(2.76782500036364,2.3963660120606,40.0481119664251));
#976=CARTESIAN_POINT('',(-5.9886275234072,6.43754468876751,20.0962239329894));
#977=CARTESIAN_POINT('',(-14.7434111252071,10.4895622743342,0.14433589941007));
#978=CARTESIAN_POINT('',(13.1623410913598,-2.25067837603437,60.));
#979=CARTESIAN_POINT('',(4.93486830162369,1.57846576543739,40.0481119663515));
#980=CARTESIAN_POINT('',(-3.29116140210001,5.41735513003029,20.0962239326614));
#981=CARTESIAN_POINT('',(-11.5157480207794,9.26598971814854,0.144335899407704));
#982=CARTESIAN_POINT('',(13.9832583667052,-2.55194786600734,60.));
#983=CARTESIAN_POINT('',(6.02250046626633,1.18023233412151,40.0481119664434));
#984=CARTESIAN_POINT('',(-1.93643270016635,4.92291124851458,20.0962239327951));
#985=CARTESIAN_POINT('',(-9.89354113338673,8.67608887736988,0.144335899408667));
#986=CARTESIAN_POINT('',(16.4214988956376,-3.51944707279082,60.0000000000001));
#987=CARTESIAN_POINT('',(9.25271803691762,-0.0994348033401662,40.0481119664473));
#988=CARTESIAN_POINT('',(2.08669697316989,3.33273955939732,20.0962239327418));
#989=CARTESIAN_POINT('',(-5.07656429681852,6.77707601593645,0.144335899408282));
#990=CARTESIAN_POINT('',(18.0329609765605,-4.19944495044302,60.));
#991=CARTESIAN_POINT('',(11.3873835439421,-0.999576603432839,40.0481119663991));
#992=CARTESIAN_POINT('',(4.74496628376622,2.21290312509715,20.0962239328612));
#993=CARTESIAN_POINT('',(-1.89429080403112,5.43799423516017,0.144335899409145));
#994=CARTESIAN_POINT('',(22.8378895164657,-6.30570163899159,60.));
#995=CARTESIAN_POINT('',(17.7524941534466,-3.78741952450829,40.0481119664634));
#996=CARTESIAN_POINT('',(12.6715851492047,-1.25484466846339,20.0962239329325));
#997=CARTESIAN_POINT('',(7.59516250375179,1.2920229291841,0.144335899409658));
#998=CARTESIAN_POINT('',(26.0047851409075,-7.79187904143826,60.));
#999=CARTESIAN_POINT('',(21.9477242097826,-5.75462695716402,40.0481119665729));
#1000=CARTESIAN_POINT('',(17.8960520150302,-3.70199495369782,20.0962239326929));
#1001=CARTESIAN_POINT('',(13.8497685522983,-1.63398302944198,0.144335899407927));
#1002=CARTESIAN_POINT('',(30.7177437860484,-10.096499290648,60.));
#1003=CARTESIAN_POINT('',(28.1911182195266,-8.80518657321705,40.0481119663308));
#1004=CARTESIAN_POINT('',(25.671295412841,-7.49681241988947,20.0962239328503));
#1005=CARTESIAN_POINT('',(23.1582753669532,-6.17137683106111,0.144335899409068));
#1006=CARTESIAN_POINT('',(32.2801914218862,-10.8823043277004,60.));
#1007=CARTESIAN_POINT('',(30.2615599755524,-9.84404472465035,40.0481119665034));
#1008=CARTESIAN_POINT('',(28.2508051744041,-8.78689541520024,20.0962239329478));
#1009=CARTESIAN_POINT('',(26.2479270177945,-7.7108563991316,0.144335899409768));
#1010=CARTESIAN_POINT('',(34.6193227045666,-12.0690178205681,60.));
#1011=CARTESIAN_POINT('',(33.3594671726099,-11.4166699900108,40.0481119664917));
#1012=CARTESIAN_POINT('',(32.1074033552583,-10.746324994718,20.0962239329557));
#1013=CARTESIAN_POINT('',(30.8631312522919,-10.0579828345893,0.144335899409825));
#1014=CARTESIAN_POINT('',(35.4001868769808,-12.4619223050149,60.));
#1015=CARTESIAN_POINT('',(34.3937667169167,-11.9372064882293,40.0481119664711));
#1016=CARTESIAN_POINT('',(33.3952420994294,-11.3946546500089,20.0962239329018));
#1017=CARTESIAN_POINT('',(32.4046130225357,-10.8342667896385,0.144335899409437));
#1018=CARTESIAN_POINT('',(36.5504916884863,-13.0947426188844,60.));
#1019=CARTESIAN_POINT('',(35.9202597022147,-12.7692255595375,40.0481119664301));
#1020=CARTESIAN_POINT('',(35.300848103139,-12.4199342048906,20.0962239330246));
#1021=CARTESIAN_POINT('',(34.6922569012956,-12.0468685586058,0.144335899410324));
#1022=CARTESIAN_POINT('',(36.9331657734493,-13.3071807595707,60.));
#1023=CARTESIAN_POINT('',(36.4274723378778,-13.0497457257856,40.0481119664596));
#1024=CARTESIAN_POINT('',(35.9329799018163,-12.7677214306617,20.0962239329167));
#1025=CARTESIAN_POINT('',(35.4496884638942,-12.4611078737002,0.144335899409544));
#1026=CARTESIAN_POINT('',(37.7170138948155,-13.692995024186,60.));
#1027=CARTESIAN_POINT('',(37.4621398008123,-13.5682821304379,40.0481119664747));
#1028=CARTESIAN_POINT('',(37.2150822784282,-13.4263338645267,20.0962239329311));
#1029=CARTESIAN_POINT('',(36.9758413249183,-13.267150225456,0.144335899409648));
#1030=CARTESIAN_POINT('',(38.1215763414223,-13.8590090949468,60.));
#1031=CARTESIAN_POINT('',(37.9936049865955,-13.7976671935664,40.0481119664761));
#1032=CARTESIAN_POINT('',(37.8692206079689,-13.7283481329193,20.0962239329323));
#1033=CARTESIAN_POINT('',(37.7484231999982,-13.6510519109881,0.144335899409656));
#1034=CARTESIAN_POINT('',(38.5273974522222,-14.0228258763524,60.));
#1035=CARTESIAN_POINT('',(38.5273974534731,-14.0228258768077,40.0481119664699));
#1036=CARTESIAN_POINT('',(38.5273974517603,-14.0228258761843,20.0962239329398));
#1037=CARTESIAN_POINT('',(38.5273974522189,-14.0228258763512,0.144335899409711));
#1038=CARTESIAN_POINT('',(-0.139481646548206,0.0507671675699862,59.7773500981125));
#1039=CARTESIAN_POINT('',(-0.0631757164243426,0.260393041109496,59.7773500981125));
#1040=CARTESIAN_POINT('',(0.250046947439318,0.606426534266021,59.7403228004551));
#1041=CARTESIAN_POINT('',(1.05798241126802,0.997519316347768,59.6684766473426));
#1042=CARTESIAN_POINT('',(2.17426254773553,1.08673539293387,59.6084184554445));
#1043=CARTESIAN_POINT('',(3.49452645456129,0.956465077615607,59.5711476787469));
#1044=CARTESIAN_POINT('',(5.20433355511772,0.591862841737762,59.5433526079807));
#1045=CARTESIAN_POINT('',(7.31046022608895,-0.0360477844937201,59.5257139876093));
#1046=CARTESIAN_POINT('',(9.78554517100675,-0.939381336130887,59.5153325584244));
#1047=CARTESIAN_POINT('',(12.2385762258576,-1.89141108432636,59.5188122858269));
#1048=CARTESIAN_POINT('',(15.5284479834142,-3.11559761337153,59.5108746335608));
#1049=CARTESIAN_POINT('',(19.5605840515794,-4.8421256065829,59.5061417282269));
#1050=CARTESIAN_POINT('',(24.3590168858931,-7.01552011536596,59.5028711883277));
#1051=CARTESIAN_POINT('',(28.3194296454162,-8.91303907514853,59.5015220629746));
#1052=CARTESIAN_POINT('',(31.46681098474,-10.4722271708418,59.5003854759074));
#1053=CARTESIAN_POINT('',(33.8177707105262,-11.6609281773691,59.5007335393927));
#1054=CARTESIAN_POINT('',(35.7747151886984,-12.6558742111756,59.498913021512));
#1055=CARTESIAN_POINT('',(37.3062159968618,-13.5201110240369,59.500281972375));
#1056=CARTESIAN_POINT('',(38.1190870915573,-13.8577600370658,59.5002264775983));
#1057=CARTESIAN_POINT('',(38.527397452253,-14.0228258763636,59.4999999999947));
#1058=CARTESIAN_POINT('',(38.527397452211,-14.0228258763483,0.500000000001103));
#1059=CARTESIAN_POINT('',(37.2890961713074,-13.4323896483503,0.500706151794611));
#1060=CARTESIAN_POINT('',(34.8691195714646,-12.1396742191098,0.501003283004341));
#1061=CARTESIAN_POINT('',(31.2251712965404,-10.231054923678,0.501243402839332));
#1062=CARTESIAN_POINT('',(27.553248849823,-8.3771340969438,0.501358837406968));
#1063=CARTESIAN_POINT('',(22.6504224331178,-5.91940432778857,0.501864438560801));
#1064=CARTESIAN_POINT('',(16.4872750968259,-2.91526126885077,0.502665163537695));
#1065=CARTESIAN_POINT('',(11.5251106165644,-0.579156384544699,0.50384549348784));
#1066=CARTESIAN_POINT('',(9.03363163197557,0.567016833388712,0.504602586961188));
#1067=CARTESIAN_POINT('',(9.03363163197558,0.56701683338871,0.504602586961194));
#1068=CARTESIAN_POINT('',(9.03363163197558,0.567016833388709,0.504602586961194));
#1069=CARTESIAN_POINT('',(9.04831893844989,0.538286740158482,2.67310234802556));
#1070=CARTESIAN_POINT('',(9.06357083606338,0.508473482343445,4.84158394895778));
#1071=CARTESIAN_POINT('',(9.0795353948559,0.477274133833046,7.01004049673474));
#1072=CARTESIAN_POINT('',(9.07953539485589,0.477274133833049,7.01004049673474));
#1073=CARTESIAN_POINT('',(9.0795353948559,0.477274133833043,7.01004049673474));
#1074=CARTESIAN_POINT('',(8.25379602942471,0.845251353424599,7.75325074362267));
#1075=CARTESIAN_POINT('',(7.39832939298435,1.22197941369606,8.51954696166863));
#1076=CARTESIAN_POINT('',(6.35797878368651,1.68085236608719,8.84350292780382));
#1077=CARTESIAN_POINT('',(6.35797878368648,1.6808523660872,8.84350292780382));
#1078=CARTESIAN_POINT('',(6.35797878368648,1.6808523660872,8.84350292780382));
#1079=CARTESIAN_POINT('',(6.0245639256738,1.82791342310009,8.94732536178521));
#1080=CARTESIAN_POINT('',(5.68370014915227,1.97852154695041,8.98688488788069));
#1081=CARTESIAN_POINT('',(5.33814926878586,2.13118272361792,8.98657113198173));
#1082=CARTESIAN_POINT('',(5.33814926878586,2.13118272361792,8.98657113198173));
#1083=CARTESIAN_POINT('',(5.33814926878586,2.13118272361792,8.98657113198173));
#1084=CARTESIAN_POINT('',(2.85527568466215,3.22809326387503,8.98431671365901));
#1085=CARTESIAN_POINT('',(0.361069015015155,4.29962056186748,8.98120683869326));
#1086=CARTESIAN_POINT('',(-2.15057556462973,5.32884416879827,8.97679773333366));
#1087=CARTESIAN_POINT('',(-2.15057556462973,5.32884416879827,8.97679773333366));
#1088=CARTESIAN_POINT('',(-2.15057556462973,5.32884416879827,8.97679773333366));
#1089=CARTESIAN_POINT('',(-2.4926198852635,5.46900734804183,8.97619728633589));
#1090=CARTESIAN_POINT('',(-2.83016343597005,5.60734835067809,8.9374985666413));
#1091=CARTESIAN_POINT('',(-3.1601621665845,5.74356053082741,8.83769422297901));
#1092=CARTESIAN_POINT('',(-3.16016216658449,5.74356053082741,8.83769422297902));
#1093=CARTESIAN_POINT('',(-3.16016216658448,5.7435605308274,8.83769422297899));
#1094=CARTESIAN_POINT('',(-4.20614616970141,6.17530692330793,8.5213483184948));
#1095=CARTESIAN_POINT('',(-5.06939940683334,6.54007148239316,7.77009931323262));
#1096=CARTESIAN_POINT('',(-5.89342396340503,6.88607913649837,7.02978537363142));
#1097=CARTESIAN_POINT('',(-5.89342396340549,6.88607913649855,7.02978537363141));
#1098=CARTESIAN_POINT('',(-5.8934239634055,6.88607913649855,7.02978537363141));
#1099=CARTESIAN_POINT('',(-5.88843051359942,6.89093710849416,6.81691683279588));
#1100=CARTESIAN_POINT('',(-5.88373291249376,6.89577259389976,6.60403930878464));
#1101=CARTESIAN_POINT('',(-5.87933746594077,6.90057971437482,6.39115647878341));
#1102=CARTESIAN_POINT('',(-5.87933746594077,6.90057971437482,6.39115647878341));
#1103=CARTESIAN_POINT('',(-5.87933746594077,6.90057971437482,6.39115647878341));
#1104=CARTESIAN_POINT('',(-5.81958917172304,6.93721730509852,4.43165896385566));
#1105=CARTESIAN_POINT('',(-5.76393902423073,6.97011640370026,2.47196892454141));
#1106=CARTESIAN_POINT('',(-5.71146832903759,7.00019985155024,0.512151558312284));
#1107=CARTESIAN_POINT('',(-5.71146832903758,7.00019985155023,0.512151558312284));
#1108=CARTESIAN_POINT('',(-5.71146832903758,7.00019985155023,0.512151558312292));
#1109=CARTESIAN_POINT('',(-7.00144415399993,7.52517831310922,0.513246374187999));
#1110=CARTESIAN_POINT('',(-9.58994486222063,8.55220289610332,0.519021735040471));
#1111=CARTESIAN_POINT('',(-13.5091237739398,9.99451769474804,0.515805061307581));
#1112=CARTESIAN_POINT('',(-17.4008918121588,11.5117075424713,0.517435768163089));
#1113=CARTESIAN_POINT('',(-21.3226600565591,12.9437393386852,0.5232284678037));
#1114=CARTESIAN_POINT('',(-25.3084699054158,14.2204192721394,0.540342306343994));
#1115=CARTESIAN_POINT('',(-28.6769719781575,15.0584094950937,0.557240167378362));
#1116=CARTESIAN_POINT('',(-31.4313828655288,15.4345714592167,0.596116250537537));
#1117=CARTESIAN_POINT('',(-33.5439239759194,15.4749462131448,0.632311230678974));
#1118=CARTESIAN_POINT('',(-35.2939182198621,15.1344792243997,0.696023395694862));
#1119=CARTESIAN_POINT('',(-36.5114834297842,14.4019351880613,0.749845630402506));
#1120=CARTESIAN_POINT('',(-36.9816942228187,13.8305883188626,0.777352553318857));
#1121=CARTESIAN_POINT('',(-37.1007247307767,13.5035594717067,0.777350098117931));
#1122=CARTESIAN_POINT('',(-37.5877048314363,13.6808057330268,0.));
#1123=CARTESIAN_POINT('',(6.5161498517121,2.55730152896224,0.));
#1124=CARTESIAN_POINT('',(6.94014732244319,1.47693184054625,0.));
#1125=CARTESIAN_POINT('',(7.77030089433271,0.597851329526206,0.));
#1126=CARTESIAN_POINT('',(8.82467255027723,0.112797813125305,0.));
#1127=CARTESIAN_POINT('',(6.51614985171209,2.55730152896224,0.));
#1128=CARTESIAN_POINT('',(8.82467255027723,0.112797813125304,0.));
#1129=CARTESIAN_POINT('',(8.82467255027723,0.112797813125304,0.));
#1130=CARTESIAN_POINT('',(13.1997772562851,-1.89992693180363,0.));
#1131=CARTESIAN_POINT('',(19.717343377137,-5.01061371232657,1.25668888174456E-15));
#1132=CARTESIAN_POINT('',(28.3262941124445,-9.32302212849278,6.68755612755832E-15));
#1133=CARTESIAN_POINT('',(32.6189755105798,-11.5031851114189,0.));
#1134=CARTESIAN_POINT('',(34.7401540849505,-12.6443820207446,0.));
#1135=CARTESIAN_POINT('',(34.7401540849506,-12.6443820207446,0.));
#1136=CARTESIAN_POINT('',(34.7401540849506,-12.6443820207446,0.));
#1137=CARTESIAN_POINT('',(32.3816897916622,-12.1551222661061,0.));
#1138=CARTESIAN_POINT('',(27.6919233080196,-11.0659415892114,6.05674759083948E-15));
#1139=CARTESIAN_POINT('',(18.3251217383348,-8.83571122780981,-7.73233276649889E-15));
#1140=CARTESIAN_POINT('',(11.3328655086591,-7.02922480252012,0.));
#1141=CARTESIAN_POINT('',(6.68758633280802,-5.75879831279887,0.));
#1142=CARTESIAN_POINT('',(6.68758633280803,-5.75879831279887,0.));
#1143=CARTESIAN_POINT('',(6.68758633280803,-5.75879831279887,0.));
#1144=CARTESIAN_POINT('',(5.5681060246404,-5.45263427305482,0.));
#1145=CARTESIAN_POINT('',(4.36710658488608,-5.59243680113151,0.));
#1146=CARTESIAN_POINT('',(3.34785864738588,-6.14750701318224,0.));
#1147=CARTESIAN_POINT('',(3.34785864738586,-6.14750701318216,0.));
#1148=CARTESIAN_POINT('',(6.51115692335726E-15,-2.39871190705908E-15,0.));
#1149=CARTESIAN_POINT('',(-6.14725275348131,-3.34832548967616,0.));
#1150=CARTESIAN_POINT('',(-6.14725275348131,-3.34832548967616,0.));
#1151=CARTESIAN_POINT('',(-6.69902382676256,-2.33531876139432,0.));
#1152=CARTESIAN_POINT('',(-7.62363980858992,-1.56909459099071,0.));
#1153=CARTESIAN_POINT('',(-8.72162790014688,-1.21542371940968,0.));
#1154=CARTESIAN_POINT('',(-8.72162790014688,-1.21542371940968,0.));
#1155=CARTESIAN_POINT('',(-8.72162790014688,-1.21542371940968,0.));
#1156=CARTESIAN_POINT('',(-10.0200511937366,-0.797191043248618,0.));
#1157=CARTESIAN_POINT('',(-12.609717347376,0.0602269949105623,8.48116745203841E-15));
#1158=CARTESIAN_POINT('',(-16.4594503286931,1.44774107947679,-4.31375524597363E-15));
#1159=CARTESIAN_POINT('',(-20.3355855516425,2.75835333650551,2.26864049694307E-15));
#1160=CARTESIAN_POINT('',(-24.1832031934526,4.1500935667083,1.74440629311437E-15));
#1161=CARTESIAN_POINT('',(-27.3483590769439,5.41900497807467,6.68014123333015E-15));
#1162=CARTESIAN_POINT('',(-29.8229304931024,6.56931506294986,-5.21740114021281E-15));
#1163=CARTESIAN_POINT('',(-31.6426605036218,7.5042990931501,7.4060293685373E-15));
#1164=CARTESIAN_POINT('',(-33.3961792312985,8.56177593808165,4.21622101968095E-15));
#1165=CARTESIAN_POINT('',(-35.0196900050456,9.80073047320648,-1.77657004123481E-14));
#1166=CARTESIAN_POINT('',(-36.195794937386,11.0719668673206,-4.32073584755991E-14));
#1167=CARTESIAN_POINT('',(-36.7504973574326,12.322645084267,-9.74659715023437E-15));
#1168=CARTESIAN_POINT('',(-36.8284779851404,13.0351751020019,0.));
#1169=CARTESIAN_POINT('',(-36.7097889699241,13.3612704912461,0.));
#1170=CARTESIAN_POINT('',(-36.709788969924,13.3612704912461,0.));
#1171=CARTESIAN_POINT('',(-36.709788969924,13.3612704912461,0.));
#1172=CARTESIAN_POINT('',(-36.5892695927858,13.6923947585401,0.));
#1173=CARTESIAN_POINT('',(-36.067619587528,14.187466411314,2.69724400392194E-14));
#1174=CARTESIAN_POINT('',(-34.8217466475602,14.7923277001586,-6.98100698469666E-14));
#1175=CARTESIAN_POINT('',(-33.0948044440946,15.0033098461862,1.20426638430387E-14));
#1176=CARTESIAN_POINT('',(-31.035629529258,14.9028557412309,-8.82757263856097E-15));
#1177=CARTESIAN_POINT('',(-29.0260045447924,14.5828563819247,-2.10270412495564E-15));
#1178=CARTESIAN_POINT('',(-27.0421290968561,14.1308313372766,-4.22881387682947E-15));
#1179=CARTESIAN_POINT('',(-24.4183302338321,13.4232062767623,9.4196493755398E-15));
#1180=CARTESIAN_POINT('',(-21.1782007691817,12.3603093868198,1.41935535341946E-15));
#1181=CARTESIAN_POINT('',(-17.3404802857493,10.9543909348109,2.81850951109737E-15));
#1182=CARTESIAN_POINT('',(-13.5320502766588,9.46815635253819,-6.18818036289594E-15));
#1183=CARTESIAN_POINT('',(-9.69476106810894,8.05789345471303,-3.43611889567444E-15));
#1184=CARTESIAN_POINT('',(-7.16220299091342,7.05096948896267,0.));
#1185=CARTESIAN_POINT('',(-5.89989528050322,6.53722293679967,0.));
#1186=CARTESIAN_POINT('',(-5.89989528050322,6.53722293679967,0.));
#1187=CARTESIAN_POINT('',(-5.89989528050322,6.53722293679967,0.));
#1188=CARTESIAN_POINT('',(-4.83145447001717,6.10237826457702,0.));
#1189=CARTESIAN_POINT('',(-3.63063574486922,6.09500757785428,0.));
#1190=CARTESIAN_POINT('',(-2.55680667429076,6.51634403866939,0.));
#1191=CARTESIAN_POINT('',(-2.55680667429076,6.5163440386694,0.));
#1192=CARTESIAN_POINT('',(6.51115692335726E-15,-2.39871190705908E-15,0.));
#1193=CARTESIAN_POINT('',(6.51115692335726E-15,-2.39871190705908E-15,60.));
#1194=CARTESIAN_POINT('',(0.251454114307907,-0.091521812891808,60.));
#1195=CARTESIAN_POINT('',(0.217047741921663,-0.186052544108363,60.));
#1196=CARTESIAN_POINT('',(0.231314889763297,-0.38753327989152,60.));
#1197=CARTESIAN_POINT('',(0.343828024796572,-0.765821358025366,59.9999999999999));
#1198=CARTESIAN_POINT('',(0.617556329326386,-1.18041271228075,59.9999999999999));
#1199=CARTESIAN_POINT('',(1.02117005133746,-1.59732007622714,59.9999999999998));
#1200=CARTESIAN_POINT('',(1.62433186057127,-2.09163448255398,59.9999999999997));
#1201=CARTESIAN_POINT('',(2.43756861313148,-2.61850191602628,59.9999999999997));
#1202=CARTESIAN_POINT('',(3.45866435983151,-3.15350634637035,59.9999999999994));
#1203=CARTESIAN_POINT('',(4.5045303816203,-3.64281183018202,59.9999999999993));
#1204=CARTESIAN_POINT('',(5.92844830696433,-4.24013151025319,59.9999999999989));
#1205=CARTESIAN_POINT('',(7.73706671483477,-4.91274139641102,59.9999999999987));
#1206=CARTESIAN_POINT('',(9.92546363755503,-5.65754888549966,59.9999999999983));
#1207=CARTESIAN_POINT('',(12.1033742509733,-6.43655362589745,59.999999999998));
#1208=CARTESIAN_POINT('',(14.2966006817283,-7.16765387287057,59.9999999999976));
#1209=CARTESIAN_POINT('',(17.2401555870915,-8.08299988787795,59.9999999999971));
#1210=CARTESIAN_POINT('',(20.9433000117089,-9.15355617068769,59.9999999999965));
#1211=CARTESIAN_POINT('',(25.4153773551792,-10.3512946513335,59.9999999999958));
#1212=CARTESIAN_POINT('',(29.9058334146217,-11.4744611220742,59.9999999999949));
#1213=CARTESIAN_POINT('',(32.9099223547533,-12.1799198207116,59.9999999999945));
#1214=CARTESIAN_POINT('',(34.4136920506821,-12.5255595576517,59.9999999999942));
#1215=CARTESIAN_POINT('',(0.251454114307907,-0.091521812891808,60.));
#1216=CARTESIAN_POINT('',(34.4136920506821,-12.5255595576517,59.9999999999942));
#1217=CARTESIAN_POINT('',(34.4136920506821,-12.5255595576517,59.9999999999942));
#1218=CARTESIAN_POINT('',(33.0395735893494,-11.8237349738479,59.9999999999944));
#1219=CARTESIAN_POINT('',(30.2848831760667,-10.4331770343206,59.9999999999948));
#1220=CARTESIAN_POINT('',(26.123690486798,-8.40747348384097,59.9999999999956));
#1221=CARTESIAN_POINT('',(21.9279589324103,-6.45036566951607,59.9999999999962));
#1222=CARTESIAN_POINT('',(18.4029193444521,-4.89005412593491,59.999999999997));
#1223=CARTESIAN_POINT('',(15.5595711465196,-3.69912602128949,59.9999999999973));
#1224=CARTESIAN_POINT('',(13.4094600065568,-2.84935969392595,59.9999999999977));
#1225=CARTESIAN_POINT('',(11.240279609973,-2.04616082494317,59.9999999999981));
#1226=CARTESIAN_POINT('',(9.08505279626979,-1.21001107272939,59.9999999999985));
#1227=CARTESIAN_POINT('',(7.26717318342183,-0.5626761229525,59.9999999999987));
#1228=CARTESIAN_POINT('',(5.79239547754276,-0.10494955972968,59.999999999999));
#1229=CARTESIAN_POINT('',(4.6766634789759,0.19250624067973,59.9999999999991));
#1230=CARTESIAN_POINT('',(3.55053114830178,0.439031755316847,59.9999999999994));
#1231=CARTESIAN_POINT('',(2.58886566696995,0.558179652939494,59.9999999999995));
#1232=CARTESIAN_POINT('',(1.80905254345984,0.567225074762477,59.9999999999997));
#1233=CARTESIAN_POINT('',(1.23186593852897,0.507298788713307,59.9999999999998));
#1234=CARTESIAN_POINT('',(0.755666999630527,0.365654341909861,59.9999999999999));
#1235=CARTESIAN_POINT('',(0.426305901586951,0.148187697098797,59.9999999999999));
#1236=CARTESIAN_POINT('',(0.285861544535695,0.00301182472045611,59.9999999999999));
#1237=CARTESIAN_POINT('',(0.251454114307923,-0.0915218128918256,60.));
#1238=CARTESIAN_POINT('',(6.51115692335726E-15,-2.39871190705908E-15,8.));
#1239=CARTESIAN_POINT('',(-1.77153292251254,6.25393245122237,8.00000000000001));
#1240=CARTESIAN_POINT('',(0.748516334233626,5.22137572481003,8.00000000000001));
#1241=CARTESIAN_POINT('',(3.25105956324052,4.14635027328956,8.));
#1242=CARTESIAN_POINT('',(5.74221310952561,3.04581493282028,8.));
#1243=CARTESIAN_POINT('',(-1.77153292251254,6.25393245122237,8.));
#1244=CARTESIAN_POINT('',(5.74221310952561,3.04581493282028,8.));
#1245=CARTESIAN_POINT('',(6.51115692335726E-15,-2.39871190705908E-15,8.));
#1246=CARTESIAN_POINT('',(6.51115692335726E-15,-2.39871190705908E-15,8.));
#1247=CARTESIAN_POINT('',(7.0027046871069,2.68554036744399,7.));
#1248=CARTESIAN_POINT('',(6.99546467919244,2.7044191145192,4.83334025507098));
#1249=CARTESIAN_POINT('',(6.98844320565765,2.7225013409275,2.6666728787188));
#1250=CARTESIAN_POINT('',(6.98158912683438,2.73996592388812,0.500000000000003));
#1251=CARTESIAN_POINT('',(7.0027046871069,2.68554036744399,7.));
#1252=CARTESIAN_POINT('',(6.98158912683438,2.73996592388812,0.500000000000001));
#1253=CARTESIAN_POINT('',(6.51115692335726E-15,-2.39871190705908E-15,0.5));
#1254=CARTESIAN_POINT('',(-2.73943572245438,6.98179718428864,0.500000000000341));
#1255=CARTESIAN_POINT('',(-2.73943572245438,6.98179718428864,0.500000000000341));
#1256=CARTESIAN_POINT('',(-2.78569413982933,6.96364684882683,2.66677459696119));
#1257=CARTESIAN_POINT('',(-2.83449538719447,6.94400705928118,4.83348713510464));
#1258=CARTESIAN_POINT('',(-2.88984823133566,6.92089424856688,7.00000000000136));
#1259=CARTESIAN_POINT('',(-2.88984823133565,6.92089424856688,7.00000000000136));
#1260=CARTESIAN_POINT('',(6.51115692335726E-15,-2.39871190705908E-15,7.));
#1261=CARTESIAN_POINT('',(6.51115692335726E-15,-2.39871190705908E-15,8.));
#1262=CARTESIAN_POINT('',(-6.66241725000163,-3.4441539435514,7.));
#1263=CARTESIAN_POINT('',(-6.63487113968872,-3.49743950613864,4.83348713510361));
#1264=CARTESIAN_POINT('',(-6.6101114287041,-3.54385329492783,2.6667745969605));
#1265=CARTESIAN_POINT('',(-6.58634223587292,-3.58749159608164,0.500000000000001));
#1266=CARTESIAN_POINT('',(-6.66241725000163,-3.4441539435514,7.));
#1267=CARTESIAN_POINT('',(-6.58634223587292,-3.58749159608164,0.5));
#1268=CARTESIAN_POINT('',(6.51115692335726E-15,-2.39871190705908E-15,0.5));
#1269=CARTESIAN_POINT('',(3.58699140791342,-6.58661465698088,0.500000000000001));
#1270=CARTESIAN_POINT('',(3.58699140791343,-6.58661465698088,0.500000000000001));
#1271=CARTESIAN_POINT('',(3.60346795444719,-6.57764172719425,2.66667287871878));
#1272=CARTESIAN_POINT('',(3.6204697463229,-6.56830325432424,4.83334025507097));
#1273=CARTESIAN_POINT('',(3.6381509388603,-6.55849508241563,7.));
#1274=CARTESIAN_POINT('',(3.6381509388603,-6.55849508241563,7.));
#1275=CARTESIAN_POINT('',(6.51115692335726E-15,-2.39871190705908E-15,7.));
#1276=CARTESIAN_POINT('',(6.51115692335726E-15,-2.39871190705908E-15,8.));
#1277=CARTESIAN_POINT('',(2.44097834351586,-6.02425304303236,8.));
#1278=CARTESIAN_POINT('',(-0.174766468440094,-5.26602939168077,8.));
#1279=CARTESIAN_POINT('',(-2.78283884301145,-4.48094288471754,8.));
#1280=CARTESIAN_POINT('',(-5.37702324255585,-3.65207078915657,8.));
#1281=CARTESIAN_POINT('',(2.44097834351586,-6.02425304303236,8.));
#1282=CARTESIAN_POINT('',(-5.37702324255584,-3.65207078915657,8.));
#1283=CARTESIAN_POINT('',(6.51115692335726E-15,-2.39871190705908E-15,8.));
#1284=CARTESIAN_POINT('',(-2.73858433803396,6.98213118062638,0.460102062991018));
#1285=CARTESIAN_POINT('',(-4.22685440697387,6.39839062976524,0.403940608915665));
#1286=CARTESIAN_POINT('',(-5.70748831677813,7.0024798108489,0.363265995440529));
#1287=CARTESIAN_POINT('',(-2.78642885439786,6.96336524229246,2.70325388488415));
#1288=CARTESIAN_POINT('',(-4.27757433108164,6.36672212193361,2.64519220076927));
#1289=CARTESIAN_POINT('',(-5.76720953201291,6.96829739713535,2.60078004096462));
#1290=CARTESIAN_POINT('',(-2.83674418882452,6.9431138013864,4.94635420045674));
#1291=CARTESIAN_POINT('',(-4.33750174207706,6.32992507127475,4.88574516333321));
#1292=CARTESIAN_POINT('',(-5.8417508007996,6.93600938315312,4.84318724911885));
#1293=CARTESIAN_POINT('',(-2.89470027957798,6.9188662576618,7.18881259011853));
#1294=CARTESIAN_POINT('',(-4.38731383067465,6.29438983294745,7.11930834964299));
#1295=CARTESIAN_POINT('',(-5.89435620898668,6.88517524328755,7.06938113976256));
#1296=CARTESIAN_POINT('',(-2.73943572245437,6.98179718428863,0.500000000000012));
#1297=CARTESIAN_POINT('',(-3.6940682372747,6.60722967052517,0.504503540552148));
#1298=CARTESIAN_POINT('',(-4.76158950697376,6.61369478889515,0.50887220444572));
#1299=CARTESIAN_POINT('',(-5.71146832903758,7.00019985155023,0.512151558312288));
#1300=CARTESIAN_POINT('',(-5.89342396340548,6.88607913649855,7.02978537363142));
#1301=CARTESIAN_POINT('',(-4.93051377169105,6.50969049027709,7.02176410743954));
#1302=CARTESIAN_POINT('',(-3.84384212269305,6.52255012414755,7.01095623452529));
#1303=CARTESIAN_POINT('',(-2.88984823133562,6.9208942485669,7.));
#1304=CARTESIAN_POINT('',(3.58669259624648,-6.58677737744573,0.460698527523928));
#1305=CARTESIAN_POINT('',(5.00109092350061,-5.81659619204896,0.43932434519444));
#1306=CARTESIAN_POINT('',(6.55458663670159,-6.24153399724022,0.423914188345944));
#1307=CARTESIAN_POINT('',(3.60348920037854,-6.57763113608515,2.67031471978122));
#1308=CARTESIAN_POINT('',(5.02351748850388,-5.79970453233566,2.64998473460063));
#1309=CARTESIAN_POINT('',(6.58482635874996,-6.22874560122811,2.63253678684203));
#1310=CARTESIAN_POINT('',(3.62083105758028,-6.56810540373349,4.87992023745241));
#1311=CARTESIAN_POINT('',(5.04673524701835,-5.78206606882066,4.85910606697429));
#1312=CARTESIAN_POINT('',(6.61623163910029,-6.2154752592414,4.84102126013381));
#1313=CARTESIAN_POINT('',(3.63888172654739,-6.55808964411127,7.0895033717382));
#1314=CARTESIAN_POINT('',(5.07096197925687,-5.76347246970086,7.0660419288465));
#1315=CARTESIAN_POINT('',(6.64912666741855,-6.20157895034388,7.04931853119154));
#1316=CARTESIAN_POINT('',(3.58699140791343,-6.58661465698089,0.5));
#1317=CARTESIAN_POINT('',(4.49300541957455,-6.09321028394181,0.501711970168008));
#1318=CARTESIAN_POINT('',(5.56057692925601,-5.9689267058736,0.503367349824591));
#1319=CARTESIAN_POINT('',(6.55569191787312,-6.24106657787779,0.50460258696204));
#1320=CARTESIAN_POINT('',(6.64854173567878,-6.20182605158451,7.01004049673474));
#1321=CARTESIAN_POINT('',(5.64057306971623,-5.92217420105796,7.00736993473724));
#1322=CARTESIAN_POINT('',(4.5528753511197,-6.05107601181471,7.00374135864224));
#1323=CARTESIAN_POINT('',(3.6381509388603,-6.55849508241562,7.));
#1324=CARTESIAN_POINT('',(-8.87329696872822,-1.69550797469787,0.363265995442006));
#1325=CARTESIAN_POINT('',(-7.35076454908287,-2.18448194608436,0.403940608917356));
#1326=CARTESIAN_POINT('',(-6.5859047262763,-3.58829471147667,0.460102062993004));
#1327=CARTESIAN_POINT('',(-8.89707404181598,-1.63093466942421,2.60078004093793));
#1328=CARTESIAN_POINT('',(-7.36926214069563,-2.12762032289197,2.64519220074172));
#1329=CARTESIAN_POINT('',(-6.61049323953188,-3.543165306374,2.70325388486191));
#1330=CARTESIAN_POINT('',(-8.93342163120211,-1.55828641175388,4.84318724910708));
#1331=CARTESIAN_POINT('',(-7.39151651264349,-2.06091154944845,4.88574516332655));
#1332=CARTESIAN_POINT('',(-6.63601964658119,-3.49530972905383,4.94635420046495));
#1333=CARTESIAN_POINT('',(-8.94104415656494,-1.48553109680452,7.06938113976247));
#1334=CARTESIAN_POINT('',(-7.40683317536327,-2.00167138418907,7.11930834964278));
#1335=CARTESIAN_POINT('',(-6.66483056716907,-3.43948157589609,7.18881259011815));
#1336=CARTESIAN_POINT('',(-8.87488030541535,-1.69120312197983,0.5121515583124));
#1337=CARTESIAN_POINT('',(-7.89878755554832,-2.0056942711208,0.508872195404124));
#1338=CARTESIAN_POINT('',(-7.07686608609078,-2.68692977848119,0.504503543066467));
#1339=CARTESIAN_POINT('',(-6.58634223587284,-3.58749159608159,0.5));
#1340=CARTESIAN_POINT('',(-6.66241725000145,-3.44415394355219,7.00000000000014));
#1341=CARTESIAN_POINT('',(-7.13694493187195,-2.52622127703525,7.01095107963009));
#1342=CARTESIAN_POINT('',(-7.9617998606985,-1.81728421628924,7.02176786430641));
#1343=CARTESIAN_POINT('',(-8.94091102637426,-1.48682275508466,7.02978537363561));
#1344=CARTESIAN_POINT('',(9.03308538885071,0.568085358435962,0.423914188352854));
#1345=CARTESIAN_POINT('',(7.56989387427933,1.24113191024463,0.439324345198454));
#1346=CARTESIAN_POINT('',(6.98146481851604,2.74028264743308,0.460698527523927));
#1347=CARTESIAN_POINT('',(9.0480301374062,0.538851160075111,2.63253678683252));
#1348=CARTESIAN_POINT('',(7.57621587025815,1.21377663008424,2.64998473459041));
#1349=CARTESIAN_POINT('',(6.98845267315371,2.7224795710404,2.67031471976905));
#1350=CARTESIAN_POINT('',(9.06355796649224,0.508498563253947,4.84102126013975));
#1351=CARTESIAN_POINT('',(7.58266391931958,1.18534069562418,4.85910606698213));
#1352=CARTESIAN_POINT('',(6.99561428376715,2.70403530576872,4.87992023745838));
#1353=CARTESIAN_POINT('',(9.07982464494898,0.476708856425918,7.04931853119181));
#1354=CARTESIAN_POINT('',(7.58927093777087,1.15552452902821,7.06604192884676));
#1355=CARTESIAN_POINT('',(7.00300389223516,2.68476004241334,7.08950337173847));
#1356=CARTESIAN_POINT('',(9.03363163197558,0.567016833388709,0.504602586961191));
#1357=CARTESIAN_POINT('',(8.09639971183316,0.998193860174281,0.503367347879941));
#1358=CARTESIAN_POINT('',(7.35848237702542,1.77962047047572,0.50171197229679));
#1359=CARTESIAN_POINT('',(6.9815891268344,2.73996592388813,0.5));
#1360=CARTESIAN_POINT('',(7.00270468710691,2.68554036744399,7.));
#1361=CARTESIAN_POINT('',(7.37794747663683,1.70707269185093,7.00374821021281));
#1362=CARTESIAN_POINT('',(8.12588584062172,0.911752722484529,7.00736504192193));
#1363=CARTESIAN_POINT('',(9.07953539485592,0.477274133833035,7.01004049673504));
#1364=CARTESIAN_POINT('',(9.0795353948559,0.477274133833046,7.01004049673473));
#1365=CARTESIAN_POINT('',(9.0795353948559,0.477274133833047,7.01004049673473));
#1366=CARTESIAN_POINT('',(9.0795353948559,0.477274133833049,7.01004049673474));
#1367=CARTESIAN_POINT('',(8.66619374387811,0.661473069273529,7.38207035186701));
#1368=CARTESIAN_POINT('',(8.59718125329119,0.693937997148691,7.28914980230715));
#1369=CARTESIAN_POINT('',(8.52816880260592,0.726402905566731,7.19622922931055));
#1370=CARTESIAN_POINT('',(7.83638768591064,1.02904744451498,8.12602636598842));
#1371=CARTESIAN_POINT('',(7.56357218119518,1.15519776657009,7.87761886680984));
#1372=CARTESIAN_POINT('',(7.51169503724952,1.39126385942504,7.56857492202356));
#1373=CARTESIAN_POINT('',(6.87540422481324,1.45262878701722,8.68238120887535));
#1374=CARTESIAN_POINT('',(6.60213735614353,1.58203811410806,8.11661520116366));
#1375=CARTESIAN_POINT('',(6.76035370663397,2.12731273360436,7.84719938065641));
#1376=CARTESIAN_POINT('',(6.35797878368657,1.68085236608716,8.84350292780408));
#1377=CARTESIAN_POINT('',(6.17285853009133,1.77321335213097,8.1183383842653));
#1378=CARTESIAN_POINT('',(6.41688779735404,2.46087932922283,7.92799948674437));
#1379=CARTESIAN_POINT('',(6.76476486588141,2.59429033999389,8.85599897348847));
#1380=CARTESIAN_POINT('',(6.41688779735369,2.46087932922267,7.92799948674424));
#1381=CARTESIAN_POINT('',(6.41688779735369,2.46087932922267,7.92799948674424));
#1382=CARTESIAN_POINT('',(6.82727964057737,2.06231573385712,7.83145510225505));
#1383=CARTESIAN_POINT('',(7.63854829983189,1.28974259280043,7.51653431025489));
#1384=CARTESIAN_POINT('',(8.57490037057943,0.705287802432502,7.18044606120495));
#1385=CARTESIAN_POINT('',(9.0795353948559,0.477274133833046,7.01004049673473));
#1386=CARTESIAN_POINT('',(5.33814926878587,2.13118272361791,8.98657113198173));
#1387=CARTESIAN_POINT('',(5.3435034876752,2.1433024447057,8.));
#1388=CARTESIAN_POINT('',(5.74221310951696,3.0458149328241,8.));
#1389=CARTESIAN_POINT('',(2.85394208764868,3.22868243467677,8.98431550277986));
#1390=CARTESIAN_POINT('',(2.86285880580438,3.24162598220528,8.00000000000435));
#1391=CARTESIAN_POINT('',(3.25154902974923,4.14613403809203,8.));
#1392=CARTESIAN_POINT('',(0.358748805861194,4.30057133892165,8.98120276564168));
#1393=CARTESIAN_POINT('',(0.371395362887655,4.31533545771936,7.99999999999685));
#1394=CARTESIAN_POINT('',(0.748196458384983,5.22150678950367,8.));
#1395=CARTESIAN_POINT('',(-2.15057556462972,5.32884416879827,8.97679773333366));
#1396=CARTESIAN_POINT('',(-2.14198034475304,5.3498215900941,8.));
#1397=CARTESIAN_POINT('',(-1.77153292251263,6.25393245122241,8.));
#1398=CARTESIAN_POINT('',(5.74221310951696,3.0458149328241,9.));
#1399=CARTESIAN_POINT('',(-1.77153292251264,6.25393245122241,9.));
#1400=CARTESIAN_POINT('',(-5.89342396340626,6.88607913649885,7.02978537363142));
#1401=CARTESIAN_POINT('',(-5.89342396340616,6.88607913649881,7.02978537363142));
#1402=CARTESIAN_POINT('',(-5.89342396340606,6.88607913649878,7.02978537363142));
#1403=CARTESIAN_POINT('',(-5.33812438963868,6.66297802030826,7.21398859193818));
#1404=CARTESIAN_POINT('',(-5.41005498651652,6.68814721231441,7.30670587819973));
#1405=CARTESIAN_POINT('',(-5.48198562489433,6.71331642074385,7.39942314077953));
#1406=CARTESIAN_POINT('',(-4.15444570512329,6.38750417530778,7.58463975345966));
#1407=CARTESIAN_POINT('',(-4.36053786779707,6.25432263539282,7.88979717153582));
#1408=CARTESIAN_POINT('',(-4.6384998181423,6.35705862132083,8.14196756680319));
#1409=CARTESIAN_POINT('',(-3.12195003719965,6.3520488147133,7.85298859127342));
#1410=CARTESIAN_POINT('',(-3.40212487796897,5.86194703309631,8.11687692481728));
#1411=CARTESIAN_POINT('',(-3.68105688799362,5.95856804216322,8.68015554866293));
#1412=CARTESIAN_POINT('',(-2.64486569938677,6.33418586091559,7.93132123254589));
#1413=CARTESIAN_POINT('',(-2.96821063450929,5.68530111494849,8.11675713527088));
#1414=CARTESIAN_POINT('',(-3.16016216658445,5.74356053082739,8.837694222979));
#1415=CARTESIAN_POINT('',(-2.64486569938679,6.33418586091559,7.93132123254581));
#1416=CARTESIAN_POINT('',(-3.21175396625063,6.35541125069302,7.83824365172676));
#1417=CARTESIAN_POINT('',(-4.32225286234751,6.41021221124934,7.53136247758812));
#1418=CARTESIAN_POINT('',(-5.38497839460346,6.6818026813603,7.19843805897934));
#1419=CARTESIAN_POINT('',(-5.89342396340641,6.88607913649891,7.02978537363142));
#1420=CARTESIAN_POINT('',(-2.64486569938681,6.3341858609156,7.9313212325459));
#1421=CARTESIAN_POINT('',(-2.78519626494941,6.67026337307322,8.86264246509182));
#1422=CARTESIAN_POINT('',(9.09664171277079,0.469529001475419,7.01008832653437));
#1423=CARTESIAN_POINT('',(9.09384518041752,0.463313219878207,7.68567670608343));
#1424=CARTESIAN_POINT('',(8.83563617401081,-0.110601395621082,7.93147385464815));
#1425=CARTESIAN_POINT('',(8.13990033288984,0.900004479141061,7.00742227891074));
#1426=CARTESIAN_POINT('',(8.13534310859195,0.896540988206359,7.68454604603756));
#1427=CARTESIAN_POINT('',(7.7265249183353,0.388991002428744,7.93126230471318));
#1428=CARTESIAN_POINT('',(7.37799625368688,1.70694550283789,7.00374869741236));
#1429=CARTESIAN_POINT('',(7.37513565119793,1.70728026058096,7.68298405838011));
#1430=CARTESIAN_POINT('',(6.8444303123039,1.3251303802399,7.93097046916778));
#1431=CARTESIAN_POINT('',(7.00270468711298,2.68554036744559,7.));
#1432=CARTESIAN_POINT('',(7.00270468711298,2.68554036744559,7.68138478859681));
#1433=CARTESIAN_POINT('',(6.41060650108723,2.45847044930511,7.93067221409561));
#1434=CARTESIAN_POINT('',(6.06901072882598,2.32746831845145,7.));
#1435=CARTESIAN_POINT('',(5.74221310951654,3.04581493281868,8.));
#1436=CARTESIAN_POINT('',(5.34350348767685,2.14330244470489,8.00000000000506));
#1437=CARTESIAN_POINT('',(5.33814926879119,2.13118272361556,8.98657113198174));
#1438=CARTESIAN_POINT('',(5.98517390471874,2.83783841593079,7.99999999999924));
#1439=CARTESIAN_POINT('',(5.61093710021134,2.02355659839685,8.08689758255126));
#1440=CARTESIAN_POINT('',(5.68373132933107,1.9785077716993,8.98688492552736));
#1441=CARTESIAN_POINT('',(6.20839855132731,2.64240176293731,7.98005936076117));
#1442=CARTESIAN_POINT('',(5.89103870892659,1.89851241218302,8.1346791216274));
#1443=CARTESIAN_POINT('',(6.02459922255945,1.82789785480202,8.94731434972682));
#1444=CARTESIAN_POINT('',(6.41688779735368,2.46087932922268,7.92799948674424));
#1445=CARTESIAN_POINT('',(6.17285853009115,1.77321335213105,8.11833838426531));
#1446=CARTESIAN_POINT('',(6.35797878368647,1.68085236608721,8.84350292780383));
#1447=CARTESIAN_POINT('',(5.74221310951411,3.04581493282076,8.));
#1448=CARTESIAN_POINT('',(5.96980377809284,2.85099537961957,7.99999999999941));
#1449=CARTESIAN_POINT('',(6.19432380768286,2.65465601823206,7.98357383250472));
#1450=CARTESIAN_POINT('',(6.41688779735369,2.46087932922268,7.92799948674424));
#1451=CARTESIAN_POINT('',(-2.15057556462967,5.32884416879825,8.97679773333366));
#1452=CARTESIAN_POINT('',(-2.14198034475302,5.3498215900941,7.99999999999995));
#1453=CARTESIAN_POINT('',(-1.7715329225126,6.25393245122244,8.));
#1454=CARTESIAN_POINT('',(-2.49247291507009,5.46894712225348,8.97619755358045));
#1455=CARTESIAN_POINT('',(-2.40878484756829,5.4576346754084,8.08427449384032));
#1456=CARTESIAN_POINT('',(-2.08365374170298,6.28447821461846,8.));
#1457=CARTESIAN_POINT('',(-2.82998685015235,5.60727546265263,8.93755195236704));
#1458=CARTESIAN_POINT('',(-2.68779534434916,5.57070018710787,8.13115822228193));
#1459=CARTESIAN_POINT('',(-2.37410578182361,6.30964943955445,7.98097330767924));
#1460=CARTESIAN_POINT('',(-3.16016216658452,5.74356053082742,8.837694222979));
#1461=CARTESIAN_POINT('',(-2.96821063450936,5.68530111494852,8.1167571352709));
#1462=CARTESIAN_POINT('',(-2.64486569938683,6.3341858609156,7.9313212325459));
#1463=CARTESIAN_POINT('',(-2.64486569938681,6.3341858609156,7.93132123254591));
#1464=CARTESIAN_POINT('',(-2.35606597041354,6.30801465646179,7.98428145814854));
#1465=CARTESIAN_POINT('',(-2.06426976643862,6.28258120129959,8.00000000000001));
#1466=CARTESIAN_POINT('',(-1.77153292251262,6.25393245122245,8.));
#1467=CARTESIAN_POINT('',(-6.14947862494898,6.29016721866163,7.93627602950479));
#1468=CARTESIAN_POINT('',(-5.91795003199755,6.87415168254905,7.70059016577607));
#1469=CARTESIAN_POINT('',(-5.91054927372812,6.89281861174012,7.02992784813096));
#1470=CARTESIAN_POINT('',(-5.59340363966161,6.07055609456585,7.93597875235473));
#1471=CARTESIAN_POINT('',(-5.43586133761133,6.68594700825206,7.69896275092257));
#1472=CARTESIAN_POINT('',(-5.43245870020363,6.70340103755547,7.02595548819815));
#1473=CARTESIAN_POINT('',(-4.37944035612229,5.84827929280332,7.93526146250667));
#1474=CARTESIAN_POINT('',(-4.38427185677017,6.49903032373655,7.69502445304641));
#1475=CARTESIAN_POINT('',(-4.38860966412457,6.51047281933841,7.01639227713052));
#1476=CARTESIAN_POINT('',(-3.19569380563268,6.09543237151069,7.93444029523509));
#1477=CARTESIAN_POINT('',(-3.36527298827352,6.71829420287748,7.69049322994583));
#1478=CARTESIAN_POINT('',(-3.36762565494509,6.72139629454496,7.00548708078313));
#1479=CARTESIAN_POINT('',(-2.64217100236171,6.3277323340721,7.93402590756227));
#1480=CARTESIAN_POINT('',(-2.88984823133474,6.92089424856719,7.68819796760888));
#1481=CARTESIAN_POINT('',(-2.88984823133475,6.9208942485672,7.00000000000002));
#1482=CARTESIAN_POINT('',(-2.5045351338242,5.99810834875798,7.00000000000043));
#1483=CARTESIAN_POINT('',(6.51115692335726E-15,-2.39871190705908E-15,7.));
#1484=CARTESIAN_POINT('',(-8.94091102637438,-1.48682275508475,7.02978537363135));
#1485=CARTESIAN_POINT('',(-8.94091102637437,-1.48682275508475,7.02978537363135));
#1486=CARTESIAN_POINT('',(-8.94091102637437,-1.48682275508475,7.02978537363135));
#1487=CARTESIAN_POINT('',(-8.51197852852154,-1.61978409479168,7.40176700388844));
#1488=CARTESIAN_POINT('',(-8.44024602048851,-1.64691041062224,7.30846182370062));
#1489=CARTESIAN_POINT('',(-8.36851355392113,-1.67403670885452,7.21515661957528));
#1490=CARTESIAN_POINT('',(-7.64083722773469,-1.88781573142597,8.14083174581976));
#1491=CARTESIAN_POINT('',(-7.36216521028057,-1.98767821349421,7.88890031971584));
#1492=CARTESIAN_POINT('',(-7.29004988211595,-2.22212832152269,7.58407375917926));
#1493=CARTESIAN_POINT('',(-6.64993635731091,-2.19839351248684,8.68015863518945));
#1494=CARTESIAN_POINT('',(-6.37415757156638,-2.30367087522773,8.11687692396092));
#1495=CARTESIAN_POINT('',(-6.47456336526765,-2.85920663389725,7.85299012667075));
#1496=CARTESIAN_POINT('',(-6.11271421176561,-2.36850954307679,8.83769422297959));
#1497=CARTESIAN_POINT('',(-5.92822237659705,-2.44726430776163,8.1167571352709));
#1498=CARTESIAN_POINT('',(-6.0976208606584,-3.15218097958654,7.93132123254623));
#1499=CARTESIAN_POINT('',(-6.4211467713159,-3.31942854142772,8.86264246509248));
#1500=CARTESIAN_POINT('',(-6.09762086065798,-3.15218097958616,7.93132123254655));
#1501=CARTESIAN_POINT('',(-6.09762086065785,-3.15218097958569,7.93132123254571));
#1502=CARTESIAN_POINT('',(-6.54552588491803,-2.80405181746089,7.83824365172706));
#1503=CARTESIAN_POINT('',(-7.43144277180459,-2.13221685779362,7.53136247757492));
#1504=CARTESIAN_POINT('',(-8.42011274945863,-1.65716042358913,7.19843805900734));
#1505=CARTESIAN_POINT('',(-8.94091102637438,-1.48682275508475,7.02978537363134));
#1506=CARTESIAN_POINT('',(2.44097834351596,-6.02425304303239,8.00000000000001));
#1507=CARTESIAN_POINT('',(2.71567289823518,-5.07660276188052,8.00000000000001));
#1508=CARTESIAN_POINT('',(2.71936173515573,-5.06387689132782,8.98657113198212));
#1509=CARTESIAN_POINT('',(-0.174499897058419,-5.26610666254012,8.00000000000001));
#1510=CARTESIAN_POINT('',(0.109153809389436,-4.32336857639466,7.99999999998005));
#1511=CARTESIAN_POINT('',(0.11064267685409,-4.30772133229597,8.98431528940104));
#1512=CARTESIAN_POINT('',(-2.78381143725596,-4.48063212936375,8.));
#1513=CARTESIAN_POINT('',(-2.48998262513682,-3.5442625047316,7.99999999998194));
#1514=CARTESIAN_POINT('',(-2.49017711152295,-3.52482338907589,8.9812016731318));
#1515=CARTESIAN_POINT('',(-5.377023242556,-3.65207078915652,8.));
#1516=CARTESIAN_POINT('',(-5.07965117251452,-2.72136267496945,8.));
#1517=CARTESIAN_POINT('',(-5.07275146644625,-2.6997681371154,8.9767977333335));
#1518=CARTESIAN_POINT('',(-5.377023242556,-3.65207078915652,9.));
#1519=CARTESIAN_POINT('',(2.44097834351596,-6.02425304303239,9.));
#1520=CARTESIAN_POINT('',(-8.95845770750012,-1.48094568595826,7.02992862860822));
#1521=CARTESIAN_POINT('',(-8.95212846656615,-1.46188822862151,7.70059049079002));
#1522=CARTESIAN_POINT('',(-8.7541268462466,-0.865701818401259,7.93627609063784));
#1523=CARTESIAN_POINT('',(-7.97676327747182,-1.80723188054015,7.02193771600677));
#1524=CARTESIAN_POINT('',(-7.96450699480172,-1.79566402302683,7.69731231136924));
#1525=CARTESIAN_POINT('',(-7.61255587118756,-1.24651361721369,7.93567773590982));
#1526=CARTESIAN_POINT('',(-7.13525552095403,-2.52948929601002,7.01091209164245));
#1527=CARTESIAN_POINT('',(-7.12684066720496,-2.5294751680445,7.69275404509649));
#1528=CARTESIAN_POINT('',(-6.63727708312833,-2.08834497056072,7.9348493482046));
#1529=CARTESIAN_POINT('',(-6.66241725000105,-3.4441539435525,6.99999999999999));
#1530=CARTESIAN_POINT('',(-6.66241725000106,-3.4441539435525,7.68819797350816));
#1531=CARTESIAN_POINT('',(-6.09140834924056,-3.14896940563494,7.93402591042225));
#1532=CARTESIAN_POINT('',(-5.77409495000128,-2.98493341774524,7.));
#1533=CARTESIAN_POINT('',(-5.377023242556,-3.65207078915662,8.));
#1534=CARTESIAN_POINT('',(-5.07965117251448,-2.72136267496946,7.99999999999991));
#1535=CARTESIAN_POINT('',(-5.07275146644614,-2.69976813711543,8.9767977333335));
#1536=CARTESIAN_POINT('',(-5.63575609991649,-3.47484280616681,8.00000000000001));
#1537=CARTESIAN_POINT('',(-5.3533361946958,-2.6324536612516,8.08427449384034));
#1538=CARTESIAN_POINT('',(-5.42471647442772,-2.58732584542713,8.9761975535803));
#1539=CARTESIAN_POINT('',(-5.87443502300044,-3.3074261103845,7.98097330762455));
#1540=CARTESIAN_POINT('',(-5.63974774565892,-2.53972237779167,8.13115822227038));
#1541=CARTESIAN_POINT('',(-5.77218289252339,-2.47634172622996,8.93755195225856));
#1542=CARTESIAN_POINT('',(-6.09762086065807,-3.15218097958674,7.93132123254633));
#1543=CARTESIAN_POINT('',(-5.92822237659663,-2.44726430776176,8.11675713527097));
#1544=CARTESIAN_POINT('',(-6.112714211765,-2.36850954307698,8.8376942229798));
#1545=CARTESIAN_POINT('',(-5.37702324255605,-3.65207078915659,8.));
#1546=CARTESIAN_POINT('',(-5.61968773672365,-3.4858493887815,8.00000000000001));
#1547=CARTESIAN_POINT('',(-5.8595649071514,-3.3177695613093,7.98428145814858));
#1548=CARTESIAN_POINT('',(-6.09762086065849,-3.15218097958644,7.93132123254624));
#1549=CARTESIAN_POINT('',(2.71936173515567,-5.0638768913278,8.98657113198212));
#1550=CARTESIAN_POINT('',(2.71567289823515,-5.07660276188051,7.99999999999995));
#1551=CARTESIAN_POINT('',(2.44097834351592,-6.02425304303243,8.));
#1552=CARTESIAN_POINT('',(3.08223051967391,-5.16905695945319,8.9868849255274));
#1553=CARTESIAN_POINT('',(2.99751007733532,-5.15677513427976,8.08689758254834));
#1554=CARTESIAN_POINT('',(2.76078183874361,-6.02110597676718,8.00000000000001));
#1555=CARTESIAN_POINT('',(3.44016066360706,-5.2727887278451,8.94731434973089));
#1556=CARTESIAN_POINT('',(3.29245721177106,-5.24103157382411,8.13467912162757));
#1557=CARTESIAN_POINT('',(3.05740609787055,-6.01487885177565,7.98005936076374));
#1558=CARTESIAN_POINT('',(3.79006324208428,-5.37443759954988,8.84350292780206));
#1559=CARTESIAN_POINT('',(3.58888440306035,-5.32619721435629,8.1183383842653));
#1560=CARTESIAN_POINT('',(3.33379849752853,-6.00983890422502,7.92799948674313));
#1561=CARTESIAN_POINT('',(3.33379849752852,-6.00983890422502,7.92799948674313));
#1562=CARTESIAN_POINT('',(3.03874733525104,-6.0152190851244,7.98357383250601));
#1563=CARTESIAN_POINT('',(2.74055050541947,-6.02130506873426,8.00000000000001));
#1564=CARTESIAN_POINT('',(2.44097834351595,-6.02425304303243,8.));
#1565=CARTESIAN_POINT('',(3.33379849752852,-6.00983890422502,7.92799948674313));
#1566=CARTESIAN_POINT('',(3.51453284804479,-6.33564873702317,8.85599897348625));
#1567=CARTESIAN_POINT('',(6.51115692335726E-15,-2.39871190705908E-15,7.));
#1568=CARTESIAN_POINT('',(3.15306414701226,-5.68402907142688,7.));
#1569=CARTESIAN_POINT('',(6.64854173567877,-6.20182605158451,7.01004049673474));
#1570=CARTESIAN_POINT('',(6.64854173567877,-6.20182605158451,7.01004049673474));
#1571=CARTESIAN_POINT('',(6.64854173567877,-6.20182605158451,7.01004049673474));
#1572=CARTESIAN_POINT('',(6.06793857228625,-6.03879308236492,7.19562031759031));
#1573=CARTESIAN_POINT('',(6.14143207545722,-6.0582201245011,7.28823700309368));
#1574=CARTESIAN_POINT('',(6.2149256212267,-6.07764717854516,7.38085366524897));
#1575=CARTESIAN_POINT('',(4.85015170474619,-5.89376215915324,7.57138222154735));
#1576=CARTESIAN_POINT('',(5.0426601794434,-5.74417581954861,7.88117596148682));
#1577=CARTESIAN_POINT('',(5.33326882376597,-5.82302730092283,8.1316338210403));
#1578=CARTESIAN_POINT('',(3.81240917780326,-5.97500851647,7.8470152742382));
#1579=CARTESIAN_POINT('',(4.04158239833047,-5.45596056965375,8.1166115135135));
#1580=CARTESIAN_POINT('',(4.33437082051079,-5.53256233155764,8.6820140853068));
#1581=CARTESIAN_POINT('',(3.33379849752851,-6.00983890422502,7.9279994867431));
#1582=CARTESIAN_POINT('',(3.58888440306034,-5.32619721435628,8.11833838426527));
#1583=CARTESIAN_POINT('',(3.79006324208427,-5.37443759954987,8.84350292780204));
#1584=CARTESIAN_POINT('',(3.33379849752852,-6.00983890422502,7.92799948674312));
#1585=CARTESIAN_POINT('',(3.90396130144084,-5.96834591155795,7.83152402492505));
#1586=CARTESIAN_POINT('',(5.02187089455926,-5.89779659787225,7.51673862026895));
#1587=CARTESIAN_POINT('',(6.11642323843037,-6.05240757015382,7.18012044982142));
#1588=CARTESIAN_POINT('',(6.64854173567878,-6.20182605158451,7.01004049673474));
#1589=CARTESIAN_POINT('',(6.83944107671037,-5.59467179183559,7.93147382775442));
#1590=CARTESIAN_POINT('',(6.66835469456919,-6.20029503872884,7.6856765664702));
#1591=CARTESIAN_POINT('',(6.6665018031141,-6.20685403030451,7.01008800276498));
#1592=CARTESIAN_POINT('',(6.25805814343638,-5.43071271266674,7.93136877266649));
#1593=CARTESIAN_POINT('',(6.16557676745807,-6.0591981655329,7.68511522754366));
#1594=CARTESIAN_POINT('',(6.16504432201183,-6.06520798334732,7.00876378958575));
#1595=CARTESIAN_POINT('',(5.02008317556013,-5.33521360455261,7.93111478224515));
#1596=CARTESIAN_POINT('',(5.09532261917725,-5.97847027098077,7.68375676760268));
#1597=CARTESIAN_POINT('',(5.09719539377198,-5.98217056337507,7.00556474329205));
#1598=CARTESIAN_POINT('',(3.86240345150463,-5.70848124054286,7.93082174967867));
#1599=CARTESIAN_POINT('',(4.0966260587012,-6.30270502856736,7.68218690372989));
#1600=CARTESIAN_POINT('',(4.09754060980013,-6.30366086486834,7.00187897200337));
#1601=CARTESIAN_POINT('',(3.3305351451029,-6.00395605846291,7.93067221286793));
#1602=CARTESIAN_POINT('',(3.63815093886114,-6.55849508241786,7.68138478614));
#1603=CARTESIAN_POINT('',(3.63815093886114,-6.55849508241786,7.));
#1604=CARTESIAN_POINT('',(-8.87488030541535,-1.69120312197983,0.512151558312354));
#1605=CARTESIAN_POINT('',(-8.87869758836636,-1.70305405899245,3.25260651745651E-15));
#1606=CARTESIAN_POINT('',(-8.72162790014689,-1.21542371940967,3.25260651745651E-15));
#1607=CARTESIAN_POINT('',(-10.1758717353434,-1.27211578600024,0.513226026838923));
#1608=CARTESIAN_POINT('',(-10.1815336516751,-1.28455856237931,-7.17771051427632E-12));
#1609=CARTESIAN_POINT('',(-10.0200511937624,-0.7971910433271,3.25260651745651E-15));
#1610=CARTESIAN_POINT('',(-12.777794735493,-0.410374671437906,0.518758095160982));
#1611=CARTESIAN_POINT('',(-12.7882772711847,-0.427406020271252,3.35805960907147E-12));
#1612=CARTESIAN_POINT('',(-12.6097280856149,0.0602220662875676,5.77232022210175E-15));
#1613=CARTESIAN_POINT('',(-16.6221520141452,0.975270691633853,0.516208039413831));
#1614=CARTESIAN_POINT('',(-16.623626566541,0.958056351739682,-9.00446724943972E-13));
#1615=CARTESIAN_POINT('',(-16.4594127448183,1.44775832977501,-2.9643062348366E-15));
#1616=CARTESIAN_POINT('',(-20.4998129733752,2.2862759230654,0.516868434199292));
#1617=CARTESIAN_POINT('',(-20.5100112949179,2.27131201005831,2.46887608575164E-13));
#1618=CARTESIAN_POINT('',(-20.3357251489028,2.75828926393564,8.80734289314223E-16));
#1619=CARTESIAN_POINT('',(-23.7149754201099,3.44978515720865,0.521918914740347));
#1620=CARTESIAN_POINT('',(-23.7310734668426,3.43142802920879,-2.23778813890991E-14));
#1621=CARTESIAN_POINT('',(-23.5415228483889,3.91832538289729,8.3548806594195E-15));
#1622=CARTESIAN_POINT('',(-26.2704397504318,4.44847443415385,0.530120419801021));
#1623=CARTESIAN_POINT('',(-26.2872853241328,4.42077824025538,-6.02191422558656E-16));
#1624=CARTESIAN_POINT('',(-26.083008132667,4.91111388984108,-6.43289444768535E-15));
#1625=CARTESIAN_POINT('',(-28.1681223789404,5.25049007815307,0.53862789560977));
#1626=CARTESIAN_POINT('',(-28.1917500873646,5.21533933963854,4.57455916829451E-15));
#1627=CARTESIAN_POINT('',(-27.9667798873015,5.70668433316724,6.76217223128945E-15));
#1628=CARTESIAN_POINT('',(-30.0417086484555,6.12213314075402,0.549710494039615));
#1629=CARTESIAN_POINT('',(-30.0732148154307,6.0763897991295,-3.42741058854846E-15));
#1630=CARTESIAN_POINT('',(-29.8231072587108,6.5692342511418,-6.30432580066379E-15));
#1631=CARTESIAN_POINT('',(-31.8802786081419,7.06888579178284,0.562769955484638));
#1632=CARTESIAN_POINT('',(-31.9267738646916,7.01309384083931,7.23370247606982E-15));
#1633=CARTESIAN_POINT('',(-31.6421754848704,7.50452050650862,6.74574750852227E-15));
#1634=CARTESIAN_POINT('',(-33.374228202482,7.97082451686345,0.584643966021816));
#1635=CARTESIAN_POINT('',(-33.4420080316916,7.89575581088855,-1.6665743885225E-15));
#1636=CARTESIAN_POINT('',(-33.1053146980583,8.38489599813122,-2.01330070078913E-15));
#1637=CARTESIAN_POINT('',(-34.5048797211612,8.79624405230846,0.608082390924167));
#1638=CARTESIAN_POINT('',(-34.5929853473341,8.6942082901587,3.5539524858632E-15));
#1639=CARTESIAN_POINT('',(-34.2055321634518,9.18234976140371,4.2263556701899E-15));
#1640=CARTESIAN_POINT('',(-35.3184054218492,9.47602977558832,0.627027542246358));
#1641=CARTESIAN_POINT('',(-35.4360440159729,9.36034963030879,-1.65454259088663E-16));
#1642=CARTESIAN_POINT('',(-34.9955502616204,9.83738400369642,-2.14056739590655E-15));
#1643=CARTESIAN_POINT('',(-36.0768192133674,10.2457933086803,0.65840291003158));
#1644=CARTESIAN_POINT('',(-36.2529142937426,10.1127342764245,6.37202516607663E-15));
#1645=CARTESIAN_POINT('',(-35.7182219654015,10.5590262008617,1.34432121623145E-14));
#1646=CARTESIAN_POINT('',(-36.6209422959025,10.993977691877,0.689081192868458));
#1647=CARTESIAN_POINT('',(-36.8626872474351,10.8493798238152,-5.21924528718836E-14));
#1648=CARTESIAN_POINT('',(-36.2317581123556,11.249440282605,-7.00598243411827E-14));
#1649=CARTESIAN_POINT('',(-36.9594531142195,11.6713185947811,0.71997165627531));
#1650=CARTESIAN_POINT('',(-37.285769314864,11.5352552990368,-2.54467736139004E-14));
#1651=CARTESIAN_POINT('',(-36.5460572504161,11.851533791224,9.25255261894239E-15));
#1652=CARTESIAN_POINT('',(-37.1401404282712,12.2331498570485,0.743173524472203));
#1653=CARTESIAN_POINT('',(-37.5439231445988,12.1361348570639,1.58731512480617E-13));
#1654=CARTESIAN_POINT('',(-36.7144965700325,12.3409950676279,1.58236048393476E-14));
#1655=CARTESIAN_POINT('',(-37.2282802497302,12.8233265432406,0.762445741010077));
#1656=CARTESIAN_POINT('',(-37.7006226538306,12.7970058101534,-5.47852087055264E-13));
#1657=CARTESIAN_POINT('',(-36.7998847405764,12.8511428077593,9.41871226357157E-15));
#1658=CARTESIAN_POINT('',(-37.1856186525968,13.2703152612998,0.777350137701945));
#1659=CARTESIAN_POINT('',(-37.704424745747,13.3601191658198,1.23943528333883E-12));
#1660=CARTESIAN_POINT('',(-36.7691333961171,13.198222773448,-2.16840434497101E-15));
#1661=CARTESIAN_POINT('',(-37.1007247307767,13.5035594717067,0.777350098117931));
#1662=CARTESIAN_POINT('',(-37.587704831436,13.6808057330266,-2.16840434497101E-15));
#1663=CARTESIAN_POINT('',(-36.709788969924,13.3612704912461,-2.16840434497101E-15));
#1664=CARTESIAN_POINT('',(-8.72162790014688,-1.21542371940968,0.500000000000003));
#1665=CARTESIAN_POINT('',(-36.709788969924,13.3612704912461,0.5));
#1666=CARTESIAN_POINT('',(-37.1007247307767,13.5035594717067,0.777350098117931));
#1667=CARTESIAN_POINT('',(-37.587704831436,13.6808057330266,-1.95156391047391E-15));
#1668=CARTESIAN_POINT('',(-36.709788969924,13.3612704912461,-1.73472347597681E-15));
#1669=CARTESIAN_POINT('',(-37.0144593095815,13.7405716677374,0.777350149822676));
#1670=CARTESIAN_POINT('',(-37.46909847235,14.0066725885442,1.77584460508231E-12));
#1671=CARTESIAN_POINT('',(-36.6494856608002,13.5269521483425,-1.73472347597681E-15));
#1672=CARTESIAN_POINT('',(-36.7566365932442,14.1117014011466,0.762162267094272));
#1673=CARTESIAN_POINT('',(-37.0999329314163,14.4356954087692,-7.94874461272358E-13));
#1674=CARTESIAN_POINT('',(-36.4471556563673,13.8140838948662,2.89069874609702E-15));
#1675=CARTESIAN_POINT('',(-36.3065079011666,14.5082933693334,0.742890099638165));
#1676=CARTESIAN_POINT('',(-36.5522763654741,14.8421201604773,2.01618995718104E-13));
#1677=CARTESIAN_POINT('',(-36.0505349386477,14.1512626608552,-3.61223257642655E-15));
#1678=CARTESIAN_POINT('',(-35.8000318373388,14.8243434898678,0.719251601940871));
#1679=CARTESIAN_POINT('',(-35.9604591687547,15.1373839340311,-5.12989579591542E-14));
#1680=CARTESIAN_POINT('',(-35.6008418830953,14.4193287474611,-1.51151903234266E-16));
#1681=CARTESIAN_POINT('',(-35.0972366278097,15.1252497748766,0.688210707681795));
#1682=CARTESIAN_POINT('',(-35.1880332512024,15.3899354421931,-1.26810923740301E-14));
#1683=CARTESIAN_POINT('',(-34.965099304572,14.6784880271198,-4.11646962978109E-14));
#1684=CARTESIAN_POINT('',(-34.1883342631981,15.3471019315818,0.657137806419929));
#1685=CARTESIAN_POINT('',(-34.2362541709296,15.5600982613772,1.0550879203362E-14));
#1686=CARTESIAN_POINT('',(-34.117396214322,14.8758713713167,1.99565223111658E-14));
#1687=CARTESIAN_POINT('',(-32.7504864172915,15.4759891664219,0.616478604654438));
#1688=CARTESIAN_POINT('',(-32.7747555433326,15.6224415914992,-3.55713825372576E-14));
#1689=CARTESIAN_POINT('',(-32.7549441401074,14.9872925424819,-4.19017064037981E-14));
#1690=CARTESIAN_POINT('',(-30.9770533740335,15.3922058786238,0.58933748163218));
#1691=CARTESIAN_POINT('',(-30.988164964778,15.5016121402669,1.06263966286719E-14));
#1692=CARTESIAN_POINT('',(-31.0289704606578,14.9021959812787,1.38716181643762E-14));
#1693=CARTESIAN_POINT('',(-28.921990938156,15.0686197263249,0.562067740322816));
#1694=CARTESIAN_POINT('',(-28.9230965557748,15.1402996941244,-4.02266482437768E-16));
#1695=CARTESIAN_POINT('',(-29.0208708480459,14.5817812004446,-4.38166525054573E-15));
#1696=CARTESIAN_POINT('',(-26.9146248314707,14.6119749533172,0.549613343580677));
#1697=CARTESIAN_POINT('',(-26.9086079122273,14.667076164722,7.42964023652835E-15));
#1698=CARTESIAN_POINT('',(-27.0347093830297,14.1290686092727,7.55817065875455E-15));
#1699=CARTESIAN_POINT('',(-24.9270069886923,14.0764657669794,0.538473365096073));
#1700=CARTESIAN_POINT('',(-24.9227351131465,14.1184232936274,-1.61164304546802E-14));
#1701=CARTESIAN_POINT('',(-25.0662764299586,13.5976243811957,-1.28405913146464E-14));
#1702=CARTESIAN_POINT('',(-22.956779147846,13.4698487655833,0.530026199717716));
#1703=CARTESIAN_POINT('',(-22.9518000789775,13.5017696789927,2.18177450480428E-14));
#1704=CARTESIAN_POINT('',(-23.1107416570525,12.9950223495228,8.67604421130069E-15));
#1705=CARTESIAN_POINT('',(-20.3614389987148,12.5927924156204,0.521871876139555));
#1706=CARTESIAN_POINT('',(-20.3619753375169,12.6171445519986,-8.08325337193813E-14));
#1707=CARTESIAN_POINT('',(-20.5298239263042,12.1224022060678,-1.12267803994537E-14));
#1708=CARTESIAN_POINT('',(-17.1553794729362,11.418770466431,0.516832333776107));
#1709=CARTESIAN_POINT('',(-17.1534960422499,11.43672043761,5.80604997758904E-13));
#1710=CARTESIAN_POINT('',(-17.3331550967692,10.9517402763738,3.99279500054725E-15));
#1711=CARTESIAN_POINT('',(-13.3482903558009,9.93287213687539,0.516238792489586));
#1712=CARTESIAN_POINT('',(-13.3383478502154,9.94703803060176,-2.11370850769034E-12));
#1713=CARTESIAN_POINT('',(-13.5272721740749,9.46629601803338,-7.55517625415685E-15));
#1714=CARTESIAN_POINT('',(-9.51914983185315,8.52573223250593,0.518736955791583));
#1715=CARTESIAN_POINT('',(-9.51627134921382,8.54550746265132,7.87279056915707E-12));
#1716=CARTESIAN_POINT('',(-9.69294157701291,8.057219289272,4.11018569737587E-15));
#1717=CARTESIAN_POINT('',(-6.9757738254095,7.51473131918123,0.513224587500397));
#1718=CARTESIAN_POINT('',(-6.97210979050119,7.52789949059771,-1.68517737594013E-11));
#1719=CARTESIAN_POINT('',(-7.16168747676813,7.05075967997684,4.55364912443912E-15));
#1720=CARTESIAN_POINT('',(-5.71146832903757,7.00019985155023,0.512151558312291));
#1721=CARTESIAN_POINT('',(-5.70677490195513,7.01173189817801,4.55364912443912E-15));
#1722=CARTESIAN_POINT('',(-5.89989528050322,6.53722293679967,4.55364912443912E-15));
#1723=CARTESIAN_POINT('',(-5.89989528050322,6.53722293679967,0.5));
#1724=CARTESIAN_POINT('',(-8.72162790014688,-1.21542371940968,0.));
#1725=CARTESIAN_POINT('',(-8.87869758836635,-1.70305405899245,-2.03287907341032E-17));
#1726=CARTESIAN_POINT('',(-8.87488030541534,-1.69120312197983,0.512151558312352));
#1727=CARTESIAN_POINT('',(-7.62363981396796,-1.56909460079568,0.));
#1728=CARTESIAN_POINT('',(-7.90789728996202,-2.01223657629735,-8.47425523942313E-14));
#1729=CARTESIAN_POINT('',(-7.89883562075907,-2.00567878480885,0.508872356620804));
#1730=CARTESIAN_POINT('',(-6.69902382796476,-2.3353187620926,0.));
#1731=CARTESIAN_POINT('',(-7.08307332522244,-2.68499177783147,1.35891861690673E-12));
#1732=CARTESIAN_POINT('',(-7.07688116630118,-2.68690209244529,0.504503681410956));
#1733=CARTESIAN_POINT('',(-6.14725275348131,-3.34832548967614,0.));
#1734=CARTESIAN_POINT('',(-6.58634223587271,-3.58749159608194,-7.5894152073231E-16));
#1735=CARTESIAN_POINT('',(-6.58634223587266,-3.58749159608191,0.500000000000061));
#1736=CARTESIAN_POINT('',(-6.14725275348138,-3.34832548967619,0.5));
#1737=CARTESIAN_POINT('',(-2.55680667429075,6.51634403866939,0.));
#1738=CARTESIAN_POINT('',(-2.73943572245438,6.98179718428863,0.));
#1739=CARTESIAN_POINT('',(-2.73943572245438,6.98179718428863,0.5));
#1740=CARTESIAN_POINT('',(-3.63063574690386,6.09500758879155,0.));
#1741=CARTESIAN_POINT('',(-3.70006927432853,6.60973490527765,1.39727839207932E-13));
#1742=CARTESIAN_POINT('',(-3.6940978785256,6.60721804023931,0.50450368039075));
#1743=CARTESIAN_POINT('',(-4.83145446957249,6.10237826573866,0.));
#1744=CARTESIAN_POINT('',(-4.76436190252919,6.62456180137175,-6.75836989130557E-14));
#1745=CARTESIAN_POINT('',(-4.76163554572184,6.61371352203274,0.508872363308384));
#1746=CARTESIAN_POINT('',(-5.89989528050322,6.53722293679967,0.));
#1747=CARTESIAN_POINT('',(-5.70677490195487,7.01173189817794,-3.89635155736978E-16));
#1748=CARTESIAN_POINT('',(-5.71146832903733,7.00019985155013,0.512151558312317));
#1749=CARTESIAN_POINT('',(-2.55680667429076,6.5163440386694,0.5));
#1750=CARTESIAN_POINT('',(6.51115692335726E-15,-2.39871190705908E-15,0.5));
#1751=CARTESIAN_POINT('',(3.34785864738586,-6.14750701318215,0.5));
#1752=CARTESIAN_POINT('',(6.51115692335726E-15,-2.39871190705908E-15,0.5));
#1753=CARTESIAN_POINT('',(6.51614985171209,2.55730152896224,0.5));
#1754=CARTESIAN_POINT('',(3.34785864738587,-6.14750701318216,0.));
#1755=CARTESIAN_POINT('',(3.58699140791343,-6.58661465698089,4.81482486096809E-32));
#1756=CARTESIAN_POINT('',(3.58699140791343,-6.58661465698089,0.5));
#1757=CARTESIAN_POINT('',(4.36710658830158,-5.59243681189299,0.));
#1758=CARTESIAN_POINT('',(4.49538346703162,-6.0938679655297,1.5367085582963E-12));
#1759=CARTESIAN_POINT('',(4.49300953506722,-6.09320804269383,0.501711977944171));
#1760=CARTESIAN_POINT('',(5.56810602433898,-5.45263427431682,0.));
#1761=CARTESIAN_POINT('',(5.56208314700786,-5.97285165411795,-3.91263004072242E-13));
#1762=CARTESIAN_POINT('',(5.56058390160105,-5.96892861264163,0.503367358445979));
#1763=CARTESIAN_POINT('',(6.68758633280803,-5.75879831279887,0.));
#1764=CARTESIAN_POINT('',(6.55446652690708,-6.24554718591217,-8.470329472543E-19));
#1765=CARTESIAN_POINT('',(6.55569191787314,-6.2410665778778,0.504602586962052));
#1766=CARTESIAN_POINT('',(6.68758633280803,-5.75879831279887,0.5));
#1767=CARTESIAN_POINT('',(8.82467255027723,0.112797813125303,0.));
#1768=CARTESIAN_POINT('',(9.03557300736337,0.571236844404439,3.81164826264435E-17));
#1769=CARTESIAN_POINT('',(9.03363163197558,0.567016833388708,0.504602586961189));
#1770=CARTESIAN_POINT('',(7.77030090092923,0.597851338714476,0.));
#1771=CARTESIAN_POINT('',(8.10007656935317,1.00023231937607,-2.1940255651551E-13));
#1772=CARTESIAN_POINT('',(8.09640639054548,0.99819078760889,0.503367356580937));
#1773=CARTESIAN_POINT('',(6.94014732363439,1.47693184103518,0.));
#1774=CARTESIAN_POINT('',(7.36072679448385,1.77859574245685,1.84473899124458E-14));
#1775=CARTESIAN_POINT('',(7.35848407152891,1.77961615278417,0.501711979952688));
#1776=CARTESIAN_POINT('',(6.51614985171209,2.55730152896225,0.));
#1777=CARTESIAN_POINT('',(6.98158912683442,2.7399659238881,1.12474308752215E-27));
#1778=CARTESIAN_POINT('',(6.98158912683439,2.73996592388809,0.500000000000024));
#1779=CARTESIAN_POINT('',(8.82467255027723,0.112797813125304,0.5));
#1780=CARTESIAN_POINT('',(6.68758633280803,-5.75879831279887,-9.75781955236954E-16));
#1781=CARTESIAN_POINT('',(6.55446652690707,-6.24554718591215,-9.8679338355126E-16));
#1782=CARTESIAN_POINT('',(6.55569191787313,-6.24106657787779,0.504602586962039));
#1783=CARTESIAN_POINT('',(9.348948392576,-6.4866479707585,-9.75781955236954E-16));
#1784=CARTESIAN_POINT('',(9.21681225761015,-6.97286861648944,4.06701785125577E-12));
#1785=CARTESIAN_POINT('',(9.21985558574583,-6.96968971795798,0.503840103174578));
#1786=CARTESIAN_POINT('',(14.6832593167199,-7.89468923881647,-6.21762633957313E-15));
#1787=CARTESIAN_POINT('',(14.5555320745606,-8.3808644092294,-1.89675356361099E-12));
#1788=CARTESIAN_POINT('',(14.5595877398995,-8.37914924893455,0.502652007528687));
#1789=CARTESIAN_POINT('',(21.373381345141,-9.56329511262602,4.22357163556075E-15));
#1790=CARTESIAN_POINT('',(21.2518830251638,-10.0502816357459,1.21956504275843E-13));
#1791=CARTESIAN_POINT('',(21.2537185955855,-10.0487993525595,0.501860347265745));
#1792=CARTESIAN_POINT('',(26.7399682165743,-10.8385795253245,3.39891587627482E-15));
#1793=CARTESIAN_POINT('',(26.6268417192869,-11.3269607783633,1.69158401508975E-13));
#1794=CARTESIAN_POINT('',(26.6273492580308,-11.3257040628673,0.501337523487027));
#1795=CARTESIAN_POINT('',(30.768034285643,-11.7821983024867,-5.90368773799511E-15));
#1796=CARTESIAN_POINT('',(30.6498029260261,-12.2694671813053,-8.08961740613943E-13));
#1797=CARTESIAN_POINT('',(30.6505559135785,-12.2683270490288,0.501273478727413));
#1798=CARTESIAN_POINT('',(34.1356363772008,-12.5237551013247,9.35736823850915E-15));
#1799=CARTESIAN_POINT('',(34.0404660479139,-13.0155743416707,2.41723632103653E-12));
#1800=CARTESIAN_POINT('',(34.0404656223064,-13.0146375621347,0.500911165094666));
#1801=CARTESIAN_POINT('',(36.8390226280073,-13.0788201523829,-5.2541844258566E-15));
#1802=CARTESIAN_POINT('',(36.7286188594413,-13.5676574874667,-4.17923383393362E-12));
#1803=CARTESIAN_POINT('',(36.7291399587413,-13.5667326791643,0.501018471554941));
#1804=CARTESIAN_POINT('',(38.1762940112408,-13.4155063234099,-2.81892564846231E-15));
#1805=CARTESIAN_POINT('',(38.0507388213794,-13.8997473367859,9.22098513206081E-12));
#1806=CARTESIAN_POINT('',(38.0510391571616,-13.8995634309058,0.500253276434946));
#1807=CARTESIAN_POINT('',(38.8437261835062,-13.5882111388565,-2.81892564846231E-15));
#1808=CARTESIAN_POINT('',(38.7184969690988,-14.0721698888725,-2.74981305392228E-15));
#1809=CARTESIAN_POINT('',(38.7184715243308,-14.072268222302,0.499898407220206));
#1810=CARTESIAN_POINT('',(38.5273974522187,-14.0228258763511,0.500000000000332));
#1811=CARTESIAN_POINT('',(38.5273974522189,-14.0228258763512,0.455894274743618));
#1812=CARTESIAN_POINT('',(38.4441272628718,-13.9925180060277,0.404270416096336));
#1813=CARTESIAN_POINT('',(38.3007815433168,-13.9403444308997,0.344059657840613));
#1814=CARTESIAN_POINT('',(38.1013466305574,-13.8677560589817,0.29103400035985));
#1815=CARTESIAN_POINT('',(37.8657401135545,-13.7820022997932,0.242422202051801));
#1816=CARTESIAN_POINT('',(37.5468453779915,-13.6659341081837,0.1886645499569));
#1817=CARTESIAN_POINT('',(37.1479953202636,-13.5207645592349,0.135764936947213));
#1818=CARTESIAN_POINT('',(36.6679389744044,-13.3460383385712,0.0861988626355423));
#1819=CARTESIAN_POINT('',(36.1873506840567,-13.171118505948,0.047851327846774));
#1820=CARTESIAN_POINT('',(35.544464364048,-12.9371270214483,0.010871746634158));
#1821=CARTESIAN_POINT('',(35.0653441865282,-12.7627415381991,-9.60509666012157E-15));
#1822=CARTESIAN_POINT('',(34.7401540849505,-12.6443820207447,4.90515881340282E-27));
#1823=CARTESIAN_POINT('',(9.03363163197558,0.567016833388708,0.504602586961188));
#1824=CARTESIAN_POINT('',(9.03557300736337,0.57123684440444,-2.27682456221956E-15));
#1825=CARTESIAN_POINT('',(8.82467255027723,0.112797813125307,-2.27682456221956E-15));
#1826=CARTESIAN_POINT('',(11.5427888823048,-0.587289045850166,0.503840121542122));
#1827=CARTESIAN_POINT('',(11.5425010144314,-0.582897680191997,3.73403234008017E-12));
#1828=CARTESIAN_POINT('',(11.3311865232636,-1.04029977793273,-2.27682456221956E-15));
#1829=CARTESIAN_POINT('',(16.5391561560131,-2.93985104598872,0.50265203620259));
#1830=CARTESIAN_POINT('',(16.5371518733134,-2.93593022107081,-1.78265973134848E-12));
#1831=CARTESIAN_POINT('',(16.3224893185955,-3.39046356407919,-7.62937343708372E-15));
#1832=CARTESIAN_POINT('',(22.7403389606781,-5.96370287409946,0.501860370653246));
#1833=CARTESIAN_POINT('',(22.7398855980697,-5.96138745792146,2.293291151797E-13));
#1834=CARTESIAN_POINT('',(22.5199299865836,-6.41253850635267,1.29847859298996E-14));
#1835=CARTESIAN_POINT('',(27.677558721535,-8.4396376740569,0.501337536759374));
#1836=CARTESIAN_POINT('',(27.6779777525718,-8.43834873364147,-4.64351438719832E-14));
#1837=CARTESIAN_POINT('',(27.4507124124313,-8.88518688164514,-9.48683522006786E-15));
#1838=CARTESIAN_POINT('',(31.3654254604022,-10.3036181933448,0.501273505933696));
#1839=CARTESIAN_POINT('',(31.3655814626556,-10.3022607390259,1.37330814381238E-14));
#1840=CARTESIAN_POINT('',(31.1429416405938,-10.7515280916497,9.76377852614198E-15));
#1841=CARTESIAN_POINT('',(34.4420110698273,-11.9109176839538,0.50091113898515));
#1842=CARTESIAN_POINT('',(34.4426135400046,-11.9102003722407,1.58007556890609E-14));
#1843=CARTESIAN_POINT('',(34.1993838254778,-12.3481305018288,-2.4130947055018E-15));
#1844=CARTESIAN_POINT('',(36.8565749893347,-13.2162615915983,0.501018508146431));
#1845=CARTESIAN_POINT('',(36.8567703499036,-13.2152181939331,-2.98892271692078E-14));
#1846=CARTESIAN_POINT('',(36.6271241905797,-13.6606546312674,3.69185737165745E-15));
#1847=CARTESIAN_POINT('',(38.0831609958664,-13.8110087109658,0.50025332961052));
#1848=CARTESIAN_POINT('',(38.0830490678414,-13.8106746865259,7.58728543284593E-14));
#1849=CARTESIAN_POINT('',(37.867965869745,-14.2623302366023,1.0842021724855E-15));
#1850=CARTESIAN_POINT('',(38.7055870183552,-14.1077887244495,0.499898385889328));
#1851=CARTESIAN_POINT('',(38.7055432934914,-14.1078804270547,1.0842021724855E-15));
#1852=CARTESIAN_POINT('',(38.4903917583627,-14.5591101063398,1.0842021724855E-15));
#1853=CARTESIAN_POINT('',(-0.139481646548212,0.0507671675699881,59.7773500981125));
#1854=CARTESIAN_POINT('',(5.31213732172296E-15,1.49367639086413E-14,60.));
#1855=CARTESIAN_POINT('',(0.251454114307902,-0.0915218128918298,60.));
#1856=CARTESIAN_POINT('',(-0.187264356805378,-0.0805153311746876,59.777350396323));
#1857=CARTESIAN_POINT('',(-0.0376398177031803,-0.103418242271699,59.9999999999998));
#1858=CARTESIAN_POINT('',(0.232097315801285,-0.144705970458075,60.));
#1859=CARTESIAN_POINT('',(-0.202698964479132,-0.273062532161935,59.763226531211));
#1860=CARTESIAN_POINT('',(-0.0557948437969492,-0.267581893778297,60.0000000000001));
#1861=CARTESIAN_POINT('',(0.223119358516603,-0.255872504323611,60.));
#1862=CARTESIAN_POINT('',(-0.175164741841694,-0.589116216894256,59.7431244013852));
#1863=CARTESIAN_POINT('',(-0.035089986865801,-0.553333725221409,60.));
#1864=CARTESIAN_POINT('',(0.252061449357474,-0.4768439118471,60.));
#1865=CARTESIAN_POINT('',(-0.0651982395707598,-0.937931839487226,59.7137202274456));
#1866=CARTESIAN_POINT('',(0.0585645447732633,-0.880552283438121,60.));
#1867=CARTESIAN_POINT('',(0.344350435868997,-0.739975314755502,59.9999999999999));
#1868=CARTESIAN_POINT('',(0.132027915904366,-1.29109523879637,59.6825877799211));
#1869=CARTESIAN_POINT('',(0.235720436538734,-1.22099141157393,60.));
#1870=CARTESIAN_POINT('',(0.51493017634143,-1.02333866597347,59.9999999999999));
#1871=CARTESIAN_POINT('',(0.440599289826382,-1.70041847705574,59.6482836187869));
#1872=CARTESIAN_POINT('',(0.523143545197677,-1.62786415428144,59.9999999999999));
#1873=CARTESIAN_POINT('',(0.788529559557146,-1.37012437301375,59.9999999999999));
#1874=CARTESIAN_POINT('',(0.874226268847174,-2.1161799498907,59.6170723391429));
#1875=CARTESIAN_POINT('',(0.936995590845263,-2.0478702904278,59.9999999999998));
#1876=CARTESIAN_POINT('',(1.18533437090504,-1.74130240744068,59.9999999999998));
#1877=CARTESIAN_POINT('',(1.42681975307899,-2.54457494144821,59.5949096413542));
#1878=CARTESIAN_POINT('',(1.47489808229327,-2.48240690586686,59.9999999999998));
#1879=CARTESIAN_POINT('',(1.7095718474421,-2.14259432488114,59.9999999999997));
#1880=CARTESIAN_POINT('',(2.00083524702328,-2.92101029731598,59.5748811363221));
#1881=CARTESIAN_POINT('',(2.03695700938346,-2.86743232315579,59.9999999999997));
#1882=CARTESIAN_POINT('',(2.25649268656681,-2.49739258282391,59.9999999999997));
#1883=CARTESIAN_POINT('',(2.7806986650507,-3.36675188982008,59.5561428405433));
#1884=CARTESIAN_POINT('',(2.80823613304471,-3.32450497819565,59.9999999999995));
#1885=CARTESIAN_POINT('',(3.00957060993452,-2.92533505492111,59.9999999999995));
#1886=CARTESIAN_POINT('',(3.76794049265316,-3.85727165121529,59.5443108853418));
#1887=CARTESIAN_POINT('',(3.78947182145174,-3.82246327768883,59.9999999999994));
#1888=CARTESIAN_POINT('',(3.97885220526721,-3.40590342485003,59.9999999999994));
#1889=CARTESIAN_POINT('',(4.97906105158152,-4.39028948011638,59.5317286350171));
#1890=CARTESIAN_POINT('',(4.99468132785581,-4.3644871174619,59.9999999999992));
#1891=CARTESIAN_POINT('',(5.16996528026815,-3.92906135694882,59.9999999999992));
#1892=CARTESIAN_POINT('',(6.20653050690926,-4.87524353299721,59.5233566177822));
#1893=CARTESIAN_POINT('',(6.21648462835448,-4.85515881725524,59.9999999999989));
#1894=CARTESIAN_POINT('',(6.38322178032538,-4.4080426493217,59.9999999999989));
#1895=CARTESIAN_POINT('',(7.43547274533293,-5.32713022705511,59.5191247959487));
#1896=CARTESIAN_POINT('',(7.44371243943919,-5.31051707725306,59.9999999999988));
#1897=CARTESIAN_POINT('',(7.60471847479669,-4.85700553535031,59.9999999999988));
#1898=CARTESIAN_POINT('',(9.08201327894114,-5.9059516459249,59.5139579416424));
#1899=CARTESIAN_POINT('',(9.08693877655395,-5.89328758639518,59.9999999999984));
#1900=CARTESIAN_POINT('',(9.24144300636659,-5.4322186149731,59.9999999999984));
#1901=CARTESIAN_POINT('',(11.1182532829631,-6.60912874864617,59.52042924489));
#1902=CARTESIAN_POINT('',(11.1247682034149,-6.5906374946339,59.9999999999982));
#1903=CARTESIAN_POINT('',(11.2907497180858,-6.14016682896059,59.9999999999981));
#1904=CARTESIAN_POINT('',(13.594919832857,-7.47297765180146,59.511156125079));
#1905=CARTESIAN_POINT('',(13.6050769331939,-7.46488804868937,59.9999999999977));
#1906=CARTESIAN_POINT('',(13.7476631754879,-6.99689431410858,59.9999999999977));
#1907=CARTESIAN_POINT('',(16.0847418298612,-8.24954637357404,59.508739686799));
#1908=CARTESIAN_POINT('',(16.0881867193898,-8.24156371085002,59.9999999999973));
#1909=CARTESIAN_POINT('',(16.2310893236819,-7.77152715436082,59.9999999999973));
#1910=CARTESIAN_POINT('',(19.4198253541168,-9.24155030867457,59.505074892957));
#1911=CARTESIAN_POINT('',(19.4266423979739,-9.23833837125293,59.9999999999968));
#1912=CARTESIAN_POINT('',(19.5563436586515,-8.76051307849718,59.9999999999967));
#1913=CARTESIAN_POINT('',(23.6119708615807,-10.3991426548805,59.5027541795519));
#1914=CARTESIAN_POINT('',(23.6155494246482,-10.3972168076491,59.999999999996));
#1915=CARTESIAN_POINT('',(23.740060549304,-9.91581641486768,59.999999999996));
#1916=CARTESIAN_POINT('',(27.8238117647107,-11.4758894290634,59.5013020237137));
#1917=CARTESIAN_POINT('',(27.8257530113037,-11.475031456828,59.9999999999954));
#1918=CARTESIAN_POINT('',(27.9451590705985,-10.9908241001584,59.9999999999952));
#1919=CARTESIAN_POINT('',(31.2057804069073,-12.2920924169552,59.5004053228292));
#1920=CARTESIAN_POINT('',(31.2060903322649,-12.2917467082411,59.9999999999947));
#1921=CARTESIAN_POINT('',(31.3205070482522,-11.8054160599909,59.9999999999948));
#1922=CARTESIAN_POINT('',(33.3202807982993,-12.7841540636378,59.5004608418858));
#1923=CARTESIAN_POINT('',(33.3204064379257,-12.7837162901912,59.9999999999948));
#1924=CARTESIAN_POINT('',(33.4344601457897,-12.2974041063966,59.9999999999943));
#1925=CARTESIAN_POINT('',(35.0133022569703,-13.1808069515471,59.5000309846356));
#1926=CARTESIAN_POINT('',(35.0137448493435,-13.180868890973,59.9999999999933));
#1927=CARTESIAN_POINT('',(35.125014705016,-12.6933759020995,59.999999999994));
#1928=CARTESIAN_POINT('',(36.318715541783,-13.4417307987461,59.4991661864938));
#1929=CARTESIAN_POINT('',(36.3183347868202,-13.4425016882333,59.9999999999965));
#1930=CARTESIAN_POINT('',(36.4035030524205,-12.9485771230157,59.9999999999938));
#1931=CARTESIAN_POINT('',(37.543393448396,-13.6961663269965,59.5006423062617));
#1932=CARTESIAN_POINT('',(37.5432415025056,-13.6954830920695,59.9999999999838));
#1933=CARTESIAN_POINT('',(37.6793620811542,-13.2141682070524,59.9999999999936));
#1934=CARTESIAN_POINT('',(38.3505681111451,-13.9654108531831,59.500095605642));
#1935=CARTESIAN_POINT('',(38.3506901819941,-13.9653499362685,60.0000000000147));
#1936=CARTESIAN_POINT('',(38.504978810718,-13.4898507867928,59.9999999999935));
#1937=CARTESIAN_POINT('',(38.7642665018502,-14.0997353765395,59.4998719329052));
#1938=CARTESIAN_POINT('',(38.7642269418928,-14.0998572149276,59.9999999999935));
#1939=CARTESIAN_POINT('',(38.9186770743298,-13.6241753291161,59.9999999999934));
#1940=CARTESIAN_POINT('',(38.527397452253,-14.0228258763636,59.4999999999946));
#1941=CARTESIAN_POINT('',(38.5273974522516,-14.0228258763631,59.5237664832184));
#1942=CARTESIAN_POINT('',(38.4758611322391,-14.0040681898949,59.5441426952237));
#1943=CARTESIAN_POINT('',(38.3988517791177,-13.9760390775987,59.5724317853379));
#1944=CARTESIAN_POINT('',(38.2898702511642,-13.9363730453387,59.5967577800877));
#1945=CARTESIAN_POINT('',(38.1625902073947,-13.8900468979905,59.6218945800366));
#1946=CARTESIAN_POINT('',(37.9908942880633,-13.8275546940089,59.6522545459));
#1947=CARTESIAN_POINT('',(37.7764932465937,-13.7495190967183,59.6882940452092));
#1948=CARTESIAN_POINT('',(37.4332505144216,-13.6245889590793,59.7464029407156));
#1949=CARTESIAN_POINT('',(37.0048706219024,-13.4686714292449,59.8236048603569));
#1950=CARTESIAN_POINT('',(36.4893604679128,-13.2810410777277,59.8980512210923));
#1951=CARTESIAN_POINT('',(35.972592801276,-13.0929530290521,59.9510342797915));
#1952=CARTESIAN_POINT('',(35.2802524135432,-12.8409617358801,59.9915201254161));
#1953=CARTESIAN_POINT('',(34.7643660907322,-12.6531944703723,59.9999999999941));
#1954=CARTESIAN_POINT('',(34.4136920506821,-12.5255595576516,59.9999999999942));
#1955=CARTESIAN_POINT('',(0.251454114307816,-0.0915218128918351,59.5));
#1956=CARTESIAN_POINT('',(0.25145411430791,-0.091521812891809,60.));
#1957=CARTESIAN_POINT('',(4.60785923306339E-15,2.35949497787158E-14,60.));
#1958=CARTESIAN_POINT('',(-0.139481646548211,0.0507671675699879,59.7773500981125));
#1959=CARTESIAN_POINT('',(0.270812063890961,-0.0383380742823634,60.));
#1960=CARTESIAN_POINT('',(0.0376421915567863,0.103417378259859,60.0000000000002));
#1961=CARTESIAN_POINT('',(-0.0916985626560378,0.182049530322496,59.7773503963232));
#1962=CARTESIAN_POINT('',(0.335391020182424,0.0525913509481917,59.9999999999999));
#1963=CARTESIAN_POINT('',(0.12925699585155,0.240843857085182,59.9999999999999));
#1964=CARTESIAN_POINT('',(0.0202447969779827,0.339470418250117,59.7632265312109));
#1965=CARTESIAN_POINT('',(0.499599630894594,0.203261652379148,60.));
#1966=CARTESIAN_POINT('',(0.328795573146432,0.446433634177661,60.));
#1967=CARTESIAN_POINT('',(0.244492627766824,0.563882930012933,59.7431244013852));
#1968=CARTESIAN_POINT('',(0.739434701681783,0.345509784346967,59.9999999999998));
#1969=CARTESIAN_POINT('',(0.610871141562568,0.636897619856402,59.9999999999998));
#1970=CARTESIAN_POINT('',(0.552946216028594,0.760406094233072,59.7137202274455));
#1971=CARTESIAN_POINT('',(1.0522488151815,0.452932161291865,59.9999999999999));
#1972=CARTESIAN_POINT('',(0.965410481433417,0.783815509975232,59.9999999999999));
#1973=CARTESIAN_POINT('',(0.931039273738616,0.90417042474126,59.6825877799211));
#1974=CARTESIAN_POINT('',(1.48474765803659,0.542719131574276,59.9999999999996));
#1975=CARTESIAN_POINT('',(1.44712211437721,0.910746100599331,59.9999999999996));
#1976=CARTESIAN_POINT('',(1.43052656594713,1.01938436098835,59.6482836187868));
#1977=CARTESIAN_POINT('',(2.02730642028994,0.571996786056403,59.9999999999997));
#1978=CARTESIAN_POINT('',(2.03412591452619,0.966470500084478,59.9999999999997));
#1979=CARTESIAN_POINT('',(2.02995042693583,1.05914607757616,59.6170723391428));
#1980=CARTESIAN_POINT('',(2.68684109846394,0.542430875028851,59.9999999999995));
#1981=CARTESIAN_POINT('',(2.72549788139909,0.953587802950972,59.9999999999995));
#1982=CARTESIAN_POINT('',(2.72862858746027,1.03211543546105,59.594909641354));
#1983=CARTESIAN_POINT('',(3.33386669224541,0.462668170085464,59.9999999999994));
#1984=CARTESIAN_POINT('',(3.4035495668497,0.887249870077439,59.9999999999994));
#1985=CARTESIAN_POINT('',(3.41031794946028,0.951511600741578,59.5748811363219));
#1986=CARTESIAN_POINT('',(4.18583396939953,0.306421964540892,59.9999999999992));
#1987=CARTESIAN_POINT('',(4.2881842930102,0.741619173273021,59.9999999999992));
#1988=CARTESIAN_POINT('',(4.29424516001552,0.791682928390529,59.556142840543));
#1989=CARTESIAN_POINT('',(5.23725014311922,0.0515164940866335,59.9999999999991));
#1990=CARTESIAN_POINT('',(5.35993586455923,0.492351218814422,59.9999999999991));
#1991=CARTESIAN_POINT('',(5.36581630099627,0.53285605130022,59.5443108853416));
#1992=CARTESIAN_POINT('',(6.48597513201233,-0.313354005501711,59.9999999999989));
#1993=CARTESIAN_POINT('',(6.63158611809509,0.13287183151766,59.9999999999989));
#1994=CARTESIAN_POINT('',(6.63620573127009,0.162678108097456,59.5317286350168));
#1995=CARTESIAN_POINT('',(7.72326677196811,-0.726299293729964,59.9999999999987));
#1996=CARTESIAN_POINT('',(7.88293943607749,-0.276611862494562,59.9999999999986));
#1997=CARTESIAN_POINT('',(7.88822434308127,-0.254827691678508,59.5233566177819));
#1998=CARTESIAN_POINT('',(8.94757530740433,-1.16753671020032,59.9999999999985));
#1999=CARTESIAN_POINT('',(9.11574912869501,-0.716634029022912,59.9999999999984));
#2000=CARTESIAN_POINT('',(9.12011588366252,-0.698611244655234,59.5191247959484));
#2001=CARTESIAN_POINT('',(10.5711188802412,-1.77896417630909,59.9999999999982));
#2002=CARTESIAN_POINT('',(10.7491311955959,-1.32645144828895,59.9999999999982));
#2003=CARTESIAN_POINT('',(10.753498346074,-1.31358416702183,59.5139579416422));
#2004=CARTESIAN_POINT('',(12.5960392392509,-2.5539133437085,59.9999999999978));
#2005=CARTESIAN_POINT('',(12.7584469846989,-2.10214193241399,59.9999999999978));
#2006=CARTESIAN_POINT('',(12.7653422150561,-2.0837890998871,59.5204292448897));
#2007=CARTESIAN_POINT('',(15.0288379528492,-3.47689554293381,59.9999999999975));
#2008=CARTESIAN_POINT('',(15.2204311282741,-3.02673887328539,59.9999999999975));
#2009=CARTESIAN_POINT('',(15.2178502346505,-3.01401301952745,59.5111561250787));
#2010=CARTESIAN_POINT('',(17.4291771453399,-4.47980791783175,59.999999999997));
#2011=CARTESIAN_POINT('',(17.6218410740257,-4.02788300223966,59.999999999997));
#2012=CARTESIAN_POINT('',(17.6243332922364,-4.01955359551283,59.5087396867988));
#2013=CARTESIAN_POINT('',(20.61217764879,-5.85963303189918,59.9999999999965));
#2014=CARTESIAN_POINT('',(20.8199608965608,-5.41022725827777,59.9999999999964));
#2015=CARTESIAN_POINT('',(20.8168033315732,-5.4033848601382,59.5050748929567));
#2016=CARTESIAN_POINT('',(24.5597053945059,-7.66386071070346,59.9999999999959));
#2017=CARTESIAN_POINT('',(24.7737625471344,-7.21505240670087,59.9999999999959));
#2018=CARTESIAN_POINT('',(24.7722591195212,-7.21127686613098,59.5027541795518));
#2019=CARTESIAN_POINT('',(28.471999369934,-9.54334227407562,59.9999999999952));
#2020=CARTESIAN_POINT('',(28.6917715111233,-9.09566518374588,59.999999999995));
#2021=CARTESIAN_POINT('',(28.6908359238799,-9.09376012962479,59.5013020237135));
#2022=CARTESIAN_POINT('',(31.5812755505393,-11.0889604882529,59.9999999999947));
#2023=CARTESIAN_POINT('',(31.8062345759628,-10.6428639502644,59.9999999999948));
#2024=CARTESIAN_POINT('',(31.8062193766433,-10.6423999058456,59.5004053228294));
#2025=CARTESIAN_POINT('',(33.516901394265,-12.0708986377784,59.9999999999944));
#2026=CARTESIAN_POINT('',(33.7421266313229,-11.6250495815088,59.9999999999937));
#2027=CARTESIAN_POINT('',(33.7423117811312,-11.6246334679964,59.5004608418849));
#2028=CARTESIAN_POINT('',(35.066467084214,-12.8542341682182,59.999999999994));
#2029=CARTESIAN_POINT('',(35.2945838826446,-12.4092699884729,59.999999999995));
#2030=CARTESIAN_POINT('',(35.2942050233227,-12.4090329439339,59.500030984637));
#2031=CARTESIAN_POINT('',(36.2098861611148,-13.4805351598982,59.9999999999939));
#2032=CARTESIAN_POINT('',(36.4621320751678,-13.0474218855315,59.9999999999899));
#2033=CARTESIAN_POINT('',(36.4619282321765,-13.0482571657069,59.4991661864886));
#2034=CARTESIAN_POINT('',(37.3579695383509,-14.0971869612073,59.9999999999936));
#2035=CARTESIAN_POINT('',(37.5630783699213,-13.6409817467584,60.0000000000086));
#2036=CARTESIAN_POINT('',(37.563633942178,-13.640556027389,59.5006423062814));
#2037=CARTESIAN_POINT('',(38.1676339926197,-14.4166980570445,59.9999999999936));
#2038=CARTESIAN_POINT('',(38.3550870076531,-13.9532697570434,59.9999999999613));
#2039=CARTESIAN_POINT('',(38.3550326525959,-13.9531446263251,59.5000956055998));
#2040=CARTESIAN_POINT('',(38.5708874000854,-14.5797196058227,59.9999999999935));
#2041=CARTESIAN_POINT('',(38.7583341567451,-14.1160475090596,59.9999999999935));
#2042=CARTESIAN_POINT('',(38.7582861452244,-14.1161662713302,59.4998719329053));
#2043=MECHANICAL_DESIGN_GEOMETRIC_PRESENTATION_REPRESENTATION('',(#583),
#2044);
#2044=(
GEOMETRIC_REPRESENTATION_CONTEXT(3)
GLOBAL_UNCERTAINTY_ASSIGNED_CONTEXT((#2045))
GLOBAL_UNIT_ASSIGNED_CONTEXT((#2048,#2047,#2046))
REPRESENTATION_CONTEXT('NACA0012_20_grad','TOP_LEVEL_ASSEMBLY_PART')
);
#2045=UNCERTAINTY_MEASURE_WITH_UNIT(LENGTH_MEASURE(0.005),#2048,
'DISTANCE_ACCURACY_VALUE','Maximum Tolerance applied to model');
#2046=(
NAMED_UNIT(*)
SI_UNIT($,.STERADIAN.)
SOLID_ANGLE_UNIT()
);
#2047=(
NAMED_UNIT(*)
PLANE_ANGLE_UNIT()
SI_UNIT($,.RADIAN.)
);
#2048=(
LENGTH_UNIT()
NAMED_UNIT(*)
SI_UNIT(.MILLI.,.METRE.)
);
#2049=PRODUCT_DEFINITION_SHAPE('','',#2050);
#2050=PRODUCT_DEFINITION('','',#2052,#2051);
#2051=PRODUCT_DEFINITION_CONTEXT('',#2058,'design');
#2052=PRODUCT_DEFINITION_FORMATION_WITH_SPECIFIED_SOURCE('','',#2054,
 .NOT_KNOWN.);
#2053=PRODUCT_RELATED_PRODUCT_CATEGORY('','',(#2054));
#2054=PRODUCT('NACA0012_20_grad','NACA0012_20_grad','NACA0012_20_grad',
(#2056));
#2055=PRODUCT_CATEGORY('','');
#2056=PRODUCT_CONTEXT('',#2058,'mechanical');
#2057=APPLICATION_PROTOCOL_DEFINITION('international standard',
'automotive_design',2010,#2058);
#2058=APPLICATION_CONTEXT(
'core data for automotive mechanical design processes');
ENDSEC;
END-ISO-10303-21;
