ISO-10303-21;
HEADER;
/* Generated by software containing ST-Developer
 * from STEP Tools, Inc. (www.steptools.com) 
 */
/* OPTION: strings as raw bytes, not using required /X/ escapes */

FILE_DESCRIPTION(
/* description */ ('Unknown'),
/* implementation_level */ '2;1');

FILE_NAME(
/* name */ 'NACA0012_5_grad',
/* time_stamp */ '2026-02-09T16:56:54+01:00',
/* author */ ('Unknown'),
/* organization */ ('Unknown'),
/* preprocessor_version */ 'ST-DEVELOPER v18.102',
/* originating_system */ 'Solid Edge',
/* authorisation */ 'Unknown');

FILE_SCHEMA (('AUTOMOTIVE_DESIGN {1 0 10303 214 3 1 1}'));
ENDSEC;

DATA;
#10=PROPERTY_DEFINITION_REPRESENTATION(#14,#12);
#11=PROPERTY_DEFINITION_REPRESENTATION(#15,#13);
#12=REPRESENTATION('',(#16),#2044);
#13=REPRESENTATION('',(#17),#2044);
#14=PROPERTY_DEFINITION('pmi validation property','',#2049);
#15=PROPERTY_DEFINITION('pmi validation property','',#2049);
#16=VALUE_REPRESENTATION_ITEM('number of annotations',COUNT_MEASURE(0.));
#17=VALUE_REPRESENTATION_ITEM('number of views',COUNT_MEASURE(0.));
#18=SHAPE_REPRESENTATION_RELATIONSHIP('','',#593,#19);
#19=ADVANCED_BREP_SHAPE_REPRESENTATION('',(#591),#2044);
#20=TOROIDAL_SURFACE('',#615,6.5,1.);
#21=TOROIDAL_SURFACE('',#621,6.5,1.);
#22=TOROIDAL_SURFACE('',#628,7.,0.5);
#23=TOROIDAL_SURFACE('',#630,7.,0.5);
#24=(
BOUNDED_SURFACE()
B_SPLINE_SURFACE(3,2,((#1284,#1285,#1286),(#1287,#1288,#1289),(#1290,#1291,
#1292),(#1293,#1294,#1295)),.UNSPECIFIED.,.F.,.F.,.F.)
B_SPLINE_SURFACE_WITH_KNOTS((4,4),(3,3),(0.0193937221519135,0.0261272302816774),
(0.,1.),.PIECEWISE_BEZIER_KNOTS.)
GEOMETRIC_REPRESENTATION_ITEM()
RATIONAL_B_SPLINE_SURFACE(((1.,0.92850533347171,1.),(1.,0.927908052733903,
1.),(1.,0.926689711376732,1.),(1.,0.926912426329508,1.)))
REPRESENTATION_ITEM('')
SURFACE()
);
#25=(
BOUNDED_SURFACE()
B_SPLINE_SURFACE(3,2,((#1304,#1305,#1306),(#1307,#1308,#1309),(#1310,#1311,
#1312),(#1313,#1314,#1315)),.UNSPECIFIED.,.F.,.F.,.F.)
B_SPLINE_SURFACE_WITH_KNOTS((4,4),(3,3),(0.0194326653632899,0.0260620932115669),
(0.,1.),.PIECEWISE_BEZIER_KNOTS.)
GEOMETRIC_REPRESENTATION_ITEM()
RATIONAL_B_SPLINE_SURFACE(((1.,0.927623466221669,1.),(1.,0.92692962785677,
1.),(1.,0.926198464175624,1.),(1.,0.925419758641478,1.)))
REPRESENTATION_ITEM('')
SURFACE()
);
#26=(
BOUNDED_SURFACE()
B_SPLINE_SURFACE(3,2,((#1324,#1325,#1326),(#1327,#1328,#1329),(#1330,#1331,
#1332),(#1333,#1334,#1335)),.UNSPECIFIED.,.F.,.F.,.F.)
B_SPLINE_SURFACE_WITH_KNOTS((4,4),(3,3),(0.0193937221519133,0.0261272302816812),
(0.,1.),.PIECEWISE_BEZIER_KNOTS.)
GEOMETRIC_REPRESENTATION_ITEM()
RATIONAL_B_SPLINE_SURFACE(((1.,0.92850533347171,1.),(1.,0.927908052733902,
1.),(1.,0.926689711377055,1.),(1.,0.926912426329457,1.)))
REPRESENTATION_ITEM('')
SURFACE()
);
#27=(
BOUNDED_SURFACE()
B_SPLINE_SURFACE(3,2,((#1344,#1345,#1346),(#1347,#1348,#1349),(#1350,#1351,
#1352),(#1353,#1354,#1355)),.UNSPECIFIED.,.F.,.F.,.F.)
B_SPLINE_SURFACE_WITH_KNOTS((4,4),(3,3),(0.0194326653632909,0.0260620932115692),
(0.,1.),.PIECEWISE_BEZIER_KNOTS.)
GEOMETRIC_REPRESENTATION_ITEM()
RATIONAL_B_SPLINE_SURFACE(((1.,0.927623466221655,1.),(1.,0.926929627856266,
1.),(1.,0.926198464175228,1.),(1.,0.925419758641205,1.)))
REPRESENTATION_ITEM('')
SURFACE()
);
#28=(
BOUNDED_SURFACE()
B_SPLINE_SURFACE(3,2,((#1364,#1365,#1366),(#1367,#1368,#1369),(#1370,#1371,
#1372),(#1373,#1374,#1375),(#1376,#1377,#1378)),.UNSPECIFIED.,.F.,.F.,.F.)
B_SPLINE_SURFACE_WITH_KNOTS((4,1,4),(3,3),(-1.09177187005995E-5,0.00175018547443249,
0.00351128866756557),(0.,1.),.UNSPECIFIED.)
GEOMETRIC_REPRESENTATION_ITEM()
RATIONAL_B_SPLINE_SURFACE(((1.,1.,1.),(1.,0.999999999971649,1.),(1.,0.953634033001527,
1.),(1.,0.85038921316464,1.),(1.,0.798426752166077,1.)))
REPRESENTATION_ITEM('')
SURFACE()
);
#29=(
BOUNDED_SURFACE()
B_SPLINE_SURFACE(3,2,((#1386,#1387,#1388),(#1389,#1390,#1391),(#1392,#1393,
#1394),(#1395,#1396,#1397)),.UNSPECIFIED.,.F.,.F.,.F.)
B_SPLINE_SURFACE_WITH_KNOTS((4,4),(3,3),(0.0634230217122831,0.0715891546741212),
(0.,1.),.PIECEWISE_BEZIER_KNOTS.)
GEOMETRIC_REPRESENTATION_ITEM()
RATIONAL_B_SPLINE_SURFACE(((1.,0.711838769672694,1.),(1.,0.712630953698967,
1.),(1.,0.713723327148615,1.),(1.,0.71526298193963,1.)))
REPRESENTATION_ITEM('')
SURFACE()
);
#30=(
BOUNDED_SURFACE()
B_SPLINE_SURFACE(3,2,((#1400,#1401,#1402),(#1403,#1404,#1405),(#1406,#1407,
#1408),(#1409,#1410,#1411),(#1412,#1413,#1414)),.UNSPECIFIED.,.F.,.F.,.F.)
B_SPLINE_SURFACE_WITH_KNOTS((4,1,4),(3,3),(-0.001920999229002,-0.000178320933290613,
0.00156435736242077),(0.,1.),.UNSPECIFIED.)
GEOMETRIC_REPRESENTATION_ITEM()
RATIONAL_B_SPLINE_SURFACE(((1.,1.,1.),(1.,0.999999999956532,1.),(1.,0.953294380410248,
1.),(1.,0.852368474833571,1.),(1.,0.800643377629069,1.)))
REPRESENTATION_ITEM('')
SURFACE()
);
#31=(
BOUNDED_SURFACE()
B_SPLINE_SURFACE(3,2,((#1422,#1423,#1424),(#1425,#1426,#1427),(#1428,#1429,
#1430),(#1431,#1432,#1433)),.UNSPECIFIED.,.F.,.F.,.F.)
B_SPLINE_SURFACE_WITH_KNOTS((4,4),(3,3),(0.00341574422037429,0.00729622004453661),
(0.,0.75151648329734),.PIECEWISE_BEZIER_KNOTS.)
GEOMETRIC_REPRESENTATION_ITEM()
RATIONAL_B_SPLINE_SURFACE(((1.,0.78255967218592,0.891939325343557),(1.,
0.78185484644887,0.891589050187947),(1.,0.780881951619141,0.891105553530601),
(1.,0.779885918215676,0.890610557764909)))
REPRESENTATION_ITEM('')
SURFACE()
);
#32=(
BOUNDED_SURFACE()
B_SPLINE_SURFACE(3,2,((#1435,#1436,#1437),(#1438,#1439,#1440),(#1441,#1442,
#1443),(#1444,#1445,#1446)),.UNSPECIFIED.,.F.,.F.,.F.)
B_SPLINE_SURFACE_WITH_KNOTS((4,4),(3,3),(0.,0.00112704163543226),(0.,1.),
 .PIECEWISE_BEZIER_KNOTS.)
GEOMETRIC_REPRESENTATION_ITEM()
RATIONAL_B_SPLINE_SURFACE(((1.,0.711838769674493,1.),(1.,0.744056937115452,
1.),(1.,0.772867473452498,1.),(1.,0.798426752166166,1.)))
REPRESENTATION_ITEM('')
SURFACE()
);
#33=(
BOUNDED_SURFACE()
B_SPLINE_SURFACE(3,2,((#1451,#1452,#1453),(#1454,#1455,#1456),(#1457,#1458,
#1459),(#1460,#1461,#1462)),.UNSPECIFIED.,.F.,.F.,.F.)
B_SPLINE_SURFACE_WITH_KNOTS((4,4),(3,3),(0.,0.00110440567758655),(0.,1.),
 .PIECEWISE_BEZIER_KNOTS.)
GEOMETRIC_REPRESENTATION_ITEM()
RATIONAL_B_SPLINE_SURFACE(((1.,0.715262981939613,1.),(1.,0.746947048227846,
1.),(1.,0.775385534224145,1.),(1.,0.800643377629075,1.)))
REPRESENTATION_ITEM('')
SURFACE()
);
#34=(
BOUNDED_SURFACE()
B_SPLINE_SURFACE(3,2,((#1467,#1468,#1469),(#1470,#1471,#1472),(#1473,#1474,
#1475),(#1476,#1477,#1478),(#1479,#1480,#1481)),.UNSPECIFIED.,.F.,.F.,.F.)
B_SPLINE_SURFACE_WITH_KNOTS((4,1,4),(3,3),(0.0028863117469348,0.00480515267956825,
0.00672399361220169),(0.242635990776722,1.),.UNSPECIFIED.)
GEOMETRIC_REPRESENTATION_ITEM()
RATIONAL_B_SPLINE_SURFACE(((0.896213851659841,0.786127878209822,1.),(0.895705235586956,
0.785079773039487,1.),(0.894477639601314,0.782550065922023,1.),(0.893066672306516,
0.779642485537347,1.),(0.8923536777068,0.77817321752514,1.)))
REPRESENTATION_ITEM('')
SURFACE()
);
#35=(
BOUNDED_SURFACE()
B_SPLINE_SURFACE(3,2,((#1484,#1485,#1486),(#1487,#1488,#1489),(#1490,#1491,
#1492),(#1493,#1494,#1495),(#1496,#1497,#1498)),.UNSPECIFIED.,.F.,.F.,.F.)
B_SPLINE_SURFACE_WITH_KNOTS((4,1,4),(3,3),(-1.08038249360741E-5,0.00174292474757092,
0.00349665332007791),(0.,1.),.UNSPECIFIED.)
GEOMETRIC_REPRESENTATION_ITEM()
RATIONAL_B_SPLINE_SURFACE(((1.,1.,1.),(1.,0.999999999956387,1.),(1.,0.953290497577809,
1.),(1.,0.852367461908474,1.),(1.,0.800643377628867,1.)))
REPRESENTATION_ITEM('')
SURFACE()
);
#36=(
BOUNDED_SURFACE()
B_SPLINE_SURFACE(3,2,((#1506,#1507,#1508),(#1509,#1510,#1511),(#1512,#1513,
#1514),(#1515,#1516,#1517)),.UNSPECIFIED.,.F.,.F.,.F.)
B_SPLINE_SURFACE_WITH_KNOTS((4,4),(3,3),(0.0589756345119231,0.0671439613672769),
(0.,1.),.PIECEWISE_BEZIER_KNOTS.)
GEOMETRIC_REPRESENTATION_ITEM()
RATIONAL_B_SPLINE_SURFACE(((1.,0.711838769672559,1.),(1.,0.712631028634205,
1.),(1.,0.713723708995484,1.),(1.,0.715262981939686,1.)))
REPRESENTATION_ITEM('')
SURFACE()
);
#37=(
BOUNDED_SURFACE()
B_SPLINE_SURFACE(3,2,((#1520,#1521,#1522),(#1523,#1524,#1525),(#1526,#1527,
#1528),(#1529,#1530,#1531)),.UNSPECIFIED.,.F.,.F.,.F.)
B_SPLINE_SURFACE_WITH_KNOTS((4,4),(3,3),(0.00358854835315627,0.00743833488554926),
(0.,0.757364014275365),.PIECEWISE_BEZIER_KNOTS.)
GEOMETRIC_REPRESENTATION_ITEM()
RATIONAL_B_SPLINE_SURFACE(((1.,0.786128082711656,0.89621395305985),(1.,
0.784019685275107,0.895190806879218),(1.,0.781095131697611,0.893771602999057),
(1.,0.778173216045417,0.892353679230108)))
REPRESENTATION_ITEM('')
SURFACE()
);
#38=(
BOUNDED_SURFACE()
B_SPLINE_SURFACE(3,2,((#1533,#1534,#1535),(#1536,#1537,#1538),(#1539,#1540,
#1541),(#1542,#1543,#1544)),.UNSPECIFIED.,.F.,.F.,.F.)
B_SPLINE_SURFACE_WITH_KNOTS((4,4),(3,3),(0.,0.00110440567758419),(0.,1.),
 .PIECEWISE_BEZIER_KNOTS.)
GEOMETRIC_REPRESENTATION_ITEM()
RATIONAL_B_SPLINE_SURFACE(((1.,0.715262981939655,1.),(1.,0.746947048227612,
1.),(1.,0.775385534253602,1.),(1.,0.800643377628861,1.)))
REPRESENTATION_ITEM('')
SURFACE()
);
#39=(
BOUNDED_SURFACE()
B_SPLINE_SURFACE(3,2,((#1549,#1550,#1551),(#1552,#1553,#1554),(#1555,#1556,
#1557),(#1558,#1559,#1560)),.UNSPECIFIED.,.F.,.F.,.F.)
B_SPLINE_SURFACE_WITH_KNOTS((4,4),(3,3),(0.,0.00112704163546308),(0.,1.),
 .PIECEWISE_BEZIER_KNOTS.)
GEOMETRIC_REPRESENTATION_ITEM()
RATIONAL_B_SPLINE_SURFACE(((1.,0.711838769672543,1.),(1.,0.744056937113783,
1.),(1.,0.772867473451583,1.),(1.,0.798426752166699,1.)))
REPRESENTATION_ITEM('')
SURFACE()
);
#40=(
BOUNDED_SURFACE()
B_SPLINE_SURFACE(3,2,((#1569,#1570,#1571),(#1572,#1573,#1574),(#1575,#1576,
#1577),(#1578,#1579,#1580),(#1581,#1582,#1583)),.UNSPECIFIED.,.F.,.F.,.F.)
B_SPLINE_SURFACE_WITH_KNOTS((4,1,4),(3,3),(-0.00197101308726177,-0.000215669412799859,
0.00153967426166205),(0.,1.),.UNSPECIFIED.)
GEOMETRIC_REPRESENTATION_ITEM()
RATIONAL_B_SPLINE_SURFACE(((1.,1.,1.),(1.,0.999999999971775,1.),(1.,0.95301561952033,
1.),(1.,0.850507611552503,1.),(1.,0.798426752166695,1.)))
REPRESENTATION_ITEM('')
SURFACE()
);
#41=(
BOUNDED_SURFACE()
B_SPLINE_SURFACE(3,2,((#1589,#1590,#1591),(#1592,#1593,#1594),(#1595,#1596,
#1597),(#1598,#1599,#1600),(#1601,#1602,#1603)),.UNSPECIFIED.,.F.,.F.,.F.)
B_SPLINE_SURFACE_WITH_KNOTS((4,1,4),(3,3),(0.0031749460907508,0.00511319764872899,
0.00705144920670717),(0.2484835188159,1.),.UNSPECIFIED.)
GEOMETRIC_REPRESENTATION_ITEM()
RATIONAL_B_SPLINE_SURFACE(((0.891939282190395,0.782559587202106,1.),(0.891765302158844,
0.782209503557968,1.),(0.891344635121985,0.781363034868889,1.),(0.890858665508721,
0.78038516395097,1.),(0.8906105571422,0.779885918834629,1.)))
REPRESENTATION_ITEM('')
SURFACE()
);
#42=(
BOUNDED_SURFACE()
B_SPLINE_SURFACE(3,2,((#1604,#1605,#1606),(#1607,#1608,#1609),(#1610,#1611,
#1612),(#1613,#1614,#1615),(#1616,#1617,#1618),(#1619,#1620,#1621),(#1622,
#1623,#1624),(#1625,#1626,#1627),(#1628,#1629,#1630),(#1631,#1632,#1633),
(#1634,#1635,#1636),(#1637,#1638,#1639),(#1640,#1641,#1642),(#1643,#1644,
#1645),(#1646,#1647,#1648),(#1649,#1650,#1651),(#1652,#1653,#1654),(#1655,
#1656,#1657),(#1658,#1659,#1660),(#1661,#1662,#1663)),.UNSPECIFIED.,.F.,
 .F.,.F.)
B_SPLINE_SURFACE_WITH_KNOTS((4,1,1,1,1,1,1,1,1,1,1,1,1,1,1,1,1,4),(3,3),
(0.,0.00409164837919399,0.00818329675838799,0.012274945137582,0.016366593516776,
0.018412417706373,0.02045824189597,0.022504066085567,0.024549890275164,
0.026595714464761,0.0276186265595595,0.028641538654358,0.0296644507491565,
0.030687362843955,0.0311988188913542,0.0317102749387535,0.0322217309861527,
0.0327331870335519),(0.,1.),.UNSPECIFIED.)
GEOMETRIC_REPRESENTATION_ITEM()
RATIONAL_B_SPLINE_SURFACE(((1.,0.69846148189263,1.),(1.,0.697692313825536,
1.),(1.,0.693719426854679,1.),(1.,0.69555115061866,1.),(1.,0.695076795161897,
1.),(1.,0.691442161147045,1.),(1.,0.685484094399588,1.),(1.,0.679257631258966,
1.),(1.,0.671052002374206,1.),(1.,0.661277958094045,1.),(1.,0.644590228890282,
1.),(1.,0.626078732907463,1.),(1.,0.61083069206388,1.),(1.,0.584695812860417,
1.),(1.,0.5578733138708,1.),(1.,0.529344822695165,1.),(1.,0.506909636147395,
1.),(1.,0.48757424080135,1.),(1.,0.471857972610172,1.),(1.,0.471857925526386,
1.)))
REPRESENTATION_ITEM('')
SURFACE()
);
#43=(
BOUNDED_SURFACE()
B_SPLINE_SURFACE(3,2,((#1666,#1667,#1668),(#1669,#1670,#1671),(#1672,#1673,
#1674),(#1675,#1676,#1677),(#1678,#1679,#1680),(#1681,#1682,#1683),(#1684,
#1685,#1686),(#1687,#1688,#1689),(#1690,#1691,#1692),(#1693,#1694,#1695),
(#1696,#1697,#1698),(#1699,#1700,#1701),(#1702,#1703,#1704),(#1705,#1706,
#1707),(#1708,#1709,#1710),(#1711,#1712,#1713),(#1714,#1715,#1716),(#1717,
#1718,#1719),(#1720,#1721,#1722)),.UNSPECIFIED.,.F.,.F.,.F.)
B_SPLINE_SURFACE_WITH_KNOTS((4,1,1,1,1,1,1,1,1,1,1,1,1,1,1,1,4),(3,3),(0.,
0.000518358051575083,0.00103671610315017,0.00155507415472525,0.00207343220630033,
0.0031101483094505,0.00414686441260066,0.00622029661890099,0.00829372882520132,
0.0103671610315017,0.012440593237802,0.0145140254441023,0.0165874576504026,
0.0207343220630033,0.024881186475604,0.0290280508882046,0.0331749153008053),
(0.,1.),.UNSPECIFIED.)
GEOMETRIC_REPRESENTATION_ITEM()
RATIONAL_B_SPLINE_SURFACE(((1.,0.471857925526386,1.),(1.,0.471857978458811,
1.),(1.,0.487867865559259,1.),(1.,0.507191618256844,1.),(1.,0.530028490554985,
1.),(1.,0.558655166890466,1.),(1.,0.585774766555768,1.),(1.,0.619582246117926,
1.),(1.,0.640922835185703,1.),(1.,0.661834676459713,1.),(1.,0.671115844496464,
1.),(1.,0.679373705838731,1.),(1.,0.68555206550915,1.),(1.,0.691476482630378,
1.),(1.,0.695102629418632,1.),(1.,0.695529065527464,1.),(1.,0.69373462569556,
1.),(1.,0.69769334418123,1.),(1.,0.698461481892677,1.)))
REPRESENTATION_ITEM('')
SURFACE()
);
#44=(
BOUNDED_SURFACE()
B_SPLINE_SURFACE(3,2,((#1724,#1725,#1726),(#1727,#1728,#1729),(#1730,#1731,
#1732),(#1733,#1734,#1735)),.UNSPECIFIED.,.F.,.F.,.F.)
B_SPLINE_SURFACE_WITH_KNOTS((4,4),(3,3),(0.,0.00339825293564358),(0.,1.),
 .PIECEWISE_BEZIER_KNOTS.)
GEOMETRIC_REPRESENTATION_ITEM()
RATIONAL_B_SPLINE_SURFACE(((1.,0.69846148189263,1.),(1.,0.700808928058463,
1.),(1.,0.703922197521189,1.),(1.,0.707106781186504,1.)))
REPRESENTATION_ITEM('')
SURFACE()
);
#45=(
BOUNDED_SURFACE()
B_SPLINE_SURFACE(3,2,((#1737,#1738,#1739),(#1740,#1741,#1742),(#1743,#1744,
#1745),(#1746,#1747,#1748)),.UNSPECIFIED.,.F.,.F.,.F.)
B_SPLINE_SURFACE_WITH_KNOTS((4,4),(3,3),(0.,0.00339832267903537),(0.,1.),
 .PIECEWISE_BEZIER_KNOTS.)
GEOMETRIC_REPRESENTATION_ITEM()
RATIONAL_B_SPLINE_SURFACE(((1.,0.707106781186548,1.),(1.,0.703922198241138,
1.),(1.,0.700808923423436,1.),(1.,0.698461481892655,1.)))
REPRESENTATION_ITEM('')
SURFACE()
);
#46=(
BOUNDED_SURFACE()
B_SPLINE_SURFACE(3,2,((#1754,#1755,#1756),(#1757,#1758,#1759),(#1760,#1761,
#1762),(#1763,#1764,#1765)),.UNSPECIFIED.,.F.,.F.,.F.)
B_SPLINE_SURFACE_WITH_KNOTS((4,4),(3,3),(0.,0.00341820178190571),(0.,1.),
 .PIECEWISE_BEZIER_KNOTS.)
GEOMETRIC_REPRESENTATION_ITEM()
RATIONAL_B_SPLINE_SURFACE(((1.,0.707106781186547,1.),(1.,0.705896229973073,
1.),(1.,0.704722222954692,1.),(1.,0.703844736456804,1.)))
REPRESENTATION_ITEM('')
SURFACE()
);
#47=(
BOUNDED_SURFACE()
B_SPLINE_SURFACE(3,2,((#1767,#1768,#1769),(#1770,#1771,#1772),(#1773,#1774,
#1775),(#1776,#1777,#1778)),.UNSPECIFIED.,.F.,.F.,.F.)
B_SPLINE_SURFACE_WITH_KNOTS((4,4),(3,3),(0.,0.00341818765858487),(0.,1.),
 .PIECEWISE_BEZIER_KNOTS.)
GEOMETRIC_REPRESENTATION_ITEM()
RATIONAL_B_SPLINE_SURFACE(((1.,0.703844736457417,1.),(1.,0.704722224222375,
1.),(1.,0.705896228552529,1.),(1.,0.707106781186531,1.)))
REPRESENTATION_ITEM('')
SURFACE()
);
#48=(
BOUNDED_SURFACE()
B_SPLINE_SURFACE(3,2,((#1780,#1781,#1782),(#1783,#1784,#1785),(#1786,#1787,
#1788),(#1789,#1790,#1791),(#1792,#1793,#1794),(#1795,#1796,#1797),(#1798,
#1799,#1800),(#1801,#1802,#1803),(#1804,#1805,#1806),(#1807,#1808,#1809)),
 .UNSPECIFIED.,.F.,.F.,.F.)
B_SPLINE_SURFACE_WITH_KNOTS((4,1,1,1,1,1,1,4),(3,3),(0.,0.00827393711478059,
0.0165478742295612,0.0206848427869515,0.0248218113443418,0.0289587799017321,
0.0310272641804272,0.0330957484591224),(0.,1.),.UNSPECIFIED.)
GEOMETRIC_REPRESENTATION_ITEM()
RATIONAL_B_SPLINE_SURFACE(((1.,0.703844736456813,1.),(1.,0.704386392700782,
1.),(1.,0.70522922108713,1.),(1.,0.705790138831505,1.),(1.,0.706160378915712,
1.),(1.,0.706205741006963,1.),(1.,0.706462173545823,1.),(1.,0.706386292725099,
1.),(1.,0.706927709548482,1.),(1.,0.70717861448137,1.)))
REPRESENTATION_ITEM('')
SURFACE()
);
#49=(
BOUNDED_SURFACE()
B_SPLINE_SURFACE(3,2,((#1823,#1824,#1825),(#1826,#1827,#1828),(#1829,#1830,
#1831),(#1832,#1833,#1834),(#1835,#1836,#1837),(#1838,#1839,#1840),(#1841,
#1842,#1843),(#1844,#1845,#1846),(#1847,#1848,#1849),(#1850,#1851,#1852)),
 .UNSPECIFIED.,.F.,.F.,.F.)
B_SPLINE_SURFACE_WITH_KNOTS((4,1,1,1,1,1,1,4),(3,3),(0.,0.00827390333697004,
0.0165478066739401,0.0206847583424251,0.0248217100109101,0.0289586616793951,
0.0310271375136376,0.0330956133478801),(0.,1.),.UNSPECIFIED.)
GEOMETRIC_REPRESENTATION_ITEM()
RATIONAL_B_SPLINE_SURFACE(((1.,0.703844736457417,1.),(1.,0.704386379651431,
1.),(1.,0.705229200759919,1.),(1.,0.705790122265038,1.),(1.,0.706160369517968,
1.),(1.,0.706205721745459,1.),(1.,0.706462192032906,1.),(1.,0.706386266814407,
1.),(1.,0.706927671950939,1.),(1.,0.707178629563049,1.)))
REPRESENTATION_ITEM('')
SURFACE()
);
#50=(
BOUNDED_SURFACE()
B_SPLINE_SURFACE(3,2,((#1853,#1854,#1855),(#1856,#1857,#1858),(#1859,#1860,
#1861),(#1862,#1863,#1864),(#1865,#1866,#1867),(#1868,#1869,#1870),(#1871,
#1872,#1873),(#1874,#1875,#1876),(#1877,#1878,#1879),(#1880,#1881,#1882),
(#1883,#1884,#1885),(#1886,#1887,#1888),(#1889,#1890,#1891),(#1892,#1893,
#1894),(#1895,#1896,#1897),(#1898,#1899,#1900),(#1901,#1902,#1903),(#1904,
#1905,#1906),(#1907,#1908,#1909),(#1910,#1911,#1912),(#1913,#1914,#1915),
(#1916,#1917,#1918),(#1919,#1920,#1921),(#1922,#1923,#1924),(#1925,#1926,
#1927),(#1928,#1929,#1930),(#1931,#1932,#1933),(#1934,#1935,#1936),(#1937,
#1938,#1939)),.UNSPECIFIED.,.F.,.F.,.F.)
B_SPLINE_SURFACE_WITH_KNOTS((4,1,1,1,1,1,1,1,1,1,1,1,1,1,1,1,1,1,1,1,1,
1,1,1,1,1,4),(3,3),(0.,0.000165707556118273,0.000331415112236547,0.000662830224473093,
0.00099424533670964,0.00132566044894619,0.00198849067341928,0.00265132089789237,
0.00331415112236547,0.00397698134683856,0.00530264179578475,0.00662830224473093,
0.00795396269367712,0.00927962314262331,0.0106052835915695,0.0132566044894619,
0.0159079253873542,0.0185592462852466,0.021210567183139,0.0265132089789237,
0.0318158507747085,0.0344671716726009,0.0371184925704932,0.0384441530194394,
0.0397698134683856,0.0410954739173318,0.042421134366278),(0.,1.),
 .UNSPECIFIED.)
GEOMETRIC_REPRESENTATION_ITEM()
RATIONAL_B_SPLINE_SURFACE(((1.,0.881674598767881,1.),(1.,0.88167402430169,
1.),(1.,0.873652008731399,1.),(1.,0.862079261395658,1.),(1.,0.844903393186943,
1.),(1.,0.826246909854009,1.),(1.,0.805265389233836,1.),(1.,0.785605534653711,
1.),(1.,0.771340297364697,1.),(1.,0.758239713852895,1.),(1.,0.745779013932024,
1.),(1.,0.737788124834966,1.),(1.,0.729211092629987,1.),(1.,0.723436971794255,
1.),(1.,0.720505007911187,1.),(1.,0.716910917340321,1.),(1.,0.721413326174129,
1.),(1.,0.71495770640049,1.),(1.,0.713259380893362,1.),(1.,0.710688642529259,
1.),(1.,0.709051580911753,1.),(1.,0.708027068760905,1.),(1.,0.707393333746748,
1.),(1.,0.707432573110084,1.),(1.,0.707128727487477,1.),(1.,0.706517076278531,
1.),(1.,0.707560944630357,1.),(1.,0.707174399022944,1.),(1.,0.707016218280573,
1.)))
REPRESENTATION_ITEM('')
SURFACE()
);
#51=(
BOUNDED_SURFACE()
B_SPLINE_SURFACE(3,2,((#1956,#1957,#1958),(#1959,#1960,#1961),(#1962,#1963,
#1964),(#1965,#1966,#1967),(#1968,#1969,#1970),(#1971,#1972,#1973),(#1974,
#1975,#1976),(#1977,#1978,#1979),(#1980,#1981,#1982),(#1983,#1984,#1985),
(#1986,#1987,#1988),(#1989,#1990,#1991),(#1992,#1993,#1994),(#1995,#1996,
#1997),(#1998,#1999,#2000),(#2001,#2002,#2003),(#2004,#2005,#2006),(#2007,
#2008,#2009),(#2010,#2011,#2012),(#2013,#2014,#2015),(#2016,#2017,#2018),
(#2019,#2020,#2021),(#2022,#2023,#2024),(#2025,#2026,#2027),(#2028,#2029,
#2030),(#2031,#2032,#2033),(#2034,#2035,#2036),(#2037,#2038,#2039),(#2040,
#2041,#2042)),.UNSPECIFIED.,.F.,.F.,.F.)
B_SPLINE_SURFACE_WITH_KNOTS((4,1,1,1,1,1,1,1,1,1,1,1,1,1,1,1,1,1,1,1,1,
1,1,1,1,1,4),(3,3),(0.,0.000165707556118275,0.00033141511223655,0.000662830224473099,
0.000994245336709649,0.0013256604489462,0.0019884906734193,0.0026513208978924,
0.0033141511223655,0.0039769813468386,0.00530264179578479,0.00662830224473099,
0.00795396269367719,0.00927962314262339,0.0106052835915696,0.013256604489462,
0.0159079253873544,0.0185592462852468,0.0212105671831392,0.026513208978924,
0.0318158507747088,0.0344671716726012,0.0371184925704936,0.0384441530194398,
0.039769813468386,0.0410954739173321,0.0424211343662783),(0.,1.),
 .UNSPECIFIED.)
GEOMETRIC_REPRESENTATION_ITEM()
RATIONAL_B_SPLINE_SURFACE(((1.,0.881674598767881,1.),(1.,0.881674024301762,
1.),(1.,0.873652008731378,1.),(1.,0.862079261395687,1.),(1.,0.844903393186936,
1.),(1.,0.826246909854035,1.),(1.,0.80526538923392,1.),(1.,0.785605534653746,
1.),(1.,0.771340297364753,1.),(1.,0.758239713852918,1.),(1.,0.745779013932062,
1.),(1.,0.737788124835044,1.),(1.,0.729211092630034,1.),(1.,0.723436971794296,
1.),(1.,0.72050500791123,1.),(1.,0.716910917340362,1.),(1.,0.721413326174189,
1.),(1.,0.714957706400528,1.),(1.,0.713259380893408,1.),(1.,0.710688642529332,
1.),(1.,0.709051580911814,1.),(1.,0.708027068760967,1.),(1.,0.707393333746857,
1.),(1.,0.707432573109969,1.),(1.,0.707128727487646,1.),(1.,0.706517076277981,
1.),(1.,0.70756094463238,1.),(1.,0.707174399018864,1.),(1.,0.707016218280622,
1.)))
REPRESENTATION_ITEM('')
SURFACE()
);
#52=CYLINDRICAL_SURFACE('',#601,7.5);
#53=CYLINDRICAL_SURFACE('',#604,7.5);
#54=CIRCLE('',#596,7.);
#55=CIRCLE('',#597,7.);
#56=CIRCLE('',#600,6.5);
#57=CIRCLE('',#602,7.5);
#58=CIRCLE('',#603,7.5);
#59=CIRCLE('',#605,7.5);
#60=CIRCLE('',#606,7.5);
#61=CIRCLE('',#608,6.5);
#62=CIRCLE('',#609,1.);
#63=CIRCLE('',#610,1.);
#64=CIRCLE('',#611,1.);
#65=CIRCLE('',#612,1.);
#66=CIRCLE('',#613,1.);
#67=CIRCLE('',#614,1.);
#68=CIRCLE('',#616,1.);
#69=CIRCLE('',#617,1.);
#70=CIRCLE('',#618,1.);
#71=CIRCLE('',#619,1.);
#72=CIRCLE('',#620,1.);
#73=CIRCLE('',#622,1.);
#74=CIRCLE('',#623,0.5);
#75=CIRCLE('',#624,0.5);
#76=CIRCLE('',#625,0.5);
#77=CIRCLE('',#626,0.5);
#78=CIRCLE('',#627,0.5);
#79=CIRCLE('',#629,0.5);
#80=CIRCLE('',#631,0.5);
#81=CIRCLE('',#632,0.5);
#82=CIRCLE('',#633,0.5);
#83=CIRCLE('',#634,0.5);
#84=PLANE('',#595);
#85=PLANE('',#598);
#86=PLANE('',#599);
#87=PLANE('',#607);
#88=ORIENTED_EDGE('',*,*,#264,.F.);
#89=ORIENTED_EDGE('',*,*,#265,.T.);
#90=ORIENTED_EDGE('',*,*,#266,.T.);
#91=ORIENTED_EDGE('',*,*,#267,.T.);
#92=ORIENTED_EDGE('',*,*,#268,.T.);
#93=ORIENTED_EDGE('',*,*,#269,.T.);
#94=ORIENTED_EDGE('',*,*,#270,.T.);
#95=ORIENTED_EDGE('',*,*,#271,.T.);
#96=ORIENTED_EDGE('',*,*,#272,.T.);
#97=ORIENTED_EDGE('',*,*,#273,.T.);
#98=ORIENTED_EDGE('',*,*,#274,.T.);
#99=ORIENTED_EDGE('',*,*,#275,.T.);
#100=ORIENTED_EDGE('',*,*,#276,.T.);
#101=ORIENTED_EDGE('',*,*,#266,.F.);
#102=ORIENTED_EDGE('',*,*,#277,.T.);
#103=ORIENTED_EDGE('',*,*,#264,.T.);
#104=ORIENTED_EDGE('',*,*,#278,.T.);
#105=ORIENTED_EDGE('',*,*,#279,.T.);
#106=ORIENTED_EDGE('',*,*,#280,.T.);
#107=ORIENTED_EDGE('',*,*,#281,.T.);
#108=ORIENTED_EDGE('',*,*,#282,.T.);
#109=ORIENTED_EDGE('',*,*,#283,.T.);
#110=ORIENTED_EDGE('',*,*,#284,.T.);
#111=ORIENTED_EDGE('',*,*,#285,.T.);
#112=ORIENTED_EDGE('',*,*,#286,.T.);
#113=ORIENTED_EDGE('',*,*,#287,.T.);
#114=ORIENTED_EDGE('',*,*,#288,.T.);
#115=ORIENTED_EDGE('',*,*,#289,.T.);
#116=ORIENTED_EDGE('',*,*,#290,.T.);
#117=ORIENTED_EDGE('',*,*,#291,.T.);
#118=ORIENTED_EDGE('',*,*,#292,.T.);
#119=ORIENTED_EDGE('',*,*,#293,.T.);
#120=ORIENTED_EDGE('',*,*,#294,.T.);
#121=ORIENTED_EDGE('',*,*,#295,.T.);
#122=ORIENTED_EDGE('',*,*,#296,.T.);
#123=ORIENTED_EDGE('',*,*,#297,.T.);
#124=ORIENTED_EDGE('',*,*,#298,.T.);
#125=ORIENTED_EDGE('',*,*,#299,.T.);
#126=ORIENTED_EDGE('',*,*,#300,.T.);
#127=ORIENTED_EDGE('',*,*,#301,.T.);
#128=ORIENTED_EDGE('',*,*,#302,.T.);
#129=ORIENTED_EDGE('',*,*,#303,.T.);
#130=ORIENTED_EDGE('',*,*,#304,.T.);
#131=ORIENTED_EDGE('',*,*,#305,.T.);
#132=ORIENTED_EDGE('',*,*,#306,.T.);
#133=ORIENTED_EDGE('',*,*,#307,.T.);
#134=ORIENTED_EDGE('',*,*,#308,.T.);
#135=ORIENTED_EDGE('',*,*,#309,.T.);
#136=ORIENTED_EDGE('',*,*,#310,.T.);
#137=ORIENTED_EDGE('',*,*,#311,.T.);
#138=ORIENTED_EDGE('',*,*,#304,.F.);
#139=ORIENTED_EDGE('',*,*,#312,.T.);
#140=ORIENTED_EDGE('',*,*,#286,.F.);
#141=ORIENTED_EDGE('',*,*,#285,.F.);
#142=ORIENTED_EDGE('',*,*,#313,.T.);
#143=ORIENTED_EDGE('',*,*,#308,.F.);
#144=ORIENTED_EDGE('',*,*,#314,.T.);
#145=ORIENTED_EDGE('',*,*,#275,.F.);
#146=ORIENTED_EDGE('',*,*,#315,.T.);
#147=ORIENTED_EDGE('',*,*,#268,.F.);
#148=ORIENTED_EDGE('',*,*,#316,.T.);
#149=ORIENTED_EDGE('',*,*,#306,.F.);
#150=ORIENTED_EDGE('',*,*,#317,.T.);
#151=ORIENTED_EDGE('',*,*,#269,.F.);
#152=ORIENTED_EDGE('',*,*,#279,.F.);
#153=ORIENTED_EDGE('',*,*,#318,.T.);
#154=ORIENTED_EDGE('',*,*,#302,.F.);
#155=ORIENTED_EDGE('',*,*,#319,.T.);
#156=ORIENTED_EDGE('',*,*,#320,.F.);
#157=ORIENTED_EDGE('',*,*,#280,.F.);
#158=ORIENTED_EDGE('',*,*,#321,.F.);
#159=ORIENTED_EDGE('',*,*,#282,.F.);
#160=ORIENTED_EDGE('',*,*,#322,.F.);
#161=ORIENTED_EDGE('',*,*,#300,.F.);
#162=ORIENTED_EDGE('',*,*,#323,.F.);
#163=ORIENTED_EDGE('',*,*,#324,.F.);
#164=ORIENTED_EDGE('',*,*,#284,.F.);
#165=ORIENTED_EDGE('',*,*,#325,.F.);
#166=ORIENTED_EDGE('',*,*,#321,.T.);
#167=ORIENTED_EDGE('',*,*,#319,.F.);
#168=ORIENTED_EDGE('',*,*,#326,.F.);
#169=ORIENTED_EDGE('',*,*,#281,.F.);
#170=ORIENTED_EDGE('',*,*,#320,.T.);
#171=ORIENTED_EDGE('',*,*,#327,.F.);
#172=ORIENTED_EDGE('',*,*,#322,.T.);
#173=ORIENTED_EDGE('',*,*,#283,.F.);
#174=ORIENTED_EDGE('',*,*,#323,.T.);
#175=ORIENTED_EDGE('',*,*,#328,.F.);
#176=ORIENTED_EDGE('',*,*,#325,.T.);
#177=ORIENTED_EDGE('',*,*,#313,.F.);
#178=ORIENTED_EDGE('',*,*,#324,.T.);
#179=ORIENTED_EDGE('',*,*,#329,.F.);
#180=ORIENTED_EDGE('',*,*,#326,.T.);
#181=ORIENTED_EDGE('',*,*,#305,.F.);
#182=ORIENTED_EDGE('',*,*,#329,.T.);
#183=ORIENTED_EDGE('',*,*,#328,.T.);
#184=ORIENTED_EDGE('',*,*,#301,.F.);
#185=ORIENTED_EDGE('',*,*,#327,.T.);
#186=ORIENTED_EDGE('',*,*,#330,.F.);
#187=ORIENTED_EDGE('',*,*,#270,.F.);
#188=ORIENTED_EDGE('',*,*,#331,.F.);
#189=ORIENTED_EDGE('',*,*,#272,.F.);
#190=ORIENTED_EDGE('',*,*,#332,.F.);
#191=ORIENTED_EDGE('',*,*,#310,.F.);
#192=ORIENTED_EDGE('',*,*,#333,.F.);
#193=ORIENTED_EDGE('',*,*,#331,.T.);
#194=ORIENTED_EDGE('',*,*,#317,.F.);
#195=ORIENTED_EDGE('',*,*,#334,.F.);
#196=ORIENTED_EDGE('',*,*,#271,.F.);
#197=ORIENTED_EDGE('',*,*,#330,.T.);
#198=ORIENTED_EDGE('',*,*,#335,.F.);
#199=ORIENTED_EDGE('',*,*,#332,.T.);
#200=ORIENTED_EDGE('',*,*,#273,.F.);
#201=ORIENTED_EDGE('',*,*,#333,.T.);
#202=ORIENTED_EDGE('',*,*,#336,.F.);
#203=ORIENTED_EDGE('',*,*,#337,.F.);
#204=ORIENTED_EDGE('',*,*,#334,.T.);
#205=ORIENTED_EDGE('',*,*,#309,.F.);
#206=ORIENTED_EDGE('',*,*,#338,.F.);
#207=ORIENTED_EDGE('',*,*,#336,.T.);
#208=ORIENTED_EDGE('',*,*,#311,.F.);
#209=ORIENTED_EDGE('',*,*,#335,.T.);
#210=ORIENTED_EDGE('',*,*,#274,.F.);
#211=ORIENTED_EDGE('',*,*,#337,.T.);
#212=ORIENTED_EDGE('',*,*,#339,.F.);
#213=ORIENTED_EDGE('',*,*,#338,.T.);
#214=ORIENTED_EDGE('',*,*,#315,.F.);
#215=ORIENTED_EDGE('',*,*,#339,.T.);
#216=ORIENTED_EDGE('',*,*,#340,.F.);
#217=ORIENTED_EDGE('',*,*,#267,.F.);
#218=ORIENTED_EDGE('',*,*,#341,.F.);
#219=ORIENTED_EDGE('',*,*,#294,.F.);
#220=ORIENTED_EDGE('',*,*,#341,.T.);
#221=ORIENTED_EDGE('',*,*,#287,.F.);
#222=ORIENTED_EDGE('',*,*,#342,.F.);
#223=ORIENTED_EDGE('',*,*,#295,.F.);
#224=ORIENTED_EDGE('',*,*,#340,.T.);
#225=ORIENTED_EDGE('',*,*,#293,.F.);
#226=ORIENTED_EDGE('',*,*,#343,.F.);
#227=ORIENTED_EDGE('',*,*,#316,.F.);
#228=ORIENTED_EDGE('',*,*,#342,.T.);
#229=ORIENTED_EDGE('',*,*,#312,.F.);
#230=ORIENTED_EDGE('',*,*,#344,.F.);
#231=ORIENTED_EDGE('',*,*,#296,.F.);
#232=ORIENTED_EDGE('',*,*,#343,.T.);
#233=ORIENTED_EDGE('',*,*,#292,.F.);
#234=ORIENTED_EDGE('',*,*,#345,.F.);
#235=ORIENTED_EDGE('',*,*,#307,.F.);
#236=ORIENTED_EDGE('',*,*,#344,.T.);
#237=ORIENTED_EDGE('',*,*,#303,.F.);
#238=ORIENTED_EDGE('',*,*,#346,.F.);
#239=ORIENTED_EDGE('',*,*,#297,.F.);
#240=ORIENTED_EDGE('',*,*,#345,.T.);
#241=ORIENTED_EDGE('',*,*,#291,.F.);
#242=ORIENTED_EDGE('',*,*,#347,.F.);
#243=ORIENTED_EDGE('',*,*,#314,.F.);
#244=ORIENTED_EDGE('',*,*,#346,.T.);
#245=ORIENTED_EDGE('',*,*,#318,.F.);
#246=ORIENTED_EDGE('',*,*,#348,.F.);
#247=ORIENTED_EDGE('',*,*,#288,.F.);
#248=ORIENTED_EDGE('',*,*,#347,.T.);
#249=ORIENTED_EDGE('',*,*,#290,.F.);
#250=ORIENTED_EDGE('',*,*,#349,.F.);
#251=ORIENTED_EDGE('',*,*,#276,.F.);
#252=ORIENTED_EDGE('',*,*,#348,.T.);
#253=ORIENTED_EDGE('',*,*,#278,.F.);
#254=ORIENTED_EDGE('',*,*,#349,.T.);
#255=ORIENTED_EDGE('',*,*,#289,.F.);
#256=ORIENTED_EDGE('',*,*,#350,.F.);
#257=ORIENTED_EDGE('',*,*,#298,.F.);
#258=ORIENTED_EDGE('',*,*,#351,.F.);
#259=ORIENTED_EDGE('',*,*,#265,.F.);
#260=ORIENTED_EDGE('',*,*,#351,.T.);
#261=ORIENTED_EDGE('',*,*,#299,.F.);
#262=ORIENTED_EDGE('',*,*,#350,.T.);
#263=ORIENTED_EDGE('',*,*,#277,.F.);
#264=EDGE_CURVE('',#352,#353,#402,.T.);
#265=EDGE_CURVE('',#352,#354,#403,.T.);
#266=EDGE_CURVE('',#354,#355,#404,.T.);
#267=EDGE_CURVE('',#355,#356,#405,.T.);
#268=EDGE_CURVE('',#356,#357,#406,.T.);
#269=EDGE_CURVE('',#357,#358,#407,.T.);
#270=EDGE_CURVE('',#358,#359,#408,.T.);
#271=EDGE_CURVE('',#359,#360,#409,.T.);
#272=EDGE_CURVE('',#360,#361,#410,.T.);
#273=EDGE_CURVE('',#361,#362,#411,.T.);
#274=EDGE_CURVE('',#362,#363,#412,.T.);
#275=EDGE_CURVE('',#363,#364,#413,.T.);
#276=EDGE_CURVE('',#364,#353,#414,.T.);
#277=EDGE_CURVE('',#354,#352,#415,.T.);
#278=EDGE_CURVE('',#353,#365,#416,.T.);
#279=EDGE_CURVE('',#365,#366,#417,.T.);
#280=EDGE_CURVE('',#366,#367,#418,.T.);
#281=EDGE_CURVE('',#367,#368,#419,.T.);
#282=EDGE_CURVE('',#368,#369,#420,.T.);
#283=EDGE_CURVE('',#369,#370,#421,.T.);
#284=EDGE_CURVE('',#370,#371,#422,.T.);
#285=EDGE_CURVE('',#371,#372,#423,.T.);
#286=EDGE_CURVE('',#372,#373,#424,.T.);
#287=EDGE_CURVE('',#373,#355,#425,.T.);
#288=EDGE_CURVE('',#374,#375,#426,.T.);
#289=EDGE_CURVE('',#375,#376,#427,.T.);
#290=EDGE_CURVE('',#376,#377,#428,.T.);
#291=EDGE_CURVE('',#377,#378,#429,.T.);
#292=EDGE_CURVE('',#378,#379,#54,.T.);
#293=EDGE_CURVE('',#379,#380,#430,.T.);
#294=EDGE_CURVE('',#380,#381,#431,.T.);
#295=EDGE_CURVE('',#381,#382,#432,.T.);
#296=EDGE_CURVE('',#382,#383,#433,.T.);
#297=EDGE_CURVE('',#383,#374,#55,.T.);
#298=EDGE_CURVE('',#384,#385,#434,.T.);
#299=EDGE_CURVE('',#385,#384,#435,.T.);
#300=EDGE_CURVE('',#386,#387,#436,.T.);
#301=EDGE_CURVE('',#387,#386,#56,.T.);
#302=EDGE_CURVE('',#388,#389,#437,.T.);
#303=EDGE_CURVE('',#389,#390,#57,.F.);
#304=EDGE_CURVE('',#390,#391,#438,.T.);
#305=EDGE_CURVE('',#391,#388,#58,.F.);
#306=EDGE_CURVE('',#392,#393,#439,.T.);
#307=EDGE_CURVE('',#393,#394,#59,.F.);
#308=EDGE_CURVE('',#394,#395,#440,.T.);
#309=EDGE_CURVE('',#395,#392,#60,.F.);
#310=EDGE_CURVE('',#396,#397,#441,.T.);
#311=EDGE_CURVE('',#397,#396,#61,.T.);
#312=EDGE_CURVE('',#390,#373,#442,.T.);
#313=EDGE_CURVE('',#371,#391,#443,.T.);
#314=EDGE_CURVE('',#394,#364,#444,.T.);
#315=EDGE_CURVE('',#363,#395,#445,.T.);
#316=EDGE_CURVE('',#356,#393,#446,.T.);
#317=EDGE_CURVE('',#392,#358,#447,.T.);
#318=EDGE_CURVE('',#365,#389,#448,.T.);
#319=EDGE_CURVE('',#388,#366,#449,.T.);
#320=EDGE_CURVE('',#367,#398,#62,.F.);
#321=EDGE_CURVE('',#398,#366,#450,.T.);
#322=EDGE_CURVE('',#387,#368,#63,.T.);
#323=EDGE_CURVE('',#369,#386,#64,.T.);
#324=EDGE_CURVE('',#371,#399,#451,.T.);
#325=EDGE_CURVE('',#399,#370,#65,.F.);
#326=EDGE_CURVE('',#398,#388,#66,.T.);
#327=EDGE_CURVE('',#387,#398,#452,.T.);
#328=EDGE_CURVE('',#399,#386,#453,.T.);
#329=EDGE_CURVE('',#391,#399,#67,.T.);
#330=EDGE_CURVE('',#359,#400,#68,.F.);
#331=EDGE_CURVE('',#400,#358,#454,.T.);
#332=EDGE_CURVE('',#397,#360,#69,.T.);
#333=EDGE_CURVE('',#361,#396,#70,.T.);
#334=EDGE_CURVE('',#400,#392,#71,.T.);
#335=EDGE_CURVE('',#397,#400,#455,.T.);
#336=EDGE_CURVE('',#401,#396,#456,.T.);
#337=EDGE_CURVE('',#362,#401,#72,.T.);
#338=EDGE_CURVE('',#401,#395,#73,.T.);
#339=EDGE_CURVE('',#363,#401,#457,.T.);
#340=EDGE_CURVE('',#356,#380,#74,.T.);
#341=EDGE_CURVE('',#381,#355,#75,.T.);
#342=EDGE_CURVE('',#382,#373,#76,.T.);
#343=EDGE_CURVE('',#393,#379,#77,.T.);
#344=EDGE_CURVE('',#383,#390,#78,.T.);
#345=EDGE_CURVE('',#394,#378,#79,.T.);
#346=EDGE_CURVE('',#374,#389,#80,.T.);
#347=EDGE_CURVE('',#364,#377,#81,.T.);
#348=EDGE_CURVE('',#375,#365,#82,.T.);
#349=EDGE_CURVE('',#353,#376,#458,.T.);
#350=EDGE_CURVE('',#385,#352,#459,.F.);
#351=EDGE_CURVE('',#354,#384,#83,.T.);
#352=VERTEX_POINT('',#834);
#353=VERTEX_POINT('',#835);
#354=VERTEX_POINT('',#856);
#355=VERTEX_POINT('',#861);
#356=VERTEX_POINT('',#876);
#357=VERTEX_POINT('',#881);
#358=VERTEX_POINT('',#886);
#359=VERTEX_POINT('',#891);
#360=VERTEX_POINT('',#896);
#361=VERTEX_POINT('',#901);
#362=VERTEX_POINT('',#906);
#363=VERTEX_POINT('',#911);
#364=VERTEX_POINT('',#916);
#365=VERTEX_POINT('',#1067);
#366=VERTEX_POINT('',#1072);
#367=VERTEX_POINT('',#1077);
#368=VERTEX_POINT('',#1082);
#369=VERTEX_POINT('',#1087);
#370=VERTEX_POINT('',#1092);
#371=VERTEX_POINT('',#1097);
#372=VERTEX_POINT('',#1102);
#373=VERTEX_POINT('',#1107);
#374=VERTEX_POINT('',#1127);
#375=VERTEX_POINT('',#1128);
#376=VERTEX_POINT('',#1135);
#377=VERTEX_POINT('',#1142);
#378=VERTEX_POINT('',#1147);
#379=VERTEX_POINT('',#1149);
#380=VERTEX_POINT('',#1154);
#381=VERTEX_POINT('',#1170);
#382=VERTEX_POINT('',#1186);
#383=VERTEX_POINT('',#1191);
#384=VERTEX_POINT('',#1215);
#385=VERTEX_POINT('',#1216);
#386=VERTEX_POINT('',#1243);
#387=VERTEX_POINT('',#1244);
#388=VERTEX_POINT('',#1251);
#389=VERTEX_POINT('',#1252);
#390=VERTEX_POINT('',#1254);
#391=VERTEX_POINT('',#1259);
#392=VERTEX_POINT('',#1266);
#393=VERTEX_POINT('',#1267);
#394=VERTEX_POINT('',#1269);
#395=VERTEX_POINT('',#1274);
#396=VERTEX_POINT('',#1281);
#397=VERTEX_POINT('',#1282);
#398=VERTEX_POINT('',#1380);
#399=VERTEX_POINT('',#1420);
#400=VERTEX_POINT('',#1500);
#401=VERTEX_POINT('',#1565);
#402=B_SPLINE_CURVE_WITH_KNOTS('',3,(#830,#831,#832,#833),.UNSPECIFIED.,
 .F.,.F.,(4,4),(0.,1.),.PIECEWISE_BEZIER_KNOTS.);
#403=B_SPLINE_CURVE_WITH_KNOTS('',3,(#836,#837,#838,#839,#840,#841,#842,
#843,#844,#845,#846,#847,#848,#849,#850,#851,#852,#853,#854,#855),
 .UNSPECIFIED.,.F.,.F.,(4,1,1,1,1,1,1,1,1,1,1,1,1,1,1,1,1,4),(1.41196261246345E-17,
0.00131701250356983,0.00263402500713964,0.00526805001427927,0.0079020750214189,
0.0105361000285585,0.0158041500428378,0.021072200057117,0.0263402500713963,
0.0289742750785359,0.0316083000856756,0.0342423250928152,0.0368763500999548,
0.0381933626035246,0.0395103751070944,0.0408273876106643,0.0414858938624492,
0.0421444001142341),.UNSPECIFIED.);
#404=B_SPLINE_CURVE_WITH_KNOTS('',3,(#857,#858,#859,#860),.UNSPECIFIED.,
 .F.,.F.,(4,4),(0.,1.),.PIECEWISE_BEZIER_KNOTS.);
#405=B_SPLINE_CURVE_WITH_KNOTS('',3,(#862,#863,#864,#865,#866,#867,#868,
#869,#870,#871,#872,#873,#874,#875),.UNSPECIFIED.,.F.,.F.,(4,1,1,1,1,1,
1,1,1,1,1,4),(-5.99999999664005E-8,0.00105963796938995,0.00211933593877986,
0.00423873187755968,0.00635812781633951,0.00847752375511933,0.012716315632679,
0.0169551075102386,0.0211938993877983,0.0254326912653579,0.0296714831429176,
0.0339102750204772),.UNSPECIFIED.);
#406=B_SPLINE_CURVE_WITH_KNOTS('',3,(#877,#878,#879,#880),.UNSPECIFIED.,
 .F.,.F.,(4,4),(0.000512332028347811,0.00639457947295596),.UNSPECIFIED.);
#407=B_SPLINE_CURVE_WITH_KNOTS('',3,(#882,#883,#884,#885),.UNSPECIFIED.,
 .F.,.F.,(4,4),(-5.99999999990318E-8,0.000638887375741119),
 .UNSPECIFIED.);
#408=B_SPLINE_CURVE_WITH_KNOTS('',3,(#887,#888,#889,#890),.UNSPECIFIED.,
 .F.,.F.,(4,4),(-1.06984979760768E-5,0.0034867164902241),.UNSPECIFIED.);
#409=B_SPLINE_CURVE_WITH_KNOTS('',3,(#892,#893,#894,#895),.UNSPECIFIED.,
 .F.,.F.,(4,4),(0.,0.00110027476312504),.UNSPECIFIED.);
#410=B_SPLINE_CURVE_WITH_KNOTS('',3,(#897,#898,#899,#900),.UNSPECIFIED.,
 .F.,.F.,(4,4),(0.00148992563308075,0.00963286651560933),.UNSPECIFIED.);
#411=B_SPLINE_CURVE_WITH_KNOTS('',3,(#902,#903,#904,#905),.UNSPECIFIED.,
 .F.,.F.,(4,4),(0.,0.00112397427972253),.UNSPECIFIED.);
#412=B_SPLINE_CURVE_WITH_KNOTS('',3,(#907,#908,#909,#910),.UNSPECIFIED.,
 .F.,.F.,(4,4),(8.67361737988403E-19,0.0035059139997122),.UNSPECIFIED.);
#413=B_SPLINE_CURVE_WITH_KNOTS('',3,(#912,#913,#914,#915),.UNSPECIFIED.,
 .F.,.F.,(4,4),(0.000990090521486069,0.00749630959428414),.UNSPECIFIED.);
#414=B_SPLINE_CURVE_WITH_KNOTS('',3,(#917,#918,#919,#920,#921,#922,#923,
#924,#925),.UNSPECIFIED.,.F.,.F.,(4,1,1,1,1,1,4),(1.41196261246344E-17,
0.00822751068940236,0.0164550213788047,0.0205687767235059,0.024682532068207,
0.0287962874129082,0.0329100427576094),.UNSPECIFIED.);
#415=B_SPLINE_CURVE_WITH_KNOTS('',3,(#1038,#1039,#1040,#1041,#1042,#1043,
#1044,#1045,#1046,#1047,#1048,#1049,#1050,#1051,#1052,#1053,#1054,#1055,
#1056,#1057),.UNSPECIFIED.,.F.,.F.,(4,1,1,1,1,1,1,1,1,1,1,1,1,1,1,1,1,4),
(-5.99999998765518E-8,0.000669186155314761,0.0013384323106294,0.00267692462125867,
0.00401541693188795,0.00535390924251722,0.00803089386377578,0.0107078784850343,
0.0133848631062929,0.0160618477275514,0.0214158169700685,0.0267697862125856,
0.0321237554551027,0.0348007400763613,0.0374777246976198,0.0401547093188784,
0.0414932016295077,0.0428316939401369),.UNSPECIFIED.);
#416=B_SPLINE_CURVE_WITH_KNOTS('',3,(#1058,#1059,#1060,#1061,#1062,#1063,
#1064,#1065,#1066),.UNSPECIFIED.,.F.,.F.,(4,1,1,1,1,1,4),(8.14026193548895E-15,
0.00411549692567704,0.00823099385134593,0.0123464907770148,0.0164619877026837,
0.0246929815540215,0.0329239754053593),.UNSPECIFIED.);
#417=B_SPLINE_CURVE_WITH_KNOTS('',3,(#1068,#1069,#1070,#1071),
 .UNSPECIFIED.,.F.,.F.,(4,4),(0.000504658092525637,0.007010877273004),
 .UNSPECIFIED.);
#418=B_SPLINE_CURVE_WITH_KNOTS('',3,(#1073,#1074,#1075,#1076),
 .UNSPECIFIED.,.F.,.F.,(4,4),(-1.08926431744747E-5,0.00350002288443299),
 .UNSPECIFIED.);
#419=B_SPLINE_CURVE_WITH_KNOTS('',3,(#1078,#1079,#1080,#1081),
 .UNSPECIFIED.,.F.,.F.,(4,4),(0.,0.0011239742796981),.UNSPECIFIED.);
#420=B_SPLINE_CURVE_WITH_KNOTS('',3,(#1083,#1084,#1085,#1086),
 .UNSPECIFIED.,.F.,.F.,(4,4),(0.00148734673452228,0.00963044487390922),
 .UNSPECIFIED.);
#421=B_SPLINE_CURVE_WITH_KNOTS('',3,(#1088,#1089,#1090,#1091),
 .UNSPECIFIED.,.F.,.F.,(4,4),(0.,0.00110027476312702),.UNSPECIFIED.);
#422=B_SPLINE_CURVE_WITH_KNOTS('',3,(#1093,#1094,#1095,#1096),
 .UNSPECIFIED.,.F.,.F.,(4,4),(4.67088590647017E-18,0.00348155460378928),
 .UNSPECIFIED.);
#423=B_SPLINE_CURVE_WITH_KNOTS('',3,(#1098,#1099,#1100,#1101),
 .UNSPECIFIED.,.F.,.F.,(4,4),(0.000970785824931453,0.00160973320070111),
 .UNSPECIFIED.);
#424=B_SPLINE_CURVE_WITH_KNOTS('',3,(#1103,#1104,#1105,#1106),
 .UNSPECIFIED.,.F.,.F.,(4,4),(-6.0000000003033E-8,0.00588219162199951),
 .UNSPECIFIED.);
#425=B_SPLINE_CURVE_WITH_KNOTS('',3,(#1108,#1109,#1110,#1111,#1112,#1113,
#1114,#1115,#1116,#1117,#1118,#1119,#1120,#1121),.UNSPECIFIED.,.F.,.F.,
(4,1,1,1,1,1,1,1,1,1,1,4),(6.99289389267471E-18,0.00417620910965079,0.00835241821930157,
0.0125286273289523,0.0167048364386031,0.0208810455482539,0.0250572546579047,
0.0271453592127301,0.0292334637675555,0.0313215683223809,0.0323656205997936,
0.0334096728772063),.UNSPECIFIED.);
#426=B_SPLINE_CURVE_WITH_KNOTS('',3,(#1123,#1124,#1125,#1126),
 .UNSPECIFIED.,.F.,.F.,(4,4),(0.,0.00348087472443164),.UNSPECIFIED.);
#427=B_SPLINE_CURVE_WITH_KNOTS('',3,(#1129,#1130,#1131,#1132,#1133,#1134),
 .UNSPECIFIED.,.F.,.F.,(4,1,1,4),(0.,0.0144426263235577,0.0216639394853366,
0.0288852526471154),.UNSPECIFIED.);
#428=B_SPLINE_CURVE_WITH_KNOTS('',3,(#1136,#1137,#1138,#1139,#1140,#1141),
 .UNSPECIFIED.,.F.,.F.,(4,1,1,4),(0.,0.00722131316177879,0.0144426263235576,
0.0288852526471152),.UNSPECIFIED.);
#429=B_SPLINE_CURVE_WITH_KNOTS('',3,(#1143,#1144,#1145,#1146),
 .UNSPECIFIED.,.F.,.F.,(4,4),(0.,0.00348087409920784),.UNSPECIFIED.);
#430=B_SPLINE_CURVE_WITH_KNOTS('',3,(#1150,#1151,#1152,#1153),
 .UNSPECIFIED.,.F.,.F.,(4,4),(0.,0.00345979507847942),.UNSPECIFIED.);
#431=B_SPLINE_CURVE_WITH_KNOTS('',3,(#1155,#1156,#1157,#1158,#1159,#1160,
#1161,#1162,#1163,#1164,#1165,#1166,#1167,#1168,#1169),.UNSPECIFIED.,.F.,
 .F.,(4,1,1,1,1,1,1,1,1,1,1,1,4),(0.,0.00409164837919399,0.00818329675838798,
0.012274945137582,0.016366593516776,0.02045824189597,0.022504066085567,
0.024549890275164,0.0265957144647609,0.0286415386543579,0.0306873628439549,
0.0317102749387534,0.0327331870335519),.UNSPECIFIED.);
#432=B_SPLINE_CURVE_WITH_KNOTS('',3,(#1171,#1172,#1173,#1174,#1175,#1176,
#1177,#1178,#1179,#1180,#1181,#1182,#1183,#1184,#1185),.UNSPECIFIED.,.F.,
 .F.,(4,1,1,1,1,1,1,1,1,1,1,1,4),(0.,0.00103596784363789,0.00207193568727577,
0.00414387137455155,0.00621580706182732,0.00828774274910309,0.0103596784363789,
0.0124316141236546,0.0165754854982062,0.0207193568727577,0.0248632282473093,
0.0290070996218608,0.0331509709964124),.UNSPECIFIED.);
#433=B_SPLINE_CURVE_WITH_KNOTS('',3,(#1187,#1188,#1189,#1190),
 .UNSPECIFIED.,.F.,.F.,(4,4),(1.7347234759768E-18,0.00345982485258265),
 .UNSPECIFIED.);
#434=B_SPLINE_CURVE_WITH_KNOTS('',3,(#1194,#1195,#1196,#1197,#1198,#1199,
#1200,#1201,#1202,#1203,#1204,#1205,#1206,#1207,#1208,#1209,#1210,#1211,
#1212,#1213,#1214),.UNSPECIFIED.,.F.,.F.,(4,1,1,1,1,1,1,1,1,1,1,1,1,1,1,
1,1,1,4),(0.,0.00029453282696738,0.000589065653934759,0.00117813130786952,
0.00176719696180428,0.00235626261573904,0.00353439392360856,0.00471252523147807,
0.00589065653934759,0.00706878784721711,0.00942505046295615,0.0117813130786952,
0.0141375756944342,0.0164938383101733,0.0188501009259123,0.0235626261573904,
0.0282751513888684,0.0329876766203465,0.0377002018518246),.UNSPECIFIED.);
#435=B_SPLINE_CURVE_WITH_KNOTS('',3,(#1217,#1218,#1219,#1220,#1221,#1222,
#1223,#1224,#1225,#1226,#1227,#1228,#1229,#1230,#1231,#1232,#1233,#1234,
#1235,#1236,#1237),.UNSPECIFIED.,.F.,.F.,(4,1,1,1,1,1,1,1,1,1,1,1,1,1,1,
1,1,1,4),(0.,0.00462824152148547,0.00925648304297093,0.0138847245644564,
0.0185129660859419,0.0208270868466846,0.0231412076074273,0.0254553283681701,
0.0277694491289128,0.0300835698896555,0.0312406302700269,0.0323976906503983,
0.0335547510307696,0.034711811411141,0.0352903416013267,0.0358688717915124,
0.036447401981698,0.0367366670767909,0.0370259321718837),.UNSPECIFIED.);
#436=B_SPLINE_CURVE_WITH_KNOTS('',3,(#1239,#1240,#1241,#1242),
 .UNSPECIFIED.,.F.,.F.,(4,4),(0.00149629340326721,0.00966634582460637),
 .UNSPECIFIED.);
#437=B_SPLINE_CURVE_WITH_KNOTS('',3,(#1247,#1248,#1249,#1250),
 .UNSPECIFIED.,.F.,.F.,(4,4),(0.0010000440842009,0.00750030630617237),
 .UNSPECIFIED.);
#438=B_SPLINE_CURVE_WITH_KNOTS('',3,(#1255,#1256,#1257,#1258),
 .UNSPECIFIED.,.F.,.F.,(4,4),(0.00050012959521018,0.00700215985194684),
 .UNSPECIFIED.);
#439=B_SPLINE_CURVE_WITH_KNOTS('',3,(#1262,#1263,#1264,#1265),
 .UNSPECIFIED.,.F.,.F.,(4,4),(0.00100040534100426,0.0075024318184093),
 .UNSPECIFIED.);
#440=B_SPLINE_CURVE_WITH_KNOTS('',3,(#1270,#1271,#1272,#1273),
 .UNSPECIFIED.,.F.,.F.,(4,4),(0.000500018639864424,0.00700028088772765),
 .UNSPECIFIED.);
#441=B_SPLINE_CURVE_WITH_KNOTS('',3,(#1277,#1278,#1279,#1280),
 .UNSPECIFIED.,.F.,.F.,(4,4),(0.00149114684882625,0.00966135769266674),
 .UNSPECIFIED.);
#442=B_SPLINE_CURVE_WITH_KNOTS('',3,(#1296,#1297,#1298,#1299),
 .UNSPECIFIED.,.F.,.F.,(4,4),(4.33680868994202E-18,0.00302115087864593),
 .UNSPECIFIED.);
#443=B_SPLINE_CURVE_WITH_KNOTS('',3,(#1300,#1301,#1302,#1303),
 .UNSPECIFIED.,.F.,.F.,(4,4),(1.39857877853494E-17,0.00309450991142216),
 .UNSPECIFIED.);
#444=B_SPLINE_CURVE_WITH_KNOTS('',3,(#1316,#1317,#1318,#1319),
 .UNSPECIFIED.,.F.,.F.,(4,4),(2.4532694666934E-18,0.00303846148068719),
 .UNSPECIFIED.);
#445=B_SPLINE_CURVE_WITH_KNOTS('',3,(#1320,#1321,#1322,#1323),
 .UNSPECIFIED.,.F.,.F.,(4,4),(7.05981306231726E-18,0.00313551356267646),
 .UNSPECIFIED.);
#446=B_SPLINE_CURVE_WITH_KNOTS('',3,(#1336,#1337,#1338,#1339),
 .UNSPECIFIED.,.F.,.F.,(4,4),(3.46944695195362E-18,0.0030210845968683),
 .UNSPECIFIED.);
#447=B_SPLINE_CURVE_WITH_KNOTS('',3,(#1340,#1341,#1342,#1343),
 .UNSPECIFIED.,.F.,.F.,(4,4),(1.07970128410974E-15,0.00309648430708794),
 .UNSPECIFIED.);
#448=B_SPLINE_CURVE_WITH_KNOTS('',3,(#1356,#1357,#1358,#1359),
 .UNSPECIFIED.,.F.,.F.,(4,4),(0.,0.00303844829404417),.UNSPECIFIED.);
#449=B_SPLINE_CURVE_WITH_KNOTS('',3,(#1360,#1361,#1362,#1363),
 .UNSPECIFIED.,.F.,.F.,(4,4),(4.72612668647218E-17,0.00314344201797367),
 .UNSPECIFIED.);
#450=B_SPLINE_CURVE_WITH_KNOTS('',3,(#1381,#1382,#1383,#1384,#1385),
 .UNSPECIFIED.,.F.,.F.,(4,1,4),(0.,0.5,1.),.UNSPECIFIED.);
#451=B_SPLINE_CURVE_WITH_KNOTS('',3,(#1415,#1416,#1417,#1418,#1419),
 .UNSPECIFIED.,.F.,.F.,(4,1,4),(0.,0.5,1.),.UNSPECIFIED.);
#452=B_SPLINE_CURVE_WITH_KNOTS('',3,(#1447,#1448,#1449,#1450),
 .UNSPECIFIED.,.F.,.F.,(4,4),(0.,1.),.UNSPECIFIED.);
#453=B_SPLINE_CURVE_WITH_KNOTS('',3,(#1463,#1464,#1465,#1466),
 .UNSPECIFIED.,.F.,.F.,(4,4),(0.,1.),.UNSPECIFIED.);
#454=B_SPLINE_CURVE_WITH_KNOTS('',3,(#1501,#1502,#1503,#1504,#1505),
 .UNSPECIFIED.,.F.,.F.,(4,1,4),(0.,0.5,1.),.UNSPECIFIED.);
#455=B_SPLINE_CURVE_WITH_KNOTS('',3,(#1545,#1546,#1547,#1548),
 .UNSPECIFIED.,.F.,.F.,(4,4),(0.,1.),.UNSPECIFIED.);
#456=B_SPLINE_CURVE_WITH_KNOTS('',3,(#1561,#1562,#1563,#1564),
 .UNSPECIFIED.,.F.,.F.,(4,4),(0.,1.),.UNSPECIFIED.);
#457=B_SPLINE_CURVE_WITH_KNOTS('',3,(#1584,#1585,#1586,#1587,#1588),
 .UNSPECIFIED.,.F.,.F.,(4,1,4),(0.,0.5,1.),.UNSPECIFIED.);
#458=B_SPLINE_CURVE_WITH_KNOTS('',3,(#1810,#1811,#1812,#1813,#1814,#1815,
#1816,#1817,#1818,#1819,#1820,#1821,#1822),.UNSPECIFIED.,.F.,.F.,(4,1,1,
1,1,1,1,1,1,1,4),(0.,0.000129772527264699,0.000259545054529398,0.000519090109058797,
0.000778635163588195,0.00103818021811759,0.00155727032717639,0.00207636043623519,
0.00259545054529398,0.00311454065435278,0.00415272087247037),
 .UNSPECIFIED.);
#459=B_SPLINE_CURVE_WITH_KNOTS('',3,(#1940,#1941,#1942,#1943,#1944,#1945,
#1946,#1947,#1948,#1949,#1950,#1951,#1952,#1953,#1954),.UNSPECIFIED.,.F.,
 .F.,(4,1,1,1,1,1,1,1,1,1,1,1,4),(0.,6.99711591356144E-5,0.000139942318271229,
0.000279884636542458,0.000419826954813686,0.000559769273084915,0.000839653909627373,
0.00111953854616983,0.00167930781925475,0.00223907709233966,0.00279884636542457,
0.00335861563850949,0.00447815418467932),.UNSPECIFIED.);
#460=EDGE_LOOP('',(#88,#89,#90,#91,#92,#93,#94,#95,#96,#97,#98,#99,#100));
#461=EDGE_LOOP('',(#101,#102,#103,#104,#105,#106,#107,#108,#109,#110,#111,
#112,#113));
#462=EDGE_LOOP('',(#114,#115,#116,#117,#118,#119,#120,#121,#122,#123));
#463=EDGE_LOOP('',(#124,#125));
#464=EDGE_LOOP('',(#126,#127));
#465=EDGE_LOOP('',(#128,#129,#130,#131));
#466=EDGE_LOOP('',(#132,#133,#134,#135));
#467=EDGE_LOOP('',(#136,#137));
#468=EDGE_LOOP('',(#138,#139,#140,#141,#142));
#469=EDGE_LOOP('',(#143,#144,#145,#146));
#470=EDGE_LOOP('',(#147,#148,#149,#150,#151));
#471=EDGE_LOOP('',(#152,#153,#154,#155));
#472=EDGE_LOOP('',(#156,#157,#158));
#473=EDGE_LOOP('',(#159,#160,#161,#162));
#474=EDGE_LOOP('',(#163,#164,#165));
#475=EDGE_LOOP('',(#166,#167,#168));
#476=EDGE_LOOP('',(#169,#170,#171,#172));
#477=EDGE_LOOP('',(#173,#174,#175,#176));
#478=EDGE_LOOP('',(#177,#178,#179));
#479=EDGE_LOOP('',(#180,#181,#182,#183,#184,#185));
#480=EDGE_LOOP('',(#186,#187,#188));
#481=EDGE_LOOP('',(#189,#190,#191,#192));
#482=EDGE_LOOP('',(#193,#194,#195));
#483=EDGE_LOOP('',(#196,#197,#198,#199));
#484=EDGE_LOOP('',(#200,#201,#202,#203));
#485=EDGE_LOOP('',(#204,#205,#206,#207,#208,#209));
#486=EDGE_LOOP('',(#210,#211,#212));
#487=EDGE_LOOP('',(#213,#214,#215));
#488=EDGE_LOOP('',(#216,#217,#218,#219));
#489=EDGE_LOOP('',(#220,#221,#222,#223));
#490=EDGE_LOOP('',(#224,#225,#226,#227));
#491=EDGE_LOOP('',(#228,#229,#230,#231));
#492=EDGE_LOOP('',(#232,#233,#234,#235));
#493=EDGE_LOOP('',(#236,#237,#238,#239));
#494=EDGE_LOOP('',(#240,#241,#242,#243));
#495=EDGE_LOOP('',(#244,#245,#246,#247));
#496=EDGE_LOOP('',(#248,#249,#250,#251));
#497=EDGE_LOOP('',(#252,#253,#254,#255));
#498=EDGE_LOOP('',(#256,#257,#258,#259));
#499=EDGE_LOOP('',(#260,#261,#262,#263));
#500=FACE_BOUND('',#460,.T.);
#501=FACE_BOUND('',#461,.T.);
#502=FACE_BOUND('',#462,.T.);
#503=FACE_BOUND('',#463,.T.);
#504=FACE_BOUND('',#464,.T.);
#505=FACE_BOUND('',#465,.T.);
#506=FACE_BOUND('',#466,.T.);
#507=FACE_BOUND('',#467,.T.);
#508=FACE_BOUND('',#468,.T.);
#509=FACE_BOUND('',#469,.T.);
#510=FACE_BOUND('',#470,.T.);
#511=FACE_BOUND('',#471,.T.);
#512=FACE_BOUND('',#472,.T.);
#513=FACE_BOUND('',#473,.T.);
#514=FACE_BOUND('',#474,.T.);
#515=FACE_BOUND('',#475,.T.);
#516=FACE_BOUND('',#476,.T.);
#517=FACE_BOUND('',#477,.T.);
#518=FACE_BOUND('',#478,.T.);
#519=FACE_BOUND('',#479,.T.);
#520=FACE_BOUND('',#480,.T.);
#521=FACE_BOUND('',#481,.T.);
#522=FACE_BOUND('',#482,.T.);
#523=FACE_BOUND('',#483,.T.);
#524=FACE_BOUND('',#484,.T.);
#525=FACE_BOUND('',#485,.T.);
#526=FACE_BOUND('',#486,.T.);
#527=FACE_BOUND('',#487,.T.);
#528=FACE_BOUND('',#488,.T.);
#529=FACE_BOUND('',#489,.T.);
#530=FACE_BOUND('',#490,.T.);
#531=FACE_BOUND('',#491,.T.);
#532=FACE_BOUND('',#492,.T.);
#533=FACE_BOUND('',#493,.T.);
#534=FACE_BOUND('',#494,.T.);
#535=FACE_BOUND('',#495,.T.);
#536=FACE_BOUND('',#496,.T.);
#537=FACE_BOUND('',#497,.T.);
#538=FACE_BOUND('',#498,.T.);
#539=FACE_BOUND('',#499,.T.);
#540=B_SPLINE_SURFACE_WITH_KNOTS('',3,3,((#718,#719,#720,#721),(#722,#723,
#724,#725),(#726,#727,#728,#729),(#730,#731,#732,#733),(#734,#735,#736,
#737),(#738,#739,#740,#741),(#742,#743,#744,#745),(#746,#747,#748,#749),
(#750,#751,#752,#753),(#754,#755,#756,#757),(#758,#759,#760,#761),(#762,
#763,#764,#765),(#766,#767,#768,#769),(#770,#771,#772,#773),(#774,#775,
#776,#777),(#778,#779,#780,#781),(#782,#783,#784,#785),(#786,#787,#788,
#789),(#790,#791,#792,#793),(#794,#795,#796,#797),(#798,#799,#800,#801),
(#802,#803,#804,#805),(#806,#807,#808,#809),(#810,#811,#812,#813),(#814,
#815,#816,#817),(#818,#819,#820,#821),(#822,#823,#824,#825),(#826,#827,
#828,#829)),.UNSPECIFIED.,.F.,.F.,.F.,(4,2,2,2,2,2,2,2,2,2,2,2,2,4),(4,
4),(0.,0.03125,0.0625,0.125,0.25,0.5,0.625,0.6875,0.75,0.875,0.9375,0.96875,
0.984375,1.),(0.,0.997594401676505),.UNSPECIFIED.);
#541=B_SPLINE_SURFACE_WITH_KNOTS('',3,3,((#926,#927,#928,#929),(#930,#931,
#932,#933),(#934,#935,#936,#937),(#938,#939,#940,#941),(#942,#943,#944,
#945),(#946,#947,#948,#949),(#950,#951,#952,#953),(#954,#955,#956,#957),
(#958,#959,#960,#961),(#962,#963,#964,#965),(#966,#967,#968,#969),(#970,
#971,#972,#973),(#974,#975,#976,#977),(#978,#979,#980,#981),(#982,#983,
#984,#985),(#986,#987,#988,#989),(#990,#991,#992,#993),(#994,#995,#996,
#997),(#998,#999,#1000,#1001),(#1002,#1003,#1004,#1005),(#1006,#1007,#1008,
#1009),(#1010,#1011,#1012,#1013),(#1014,#1015,#1016,#1017),(#1018,#1019,
#1020,#1021),(#1022,#1023,#1024,#1025),(#1026,#1027,#1028,#1029),(#1030,
#1031,#1032,#1033),(#1034,#1035,#1036,#1037)),.UNSPECIFIED.,.F.,.F.,.F.,
(4,2,2,2,2,2,2,2,2,2,2,2,2,4),(4,4),(0.,0.015625,0.03125,0.0625,0.125,0.25,
0.3125,0.375,0.5,0.75,0.875,0.9375,0.96875,1.),(0.,0.997594401676505),
 .UNSPECIFIED.);
#542=ADVANCED_FACE('',(#500),#540,.T.);
#543=ADVANCED_FACE('',(#501),#541,.T.);
#544=ADVANCED_FACE('',(#502),#84,.T.);
#545=ADVANCED_FACE('',(#503),#85,.F.);
#546=ADVANCED_FACE('',(#504),#86,.T.);
#547=ADVANCED_FACE('',(#505),#52,.T.);
#548=ADVANCED_FACE('',(#506),#53,.T.);
#549=ADVANCED_FACE('',(#507),#87,.T.);
#550=ADVANCED_FACE('',(#508),#24,.F.);
#551=ADVANCED_FACE('',(#509),#25,.F.);
#552=ADVANCED_FACE('',(#510),#26,.F.);
#553=ADVANCED_FACE('',(#511),#27,.F.);
#554=ADVANCED_FACE('',(#512),#28,.F.);
#555=ADVANCED_FACE('',(#513),#29,.F.);
#556=ADVANCED_FACE('',(#514),#30,.F.);
#557=ADVANCED_FACE('',(#515),#31,.T.);
#558=ADVANCED_FACE('',(#516),#32,.F.);
#559=ADVANCED_FACE('',(#517),#33,.F.);
#560=ADVANCED_FACE('',(#518),#34,.T.);
#561=ADVANCED_FACE('',(#519),#20,.T.);
#562=ADVANCED_FACE('',(#520),#35,.F.);
#563=ADVANCED_FACE('',(#521),#36,.F.);
#564=ADVANCED_FACE('',(#522),#37,.T.);
#565=ADVANCED_FACE('',(#523),#38,.F.);
#566=ADVANCED_FACE('',(#524),#39,.F.);
#567=ADVANCED_FACE('',(#525),#21,.T.);
#568=ADVANCED_FACE('',(#526),#40,.F.);
#569=ADVANCED_FACE('',(#527),#41,.T.);
#570=ADVANCED_FACE('',(#528),#42,.T.);
#571=ADVANCED_FACE('',(#529),#43,.T.);
#572=ADVANCED_FACE('',(#530),#44,.T.);
#573=ADVANCED_FACE('',(#531),#45,.T.);
#574=ADVANCED_FACE('',(#532),#22,.T.);
#575=ADVANCED_FACE('',(#533),#23,.T.);
#576=ADVANCED_FACE('',(#534),#46,.T.);
#577=ADVANCED_FACE('',(#535),#47,.T.);
#578=ADVANCED_FACE('',(#536),#48,.T.);
#579=ADVANCED_FACE('',(#537),#49,.T.);
#580=ADVANCED_FACE('',(#538),#50,.T.);
#581=ADVANCED_FACE('',(#539),#51,.T.);
#582=CLOSED_SHELL('',(#542,#543,#544,#545,#546,#547,#548,#549,#550,#551,
#552,#553,#554,#555,#556,#557,#558,#559,#560,#561,#562,#563,#564,#565,#566,
#567,#568,#569,#570,#571,#572,#573,#574,#575,#576,#577,#578,#579,#580,#581));
#583=STYLED_ITEM('',(#584),#591);
#584=PRESENTATION_STYLE_ASSIGNMENT((#585));
#585=SURFACE_STYLE_USAGE(.BOTH.,#586);
#586=SURFACE_SIDE_STYLE('',(#587));
#587=SURFACE_STYLE_FILL_AREA(#588);
#588=FILL_AREA_STYLE('',(#589));
#589=FILL_AREA_STYLE_COLOUR('',#590);
#590=COLOUR_RGB('',0.800000011920929,0.,0.);
#591=MANIFOLD_SOLID_BREP('',#582);
#592=SHAPE_DEFINITION_REPRESENTATION(#2049,#593);
#593=SHAPE_REPRESENTATION('NACA0012_5_grad',(#594),#2044);
#594=AXIS2_PLACEMENT_3D('',#717,#635,#636);
#595=AXIS2_PLACEMENT_3D('',#1122,#637,#638);
#596=AXIS2_PLACEMENT_3D('',#1148,#639,#640);
#597=AXIS2_PLACEMENT_3D('',#1192,#641,#642);
#598=AXIS2_PLACEMENT_3D('',#1193,#643,#644);
#599=AXIS2_PLACEMENT_3D('',#1238,#645,#646);
#600=AXIS2_PLACEMENT_3D('',#1245,#647,#648);
#601=AXIS2_PLACEMENT_3D('',#1246,#649,#650);
#602=AXIS2_PLACEMENT_3D('',#1253,#651,#652);
#603=AXIS2_PLACEMENT_3D('',#1260,#653,#654);
#604=AXIS2_PLACEMENT_3D('',#1261,#655,#656);
#605=AXIS2_PLACEMENT_3D('',#1268,#657,#658);
#606=AXIS2_PLACEMENT_3D('',#1275,#659,#660);
#607=AXIS2_PLACEMENT_3D('',#1276,#661,#662);
#608=AXIS2_PLACEMENT_3D('',#1283,#663,#664);
#609=AXIS2_PLACEMENT_3D('',#1379,#665,#666);
#610=AXIS2_PLACEMENT_3D('',#1398,#667,#668);
#611=AXIS2_PLACEMENT_3D('',#1399,#669,#670);
#612=AXIS2_PLACEMENT_3D('',#1421,#671,#672);
#613=AXIS2_PLACEMENT_3D('',#1434,#673,#674);
#614=AXIS2_PLACEMENT_3D('',#1482,#675,#676);
#615=AXIS2_PLACEMENT_3D('',#1483,#677,#678);
#616=AXIS2_PLACEMENT_3D('',#1499,#679,#680);
#617=AXIS2_PLACEMENT_3D('',#1518,#681,#682);
#618=AXIS2_PLACEMENT_3D('',#1519,#683,#684);
#619=AXIS2_PLACEMENT_3D('',#1532,#685,#686);
#620=AXIS2_PLACEMENT_3D('',#1566,#687,#688);
#621=AXIS2_PLACEMENT_3D('',#1567,#689,#690);
#622=AXIS2_PLACEMENT_3D('',#1568,#691,#692);
#623=AXIS2_PLACEMENT_3D('',#1664,#693,#694);
#624=AXIS2_PLACEMENT_3D('',#1665,#695,#696);
#625=AXIS2_PLACEMENT_3D('',#1723,#697,#698);
#626=AXIS2_PLACEMENT_3D('',#1736,#699,#700);
#627=AXIS2_PLACEMENT_3D('',#1749,#701,#702);
#628=AXIS2_PLACEMENT_3D('',#1750,#703,#704);
#629=AXIS2_PLACEMENT_3D('',#1751,#705,#706);
#630=AXIS2_PLACEMENT_3D('',#1752,#707,#708);
#631=AXIS2_PLACEMENT_3D('',#1753,#709,#710);
#632=AXIS2_PLACEMENT_3D('',#1766,#711,#712);
#633=AXIS2_PLACEMENT_3D('',#1779,#713,#714);
#634=AXIS2_PLACEMENT_3D('',#1955,#715,#716);
#635=DIRECTION('',(0.,0.,1.));
#636=DIRECTION('',(1.,0.,0.));
#637=DIRECTION('',(0.,0.,-1.));
#638=DIRECTION('',(-0.996194698091746,-0.0871557427476583,0.));
#639=DIRECTION('',(0.,0.,-1.));
#640=DIRECTION('',(-0.996194698091746,-0.0871557427476583,0.));
#641=DIRECTION('',(0.,0.,-1.));
#642=DIRECTION('',(-0.996194698091746,-0.0871557427476583,0.));
#643=DIRECTION('',(-1.51945242393736E-13,-8.2564585584093E-14,-1.));
#644=DIRECTION('',(-0.996194698091746,-0.0871557427476583,1.58563022654139E-13));
#645=DIRECTION('',(0.,0.,1.));
#646=DIRECTION('',(0.996194698091746,0.0871557427476583,0.));
#647=DIRECTION('',(0.,0.,1.));
#648=DIRECTION('',(0.996194698091746,0.0871557427476583,0.));
#649=DIRECTION('',(0.,0.,-1.));
#650=DIRECTION('',(-0.996194698091746,-0.0871557427476583,0.));
#651=DIRECTION('',(0.,0.,-1.));
#652=DIRECTION('',(-0.996194698091746,-0.0871557427476583,0.));
#653=DIRECTION('',(0.,0.,1.));
#654=DIRECTION('',(0.996194698091746,0.0871557427476583,0.));
#655=DIRECTION('',(0.,0.,-1.));
#656=DIRECTION('',(-0.996194698091746,-0.0871557427476583,0.));
#657=DIRECTION('',(0.,0.,-1.));
#658=DIRECTION('',(-0.996194698091746,-0.0871557427476583,0.));
#659=DIRECTION('',(0.,0.,1.));
#660=DIRECTION('',(0.996194698091746,0.0871557427476583,0.));
#661=DIRECTION('',(0.,0.,1.));
#662=DIRECTION('',(0.996194698091746,0.0871557427476583,0.));
#663=DIRECTION('',(0.,0.,1.));
#664=DIRECTION('',(0.996194698091746,0.0871557427476583,0.));
#665=DIRECTION('',(-0.961502438133797,-0.0201230270201513,0.274058616442379));
#666=DIRECTION('',(0.273572284073717,0.023934473511344,0.961553610759392));
#667=DIRECTION('',(-0.99979320414665,-0.0203359027873058,0.));
#668=DIRECTION('',(0.0203359027873058,-0.99979320414665,0.));
#669=DIRECTION('',(0.998873962281113,0.0474426756921325,6.93339723775877E-15));
#670=DIRECTION('',(-0.0474426756921325,0.998873962281113,0.));
#671=DIRECTION('',(0.962751642004525,0.0432902594132792,0.266899286731009));
#672=DIRECTION('',(0.266105055260771,0.023281175642257,-0.963662848939076));
#673=DIRECTION('',(-0.719119603968578,0.694886318175913,0.));
#674=DIRECTION('',(-0.694886318175913,-0.719119603968578,0.));
#675=DIRECTION('',(0.673487695268246,0.739198433657882,3.52679989449888E-15));
#676=DIRECTION('',(-0.739198433657882,0.673487695268246,0.));
#677=DIRECTION('',(0.,0.,1.));
#678=DIRECTION('',(0.996194698091746,0.0871557427476583,0.));
#679=DIRECTION('',(0.955642555929285,0.124547485080026,0.266899286730379));
#680=DIRECTION('',(0.266105055260144,0.0232811756422022,-0.96366284893925));
#681=DIRECTION('',(0.99193715651408,0.126730728423544,0.));
#682=DIRECTION('',(-0.126730728423544,0.99193715651408,0.));
#683=DIRECTION('',(-0.988135391312635,-0.153585313215251,6.92335827467184E-15));
#684=DIRECTION('',(0.153585313215251,-0.988135391312635,0.));
#685=DIRECTION('',(0.791616364797473,-0.611018437516278,0.));
#686=DIRECTION('',(0.611018437516278,0.791616364797473,0.));
#687=DIRECTION('',(-0.950389382584714,-0.147145833182057,0.274058616444375));
#688=DIRECTION('',(0.273572284075734,0.0239344735115204,0.961553610758814));
#689=DIRECTION('',(0.,0.,1.));
#690=DIRECTION('',(0.996194698091746,0.0871557427476583,0.));
#691=DIRECTION('',(0.587528818493788,0.809203242355895,0.));
#692=DIRECTION('',(-0.809203242355895,0.587528818493788,0.));
#693=DIRECTION('',(0.992232755357885,0.124395173519313,6.49533023831285E-17));
#694=DIRECTION('',(-0.124395173519313,0.992232755357885,0.));
#695=DIRECTION('',(-0.0871557427476586,0.996194698091746,0.));
#696=DIRECTION('',(-0.996194698091746,-0.0871557427476586,0.));
#697=DIRECTION('',(0.998759505461301,0.0497940784702159,0.));
#698=DIRECTION('',(-0.0497940784702159,0.998759505461301,0.));
#699=DIRECTION('',(0.804650676854839,-0.593748505881951,4.05587980263565E-15));
#700=DIRECTION('',(0.593748505881951,0.804650676854839,0.));
#701=DIRECTION('',(0.689322878994316,0.724454255626252,0.));
#702=DIRECTION('',(-0.724454255626252,0.689322878994316,0.));
#703=DIRECTION('',(0.,0.,-1.));
#704=DIRECTION('',(-0.996194698091746,-0.0871557427476583,0.));
#705=DIRECTION('',(0.593809610685375,0.804605584281941,-2.60135628124095E-15));
#706=DIRECTION('',(-0.804605584281941,0.593809610685375,0.));
#707=DIRECTION('',(0.,0.,-1.));
#708=DIRECTION('',(-0.996194698091746,-0.0871557427476583,0.));
#709=DIRECTION('',(0.724506601867385,-0.689267860741072,0.));
#710=DIRECTION('',(0.689267860741072,0.724506601867385,0.));
#711=DIRECTION('',(0.985690707157161,0.168564022923089,-1.35464928717584E-14));
#712=DIRECTION('',(-0.168564022923089,0.985690707157161,0.));
#713=DIRECTION('',(0.999986685881258,0.0051602383877072,0.));
#714=DIRECTION('',(-0.00516023838770721,0.999986685881258,0.));
#715=DIRECTION('',(-0.0871557427476911,0.996194698091743,-1.13241579640256E-13));
#716=DIRECTION('',(-9.86965398346457E-15,1.12810661241157E-13,1.));
#717=CARTESIAN_POINT('',(0.,0.,0.));
#718=CARTESIAN_POINT('',(40.8439826217616,3.57338545265399,60.));
#719=CARTESIAN_POINT('',(40.8439826230876,3.57338545277,40.0481119664699));
#720=CARTESIAN_POINT('',(40.8439826216026,3.57338545264008,20.0962239329398));
#721=CARTESIAN_POINT('',(40.8439826217604,3.57338545265389,0.144335899409711));
#722=CARTESIAN_POINT('',(40.4095906270514,3.52018482509446,60.));
#723=CARTESIAN_POINT('',(40.270103338059,3.49405452217419,40.0481119664762));
#724=CARTESIAN_POINT('',(40.1320161609418,3.45929049731394,20.0962239329345));
#725=CARTESIAN_POINT('',(39.9953290908122,3.41589275008659,0.144335899409673));
#726=CARTESIAN_POINT('',(39.9758457082593,3.46453601273435,60.));
#727=CARTESIAN_POINT('',(39.6973781663377,3.41003887742302,40.0481119664751));
#728=CARTESIAN_POINT('',(39.4220000089283,3.33687057329666,20.0962239329494));
#729=CARTESIAN_POINT('',(39.1497112370799,3.24503110044628,0.14433589940978));
#730=CARTESIAN_POINT('',(39.1188504843889,3.2947428726691,60.));
#731=CARTESIAN_POINT('',(38.5637590451653,3.17696281705365,40.0481119664596));
#732=CARTESIAN_POINT('',(38.0131227715093,3.03253232686441,20.0962239329167));
#733=CARTESIAN_POINT('',(37.4669416619677,2.86145140197409,0.144335899409544));
#734=CARTESIAN_POINT('',(38.6942326659558,3.18858672734696,60.));
#735=CARTESIAN_POINT('',(38.0012252993978,3.03727743370601,40.0481119664297));
#736=CARTESIAN_POINT('',(37.3125163851966,2.86020341206654,20.0962239329785));
#737=CARTESIAN_POINT('',(36.62810593004,2.65736466302328,0.144335899409991));
#738=CARTESIAN_POINT('',(37.4193375910609,2.87505003567069,60.));
#739=CARTESIAN_POINT('',(36.3114039197063,2.62869418157484,40.0481119664713));
#740=CARTESIAN_POINT('',(35.2064804544734,2.36306653691795,20.0962239329204));
#741=CARTESIAN_POINT('',(34.1045671942481,2.07816710160822,0.144335899409571));
#742=CARTESIAN_POINT('',(36.5633895566212,2.69763596633779,60.));
#743=CARTESIAN_POINT('',(35.1776225183314,2.39359095482704,40.0481119664913));
#744=CARTESIAN_POINT('',(33.7947236910648,2.07014537309937,20.0962239328398));
#745=CARTESIAN_POINT('',(32.4146930696559,1.72729922071099,0.144335899408989));
#746=CARTESIAN_POINT('',(33.9968181865651,2.15677048012396,60.));
#747=CARTESIAN_POINT('',(31.7782485797621,1.67634897849931,40.0481119665034));
#748=CARTESIAN_POINT('',(29.5623982125231,1.17564279584652,20.096223932911));
#749=CARTESIAN_POINT('',(27.3492670831867,0.654651932061462,0.144335899409502));
#750=CARTESIAN_POINT('',(32.2842283535584,1.8021323055372,60.));
#751=CARTESIAN_POINT('',(29.5094791410386,1.20875881841394,40.048111966331));
#752=CARTESIAN_POINT('',(26.7368850644147,0.597144565837207,20.0962239329879));
#753=CARTESIAN_POINT('',(23.9664461276301,-0.0327104518127355,0.14433589941006));
#754=CARTESIAN_POINT('',(27.1353802677602,0.795843543179823,60.));
#755=CARTESIAN_POINT('',(22.6892806964732,-0.121946223565394,40.0481119665729));
#756=CARTESIAN_POINT('',(18.2444056275613,-1.05598655916875,20.0962239329782));
#757=CARTESIAN_POINT('',(13.800755060176,-2.00627746374144,0.144335899409987));
#758=CARTESIAN_POINT('',(23.6917429787957,0.179959309166769,60.));
#759=CARTESIAN_POINT('',(18.1278488885956,-0.936317251269115,40.0481119664634));
#760=CARTESIAN_POINT('',(12.5645890544816,-2.06756069500251,20.0962239329325));
#761=CARTESIAN_POINT('',(7.00196347645426,-3.21377102207608,0.144335899409658));
#762=CARTESIAN_POINT('',(18.505399063757,-0.610921406612279,60.));
#763=CARTESIAN_POINT('',(11.2580773209601,-1.98175487844915,40.0481119663991));
#764=CARTESIAN_POINT('',(4.01054400476442,-3.36558792220445,20.0962239328075));
#765=CARTESIAN_POINT('',(-3.2372008853317,-4.76242053790638,0.144335899408757));
#766=CARTESIAN_POINT('',(16.7728498203423,-0.850671841454893,60.));
#767=CARTESIAN_POINT('',(8.96317493607989,-2.29873300233964,40.0481119664474));
#768=CARTESIAN_POINT('',(1.15301802754228,-3.75925613074154,20.0962239327985));
#769=CARTESIAN_POINT('',(-6.6576209061469,-5.2322412268132,0.144335899408692));
#770=CARTESIAN_POINT('',(14.1672831019047,-1.1541412267727,60.));
#771=CARTESIAN_POINT('',(5.51182213348817,-2.69875471235793,40.0481119664434));
#772=CARTESIAN_POINT('',(-3.14459354442633,-4.25398145310685,20.0962239327951));
#773=CARTESIAN_POINT('',(-11.8019639326569,-5.81982144900523,0.144335899408667));
#774=CARTESIAN_POINT('',(13.2963636226884,-1.23267618249748,60.));
#775=CARTESIAN_POINT('',(4.35817973973605,-2.80191875028206,40.0481119663515));
#776=CARTESIAN_POINT('',(-4.58113247864726,-4.38094797891553,20.0962239327238));
#777=CARTESIAN_POINT('',(-13.52157303309,-5.96976386850936,0.144335899408154));
#778=CARTESIAN_POINT('',(11.5561128713357,-1.40483700298255,60.));
#779=CARTESIAN_POINT('',(2.05328848754211,-3.03107764389568,40.048111966425));
#780=CARTESIAN_POINT('',(-7.45072915817062,-4.66821981569675,20.0962239330543));
#781=CARTESIAN_POINT('',(-16.9559400648227,-6.31626351826696,0.144335899410538));
#782=CARTESIAN_POINT('',(10.6873445297037,-1.50432011727081,60.));
#783=CARTESIAN_POINT('',(0.902536769254218,-3.16242294270655,40.0481119664413));
#784=CARTESIAN_POINT('',(-8.88359732794629,-4.8310260992621,20.0962239326971));
#785=CARTESIAN_POINT('',(-18.6710577631726,-6.51012958709762,0.14433589940796));
#786=CARTESIAN_POINT('',(8.07606910694878,-1.75345192515895,60.));
#787=CARTESIAN_POINT('',(-2.55625498462409,-3.49145330253742,40.0481119663804));
#788=CARTESIAN_POINT('',(-13.1902595781737,-5.2390547194371,20.0962239326998));
#789=CARTESIAN_POINT('',(-23.8259446745516,-6.99625617579118,0.14433589940798));
#790=CARTESIAN_POINT('',(6.32807611837993,-1.89494268368008,60.0000000000001));
#791=CARTESIAN_POINT('',(-4.87166212216576,-3.67768823782917,40.0481119663264));
#792=CARTESIAN_POINT('',(-16.0734006931083,-5.46890641480342,20.0962239327998));
#793=CARTESIAN_POINT('',(-27.2771395944172,-7.26859721465197,0.144335899408703));
#794=CARTESIAN_POINT('',(3.70595094384218,-1.81457502304285,60.));
#795=CARTESIAN_POINT('',(-8.34463935755046,-3.56851521701214,40.0481119664712));
#796=CARTESIAN_POINT('',(-20.3974049202155,-5.32826868275882,20.096223932737));
#797=CARTESIAN_POINT('',(-32.4523457451544,-7.09383542034375,0.144335899408247));
#798=CARTESIAN_POINT('',(2.82736583613914,-1.74216307035135,60.0000000000001));
#799=CARTESIAN_POINT('',(-9.50829303962057,-3.47153299953126,40.0481119666452));
#800=CARTESIAN_POINT('',(-21.8461633472781,-5.20566672069945,20.0962239330285));
#801=CARTESIAN_POINT('',(-34.1862450872679,-6.94456423377708,0.144335899410348));
#802=CARTESIAN_POINT('',(1.55915056055218,-1.40698534840507,60.));
#803=CARTESIAN_POINT('',(-11.1875413229725,-3.0255681836815,40.0481119663321));
#804=CARTESIAN_POINT('',(-23.9360528151209,-4.64692115896145,20.0962239329323));
#805=CARTESIAN_POINT('',(-36.6863839152918,-6.27104427415945,0.144335899409659));
#806=CARTESIAN_POINT('',(1.14301703266664,-1.25661972306093,60.));
#807=CARTESIAN_POINT('',(-11.7384853270211,-2.82563198882447,40.0481119664121));
#808=CARTESIAN_POINT('',(-24.6216204713754,-4.39664667363671,20.0962239327302));
#809=CARTESIAN_POINT('',(-37.5063884010876,-5.96966377758311,0.144335899408199));
#810=CARTESIAN_POINT('',(0.588436537250764,-0.901475882530701,60.));
#811=CARTESIAN_POINT('',(-12.4723479605301,-2.35418520713889,40.0481119663634));
#812=CARTESIAN_POINT('',(-25.5341468426684,-3.80783916865059,20.0962239330661));
#813=CARTESIAN_POINT('',(-38.59696010811,-5.26243776697596,0.144335899410624));
#814=CARTESIAN_POINT('',(0.419674075742776,-0.762652429108604,60.));
#815=CARTESIAN_POINT('',(-12.6955458119477,-2.17002388849441,40.0481119663452));
#816=CARTESIAN_POINT('',(-25.8114738107408,-3.57804739330375,20.0962239330175));
#817=CARTESIAN_POINT('',(-38.928109919723,-4.98672294345969,0.144335899410274));
#818=CARTESIAN_POINT('',(0.138481421917681,-0.422397916953378,60.));
#819=CARTESIAN_POINT('',(-13.0675839094156,-1.71881583565972,40.0481119666188));
#820=CARTESIAN_POINT('',(-26.2739881503141,-3.01533313159455,20.0962239327469));
#821=CARTESIAN_POINT('',(-39.4807313023114,-4.31194980489127,0.144335899408316));
#822=CARTESIAN_POINT('',(0.0188911356013513,-0.215926667981923,60.));
#823=CARTESIAN_POINT('',(-13.2256231997078,-1.44526309501709,40.0481119664699));
#824=CARTESIAN_POINT('',(-26.4701371760037,-2.67460362251502,20.096223932761));
#825=CARTESIAN_POINT('',(-39.7146507940858,-3.90394825054752,0.144335899408421));
#826=CARTESIAN_POINT('',(6.9148516788343E-15,5.77762540644992E-16,60.));
#827=CARTESIAN_POINT('',(-13.2506433839486,-1.15928108052029,40.0481119664699));
#828=CARTESIAN_POINT('',(-26.50128676763,-2.3185621610172,20.0962239327611));
#829=CARTESIAN_POINT('',(-39.7519301518437,-3.47784324156069,0.144335899408421));
#830=CARTESIAN_POINT('',(40.8439826217616,3.57338545265399,60.));
#831=CARTESIAN_POINT('',(40.8439826230908,3.57338545277028,40.));
#832=CARTESIAN_POINT('',(40.8439826215954,3.57338545263945,20.));
#833=CARTESIAN_POINT('',(40.8439826217616,3.57338545265399,0.));
#834=CARTESIAN_POINT('',(40.8439826217942,3.57338545265685,59.4999999999946));
#835=CARTESIAN_POINT('',(40.8439826217578,3.57338545265366,0.500000000000332));
#836=CARTESIAN_POINT('',(40.8439826217942,3.57338545265685,59.4999999999946));
#837=CARTESIAN_POINT('',(40.4070912234074,3.51965067337375,59.5002263593093));
#838=CARTESIAN_POINT('',(39.5349313630227,3.40398988459883,59.5002827990734));
#839=CARTESIAN_POINT('',(37.8316446777338,2.96556228841204,59.4989125429243));
#840=CARTESIAN_POINT('',(35.6840214885156,2.51100224886978,59.5007338036728));
#841=CARTESIAN_POINT('',(33.105703212956,1.97132951919576,59.5003853194391));
#842=CARTESIAN_POINT('',(29.6624641991646,1.27994579006272,59.5015216683634));
#843=CARTESIAN_POINT('',(25.3465126602407,0.472207134425714,59.5028700961999));
#844=CARTESIAN_POINT('',(20.1484883483467,-0.385339350771235,59.5061417548359));
#845=CARTESIAN_POINT('',(15.8066966207944,-1.00949934871462,59.5108703723858));
#846=CARTESIAN_POINT('',(12.3118687540451,-1.34054176194909,59.518815160168));
#847=CARTESIAN_POINT('',(9.69586372473049,-1.62525104461955,59.5153294885984));
#848=CARTESIAN_POINT('',(7.07116145108943,-1.85722310481755,59.525710910191));
#849=CARTESIAN_POINT('',(4.87415704460821,-1.9187271836606,59.5433501893887));
#850=CARTESIAN_POINT('',(3.12812751724425,-1.82826641921949,59.5711414484894));
#851=CARTESIAN_POINT('',(1.81908970139472,-1.61280388689353,59.6084132224403));
#852=CARTESIAN_POINT('',(0.763754149001466,-1.23646980205401,59.6684698312473));
#853=CARTESIAN_POINT('',(0.0847353318888301,-0.652132995582372,59.7403196376499));
#854=CARTESIAN_POINT('',(-0.128729874562045,-0.231602950789035,59.7773500981125));
#855=CARTESIAN_POINT('',(-0.147868434527259,-0.0129368117144606,59.7773500981125));
#856=CARTESIAN_POINT('',(-0.147868434527266,-0.0129368117144612,59.7773500981125));
#857=CARTESIAN_POINT('',(6.9148516788343E-15,5.77762540644992E-16,60.));
#858=CARTESIAN_POINT('',(-13.2825959745566,-1.16207656996878,40.));
#859=CARTESIAN_POINT('',(-26.5651919488448,-2.32415313991407,19.9999999998204));
#860=CARTESIAN_POINT('',(-39.8477879236698,-3.48622970990633,0.));
#861=CARTESIAN_POINT('',(-39.331526559451,-3.44106269312076,0.77735009811793));
#862=CARTESIAN_POINT('',(-39.331526559451,-3.44106269312076,0.777350098117931));
#863=CARTESIAN_POINT('',(-39.300738649905,-3.79295104793288,0.777352590108728));
#864=CARTESIAN_POINT('',(-38.9998039185225,-4.44923799020232,0.750154399294245));
#865=CARTESIAN_POINT('',(-38.0274149675292,-5.47110273381676,0.697076459120599));
#866=CARTESIAN_POINT('',(-36.4431244282997,-6.25162561673479,0.633408777059291));
#867=CARTESIAN_POINT('',(-34.4114306585489,-6.763093416191,0.597009409027772));
#868=CARTESIAN_POINT('',(-31.6480971160926,-7.12142191609046,0.557656061991782));
#869=CARTESIAN_POINT('',(-28.1538097137333,-7.18613160813095,0.540444541932243));
#870=CARTESIAN_POINT('',(-23.9764792856906,-6.98625034425248,0.523304755471885));
#871=CARTESIAN_POINT('',(-19.8083064363457,-6.61794179596881,0.517475539445089));
#872=CARTESIAN_POINT('',(-15.6500783968796,-6.15904797089881,0.51577281018381));
#873=CARTESIAN_POINT('',(-11.4831309448117,-5.77936151225175,0.51904433703424));
#874=CARTESIAN_POINT('',(-8.71260496477215,-5.45691643447535,0.513248013977116));
#875=CARTESIAN_POINT('',(-7.32863980615457,-5.28343704674241,0.512151558312354));
#876=CARTESIAN_POINT('',(-7.32863980615457,-5.2834370467424,0.512151558312887));
#877=CARTESIAN_POINT('',(-7.32863980615457,-5.2834370467424,0.512151558312887));
#878=CARTESIAN_POINT('',(-7.37153643651977,-5.2407982522938,2.4719689245655));
#879=CARTESIAN_POINT('',(-7.41677547198576,-5.19461680912117,4.43166035546242));
#880=CARTESIAN_POINT('',(-7.46500535215173,-5.14376365370987,6.39115647881188));
#881=CARTESIAN_POINT('',(-7.46500535215173,-5.14376365370987,6.39115647881188));
#882=CARTESIAN_POINT('',(-7.46500535215173,-5.14376365370987,6.39115647881188));
#883=CARTESIAN_POINT('',(-7.46800685317797,-5.13798270661515,6.60403930880345));
#884=CARTESIAN_POINT('',(-7.4712928716779,-5.13209615774544,6.81691683280532));
#885=CARTESIAN_POINT('',(-7.47485883813451,-5.12611131722119,7.02978537363135));
#886=CARTESIAN_POINT('',(-7.47485883813452,-5.12611131722119,7.02978537363135));
#887=CARTESIAN_POINT('',(-7.47485883813452,-5.12611131722119,7.02978537363134));
#888=CARTESIAN_POINT('',(-6.5853249300428,-5.00461586865221,7.7734718475072));
#889=CARTESIAN_POINT('',(-5.66109657097381,-4.87625566208967,8.52135274039559));
#890=CARTESIAN_POINT('',(-4.53902510404161,-4.72994329725519,8.83769422297955));
#891=CARTESIAN_POINT('',(-4.53902510404161,-4.72994329725519,8.83769422297956));
#892=CARTESIAN_POINT('',(-4.53902510404161,-4.72994329725519,8.83769422297956));
#893=CARTESIAN_POINT('',(-4.1850165011015,-4.68378239093657,8.93749856664138));
#894=CARTESIAN_POINT('',(-3.82316918177653,-4.63751794313,8.97619728633577));
#895=CARTESIAN_POINT('',(-3.45650283853118,-4.59065829285321,8.9767977333335));
#896=CARTESIAN_POINT('',(-3.45650283853118,-4.59065829285321,8.9767977333335));
#897=CARTESIAN_POINT('',(-3.45650283853118,-4.59065829285322,8.9767977333335));
#898=CARTESIAN_POINT('',(-0.764057801456111,-4.24656608163444,8.9812068386929));
#899=CARTESIAN_POINT('',(1.92249250892087,-3.85709837946094,8.98431671365922));
#900=CARTESIAN_POINT('',(4.60466556582298,-3.44017912964966,8.98657113198212));
#901=CARTESIAN_POINT('',(4.60466556582299,-3.44017912964966,8.98657113198211));
#902=CARTESIAN_POINT('',(4.60466556582299,-3.44017912964966,8.98657113198211));
#903=CARTESIAN_POINT('',(4.97795370544331,-3.38215490532399,8.98688488788222));
#904=CARTESIAN_POINT('',(5.3461830812395,-3.32490066599566,8.94732536178655));
#905=CARTESIAN_POINT('',(5.70629930581798,-3.26914470815764,8.84350292780206));
#906=CARTESIAN_POINT('',(5.70629930581798,-3.26914470815764,8.84350292780206));
#907=CARTESIAN_POINT('',(5.70629930581798,-3.26914470815764,8.84350292780206));
#908=CARTESIAN_POINT('',(6.83051835685357,-3.09508448611788,8.5193876832116));
#909=CARTESIAN_POINT('',(7.75505951504251,-2.95248782688227,7.75219199365611));
#910=CARTESIAN_POINT('',(8.64663009302267,-2.81096809295474,7.01004049673474));
#911=CARTESIAN_POINT('',(8.64663009302266,-2.81096809295474,7.01004049673474));
#912=CARTESIAN_POINT('',(8.64663009302266,-2.81096809295474,7.01004049673474));
#913=CARTESIAN_POINT('',(8.62313452779195,-2.83697241758198,4.84158394895804));
#914=CARTESIAN_POINT('',(8.60068608706964,-2.86182233169609,2.67310234802609));
#915=CARTESIAN_POINT('',(8.57906334313236,-2.88577211610572,0.504602586962039));
#916=CARTESIAN_POINT('',(8.57906334313235,-2.88577211610572,0.504602586962039));
#917=CARTESIAN_POINT('',(8.57906334313234,-2.88577211610573,0.504602586962039));
#918=CARTESIAN_POINT('',(11.282326167244,-2.42349131767793,0.503845485795909));
#919=CARTESIAN_POINT('',(16.6806602721356,-1.45117203412081,0.50266505650597));
#920=CARTESIAN_POINT('',(23.4106180442726,-0.144668951341239,0.501864445013321));
#921=CARTESIAN_POINT('',(28.7828615154928,0.960449101392987,0.501358816374805));
#922=CARTESIAN_POINT('',(32.8099054322712,1.80091630609785,0.501243332821906));
#923=CARTESIAN_POINT('',(36.8238328785197,2.7014452831052,0.50100331885364));
#924=CARTESIAN_POINT('',(39.4950842162179,3.32356842211307,0.500706138749077));
#925=CARTESIAN_POINT('',(40.8439826217578,3.57338545265366,0.500000000000332));
#926=CARTESIAN_POINT('',(6.9148516788343E-15,5.77762540644992E-16,60.));
#927=CARTESIAN_POINT('',(-13.2506433839486,-1.15928108052029,40.0481119664699));
#928=CARTESIAN_POINT('',(-26.50128676763,-2.3185621610172,20.0962239327611));
#929=CARTESIAN_POINT('',(-39.7519301518437,-3.47784324156069,0.144335899408421));
#930=CARTESIAN_POINT('',(-0.0188911356013444,0.215926667981923,60.));
#931=CARTESIAN_POINT('',(-13.2756635681893,-0.873299066023488,40.0481119664699));
#932=CARTESIAN_POINT('',(-26.5324363592562,-1.96252069951939,20.096223932761));
#933=CARTESIAN_POINT('',(-39.7892095096017,-3.05173823257386,0.144335899408421));
#934=CARTESIAN_POINT('',(0.0630289494233698,0.440027790028627,60.));
#935=CARTESIAN_POINT('',(-13.1675271847376,-0.576458971421881,40.0481119666187));
#936=CARTESIAN_POINT('',(-26.3984343363404,-1.59290671643439,20.0962239327469));
#937=CARTESIAN_POINT('',(-39.6296925069187,-2.6093154451477,0.144335899408316));
#938=CARTESIAN_POINT('',(0.280865079021764,0.823941663506543,60.));
#939=CARTESIAN_POINT('',(-12.8794926380585,-0.0675020451207354,40.0481119663453));
#940=CARTESIAN_POINT('',(-26.0406609348279,-0.958426576543383,20.0962239329411));
#941=CARTESIAN_POINT('',(-39.2026398107154,-1.84883193073476,0.144335899409723));
#942=CARTESIAN_POINT('',(0.422957219828072,0.989961370635997,60.));
#943=CARTESIAN_POINT('',(-12.691664940906,0.152619349443137,40.0481119663635));
#944=CARTESIAN_POINT('',(-25.8074501093513,-0.683968531964699,20.0962239328373));
#945=CARTESIAN_POINT('',(-38.9243982854882,-1.51980227359411,0.144335899408973));
#946=CARTESIAN_POINT('',(0.907442310665287,1.43601167062329,60.));
#947=CARTESIAN_POINT('',(-12.0508172042872,0.744337704146421,40.048111966412));
#948=CARTESIAN_POINT('',(-25.0110324150036,0.0543522053354092,20.0962239329574));
#949=CARTESIAN_POINT('',(-37.9732033211423,-0.633944825677368,0.144335899409839));
#950=CARTESIAN_POINT('',(1.29114311839052,1.65635373303217,60.));
#951=CARTESIAN_POINT('',(-11.5429618335111,1.03690684124897,40.048111966332));
#952=CARTESIAN_POINT('',(-24.3793397802066,0.419872033060126,20.0962239331589));
#953=CARTESIAN_POINT('',(-37.2179907200407,-0.194750691405044,0.144335899411295));
#954=CARTESIAN_POINT('',(2.4818883536665,2.20666262373685,60.));
#955=CARTESIAN_POINT('',(-9.96666608240961,1.76769485372282,40.0481119666452));
#956=CARTESIAN_POINT('',(-22.4182255775614,1.33303449187353,20.0962239330284));
#957=CARTESIAN_POINT('',(-34.8727901322032,0.902681538035836,0.144335899410348));
#958=CARTESIAN_POINT('',(3.3345515757874,2.43053917903615,60.));
#959=CARTESIAN_POINT('',(-8.83753169981731,2.06527003472922,40.0481119664713));
#960=CARTESIAN_POINT('',(-21.0127666536384,1.70534811538313,20.0962239327369));
#961=CARTESIAN_POINT('',(-33.1911532866726,1.35077342088391,0.144335899408247));
#962=CARTESIAN_POINT('',(5.90288507922759,2.96501313249621,60.));
#963=CARTESIAN_POINT('',(-5.43627448849101,2.77586064005287,40.0481119663262));
#964=CARTESIAN_POINT('',(-16.778875252984,2.59470469852778,20.0962239330147));
#965=CARTESIAN_POINT('',(-28.1249172131004,2.42154530797516,0.144335899410254));
#966=CARTESIAN_POINT('',(7.64889173895514,3.12920773356457,60.));
#967=CARTESIAN_POINT('',(-3.1237042309287,2.99452126188695,40.0481119663804));
#968=CARTESIAN_POINT('',(-13.8996222015565,2.86899716745322,20.0962239326998));
#969=CARTESIAN_POINT('',(-24.6788621737555,2.7526354500497,0.14433589940798));
#970=CARTESIAN_POINT('',(10.263757304973,3.33730401618221,60.));
#971=CARTESIAN_POINT('',(0.339676226727075,3.27110249753948,40.0481119664413));
#972=CARTESIAN_POINT('',(-9.58753440159831,3.21501147043295,20.0962239326971));
#973=CARTESIAN_POINT('',(-19.5178745812862,3.16903093479899,0.14433589940796));
#974=CARTESIAN_POINT('',(11.1366021648885,3.39019231327645,60.));
#975=CARTESIAN_POINT('',(1.49575331247274,3.34157856777662,40.0481119664251));
#976=CARTESIAN_POINT('',(-8.14816370437095,3.30349352667157,20.0962239329894));
#977=CARTESIAN_POINT('',(-17.7951488850579,3.27593718997141,0.14433589941007));
#978=CARTESIAN_POINT('',(12.8803100097489,3.52283837415371,60.));
#979=CARTESIAN_POINT('',(3.80542111175553,3.51614127833816,40.0481119663515));
#980=CARTESIAN_POINT('',(-5.27227841540316,3.5188862286258,20.0962239326614));
#981=CARTESIAN_POINT('',(-14.3527885727753,3.53107322497389,0.144335899407704));
#982=CARTESIAN_POINT('',(13.7516357170752,3.59673012133402,60.));
#983=CARTESIAN_POINT('',(4.95945133251243,3.6148724333128,40.0481119664434));
#984=CARTESIAN_POINT('',(-3.83551622978414,3.64330097769693,20.0962239327951));
#985=CARTESIAN_POINT('',(-12.6332669706177,3.68201575433038,0.144335899408667));
#986=CARTESIAN_POINT('',(16.3703149281213,3.7503230303175,60.0000000000001));
#987=CARTESIAN_POINT('',(8.42783337185705,3.82024907656929,40.0481119664473));
#988=CARTESIAN_POINT('',(0.482713116542713,3.90236406242752,20.0962239327418));
#989=CARTESIAN_POINT('',(-7.46504583913851,3.99666798784619,0.144335899408282));
#990=CARTESIAN_POINT('',(18.1181750816168,3.81506896213362,60.));
#991=CARTESIAN_POINT('',(10.7429137064671,3.90659217968461,40.0481119663991));
#992=CARTESIAN_POINT('',(3.36518662007457,4.01088073709679,20.0962239328612));
#993=CARTESIAN_POINT('',(-4.01500617762465,4.12793463435505,0.144335899409145));
#994=CARTESIAN_POINT('',(23.3630617739816,3.93680267112702,60.));
#995=CARTESIAN_POINT('',(17.6898563465217,4.06996041285503,40.0481119664634));
#996=CARTESIAN_POINT('',(12.0146765673628,4.21796779470636,20.0962239329325));
#997=CARTESIAN_POINT('',(6.33752243649811,4.38082481672317,0.144335899409658));
#998=CARTESIAN_POINT('',(26.8613296496059,3.92825644228754,60.));
#999=CARTESIAN_POINT('',(22.3234038006616,4.0600458319338,40.0481119665729));
#1000=CARTESIAN_POINT('',(17.7838619707394,4.20805154050647,20.0962239326929));
#1001=CARTESIAN_POINT('',(13.2427041552199,4.37227356761432,0.144335899407927));
#1002=CARTESIAN_POINT('',(32.1066953733722,3.83134355453167,60.));
#1003=CARTESIAN_POINT('',(29.2710626115033,3.93387222084574,40.0481119663308));
#1004=CARTESIAN_POINT('',(26.4343847694658,4.05473876990795,20.0962239328503));
#1005=CARTESIAN_POINT('',(23.5966618482986,4.19394320176598,0.144335899409068));
#1006=CARTESIAN_POINT('',(33.8548493913951,3.77948123427706,60.));
#1007=CARTESIAN_POINT('',(31.5865605237491,3.8673534845422,40.0481119665034));
#1008=CARTESIAN_POINT('',(29.317427186087,3.97567443690922,20.0962239329478));
#1009=CARTESIAN_POINT('',(27.04744937773,4.10444409130272,0.144335899409768));
#1010=CARTESIAN_POINT('',(36.4763490813295,3.69251315137931,60.));
#1011=CARTESIAN_POINT('',(35.0588380959754,3.75130311510987,40.0481119664917));
#1012=CARTESIAN_POINT('',(33.6407828717656,3.82969697026725,20.0962239329557));
#1013=CARTESIAN_POINT('',(32.2221834084583,3.9276947168494,0.144335899409825));
#1014=CARTESIAN_POINT('',(37.3501009716534,3.66642821676488,60.));
#1015=CARTESIAN_POINT('',(36.2162200571588,3.71665070887186,40.0481119664711));
#1016=CARTESIAN_POINT('',(35.0819571060094,3.78637492657423,20.0962239329018));
#1017=CARTESIAN_POINT('',(33.9473121161053,3.87560086968209,0.144335899409437));
#1018=CARTESIAN_POINT('',(38.6600726008283,3.57903805842033,60.));
#1019=CARTESIAN_POINT('',(37.9513189902426,3.60770915758819,40.0481119664301));
#1020=CARTESIAN_POINT('',(37.2423245294775,3.66249997894586,20.0962239330246));
#1021=CARTESIAN_POINT('',(36.5330892291768,3.74341052341591,0.144335899410324));
#1022=CARTESIAN_POINT('',(39.0966733416716,3.548228773853,60.));
#1023=CARTESIAN_POINT('',(38.5295626966704,3.56782886891363,40.0481119664596));
#1024=CARTESIAN_POINT('',(37.9622117338633,3.61444814994566,20.0962239329167));
#1025=CARTESIAN_POINT('',(37.3946204517971,3.68808661682215,0.144335899409544));
#1026=CARTESIAN_POINT('',(39.9701331517864,3.52983083200284,60.));
#1027=CARTESIAN_POINT('',(39.6864328293048,3.5351446521803,40.0481119664747));
#1028=CARTESIAN_POINT('',(39.4025327435257,3.55938245027201,20.0962239329311));
#1029=CARTESIAN_POINT('',(39.1184328915399,3.60254422602107,0.144335899409648));
#1030=CARTESIAN_POINT('',(40.4069518254981,3.5503464648652,60.));
#1031=CARTESIAN_POINT('',(40.2650461823678,3.55185807622841,40.0481119664761));
#1032=CARTESIAN_POINT('',(40.1230201505165,3.56211537080006,20.0962239329323));
#1033=CARTESIAN_POINT('',(39.9808737240672,3.58111834806546,0.144335899409656));
#1034=CARTESIAN_POINT('',(40.8439826217616,3.57338545265399,60.));
#1035=CARTESIAN_POINT('',(40.8439826230876,3.57338545277,40.0481119664699));
#1036=CARTESIAN_POINT('',(40.8439826212719,3.57338545261115,20.0962239329398));
#1037=CARTESIAN_POINT('',(40.843982621758,3.57338545265368,0.144335899409711));
#1038=CARTESIAN_POINT('',(-0.147868434527259,-0.0129368117144606,59.7773500981125));
#1039=CARTESIAN_POINT('',(-0.167303498150071,0.209297029388212,59.7773500981125));
#1040=CARTESIAN_POINT('',(-0.0296674321959473,0.655283496551317,59.7403228004551));
#1041=CARTESIAN_POINT('',(0.537287818352362,1.35118221172777,59.6684766473427));
#1042=CARTESIAN_POINT('',(1.51127685534105,1.90379980755619,59.6084184554445));
#1043=CARTESIAN_POINT('',(2.76289692925688,2.34370244370522,59.5711476787469));
#1044=CARTESIAN_POINT('',(4.4665959819752,2.73585630290722,59.5433526079807));
#1045=CARTESIAN_POINT('',(6.64076148174846,3.05686360548216,59.5257139876093));
#1046=CARTESIAN_POINT('',(9.2657154962696,3.28418147042365,59.5153325584244));
#1047=CARTESIAN_POINT('',(11.8912618004315,3.4580452165406,59.5188122858269));
#1048=CARTESIAN_POINT('',(15.3902617756084,3.73891531600995,59.5108746335607));
#1049=CARTESIAN_POINT('',(19.7742803519155,3.87820388745567,59.506141728227));
#1050=CARTESIAN_POINT('',(25.041653604605,3.93634486336005,59.5028711883277));
#1051=CARTESIAN_POINT('',(29.4329326928434,3.89035141026477,59.5015220629746));
#1052=CARTESIAN_POINT('',(32.9443702721751,3.80738792834328,59.5003854759074));
#1053=CARTESIAN_POINT('',(35.5774301317727,3.72361746240345,59.5007335393926));
#1054=CARTESIAN_POINT('',(37.7715065144717,3.64893059797158,59.4989130215121));
#1055=CARTESIAN_POINT('',(39.5247598823468,3.5129062540321,59.500281972375));
#1056=CARTESIAN_POINT('',(40.4041679242912,3.55042649329824,59.5002264775983));
#1057=CARTESIAN_POINT('',(40.8439826217941,3.57338545265684,59.4999999999947));
#1058=CARTESIAN_POINT('',(40.8439826217496,3.57338545265294,0.500000000001103));
#1059=CARTESIAN_POINT('',(39.472171395824,3.58517366898931,0.500706151794611));
#1060=CARTESIAN_POINT('',(36.732602611309,3.7340454248537,0.501003283004341));
#1061=CARTESIAN_POINT('',(32.6234465452262,3.92384286897046,0.501243402839332));
#1062=CARTESIAN_POINT('',(28.5120538411724,4.05224426911075,0.501358837406968));
#1063=CARTESIAN_POINT('',(23.0299025983547,4.20767991948356,0.501864438560802));
#1064=CARTESIAN_POINT('',(16.1745884572305,4.3256995530555,0.502665163537695));
#1065=CARTESIAN_POINT('',(10.6900595627634,4.34582827391688,0.50384549348784));
#1066=CARTESIAN_POINT('',(7.94761902477561,4.33166946899237,0.504602586961188));
#1067=CARTESIAN_POINT('',(7.94761902477562,4.33166946899237,0.504602586961194));
#1068=CARTESIAN_POINT('',(7.94761902477562,4.33166946899237,0.504602586961194));
#1069=CARTESIAN_POINT('',(7.97307210706448,4.31183828570735,2.67310234802556));
#1070=CARTESIAN_POINT('',(7.99949464783329,4.29126402845031,4.84158394895778));
#1071=CARTESIAN_POINT('',(8.02714886621846,4.26973473003122,7.01004049673474));
#1072=CARTESIAN_POINT('',(8.02714886621846,4.26973473003122,7.01004049673474));
#1073=CARTESIAN_POINT('',(8.02714886621847,4.26973473003122,7.01004049673474));
#1074=CARTESIAN_POINT('',(7.12326095636152,4.25426281432974,7.75325074362267));
#1075=CARTESIAN_POINT('',(6.18873272422469,4.23415856607939,8.51954696166863));
#1076=CARTESIAN_POINT('',(5.05192677627038,4.21036752998964,8.84350292780382));
#1077=CARTESIAN_POINT('',(5.05192677627035,4.21036752998964,8.84350292780382));
#1078=CARTESIAN_POINT('',(5.05192677627035,4.21036752998964,8.84350292780382));
#1079=CARTESIAN_POINT('',(4.6875996058552,4.20274290339842,8.94732536178521));
#1080=CARTESIAN_POINT('',(4.31502236736938,4.19518496211104,8.98688488788069));
#1081=CARTESIAN_POINT('',(3.93732951255741,4.18750686289956,8.98657113198173));
#1082=CARTESIAN_POINT('',(3.93732951255741,4.18750686289956,8.98657113198173));
#1083=CARTESIAN_POINT('',(3.93732951255741,4.18750686289956,8.98657113198173));
#1084=CARTESIAN_POINT('',(1.22350742322998,4.1323377089729,8.98431671365902));
#1085=CARTESIAN_POINT('',(-1.48985850803512,4.04937395601753,8.98120683869326));
#1086=CARTESIAN_POINT('',(-4.20115024053925,3.92070045922088,8.97679773333366));
#1087=CARTESIAN_POINT('',(-4.20115024053925,3.92070045922088,8.97679773333366));
#1088=CARTESIAN_POINT('',(-4.20115024053925,3.92070045922088,8.97679773333366));
#1089=CARTESIAN_POINT('',(-4.57038319101327,3.90317726380061,8.97619728633589));
#1090=CARTESIAN_POINT('',(-4.93476697354421,3.88590472309492,8.9374985666413));
#1091=CARTESIAN_POINT('',(-5.29141314761491,3.86989139274457,8.83769422297901));
#1092=CARTESIAN_POINT('',(-5.2914131476149,3.86989139274457,8.83769422297902));
#1093=CARTESIAN_POINT('',(-5.29141314761489,3.86989139274457,8.83769422297899));
#1094=CARTESIAN_POINT('',(-6.42186050465847,3.8191345690688,8.5213483184948));
#1095=CARTESIAN_POINT('',(-7.35838979956095,3.78489694688401,7.77009931323262));
#1096=CARTESIAN_POINT('',(-8.25143882521822,3.75023855244387,7.02978537363142));
#1097=CARTESIAN_POINT('',(-8.25143882521871,3.75023855244384,7.02978537363141));
#1098=CARTESIAN_POINT('',(-8.2514388252187,3.75023855244384,7.02978537363141));
#1099=CARTESIAN_POINT('',(-8.24896629045564,3.7567516933698,6.81691683279588));
#1100=CARTESIAN_POINT('',(-8.24675238243,3.76311942346062,6.60403930878464));
#1101=CARTESIAN_POINT('',(-8.24480033189067,3.76933375016218,6.39115647878341));
#1102=CARTESIAN_POINT('',(-8.24480033189067,3.76933375016218,6.39115647878341));
#1103=CARTESIAN_POINT('',(-8.24480033189067,3.76933375016218,6.39115647878341));
#1104=CARTESIAN_POINT('',(-8.20613370248499,3.8277894041776,4.43165896385566));
#1105=CARTESIAN_POINT('',(-8.16960130032688,3.88112488202566,2.47196892454141));
#1106=CARTESIAN_POINT('',(-8.13476051511963,3.93056481906786,0.512151558312284));
#1107=CARTESIAN_POINT('',(-8.13476051511962,3.93056481906786,0.512151558312284));
#1108=CARTESIAN_POINT('',(-8.13476051511963,3.93056481906785,0.512151558312292));
#1109=CARTESIAN_POINT('',(-9.5257411352474,3.86118954597217,0.513246374187999));
#1110=CARTESIAN_POINT('',(-12.3057588278876,3.698042253195,0.51902173504047));
#1111=CARTESIAN_POINT('',(-16.4672897674546,3.34890680744335,0.515805061307581));
#1112=CARTESIAN_POINT('',(-20.6356215820083,3.07921553743773,0.51743576816309));
#1113=CARTESIAN_POINT('',(-24.7951534693347,2.71966622723217,0.523228467803699));
#1114=CARTESIAN_POINT('',(-28.9470722272766,2.19225516252234,0.540342306343998));
#1115=CARTESIAN_POINT('',(-32.3541218578321,1.52814173639441,0.557240167378351));
#1116=CARTESIAN_POINT('',(-35.0094388091659,0.70499591232553,0.596116250537553));
#1117=CARTESIAN_POINT('',(-36.9411143762712,-0.15121058571877,0.632311230678972));
#1118=CARTESIAN_POINT('',(-38.3832602198623,-1.19935799427869,0.696023395694856));
#1119=CARTESIAN_POINT('',(-39.1771625635537,-2.37783365133269,0.749845630402524));
#1120=CARTESIAN_POINT('',(-39.3618566461179,-3.09436943599041,0.777352553318857));
#1121=CARTESIAN_POINT('',(-39.331526559451,-3.44106269312076,0.777350098117931));
#1122=CARTESIAN_POINT('',(-39.8477879236698,-3.48622970990633,0.));
#1123=CARTESIAN_POINT('',(4.82487502518753,5.0715462130717,0.));
#1124=CARTESIAN_POINT('',(5.66573119435067,4.27158782564475,0.));
#1125=CARTESIAN_POINT('',(6.78962131848784,3.82570837260491,0.));
#1126=CARTESIAN_POINT('',(7.95019903465366,3.8316973100252,0.));
#1127=CARTESIAN_POINT('',(4.82487502518752,5.07154621307169,0.));
#1128=CARTESIAN_POINT('',(7.95019903465366,3.8316973100252,0.));
#1129=CARTESIAN_POINT('',(7.95019903465366,3.8316973100252,0.));
#1130=CARTESIAN_POINT('',(12.7660047318737,3.85654834632136,0.));
#1131=CARTESIAN_POINT('',(19.9875586997324,3.79175115887595,1.020135680475E-15));
#1132=CARTESIAN_POINT('',(29.6124203381125,3.52168162558907,7.08181146300759E-15));
#1133=CARTESIAN_POINT('',(34.4242876066656,3.35994848784069,0.));
#1134=CARTESIAN_POINT('',(36.8290189204362,3.22212164431884,0.));
#1135=CARTESIAN_POINT('',(36.8290189204362,3.22212164431885,0.));
#1136=CARTESIAN_POINT('',(36.8290189204362,3.22212164431885,0.));
#1137=CARTESIAN_POINT('',(34.4847542589361,2.6688114898243,0.));
#1138=CARTESIAN_POINT('',(29.7740747310365,1.67396345949699,5.07110925221629E-15));
#1139=CARTESIAN_POINT('',(20.3423334501872,-0.263342794529412,-7.14094976332498E-15));
#1140=CARTESIAN_POINT('',(13.2417430273624,-1.58116525354452,0.));
#1141=CARTESIAN_POINT('',(8.49478490257411,-2.39294764365095,0.));
#1142=CARTESIAN_POINT('',(8.49478490257412,-2.39294764365095,0.));
#1143=CARTESIAN_POINT('',(8.49478490257412,-2.39294764365095,0.));
#1144=CARTESIAN_POINT('',(7.35080066756348,-2.58858161221107,0.));
#1145=CARTESIAN_POINT('',(6.32140862449021,-3.2228500276349,0.));
#1146=CARTESIAN_POINT('',(5.63223908997364,-4.15666727479769,0.));
#1147=CARTESIAN_POINT('',(5.6322390899736,-4.15666727479762,0.));
#1148=CARTESIAN_POINT('',(6.9148516788343E-15,5.77762540644992E-16,0.));
#1149=CARTESIAN_POINT('',(-4.15623954117359,-5.63255473798381,0.));
#1150=CARTESIAN_POINT('',(-4.15623954117359,-5.63255473798381,0.));
#1151=CARTESIAN_POINT('',(-5.08442910418805,-4.94764738369038,0.));
#1152=CARTESIAN_POINT('',(-6.24623609553641,-4.64397205045544,0.));
#1153=CARTESIAN_POINT('',(-7.39081902196389,-4.7874672041593,0.));
#1154=CARTESIAN_POINT('',(-7.39081902196389,-4.7874672041593,0.));
#1155=CARTESIAN_POINT('',(-7.39081902196389,-4.7874672041593,0.));
#1156=CARTESIAN_POINT('',(-8.74434293041637,-4.95715706830187,0.));
#1157=CARTESIAN_POINT('',(-11.453738052157,-5.27451263191233,7.98880427592219E-15));
#1158=CARTESIAN_POINT('',(-15.5291698216966,-5.64396527317702,-4.54204804004076E-15));
#1159=CARTESIAN_POINT('',(-19.5960300317442,-6.09427270904095,3.67417484932784E-15));
#1160=CARTESIAN_POINT('',(-23.6713306989392,-6.45900118050063,1.55473210557286E-15));
#1161=CARTESIAN_POINT('',(-27.0762012583068,-6.64662956493905,6.65159861980038E-15));
#1162=CARTESIAN_POINT('',(-29.8050666508823,-6.64989364796003,-6.42913220533354E-15));
#1163=CARTESIAN_POINT('',(-31.8494434553189,-6.57156147451773,1.19267720519564E-14));
#1164=CARTESIAN_POINT('',(-33.8855801589628,-6.3542310119658,-1.39560612558574E-14));
#1165=CARTESIAN_POINT('',(-35.880585427558,-5.91748217011606,2.56828764737166E-14));
#1166=CARTESIAN_POINT('',(-37.4837462012523,-5.2623941490965,-9.08410001503554E-14));
#1167=CARTESIAN_POINT('',(-38.5150367780715,-4.36332211454424,1.85151447252664E-14));
#1168=CARTESIAN_POINT('',(-38.8868394257343,-3.7505066483051,0.));
#1169=CARTESIAN_POINT('',(-38.917084513572,-3.40480371241786,0.));
#1170=CARTESIAN_POINT('',(-38.917084513572,-3.40480371241785,0.));
#1171=CARTESIAN_POINT('',(-38.917084513572,-3.40480371241785,0.));
#1172=CARTESIAN_POINT('',(-38.9477960258468,-3.05376952082029,0.));
#1173=CARTESIAN_POINT('',(-38.6842468853064,-2.38462340831105,-4.63456209581632E-15));
#1174=CARTESIAN_POINT('',(-37.810727964641,-1.30990425591531,-3.66751494421182E-14));
#1175=CARTESIAN_POINT('',(-36.3347517056904,-0.388852181889456,-1.75479875318967E-14));
#1176=CARTESIAN_POINT('',(-34.4260517062825,0.390350403678022,1.40495296521059E-15));
#1177=CARTESIAN_POINT('',(-32.4694753608498,0.949636710177623,-6.2864208267021E-15));
#1178=CARTESIAN_POINT('',(-30.4804395552419,1.37838488559435,-2.28012179805428E-15));
#1179=CARTESIAN_POINT('',(-27.8034149410266,1.84592409759639,7.42479681676261E-15));
#1180=CARTESIAN_POINT('',(-24.41766074017,2.25195025158983,3.12435495362512E-15));
#1181=CARTESIAN_POINT('',(-20.3453379692279,2.5996461703506,-1.26666589915151E-15));
#1182=CARTESIAN_POINT('',(-16.2656183199062,2.86217226547658,9.74856428487655E-15));
#1183=CARTESIAN_POINT('',(-12.1918503746094,3.20574851452246,-6.50256867277217E-15));
#1184=CARTESIAN_POINT('',(-9.47102881201413,3.36347077575083,0.));
#1185=CARTESIAN_POINT('',(-8.10987082958256,3.43133256531771,0.));
#1186=CARTESIAN_POINT('',(-8.10987082958255,3.43133256531771,0.));
#1187=CARTESIAN_POINT('',(-8.10987082958255,3.43133256531771,0.));
#1188=CARTESIAN_POINT('',(-6.95776130354936,3.48877205083136,0.));
#1189=CARTESIAN_POINT('',(-5.86633495531775,3.98957986234644,0.));
#1190=CARTESIAN_POINT('',(-5.07117978938382,4.82526015296014,0.));
#1191=CARTESIAN_POINT('',(-5.07117978938382,4.82526015296015,0.));
#1192=CARTESIAN_POINT('',(6.9148516788343E-15,5.77762540644992E-16,0.));
#1193=CARTESIAN_POINT('',(6.9148516788343E-15,5.77762540644992E-16,60.));
#1194=CARTESIAN_POINT('',(0.266573611355354,0.023322168988798,60.));
#1195=CARTESIAN_POINT('',(0.275341261445835,-0.0768925301177121,60.));
#1196=CARTESIAN_POINT('',(0.373421126964427,-0.253466532675032,60.));
#1197=CARTESIAN_POINT('',(0.635264107407145,-0.548761858080105,59.9999999999999));
#1198=CARTESIAN_POINT('',(1.05856007880299,-0.808826650630219,59.9999999999999));
#1199=CARTESIAN_POINT('',(1.60055100347438,-1.01609851143672,59.9999999999998));
#1200=CARTESIAN_POINT('',(2.35610754318135,-1.20919231176838,59.9999999999997));
#1201=CARTESIAN_POINT('',(3.3158141436329,-1.34300766670969,59.9999999999997));
#1202=CARTESIAN_POINT('',(4.46734381255273,-1.39635263848844,59.9999999999994));
#1203=CARTESIAN_POINT('',(5.62200976532563,-1.39781192856465,59.9999999999993));
#1204=CARTESIAN_POINT('',(7.16495587406119,-1.33739368749308,59.999999999999));
#1205=CARTESIAN_POINT('',(9.08837804180962,-1.18263009726932,59.9999999999987));
#1206=CARTESIAN_POINT('',(11.3865084603681,-0.93279842099483,59.9999999999983));
#1207=CARTESIAN_POINT('',(13.6895874380536,-0.718391685686353,59.999999999998));
#1208=CARTESIAN_POINT('',(15.9863019465154,-0.454095990853083,59.9999999999976));
#1209=CARTESIAN_POINT('',(19.0409106205697,-0.0396811546443469,59.9999999999971));
#1210=CARTESIAN_POINT('',(22.8495358844584,0.555081809490763,59.9999999999965));
#1211=CARTESIAN_POINT('',(27.4088005597862,1.35954365091539,59.9999999999958));
#1212=CARTESIAN_POINT('',(31.9532065153147,2.23935786660923,59.9999999999949));
#1213=CARTESIAN_POINT('',(34.9739754436547,2.86957800059423,59.9999999999945));
#1214=CARTESIAN_POINT('',(36.4829272937988,3.19184255044794,59.9999999999942));
#1215=CARTESIAN_POINT('',(0.266573611355354,0.023322168988798,60.));
#1216=CARTESIAN_POINT('',(36.4829272937988,3.19184255044794,59.9999999999942));
#1217=CARTESIAN_POINT('',(36.4829272937988,3.19184255044793,59.9999999999942));
#1218=CARTESIAN_POINT('',(34.9409491463282,3.24718408032882,59.9999999999944));
#1219=CARTESIAN_POINT('',(31.8566765946421,3.3432750951528,59.9999999999948));
#1220=CARTESIAN_POINT('',(27.2292559436921,3.42058997607339,59.9999999999956));
#1221=CARTESIAN_POINT('',(22.5995222611061,3.42113925202039,59.9999999999962));
#1222=CARTESIAN_POINT('',(18.7453352806049,3.34551565094112,59.9999999999969));
#1223=CARTESIAN_POINT('',(15.6650787021187,3.22321219304829,59.9999999999973));
#1224=CARTESIAN_POINT('',(13.3572894648199,3.08468580017899,59.9999999999976));
#1225=CARTESIAN_POINT('',(11.0518978700672,2.89589594107089,59.9999999999981));
#1226=CARTESIAN_POINT('',(8.74522687114229,2.7428667629668,59.9999999999984));
#1227=CARTESIAN_POINT('',(6.82409285088431,2.56128234673492,59.9999999999987));
#1228=CARTESIAN_POINT('',(5.29404672739628,2.35285550480473,59.999999999999));
#1229=CARTESIAN_POINT('',(4.15713987553547,2.1509132952122,59.9999999999992));
#1230=CARTESIAN_POINT('',(3.03233119054111,1.89841720075153,59.9999999999994));
#1231=CARTESIAN_POINT('',(2.11041219890238,1.5999844740795,59.9999999999995));
#1232=CARTESIAN_POINT('',(1.39983873218426,1.27861914357426,59.9999999999997));
#1233=CARTESIAN_POINT('',(0.902055960404848,0.98037788420384,59.9999999999997));
#1234=CARTESIAN_POINT('',(0.530334683795884,0.650754051275339,59.9999999999999));
#1235=CARTESIAN_POINT('',(0.323737531308678,0.314468322922131,59.9999999999999));
#1236=CARTESIAN_POINT('',(0.257805691698998,0.123539949247526,59.9999999999999));
#1237=CARTESIAN_POINT('',(0.266573611355375,0.0233221689887887,60.));
#1238=CARTESIAN_POINT('',(6.9148516788343E-15,5.77762540644992E-16,8.));
#1239=CARTESIAN_POINT('',(-4.24858014424426,4.91930551581537,8.00000000000001));
#1240=CARTESIAN_POINT('',(-1.52826255027424,5.0485101504978,8.00000000000001));
#1241=CARTESIAN_POINT('',(1.19413725321914,5.13182668189606,8.));
#1242=CARTESIAN_POINT('',(3.91699544349462,5.1872099143799,8.));
#1243=CARTESIAN_POINT('',(-4.24858014424426,4.91930551581536,8.));
#1244=CARTESIAN_POINT('',(3.91699544349462,5.1872099143799,8.));
#1245=CARTESIAN_POINT('',(6.9148516788343E-15,5.77762540644992E-16,8.));
#1246=CARTESIAN_POINT('',(6.9148516788343E-15,5.77762540644992E-16,8.));
#1247=CARTESIAN_POINT('',(5.21164738631937,5.39339702976432,7.));
#1248=CARTESIAN_POINT('',(5.19710720749552,5.40744722568828,4.83334025507098));
#1249=CARTESIAN_POINT('',(5.18310171226139,5.42086788534895,2.6666728787188));
#1250=CARTESIAN_POINT('',(5.16950895555806,5.43379951400538,0.500000000000003));
#1251=CARTESIAN_POINT('',(5.21164738631937,5.39339702976432,7.));
#1252=CARTESIAN_POINT('',(5.16950895555806,5.43379951400538,0.500000000000001));
#1253=CARTESIAN_POINT('',(6.9148516788343E-15,5.77762540644992E-16,0.5));
#1254=CARTESIAN_POINT('',(-5.43340691719695,5.16992159245731,0.500000000000341));
#1255=CARTESIAN_POINT('',(-5.43340691719695,5.16992159245731,0.500000000000341));
#1256=CARTESIAN_POINT('',(-5.46766061785698,5.13392215014907,2.66677459696119));
#1257=CARTESIAN_POINT('',(-5.50358943464237,5.09549815761585,4.83348713510464));
#1258=CARTESIAN_POINT('',(-5.54398825243413,5.05115771451182,7.00000000000136));
#1259=CARTESIAN_POINT('',(-5.54398825243413,5.05115771451182,7.00000000000136));
#1260=CARTESIAN_POINT('',(6.9148516788343E-15,5.77762540644992E-16,7.));
#1261=CARTESIAN_POINT('',(6.9148516788343E-15,5.77762540644992E-16,8.));
#1262=CARTESIAN_POINT('',(-4.58263828137271,-5.93712273598056,7.));
#1263=CARTESIAN_POINT('',(-4.53515357525705,-5.97377436703184,4.83348713510361));
#1264=CARTESIAN_POINT('',(-4.49309834164803,-6.00537563921984,2.6667745969605));
#1265=CARTESIAN_POINT('',(-4.45311379411462,-6.0348800764113,0.500000000000001));
#1266=CARTESIAN_POINT('',(-4.58263828137272,-5.93712273598056,7.));
#1267=CARTESIAN_POINT('',(-4.45311379411462,-6.0348800764113,0.5));
#1268=CARTESIAN_POINT('',(6.9148516788343E-15,5.77762540644992E-16,0.5));
#1269=CARTESIAN_POINT('',(6.03454188211457,-4.45357208014031,0.500000000000001));
#1270=CARTESIAN_POINT('',(6.03454188211457,-4.45357208014031,0.500000000000001));
#1271=CARTESIAN_POINT('',(6.04568258055244,-4.43847655454656,2.66667287871878));
#1272=CARTESIAN_POINT('',(6.05714482775134,-4.42282775613646,4.83334025507097));
#1273=CARTESIAN_POINT('',(6.06902431766921,-4.40646613870343,7.));
#1274=CARTESIAN_POINT('',(6.06902431766921,-4.40646613870342,7.));
#1275=CARTESIAN_POINT('',(6.9148516788343E-15,5.77762540644992E-16,7.));
#1276=CARTESIAN_POINT('',(6.9148516788343E-15,5.77762540644992E-16,8.));
#1277=CARTESIAN_POINT('',(4.75823703004871,-4.4282254194961,8.));
#1278=CARTESIAN_POINT('',(2.06712797652741,-4.84650294554687,8.));
#1279=CARTESIAN_POINT('',(-0.628380220590655,-5.23719194422397,8.));
#1280=CARTESIAN_POINT('',(-3.32980622713809,-5.58232841112998,8.));
#1281=CARTESIAN_POINT('',(4.7582370300487,-4.4282254194961,8.));
#1282=CARTESIAN_POINT('',(-3.32980622713808,-5.58232841112997,8.));
#1283=CARTESIAN_POINT('',(6.9148516788343E-15,5.77762540644992E-16,8.));
#1284=CARTESIAN_POINT('',(-5.43277645381867,5.17058410654284,0.460102062993015));
#1285=CARTESIAN_POINT('',(-6.53490778959999,4.01256539015222,0.403940608917658));
#1286=CARTESIAN_POINT('',(-8.13211695145206,3.93431318979711,0.36326599544252));
#1287=CARTESIAN_POINT('',(-5.46820748333232,5.13335642415532,2.70325388489174));
#1288=CARTESIAN_POINT('',(-6.56749196204912,3.96242880876118,2.64519220077037));
#1289=CARTESIAN_POINT('',(-8.17179664161161,3.87809412589694,2.60078004096543));
#1290=CARTESIAN_POINT('',(-5.50525003398202,5.09373820638352,4.94635420041847));
#1291=CARTESIAN_POINT('',(-6.6062535357438,3.9037529369432,4.88574516329421));
#1292=CARTESIAN_POINT('',(-8.22570846964362,3.81732874595429,4.84318724907633));
#1293=CARTESIAN_POINT('',(-5.5475286355481,5.04726916636846,7.18881259011852));
#1294=CARTESIAN_POINT('',(-6.63638077883262,3.85049557541394,7.11930834964299));
#1295=CARTESIAN_POINT('',(-8.25190172487074,3.74902536298102,7.06938113976256));
#1296=CARTESIAN_POINT('',(-5.43340691719694,5.1699215924573,0.500000000000012));
#1297=CARTESIAN_POINT('',(-6.14029872756573,4.42700300394799,0.504503540552148));
#1298=CARTESIAN_POINT('',(-7.11053384420872,3.98170840769939,0.50887220444572));
#1299=CARTESIAN_POINT('',(-8.13476051511962,3.93056481906786,0.512151558312288));
#1300=CARTESIAN_POINT('',(-8.25143882521869,3.75023855244384,7.02978537363142));
#1301=CARTESIAN_POINT('',(-7.2196771048459,3.8160580228559,7.02176410743954));
#1302=CARTESIAN_POINT('',(-6.24025284352002,4.28696009255358,7.01095623452529));
#1303=CARTESIAN_POINT('',(-5.54398825243411,5.05115771451185,7.));
#1304=CARTESIAN_POINT('',(6.03433983541396,-4.45384583823198,0.460698527523928));
#1305=CARTESIAN_POINT('',(6.99072741957821,-3.15807407000468,0.43932434519444));
#1306=CARTESIAN_POINT('',(8.57825915815816,-2.88666285392116,0.423914188345944));
#1307=CARTESIAN_POINT('',(6.04569735990925,-4.43845797682347,2.67031471978338));
#1308=CARTESIAN_POINT('',(7.00391406623646,-3.1332871513553,2.64998473460119));
#1309=CARTESIAN_POINT('',(8.6002610440298,-2.86229277226501,2.63253678684229));
#1310=CARTESIAN_POINT('',(6.05738867167693,-4.42249574588057,4.87992023745816));
#1311=CARTESIAN_POINT('',(7.01750216471636,-3.10748902576533,4.85910606698178));
#1312=CARTESIAN_POINT('',(8.6231156052837,-2.83699331299771,4.84102126013967));
#1313=CARTESIAN_POINT('',(6.06951529060926,-4.40578984258901,7.0895033717382));
#1314=CARTESIAN_POINT('',(7.03160104630264,-3.08039884263453,7.0660419288465));
#1315=CARTESIAN_POINT('',(8.64705579171653,-2.81049694034107,7.04931853119154));
#1316=CARTESIAN_POINT('',(6.03454188211457,-4.45357208014031,0.5));
#1317=CARTESIAN_POINT('',(6.64714773757832,-3.62349778797613,0.501711970168008));
#1318=CARTESIAN_POINT('',(7.56217160029501,-3.05968339766665,0.503367349824591));
#1319=CARTESIAN_POINT('',(8.57906334313233,-2.88577211610573,0.50460258696204));
#1320=CARTESIAN_POINT('',(8.64663009302267,-2.81096809295474,7.01004049673474));
#1321=CARTESIAN_POINT('',(7.61491426300981,-2.9835034086615,7.00736993473724));
#1322=CARTESIAN_POINT('',(6.68360160990096,-3.5600090426461,7.00374135864224));
#1323=CARTESIAN_POINT('',(6.0690243176692,-4.40646613870342,7.));
#1324=CARTESIAN_POINT('',(-7.32538550641278,-5.28666942128436,0.363265995441979));
#1325=CARTESIAN_POINT('',(-5.73885318864864,-5.08638033457579,0.403940608917329));
#1326=CARTESIAN_POINT('',(-4.45237786452808,-6.03542304660248,0.460102062992977));
#1327=CARTESIAN_POINT('',(-7.37422471092803,-5.23819475717691,2.60078004093868));
#1328=CARTESIAN_POINT('',(-5.77964846031685,-5.04266362268614,2.64519220074133));
#1329=CARTESIAN_POINT('',(-4.49373513629526,-6.0049134700688,2.70325388486145));
#1330=CARTESIAN_POINT('',(-7.43786929464021,-5.18771423058264,4.84318724917464));
#1331=CARTESIAN_POINT('',(-5.82801011681253,-4.99161004582714,4.88574516339362));
#1332=CARTESIAN_POINT('',(-4.53709455869653,-5.9723295134541,4.94635420052524));
#1333=CARTESIAN_POINT('',(-7.47552537344013,-5.12499694051323,7.06938113976675));
#1334=CARTESIAN_POINT('',(-5.86692770315112,-4.94439332415428,7.11930834964707));
#1335=CARTESIAN_POINT('',(-4.58680011741096,-5.93390804469692,7.18881259012246));
#1336=CARTESIAN_POINT('',(-7.32863980615457,-5.28343704674241,0.5121515583124));
#1337=CARTESIAN_POINT('',(-6.31108964329728,-5.15594820291648,0.508872195404124));
#1338=CARTESIAN_POINT('',(-5.27827324923861,-5.42599822533356,0.504503543066467));
#1339=CARTESIAN_POINT('',(-4.45311379411456,-6.03488007641122,0.5));
#1340=CARTESIAN_POINT('',(-4.58263828137222,-5.9371227359812,7.00000000000014));
#1341=CARTESIAN_POINT('',(-5.40064152253422,-5.3057372764016,7.01095107963009));
#1342=CARTESIAN_POINT('',(-6.44782371600149,-5.01182085393749,7.02176786430641));
#1343=CARTESIAN_POINT('',(-7.47485883813444,-5.12611131722105,7.02978537363561));
#1344=CARTESIAN_POINT('',(7.94667238217984,4.33240702924342,0.423914188352847));
#1345=CARTESIAN_POINT('',(6.33612875480189,4.32402290570388,0.439324345198448));
#1346=CARTESIAN_POINT('',(5.16926244080713,5.4340340280551,0.46069852752392));
#1347=CARTESIAN_POINT('',(7.97257183027129,4.31222777127763,2.63253678686249));
#1348=CARTESIAN_POINT('',(6.35341926994813,4.30190239322802,2.64998473462071));
#1349=CARTESIAN_POINT('',(5.18311949308127,5.42085215626497,2.67031471979884));
#1350=CARTESIAN_POINT('',(7.99947238435886,4.29128132055843,4.84102126017131));
#1351=CARTESIAN_POINT('',(6.37128073217043,4.27885574766002,4.85910606700967));
#1352=CARTESIAN_POINT('',(5.1974049998614,5.40716260246603,4.87992023749079));
#1353=CARTESIAN_POINT('',(8.02764991238544,4.26934465708684,7.04931853119299));
#1354=CARTESIAN_POINT('',(6.38986958097605,4.25462537037005,7.06604192884794));
#1355=CARTESIAN_POINT('',(5.21224833786509,5.39281626466383,7.08950337173964));
#1356=CARTESIAN_POINT('',(7.94761902477562,4.33166946899237,0.504602586961191));
#1357=CARTESIAN_POINT('',(6.91597515172859,4.32635724102095,0.503367347879941));
#1358=CARTESIAN_POINT('',(5.91694976927948,4.72271292159003,0.50171197229679));
#1359=CARTESIAN_POINT('',(5.16950895555807,5.4337995140054,0.5));
#1360=CARTESIAN_POINT('',(5.21164738631938,5.39339702976433,7.));
#1361=CARTESIAN_POINT('',(5.9652511567283,4.66518861145256,7.00374821021281));
#1362=CARTESIAN_POINT('',(6.97923026321257,4.26047634130651,7.00736504192193));
#1363=CARTESIAN_POINT('',(8.02714886621849,4.26973473003121,7.01004049673504));
#1364=CARTESIAN_POINT('',(8.02714886621847,4.26973473003122,7.01004049673473));
#1365=CARTESIAN_POINT('',(8.02714886621847,4.26973473003122,7.01004049673473));
#1366=CARTESIAN_POINT('',(8.02714886621846,4.26973473003122,7.01004049673474));
#1367=CARTESIAN_POINT('',(7.57468827531997,4.26198992954352,7.38207035186702));
#1368=CARTESIAN_POINT('',(7.49842144631419,4.2622472076716,7.28914980230715));
#1369=CARTESIAN_POINT('',(7.42215466169398,4.26250448502979,7.19622922930954));
#1370=CARTESIAN_POINT('',(6.66728493973369,4.24443425433996,8.12602636598717));
#1371=CARTESIAN_POINT('',(6.36671669355953,4.24346845917673,7.87761886680946));
#1372=CARTESIAN_POINT('',(6.21993419221345,4.43549276898739,7.56857492202317));
#1373=CARTESIAN_POINT('',(5.6173249350408,4.22220016360236,8.68238120887789));
#1374=CARTESIAN_POINT('',(5.31497029915757,4.2239972754325,8.11661520116455));
#1375=CARTESIAN_POINT('',(5.22791999778147,4.78504902817943,7.84719938065824));
#1376=CARTESIAN_POINT('',(5.05192677627045,4.21036752998963,8.84350292780408));
#1377=CARTESIAN_POINT('',(4.84511740952439,4.21583981107211,8.1183383842653));
#1378=CARTESIAN_POINT('',(4.77566283481265,4.94220806573505,7.92799948674437));
#1379=CARTESIAN_POINT('',(5.03456460148135,5.21013870567377,8.85599897348847));
#1380=CARTESIAN_POINT('',(4.7756628348124,4.94220806573476,7.92799948674424));
#1381=CARTESIAN_POINT('',(4.77566283481265,4.94220806573505,7.92799948674437));
#1382=CARTESIAN_POINT('',(5.22792000563432,4.78504902975545,7.84719937801238));
#1383=CARTESIAN_POINT('',(6.21993417561047,4.43549276808708,7.56857492334349));
#1384=CARTESIAN_POINT('',(7.42215468704709,4.26250448525438,7.19622922931474));
#1385=CARTESIAN_POINT('',(8.02714886621846,4.26973473003122,7.01004049673474));
#1386=CARTESIAN_POINT('',(3.93732951255742,4.18750686289956,8.98657113198173));
#1387=CARTESIAN_POINT('',(3.93706006737141,4.20075385117812,8.));
#1388=CARTESIAN_POINT('',(3.91699544348517,5.18720991437971,8.));
#1389=CARTESIAN_POINT('',(1.22204977952586,4.13230807660659,8.98431550277981));
#1390=CARTESIAN_POINT('',(1.22466089106868,4.14780728245242,8.00000000000758));
#1391=CARTESIAN_POINT('',(1.1946722454655,5.13183756374324,8.));
#1392=CARTESIAN_POINT('',(-1.49236314741413,4.0492550899055,8.9812027656415));
#1393=CARTESIAN_POINT('',(-1.48714106052541,4.06798059169976,7.9999999999935));
#1394=CARTESIAN_POINT('',(-1.52860784659013,5.04849375008283,8.));
#1395=CARTESIAN_POINT('',(-4.20115024053924,3.92070045922088,8.97679773333366));
#1396=CARTESIAN_POINT('',(-4.20222576715756,3.9433449563768,8.));
#1397=CARTESIAN_POINT('',(-4.24858014424436,4.91930551581536,8.));
#1398=CARTESIAN_POINT('',(3.91699544348517,5.18720991437971,9.));
#1399=CARTESIAN_POINT('',(-4.24858014424436,4.91930551581536,9.));
#1400=CARTESIAN_POINT('',(-8.25143882521953,3.75023855244378,7.02978537363142));
#1401=CARTESIAN_POINT('',(-8.25143882521942,3.75023855244379,7.02978537363142));
#1402=CARTESIAN_POINT('',(-8.25143882521932,3.7502385524438,7.02978537363142));
#1403=CARTESIAN_POINT('',(-7.65387989146833,3.78272001415408,7.21398859193865));
#1404=CARTESIAN_POINT('',(-7.72970811171995,3.77513186504521,7.30670587820024));
#1405=CARTESIAN_POINT('',(-7.80553637652415,3.7675437132802,7.39942314078028));
#1406=CARTESIAN_POINT('',(-6.46468240479895,4.03330015141517,7.5846397534597));
#1407=CARTESIAN_POINT('',(-6.59518038578166,3.82549837315137,7.8897971715337));
#1408=CARTESIAN_POINT('',(-6.89051756967171,3.80113700092411,8.14196756679954));
#1409=CARTESIAN_POINT('',(-5.51393945802082,4.43751820644969,7.85298859127286));
#1410=CARTESIAN_POINT('',(-5.56073813492069,3.87492814114315,8.11687692482143));
#1411=CARTESIAN_POINT('',(-5.85437019055701,3.84461475282755,8.68015554866948));
#1412=CARTESIAN_POINT('',(-5.07400499710303,4.62295342587281,7.93132123254589));
#1413=CARTESIAN_POINT('',(-5.09282448629276,3.89821265328939,8.11675713527088));
#1414=CARTESIAN_POINT('',(-5.29141314761486,3.86989139274457,8.83769422297899));
#1415=CARTESIAN_POINT('',(-8.25143882521953,3.75023855244378,7.02978537363142));
#1416=CARTESIAN_POINT('',(-7.6538799173827,3.78272001250602,7.21398859197229));
#1417=CARTESIAN_POINT('',(-6.46468238794009,4.03330015187046,7.58463975466833));
#1418=CARTESIAN_POINT('',(-5.51393946582404,4.43751820718689,7.85298858882173));
#1419=CARTESIAN_POINT('',(-5.07400499710134,4.6229534258707,7.93132123254511));
#1420=CARTESIAN_POINT('',(-5.07400499710307,4.6229534258728,7.9313212325459));
#1421=CARTESIAN_POINT('',(-5.3432201754299,4.868236832502,8.86264246509182));
#1422=CARTESIAN_POINT('',(8.04592568972619,4.26994469860585,7.01008832653437));
#1423=CARTESIAN_POINT('',(8.0460180734917,4.26312942169974,7.68567670608342));
#1424=CARTESIAN_POINT('',(8.05454803749218,3.63386229512519,7.93147385464815));
#1425=CARTESIAN_POINT('',(6.99689672885508,4.2557515972417,7.00742227891077));
#1426=CARTESIAN_POINT('',(6.99423021550249,4.25068664222535,7.6845460460375));
#1427=CARTESIAN_POINT('',(6.83821499893469,3.61791610486928,7.93126230471321));
#1428=CARTESIAN_POINT('',(5.96534911614733,4.66509395313255,7.00374869741123));
#1429=CARTESIAN_POINT('',(5.96261505509508,4.66418840382341,7.68298405837969));
#1430=CARTESIAN_POINT('',(5.6431361919837,4.09355722363345,7.93097046916772));
#1431=CARTESIAN_POINT('',(5.21164738632421,5.39339702976835,7.));
#1432=CARTESIAN_POINT('',(5.21164738632421,5.39339702976835,7.68138478859681));
#1433=CARTESIAN_POINT('',(4.77098808373694,4.93737028859784,7.9306722140956));
#1434=CARTESIAN_POINT('',(4.51676106814346,4.67427742579574,7.));
#1435=CARTESIAN_POINT('',(3.91699544348708,5.18720991437462,8.));
#1436=CARTESIAN_POINT('',(3.93706006737325,4.20075385117809,8.00000000000506));
#1437=CARTESIAN_POINT('',(3.93732951256324,4.18750686289968,8.98657113198174));
#1438=CARTESIAN_POINT('',(4.22508737817257,5.10139884653818,7.99999999999924));
#1439=CARTESIAN_POINT('',(4.23004401434316,4.20524958666359,8.08689758255225));
#1440=CARTESIAN_POINT('',(4.31505644787958,4.19518565480663,8.98688492552735));
#1441=CARTESIAN_POINT('',(4.50999271222155,5.0186118981851,7.9800593607612));
#1442=CARTESIAN_POINT('',(4.53674824010454,4.21029712196219,8.13467912162731));
#1443=CARTESIAN_POINT('',(4.68763817514468,4.20274371083711,8.94731434972681));
#1444=CARTESIAN_POINT('',(4.77566283481238,4.94220806573476,7.92799948674424));
#1445=CARTESIAN_POINT('',(4.8451174095242,4.2158398110721,8.11833838426531));
#1446=CARTESIAN_POINT('',(5.05192677627033,4.21036752998964,8.84350292780383));
#1447=CARTESIAN_POINT('',(3.91699544348399,5.18720991437548,8.));
#1448=CARTESIAN_POINT('',(4.23072695696394,5.09982809060579,7.99999999999936));
#1449=CARTESIAN_POINT('',(4.51860017360212,5.01613648173694,7.97837267120237));
#1450=CARTESIAN_POINT('',(4.7756628348124,4.94220806573476,7.92799948674424));
#1451=CARTESIAN_POINT('',(-4.20115024053919,3.92070045922088,8.97679773333366));
#1452=CARTESIAN_POINT('',(-4.20222576715755,3.94334495637681,7.99999999999995));
#1453=CARTESIAN_POINT('',(-4.24858014424435,4.91930551581541,8.));
#1454=CARTESIAN_POINT('',(-4.57022453826398,3.90318479298734,8.97619755358047));
#1455=CARTESIAN_POINT('',(-4.48959654438291,3.92830033993603,8.08427449384034));
#1456=CARTESIAN_POINT('',(-4.54436687060243,4.81508142098234,8.));
#1457=CARTESIAN_POINT('',(-4.93457612863245,3.88591329250116,8.93755195236704));
#1458=CARTESIAN_POINT('',(-4.79024948029834,3.91285756247877,8.13115822228203));
#1459=CARTESIAN_POINT('',(-4.81824363565308,4.71514396183643,7.98097330767936));
#1460=CARTESIAN_POINT('',(-5.29141314761494,3.86989139274457,8.837694222979));
#1461=CARTESIAN_POINT('',(-5.09282448629283,3.89821265328939,8.1167571352709));
#1462=CARTESIAN_POINT('',(-5.07400499710309,4.6229534258728,7.9313212325459));
#1463=CARTESIAN_POINT('',(-5.07400499710307,4.6229534258728,7.9313212325459));
#1464=CARTESIAN_POINT('',(-4.82688268529352,4.71202996600476,7.9792961723053));
#1465=CARTESIAN_POINT('',(-4.55039252218485,4.81295821203005,8.00000000000001));
#1466=CARTESIAN_POINT('',(-4.24858014424436,4.9193055158154,8.));
#1467=CARTESIAN_POINT('',(-8.23165990001695,3.10194556494818,7.93627602950476));
#1468=CARTESIAN_POINT('',(-8.26862623231495,3.72906344357411,7.70059016577602));
#1469=CARTESIAN_POINT('',(-8.26980785263215,3.74910912245543,7.02992784813097));
#1470=CARTESIAN_POINT('',(-7.63487313914748,3.13791773674082,7.93597875235507));
#1471=CARTESIAN_POINT('',(-7.75216676224443,3.76223156772823,7.6989627509234));
#1472=CARTESIAN_POINT('',(-7.7564593169901,3.77948830710786,7.02595548819842));
#1473=CARTESIAN_POINT('',(-6.44071052651402,3.44950959312746,7.93526146250592));
#1474=CARTESIAN_POINT('',(-6.72010862269309,4.03724843948063,7.69502445304488));
#1475=CARTESIAN_POINT('',(-6.7288758188816,4.04578562574561,7.01639227713125));
#1476=CARTESIAN_POINT('',(-5.4723232144428,4.17377926246896,7.93444029523615));
#1477=CARTESIAN_POINT('',(-5.88924693266591,4.6666165310876,7.69049322994787));
#1478=CARTESIAN_POINT('',(-5.89269017337287,4.66843370101844,7.00548708078145));
#1479=CARTESIAN_POINT('',(-5.06883539390959,4.6182433724126,7.93402590756225));
#1480=CARTESIAN_POINT('',(-5.54398825243406,5.05115771451179,7.68819796760883));
#1481=CARTESIAN_POINT('',(-5.54398825243407,5.05115771451181,7.00000000000003));
#1482=CARTESIAN_POINT('',(-4.80478981877623,4.3776700192436,7.00000000000043));
#1483=CARTESIAN_POINT('',(6.9148516788343E-15,5.77762540644992E-16,7.));
#1484=CARTESIAN_POINT('',(-7.47485883813451,-5.12611131722119,7.02978537363135));
#1485=CARTESIAN_POINT('',(-7.47485883813451,-5.12611131722119,7.02978537363135));
#1486=CARTESIAN_POINT('',(-7.4748588381345,-5.12611131722119,7.02978537363135));
#1487=CARTESIAN_POINT('',(-7.02992208495233,-5.06534050812581,7.40176700388837));
#1488=CARTESIAN_POINT('',(-6.95344627789424,-5.05960983154451,7.30846182370063));
#1489=CARTESIAN_POINT('',(-6.87697051585644,-5.05387915653193,7.21515661957519));
#1490=CARTESIAN_POINT('',(-6.12712487607606,-4.94009944531083,8.1408317458199));
#1491=CARTESIAN_POINT('',(-5.8323585480517,-4.91283370682885,7.88890031970797));
#1492=CARTESIAN_POINT('',(-5.6679169674515,-5.09484041078161,7.58407375917392));
#1493=CARTESIAN_POINT('',(-5.09780785905374,-4.80280570334994,8.68015863518945));
#1494=CARTESIAN_POINT('',(-4.80337526197873,-4.78167024594367,8.11687692397736));
#1495=CARTESIAN_POINT('',(-4.65959425800479,-5.32758995199099,7.85299012668166));
#1496=CARTESIAN_POINT('',(-4.53902510404121,-4.72994329725514,8.83769422297964));
#1497=CARTESIAN_POINT('',(-4.3385355154284,-4.72334973507096,8.11675713527089));
#1498=CARTESIAN_POINT('',(-4.19415202212673,-5.43381209683343,7.93132123254625));
#1499=CARTESIAN_POINT('',(-4.41668420039819,-5.72211782248308,8.86264246509248));
#1500=CARTESIAN_POINT('',(-4.19415202212665,-5.43381209683285,7.93132123254655));
#1501=CARTESIAN_POINT('',(-4.19415202212671,-5.43381209683341,7.93132123254626));
#1502=CARTESIAN_POINT('',(-4.65959426637385,-5.32758995573388,7.85299012352325));
#1503=CARTESIAN_POINT('',(-5.66791695075697,-5.09484040751556,7.58407376073329));
#1504=CARTESIAN_POINT('',(-6.87697054087635,-5.05387915932086,7.21515661961463));
#1505=CARTESIAN_POINT('',(-7.47485883813452,-5.12611131722119,7.02978537363134));
#1506=CARTESIAN_POINT('',(4.75823703004881,-4.42822541949609,8.));
#1507=CARTESIAN_POINT('',(4.6067005294889,-3.4532716550756,7.99999999999999));
#1508=CARTESIAN_POINT('',(4.60466556582299,-3.44017912964966,8.98657113198211));
#1509=CARTESIAN_POINT('',(2.06740222830683,-4.84646031879912,8.));
#1510=CARTESIAN_POINT('',(1.92606146006433,-3.87217221384879,8.00000000002845));
#1511=CARTESIAN_POINT('',(1.92079802111255,-3.85736177207959,8.98431528942933));
#1512=CARTESIAN_POINT('',(-0.629393021211355,-5.23732134031512,8.));
#1513=CARTESIAN_POINT('',(-0.758820583846962,-4.26450483613514,7.99999999998202));
#1514=CARTESIAN_POINT('',(-0.767212173639292,-4.24696920774668,8.98120167313185));
#1515=CARTESIAN_POINT('',(-3.32980622713825,-5.58232841113,8.));
#1516=CARTESIAN_POINT('',(-3.45362984981815,-4.61314553245289,8.));
#1517=CARTESIAN_POINT('',(-3.45650283853118,-4.59065829285322,8.9767977333335));
#1518=CARTESIAN_POINT('',(-3.32980622713825,-5.58232841113,9.));
#1519=CARTESIAN_POINT('',(4.7582370300488,-4.42822541949609,9.));
#1520=CARTESIAN_POINT('',(-7.49324528861378,-5.12820043158357,7.02992862860822));
#1521=CARTESIAN_POINT('',(-7.49556307776214,-5.1082536567965,7.70059049079));
#1522=CARTESIAN_POINT('',(-7.56807193178137,-4.48424617008719,7.93627609063783));
#1523=CARTESIAN_POINT('',(-6.46563347780643,-5.00903415695683,7.0219377160071));
#1524=CARTESIAN_POINT('',(-6.4594143012169,-4.9933703887272,7.69731231136933));
#1525=CARTESIAN_POINT('',(-6.37251924716729,-4.34693012760261,7.93567773590984));
#1526=CARTESIAN_POINT('',(-5.39772927174474,-5.30798513155724,7.01091209158391));
#1527=CARTESIAN_POINT('',(-5.39010879502788,-5.30441605640899,7.69275404507269));
#1528=CARTESIAN_POINT('',(-5.13284318377518,-4.69771781238526,7.93484934820038));
#1529=CARTESIAN_POINT('',(-4.58263828137228,-5.93712273598089,7.00000000000002));
#1530=CARTESIAN_POINT('',(-4.58263828137227,-5.93712273598088,7.68819797350817));
#1531=CARTESIAN_POINT('',(-4.18987884445334,-5.42827590157547,7.93402591042225));
#1532=CARTESIAN_POINT('',(-3.97161984385594,-5.14550637118373,7.));
#1533=CARTESIAN_POINT('',(-3.3298062271382,-5.58232841113008,8.));
#1534=CARTESIAN_POINT('',(-3.45362984981811,-4.61314553245289,7.99999999999991));
#1535=CARTESIAN_POINT('',(-3.45650283853107,-4.5906582928532,8.9767977333335));
#1536=CARTESIAN_POINT('',(-3.63919761263092,-5.53105054049812,8.00000000000001));
#1537=CARTESIAN_POINT('',(-3.7392472894494,-4.64823088932167,8.08427449383933));
#1538=CARTESIAN_POINT('',(-3.82301163189068,-4.63749780817083,8.97619755357998));
#1539=CARTESIAN_POINT('',(-3.92626753218504,-5.48018955701833,7.98097330762344));
#1540=CARTESIAN_POINT('',(-4.03801424221322,-4.68523055683295,8.13115822227116));
#1541=CARTESIAN_POINT('',(-4.18482706788587,-4.68375769033455,8.93755195225854));
#1542=CARTESIAN_POINT('',(-4.19415202212649,-5.43381209683342,7.93132123254633));
#1543=CARTESIAN_POINT('',(-4.33853551542811,-4.72334973507092,8.11675713527098));
#1544=CARTESIAN_POINT('',(-4.53902510404076,-4.72994329725508,8.8376942229798));
#1545=CARTESIAN_POINT('',(-3.32980622713826,-5.58232841113007,8.));
#1546=CARTESIAN_POINT('',(-3.64550041239048,-5.53000593127706,8.00000000000001));
#1547=CARTESIAN_POINT('',(-3.9353160746483,-5.47862302506015,7.97929617230542));
#1548=CARTESIAN_POINT('',(-4.194152022127,-5.43381209683333,7.93132123254624));
#1549=CARTESIAN_POINT('',(4.60466556582293,-3.44017912964966,8.98657113198212));
#1550=CARTESIAN_POINT('',(4.60670052948888,-3.4532716550756,7.99999999999995));
#1551=CARTESIAN_POINT('',(4.75823703004879,-4.42822541949614,8.));
#1552=CARTESIAN_POINT('',(4.97798738846493,-3.38214966947974,8.9868849255274));
#1553=CARTESIAN_POINT('',(4.89601406824665,-3.4068229617608,8.08689758254724));
#1554=CARTESIAN_POINT('',(5.04674742041947,-4.29021841158266,8.00000000000001));
#1555=CARTESIAN_POINT('',(5.34622120477536,-3.3248947636822,8.94731434973222));
#1556=CARTESIAN_POINT('',(5.19893526297467,-3.35853518376664,8.1346791216287));
#1557=CARTESIAN_POINT('',(5.31294859955435,-4.15921589092697,7.98005936076333));
#1558=CARTESIAN_POINT('',(5.70629930581799,-3.26914470815764,8.84350292780206));
#1559=CARTESIAN_POINT('',(5.50358208968739,-3.31044592265435,8.1183383842653));
#1560=CARTESIAN_POINT('',(5.5613152097664,-4.03783967171568,7.92799948674313));
#1561=CARTESIAN_POINT('',(5.56131520976639,-4.03783967171569,7.92799948674313));
#1562=CARTESIAN_POINT('',(5.32099544270776,-4.1552834116309,7.97837267120281));
#1563=CARTESIAN_POINT('',(5.05202856243724,-4.28769221637904,8.00000000000001));
#1564=CARTESIAN_POINT('',(4.75823703004882,-4.42822541949613,8.));
#1565=CARTESIAN_POINT('',(5.56131520976639,-4.03783967171568,7.92799948674313));
#1566=CARTESIAN_POINT('',(5.86280934421948,-4.25674202322174,8.85599897348625));
#1567=CARTESIAN_POINT('',(6.9148516788343E-15,5.77762540644992E-16,7.));
#1568=CARTESIAN_POINT('',(5.25982107531332,-3.81893732020964,7.));
#1569=CARTESIAN_POINT('',(8.64663009302267,-2.81096809295474,7.01004049673474));
#1570=CARTESIAN_POINT('',(8.64663009302267,-2.81096809295474,7.01004049673474));
#1571=CARTESIAN_POINT('',(8.64663009302267,-2.81096809295474,7.01004049673474));
#1572=CARTESIAN_POINT('',(8.05152421479748,-2.9085835430825,7.19562031759032));
#1573=CARTESIAN_POINT('',(8.12634217179502,-2.89513072608898,7.28823700309266));
#1574=CARTESIAN_POINT('',(8.20116017243572,-2.88167790188719,7.38085366524796));
#1575=CARTESIAN_POINT('',(6.88654177713969,-3.29179985714396,7.57138222154675));
#1576=CARTESIAN_POINT('',(6.99779578800572,-3.07487099577878,7.88117596148655));
#1577=CARTESIAN_POINT('',(7.29450074132864,-3.02351818725669,8.1316338210408));
#1578=CARTESIAN_POINT('',(5.98036383832655,-3.80400300631857,7.84701527423939));
#1579=CARTESIAN_POINT('',(5.96870617162604,-3.23673302217884,8.11661151351522));
#1580=CARTESIAN_POINT('',(6.26643590206375,-3.18242006145318,8.68201408530681));
#1581=CARTESIAN_POINT('',(5.56131520976638,-4.03783967171569,7.9279994867431));
#1582=CARTESIAN_POINT('',(5.50358208968737,-3.31044592265434,8.11833838426527));
#1583=CARTESIAN_POINT('',(5.70629930581797,-3.26914470815764,8.84350292780204));
#1584=CARTESIAN_POINT('',(8.64663009302267,-2.81096809295474,7.01004049673474));
#1585=CARTESIAN_POINT('',(8.05152423972412,-2.90858353891456,7.19562031759728));
#1586=CARTESIAN_POINT('',(6.88654176068861,-3.29179985935113,7.57138222280927));
#1587=CARTESIAN_POINT('',(5.98036384630154,-3.8040030060714,7.84701527170677));
#1588=CARTESIAN_POINT('',(5.56131520976639,-4.03783967171569,7.92799948674313));
#1589=CARTESIAN_POINT('',(8.56304917447623,-2.1800219117376,7.93147382775442));
#1590=CARTESIAN_POINT('',(8.66393969795753,-2.80120720583539,7.6856765664702));
#1591=CARTESIAN_POINT('',(8.66503235762173,-2.80793473674147,7.01008800276498));
#1592=CARTESIAN_POINT('',(7.96684519376152,-2.27712756619951,7.93136877266646));
#1593=CARTESIAN_POINT('',(8.14863803217403,-2.88581314453053,7.68511522754347));
#1594=CARTESIAN_POINT('',(8.15069533147951,-2.89148491038217,7.00876378958517));
#1595=CARTESIAN_POINT('',(6.80449917315522,-2.71376680985791,7.93111478224575));
#1596=CARTESIAN_POINT('',(7.1445412810187,-3.26495777282904,7.68375676760396));
#1597=CARTESIAN_POINT('',(7.14780240235511,-3.26751990789751,7.00556474329191));
#1598=CARTESIAN_POINT('',(5.91303474383233,-3.54131876764249,7.9308217496775));
#1599=CARTESIAN_POINT('',(6.37644234101291,-3.98088166285794,7.68218690372752));
#1600=CARTESIAN_POINT('',(6.37767515967292,-3.98136143874459,7.00187897200423));
#1601=CARTESIAN_POINT('',(5.55587141000114,-4.03388715512111,7.93067221286793));
#1602=CARTESIAN_POINT('',(6.06902431767092,-4.40646613870509,7.68138478614));
#1603=CARTESIAN_POINT('',(6.06902431767092,-4.40646613870509,7.));
#1604=CARTESIAN_POINT('',(-7.32863980615458,-5.28343704674242,0.512151558312354));
#1605=CARTESIAN_POINT('',(-7.32709101701812,-5.29579089672596,3.25260651745651E-15));
#1606=CARTESIAN_POINT('',(-7.3908190219639,-4.7874672041593,3.25260651745651E-15));
#1607=CARTESIAN_POINT('',(-8.68485243140799,-5.45343766735045,0.513226026838967));
#1608=CARTESIAN_POINT('',(-8.6847253257444,-5.46710748170924,-7.17771051427632E-12));
#1609=CARTESIAN_POINT('',(-8.74434293039401,-4.95715706838029,3.25260651745651E-15));
#1610=CARTESIAN_POINT('',(-11.4071830396312,-5.77205516032074,0.518758095160961));
#1611=CARTESIAN_POINT('',(-11.4094856843175,-5.79192091540675,3.35774886945421E-12));
#1612=CARTESIAN_POINT('',(-11.4537457013863,-5.27452163693927,4.86530655650778E-15));
#1613=CARTESIAN_POINT('',(-15.4769530121507,-6.14092956831122,0.516208039413837));
#1614=CARTESIAN_POINT('',(-15.4710143160664,-6.15715423137584,-9.00012023041331E-13));
#1615=CARTESIAN_POINT('',(-15.5291430494277,-5.64393375546512,-2.39184361922291E-15));
#1616=CARTESIAN_POINT('',(-19.5453620870307,-6.59152565242873,0.516868434199291));
#1617=CARTESIAN_POINT('',(-19.5482808823556,-6.60939756023476,2.46758958194954E-13));
#1618=CARTESIAN_POINT('',(-19.5961294715906,-6.09438977486161,7.98940099436044E-16));
#1619=CARTESIAN_POINT('',(-22.9510090991468,-6.89581453768863,0.521918914740347));
#1620=CARTESIAN_POINT('',(-22.9578408267308,-6.91925507427007,-2.23327513326233E-14));
#1621=CARTESIAN_POINT('',(-22.9918213384505,-6.39786865825186,8.13684341435565E-15));
#1622=CARTESIAN_POINT('',(-25.6891106474535,-7.07068056238416,0.530120419801021));
#1623=CARTESIAN_POINT('',(-25.6926730047536,-7.10290108566116,-6.5804144785667E-16));
#1624=CARTESIAN_POINT('',(-25.7147597953116,-6.57217479660943,-6.02406856859479E-15));
#1625=CARTESIAN_POINT('',(-27.7479416483509,-7.1458028726983,0.53862789560977));
#1626=CARTESIAN_POINT('',(-27.7545002804757,-7.18764576179727,4.12343911462015E-15));
#1627=CARTESIAN_POINT('',(-27.7582594033874,-6.64725945314659,5.83871148244378E-15));
#1628=CARTESIAN_POINT('',(-29.8143597500721,-7.1476377499903,0.549710494039615));
#1629=CARTESIAN_POINT('',(-29.8235820630178,-7.20241037823084,-6.80906291440845E-15));
#1630=CARTESIAN_POINT('',(-29.8051927023838,-6.65004159270511,-7.57295780881078E-15));
#1631=CARTESIAN_POINT('',(-31.8807849812238,-7.06660169041663,0.562769955484638));
#1632=CARTESIAN_POINT('',(-31.8993452969681,-7.13681611451292,1.08655607020556E-14));
#1633=CARTESIAN_POINT('',(-31.8490974523764,-6.57115582808513,1.14426936829733E-14));
#1634=CARTESIAN_POINT('',(-33.6159389082046,-6.88053798113436,0.584643966021815));
#1635=CARTESIAN_POINT('',(-33.645642889191,-6.97721832752383,-1.16408709978595E-14));
#1636=CARTESIAN_POINT('',(-33.5472146747558,-6.39161401547344,-1.25771637289717E-14));
#1637=CARTESIAN_POINT('',(-34.9894945532849,-6.61028780804711,0.608082390924169));
#1638=CARTESIAN_POINT('',(-35.026223191932,-6.73999866042239,9.97482053772056E-15));
#1639=CARTESIAN_POINT('',(-34.8813688543284,-6.13384745277927,1.12430577266762E-14));
#1640=CARTESIAN_POINT('',(-36.0140890915017,-6.33800353102836,0.627027542246347));
#1641=CARTESIAN_POINT('',(-36.0718173234961,-6.4925615656629,-1.15764432004607E-14));
#1642=CARTESIAN_POINT('',(-35.874197841457,-5.87406089360545,-1.62323982229406E-14));
#1643=CARTESIAN_POINT('',(-37.0267615428573,-5.96088036506182,0.658402910031583));
#1644=CARTESIAN_POINT('',(-37.1301247085392,-6.15589379890014,1.39794628281984E-14));
#1645=CARTESIAN_POINT('',(-36.8341400050296,-5.52544521012148,2.37625552044862E-14));
#1646=CARTESIAN_POINT('',(-37.8361009131534,-5.5127513837455,0.689081192868461));
#1647=CARTESIAN_POINT('',(-37.9940865455524,-5.74596738875995,-6.53275368589632E-14));
#1648=CARTESIAN_POINT('',(-37.5913434130464,-5.11674730532458,-8.99103494463793E-14));
#1649=CARTESIAN_POINT('',(-38.4291525387814,-5.04193290258251,0.719971656275283));
#1650=CARTESIAN_POINT('',(-38.6673926189276,-5.3031553125398,-2.41829581297873E-14));
#1651=CARTESIAN_POINT('',(-38.1306508813478,-4.70389382533257,1.75492983637011E-14));
#1652=CARTESIAN_POINT('',(-38.8303510099761,-4.60910261317254,0.743173524472269));
#1653=CARTESIAN_POINT('',(-39.155302119398,-4.86767401281266,1.46307967847345E-13));
#1654=CARTESIAN_POINT('',(-38.4901640221816,-4.33147679154009,-2.08127033342622E-14));
#1655=CARTESIAN_POINT('',(-39.1596522617512,-4.11147038488254,0.762445741009786));
#1656=CARTESIAN_POINT('',(-39.5766162382728,-4.33494559600814,-6.21451747429205E-13));
#1657=CARTESIAN_POINT('',(-38.7831497372349,-3.90521252232795,2.86218006743431E-14));
#1658=CARTESIAN_POINT('',(-39.3098933191047,-3.68833145896846,0.777350137702611));
#1659=CARTESIAN_POINT('',(-39.8180440913071,-3.82619841026362,1.44636927382701E-12));
#1660=CARTESIAN_POINT('',(-38.9019618860657,-3.57765516695899,-2.16840434497101E-15));
#1661=CARTESIAN_POINT('',(-39.331526559451,-3.44106269312076,0.777350098117932));
#1662=CARTESIAN_POINT('',(-39.8477879236694,-3.4862297099063,-2.16840434497101E-15));
#1663=CARTESIAN_POINT('',(-38.917084513572,-3.40480371241785,-2.16840434497101E-15));
#1664=CARTESIAN_POINT('',(-7.39081902196389,-4.7874672041593,0.500000000000003));
#1665=CARTESIAN_POINT('',(-38.917084513572,-3.40480371241785,0.5));
#1666=CARTESIAN_POINT('',(-39.331526559451,-3.44106269312076,0.777350098117932));
#1667=CARTESIAN_POINT('',(-39.8477879236694,-3.4862297099063,-1.73472347597681E-15));
#1668=CARTESIAN_POINT('',(-38.917084513572,-3.40480371241785,-1.73472347597681E-15));
#1669=CARTESIAN_POINT('',(-39.3535092187674,-3.18979935188738,0.777350149822169));
#1670=CARTESIAN_POINT('',(-39.8780113408754,-3.14076882791451,2.08191895410326E-12));
#1671=CARTESIAN_POINT('',(-38.9324512488526,-3.22915985674657,-1.73472347597681E-15));
#1672=CARTESIAN_POINT('',(-39.27668868609,-2.74448099627359,0.762162267094501));
#1673=CARTESIAN_POINT('',(-39.7247466149522,-2.59592600591039,-9.44888525953342E-13));
#1674=CARTESIAN_POINT('',(-38.8704251098914,-2.88342176419014,-1.00254797581012E-14));
#1675=CARTESIAN_POINT('',(-39.0363405555067,-2.19481400182763,0.742890099638109));
#1676=CARTESIAN_POINT('',(-39.4001637267125,-1.99613042266939,2.44551604659263E-13));
#1677=CARTESIAN_POINT('',(-38.6534625688998,-2.41021486465998,4.51467788926313E-15));
#1678=CARTESIAN_POINT('',(-38.7108859074752,-1.69432928278439,0.71925160194091));
#1679=CARTESIAN_POINT('',(-38.9885790555576,-1.47841781052037,-1.33580766714439E-14));
#1680=CARTESIAN_POINT('',(-38.3591918744296,-1.97721598547378,4.66105576943182E-14));
#1681=CARTESIAN_POINT('',(-38.2011056275041,-1.12460148370204,0.688210707681774));
#1682=CARTESIAN_POINT('',(-38.3952563109506,-0.923087113446383,-3.1734609850794E-14));
#1683=CARTESIAN_POINT('',(-37.8925388692463,-1.47366148878622,-6.71834174308672E-14));
#1684=CARTESIAN_POINT('',(-37.4711191096307,-0.539416409084921,0.657137806419924));
#1685=CARTESIAN_POINT('',(-37.6045654338172,-0.366628004889345,-1.13232392565982E-14));
#1686=CARTESIAN_POINT('',(-37.2076767632788,-0.936516620435534,8.00825416171798E-16));
#1687=CARTESIAN_POINT('',(-36.2224565094605,0.185055852784822,0.616478604654441));
#1688=CARTESIAN_POINT('',(-36.30634527669,0.307530250201265,-2.24355618543009E-14));
#1689=CARTESIAN_POINT('',(-36.0199644606329,-0.259737618058325,-2.95373352701659E-14));
#1690=CARTESIAN_POINT('',(-34.5797719851155,0.858607596685204,0.589337481632178));
#1691=CARTESIAN_POINT('',(-34.6360795904527,0.953067382397303,5.58325201705839E-15));
#1692=CARTESIAN_POINT('',(-34.4197377139516,0.392566702092503,8.12858198902586E-15));
#1693=CARTESIAN_POINT('',(-32.5804994794252,1.43384586149859,0.562067740322817));
#1694=CARTESIAN_POINT('',(-32.6117947726757,1.49834272029357,-2.89246526803186E-15));
#1695=CARTESIAN_POINT('',(-32.464368260184,0.950831858825061,-3.25006487599486E-15));
#1696=CARTESIAN_POINT('',(-30.5682215253014,1.86833472249662,0.549613343580674));
#1697=CARTESIAN_POINT('',(-30.5860551227209,1.92081623941965,3.51920661859687E-15));
#1698=CARTESIAN_POINT('',(-30.4729700497785,1.37992301803793,2.92011360447967E-15));
#1699=CARTESIAN_POINT('',(-28.5405120352622,2.22300217460885,0.538473365096085));
#1700=CARTESIAN_POINT('',(-28.5543724181687,2.2628339803523,4.76186004336882E-16));
#1701=CARTESIAN_POINT('',(-28.4643659002686,1.73016668873613,4.58003652790224E-15));
#1702=CARTESIAN_POINT('',(-26.4985117781943,2.50587472782632,0.530026199717713));
#1703=CARTESIAN_POINT('',(-26.5074895702449,2.5369091456489,2.04405131685102E-14));
#1704=CARTESIAN_POINT('',(-26.4373788846158,2.0104684814459,4.78059242356349E-15));
#1705=CARTESIAN_POINT('',(-23.7756747609579,2.80782987063673,0.521871876139557));
#1706=CARTESIAN_POINT('',(-23.7864525065367,2.82967373489492,-8.70952421010012E-14));
#1707=CARTESIAN_POINT('',(-23.7294878393508,2.31034901537221,-8.91061044038744E-15));
#1708=CARTESIAN_POINT('',(-20.3738349316299,3.09874393975618,0.516832333776105));
#1709=CARTESIAN_POINT('',(-20.3797139493499,3.11580811061568,6.25715471887221E-13));
#1710=CARTESIAN_POINT('',(-20.3375788767527,2.60033961660199,2.62452430763708E-15));
#1711=CARTESIAN_POINT('',(-16.2954726496672,3.36100809791082,0.516238792489593));
#1712=CARTESIAN_POINT('',(-16.2924484448165,3.37804864213269,-2.28144881237098E-12));
#1713=CARTESIAN_POINT('',(-16.2605016769922,2.86250554323651,-8.38775808943421E-15));
#1714=CARTESIAN_POINT('',(-12.2304097547466,3.70397095732238,0.518736955791556));
#1715=CARTESIAN_POINT('',(-12.2361583369021,3.7231099017251,8.4957248937044E-12));
#1716=CARTESIAN_POINT('',(-12.1899164410345,3.20590646329901,4.90565591044766E-15));
#1717=CARTESIAN_POINT('',(-9.49806082613325,3.86257010367144,0.513224587500454));
#1718=CARTESIAN_POINT('',(-9.50030519248165,3.87605300802699,-1.81825358086972E-11));
#1719=CARTESIAN_POINT('',(-9.47047292841969,3.36349848992249,4.55364912443912E-15));
#1720=CARTESIAN_POINT('',(-8.13476051511961,3.93056481906786,0.512151558312291));
#1721=CARTESIAN_POINT('',(-8.13538047910706,3.94299993072227,4.55364912443912E-15));
#1722=CARTESIAN_POINT('',(-8.10987082958256,3.43133256531771,4.55364912443912E-15));
#1723=CARTESIAN_POINT('',(-8.10987082958255,3.43133256531771,0.5));
#1724=CARTESIAN_POINT('',(-7.39081902196389,-4.7874672041593,0.));
#1725=CARTESIAN_POINT('',(-7.32709101701811,-5.29579089672596,-2.71050543121376E-17));
#1726=CARTESIAN_POINT('',(-7.32863980615457,-5.28343704674241,0.512151558312352));
#1727=CARTESIAN_POINT('',(-6.24623609626823,-4.64397206160806,0.));
#1728=CARTESIAN_POINT('',(-6.31658096889925,-5.16572748516053,-5.4560951959181E-14));
#1729=CARTESIAN_POINT('',(-6.31113974997499,-5.15595448078775,0.508872356621458));
#1730=CARTESIAN_POINT('',(-5.08442910498744,-4.94764738483106,0.));
#1731=CARTESIAN_POINT('',(-5.28471795286857,-5.42686509286859,1.17058639282236E-12));
#1732=CARTESIAN_POINT('',(-5.27829861717758,-5.4259795064341,0.504503681411206));
#1733=CARTESIAN_POINT('',(-4.15623954117359,-5.63255473798379,0.));
#1734=CARTESIAN_POINT('',(-4.4531137941143,-6.03488007641148,-6.50521303483759E-16));
#1735=CARTESIAN_POINT('',(-4.45311379411427,-6.03488007641143,0.500000000000061));
#1736=CARTESIAN_POINT('',(-4.15623954117364,-5.63255473798387,0.5));
#1737=CARTESIAN_POINT('',(-5.07117978938382,4.82526015296015,0.));
#1738=CARTESIAN_POINT('',(-5.43340691719694,5.1699215924573,1.20370621524202E-32));
#1739=CARTESIAN_POINT('',(-5.43340691719694,5.1699215924573,0.5));
#1740=CARTESIAN_POINT('',(-5.86633496179256,3.9895798714106,0.));
#1741=CARTESIAN_POINT('',(-6.14679627214754,4.42673736987162,1.39735507138528E-13));
#1742=CARTESIAN_POINT('',(-6.14032067649244,4.42697993639397,0.504503680391188));
#1743=CARTESIAN_POINT('',(-6.95776130363414,3.48877205207116,0.));
#1744=CARTESIAN_POINT('',(-7.11763908581026,3.99038560073919,1.65216993344979E-12));
#1745=CARTESIAN_POINT('',(-7.11058348645131,3.98170592887213,0.508872363308594));
#1746=CARTESIAN_POINT('',(-8.10987082958255,3.43133256531771,0.));
#1747=CARTESIAN_POINT('',(-8.13538047910679,3.94299993072232,-3.96411419315013E-16));
#1748=CARTESIAN_POINT('',(-8.13476051511935,3.93056481906787,0.512151558312317));
#1749=CARTESIAN_POINT('',(-5.07117978938382,4.82526015296015,0.5));
#1750=CARTESIAN_POINT('',(6.9148516788343E-15,5.77762540644992E-16,0.5));
#1751=CARTESIAN_POINT('',(5.6322390899736,-4.15666727479762,0.5));
#1752=CARTESIAN_POINT('',(6.9148516788343E-15,5.77762540644992E-16,0.5));
#1753=CARTESIAN_POINT('',(4.82487502518752,5.07154621307169,0.5));
#1754=CARTESIAN_POINT('',(5.6322390899736,-4.15666727479762,0.));
#1755=CARTESIAN_POINT('',(6.03454188211457,-4.45357208014031,4.81482486096809E-32));
#1756=CARTESIAN_POINT('',(6.03454188211457,-4.45357208014031,0.5));
#1757=CARTESIAN_POINT('',(6.32140863212575,-3.22285003593659,0.));
#1758=CARTESIAN_POINT('',(6.64958092874754,-3.62308884362889,-1.01900627568489E-13));
#1759=CARTESIAN_POINT('',(6.647150520289,-3.62349401743334,0.501711977944108));
#1760=CARTESIAN_POINT('',(7.35080066782299,-2.58858161348237,0.));
#1761=CARTESIAN_POINT('',(7.56519545197644,-3.06260405369729,-1.57110967450468E-14));
#1762=CARTESIAN_POINT('',(7.56217872522,-3.05968217914513,0.503367358445972));
#1763=CARTESIAN_POINT('',(8.49478490257412,-2.39294764365095,0.));
#1764=CARTESIAN_POINT('',(8.57984634853667,-2.89035079865796,-1.6940658945086E-18));
#1765=CARTESIAN_POINT('',(8.57906334313235,-2.88577211610572,0.504602586962052));
#1766=CARTESIAN_POINT('',(8.49478490257412,-2.39294764365095,0.5));
#1767=CARTESIAN_POINT('',(7.95019903465366,3.8316973100252,0.));
#1768=CARTESIAN_POINT('',(7.94759505468714,4.33631455852908,3.72694496791892E-17));
#1769=CARTESIAN_POINT('',(7.94761902477562,4.33166946899237,0.504602586961189));
#1770=CARTESIAN_POINT('',(6.78962132058273,3.82570838371467,0.));
#1771=CARTESIAN_POINT('',(6.91844602624831,4.32975861960007,-2.12530541089778E-13));
#1772=CARTESIAN_POINT('',(6.91598250322199,4.32635727887681,0.503367356581226));
#1773=CARTESIAN_POINT('',(5.66573119521818,4.27158782658537,0.));
#1774=CARTESIAN_POINT('',(5.91941697106757,4.72273273440631,1.84488324065399E-14));
#1775=CARTESIAN_POINT('',(5.91695312975668,4.72270972456048,0.501711979952751));
#1776=CARTESIAN_POINT('',(4.82487502518752,5.0715462130717,0.));
#1777=CARTESIAN_POINT('',(5.1695089555581,5.43379951400539,1.13090606334418E-27));
#1778=CARTESIAN_POINT('',(5.16950895555808,5.43379951400537,0.500000000000024));
#1779=CARTESIAN_POINT('',(7.95019903465366,3.8316973100252,0.5));
#1780=CARTESIAN_POINT('',(8.49478490257412,-2.39294764365095,-9.75781955236954E-16));
#1781=CARTESIAN_POINT('',(8.57984634853666,-2.89035079865795,-9.8679338355126E-16));
#1782=CARTESIAN_POINT('',(8.57906334313234,-2.88577211610573,0.504602586962039));
#1783=CARTESIAN_POINT('',(11.2144006187314,-1.92786324888258,-9.75781955236954E-16));
#1784=CARTESIAN_POINT('',(11.3001303347881,-2.42437194998911,4.06001210329115E-12));
#1785=CARTESIAN_POINT('',(11.301545066206,-2.42020472346371,0.50384010317464));
#1786=CARTESIAN_POINT('',(16.6439921009084,-0.949604804257213,-6.33746792321886E-15));
#1787=CARTESIAN_POINT('',(16.7336984121422,-1.44420901212929,-1.89220950967852E-12));
#1788=CARTESIAN_POINT('',(16.7366492351572,-1.44094055075544,0.502652007528657));
#1789=CARTESIAN_POINT('',(23.4124851054174,0.365492441302574,4.55313599058649E-15));
#1790=CARTESIAN_POINT('',(23.5081796298026,-0.127214645575526,1.19824260640384E-13));
#1791=CARTESIAN_POINT('',(23.5092167816258,-0.125095495201027,0.501860347265749));
#1792=CARTESIAN_POINT('',(28.8152230585242,1.4777098624724,3.48018965744893E-15));
#1793=CARTESIAN_POINT('',(28.9190944693381,0.987276806160251,1.72730724644639E-13));
#1794=CARTESIAN_POINT('',(28.9190233447358,0.988630272342059,0.501337523487026));
#1795=CARTESIAN_POINT('',(32.8646812309719,2.32483509702337,-6.49627457425437E-15));
#1796=CARTESIAN_POINT('',(32.9634559556469,1.83325278608452,-8.12163203453057E-13));
#1797=CARTESIAN_POINT('',(32.9636565534074,1.83460432313586,0.501273478727414));
#1798=CARTESIAN_POINT('',(36.2301606754913,3.07596653787366,9.5398618102901E-15));
#1799=CARTESIAN_POINT('',(36.3517588574065,2.59000621140229,2.41899249946765E-12));
#1800=CARTESIAN_POINT('',(36.3513625715387,2.59085504211984,0.500911165094666));
#1801=CARTESIAN_POINT('',(38.914841313011,3.71540715791991,-5.46415548781047E-15));
#1802=CARTESIAN_POINT('',(39.0213731026735,3.22571142577616,-4.18045660269764E-12));
#1803=CARTESIAN_POINT('',(39.0214545381451,3.22676981282466,0.501018471554941));
#1804=CARTESIAN_POINT('',(40.2691105053384,3.97542116678303,-2.81892564846231E-15));
#1805=CARTESIAN_POINT('',(40.3599679543897,3.48348784947072,9.22099882340555E-12));
#1806=CARTESIAN_POINT('',(40.3601624290748,3.48378145218322,0.500253276434945));
#1807=CARTESIAN_POINT('',(40.9469976893002,4.10096647216133,-2.81892564846231E-15));
#1808=CARTESIAN_POINT('',(41.0380312828043,3.60942673550523,-2.74981305392228E-15));
#1809=CARTESIAN_POINT('',(41.0380497795159,3.60932686172878,0.499898407220206));
#1810=CARTESIAN_POINT('',(40.8439826217578,3.57338545265366,0.500000000000332));
#1811=CARTESIAN_POINT('',(40.8439826217581,3.57338545265368,0.455894274743625));
#1812=CARTESIAN_POINT('',(40.7557055412515,3.56566220885969,0.404270416096324));
#1813=CARTESIAN_POINT('',(40.6037406937511,3.55236700744939,0.344059657840621));
#1814=CARTESIAN_POINT('',(40.3923141077477,3.53386957800619,0.291034000359852));
#1815=CARTESIAN_POINT('',(40.1425409820655,3.51201726105587,0.242422202051801));
#1816=CARTESIAN_POINT('',(39.8044716625982,3.48244002811693,0.1886645499569));
#1817=CARTESIAN_POINT('',(39.381639446985,3.44544700267766,0.13576493694721));
#1818=CARTESIAN_POINT('',(38.8727181508591,3.40092215864008,0.086198862635543));
#1819=CARTESIAN_POINT('',(38.3632329253512,3.35634797717395,0.047851327846769));
#1820=CARTESIAN_POINT('',(37.6816909729065,3.29672078261738,0.0108717466341603));
#1821=CARTESIAN_POINT('',(37.1737621352903,3.25228276744397,-9.60509666012157E-15));
#1822=CARTESIAN_POINT('',(36.8290189204362,3.22212164431875,4.90515881340282E-27));
#1823=CARTESIAN_POINT('',(7.94761902477561,4.33166946899237,0.504602586961188));
#1824=CARTESIAN_POINT('',(7.94759505468713,4.33631455852908,-1.84314369322536E-15));
#1825=CARTESIAN_POINT('',(7.95019903465365,3.8316973100252,-2.27682456221956E-15));
#1826=CARTESIAN_POINT('',(10.7095185238575,4.34592873758425,0.503840121542168));
#1827=CARTESIAN_POINT('',(10.707401755642,4.34978700825053,2.98720442144049E-12));
#1828=CARTESIAN_POINT('',(10.709192266228,3.84593456232055,-2.27682456221956E-15));
#1829=CARTESIAN_POINT('',(16.2320007540385,4.3253395296048,0.502652036202568));
#1830=CARTESIAN_POINT('',(16.2285272448075,4.3280459572914,-1.42599374227341E-12));
#1831=CARTESIAN_POINT('',(16.2260709912168,3.8253785333207,-7.63308124298657E-15));
#1832=CARTESIAN_POINT('',(23.1301160221053,4.2055321685869,0.501860370653249));
#1833=CARTESIAN_POINT('',(23.1287265988828,4.20743904898144,1.78788970668718E-13));
#1834=CARTESIAN_POINT('',(23.1200437872598,3.70560008247199,1.29949823961325E-14));
#1835=CARTESIAN_POINT('',(28.6511319990234,4.04813241235558,0.501337536759374));
#1836=CARTESIAN_POINT('',(28.6509670403575,4.04947767925963,-2.44738085716066E-14));
#1837=CARTESIAN_POINT('',(28.6338366542534,3.54845830317476,-9.5044472981064E-15));
#1838=CARTESIAN_POINT('',(32.7812265489875,3.9173521835518,0.501273505933696));
#1839=CARTESIAN_POINT('',(32.7807942500592,3.91864838437258,-5.08200122625796E-14));
#1840=CARTESIAN_POINT('',(32.7688826332434,3.41738222963446,9.83098250813116E-15));
#1841=CARTESIAN_POINT('',(36.2488341611273,3.76086540146438,0.50091113898515));
#1842=CARTESIAN_POINT('',(36.2490770355127,3.76177012155517,2.02935256608799E-13));
#1843=CARTESIAN_POINT('',(36.2137133213276,3.262077315774,-1.52702841094991E-15));
#1844=CARTESIAN_POINT('',(38.9888344168665,3.59826085972965,0.501018508146431));
#1845=CARTESIAN_POINT('',(38.988570514762,3.59928906210181,-3.52559110698214E-13));
#1846=CARTESIAN_POINT('',(38.9686899851669,3.0985338896479,3.38453985204881E-15));
#1847=CARTESIAN_POINT('',(40.3518498598811,3.57761456008459,0.50025332961052));
#1848=CARTESIAN_POINT('',(40.3516072538153,3.57786998620996,7.86256937503922E-13));
#1849=CARTESIAN_POINT('',(40.3475535599974,3.07763295680615,9.75781955236954E-16));
#1850=CARTESIAN_POINT('',(41.0413840642919,3.57168912651423,0.499898385889328));
#1851=CARTESIAN_POINT('',(41.0413831913029,3.57158753680316,9.75781955236954E-16));
#1852=CARTESIAN_POINT('',(41.0370875823282,3.07170759693808,9.75781955236954E-16));
#1853=CARTESIAN_POINT('',(-0.147868434527265,-0.012936811714461,59.7773500981125));
#1854=CARTESIAN_POINT('',(-1.45617190330835E-15,1.5788290015332E-14,60.));
#1855=CARTESIAN_POINT('',(0.266573611355358,0.0233221689887763,60.));
#1856=CARTESIAN_POINT('',(-0.135691895502601,-0.152113008578536,59.777350396323));
#1857=CARTESIAN_POINT('',(0.00959317789410528,-0.109636032622441,59.9999999999998));
#1858=CARTESIAN_POINT('',(0.271506990359499,-0.0330595836982262,60.));
#1859=CARTESIAN_POINT('',(-0.0683064372429083,-0.333142983271116,59.763226531211));
#1860=CARTESIAN_POINT('',(0.0625176934122053,-0.266091473900854,60.0000000000001));
#1861=CARTESIAN_POINT('',(0.310351205066714,-0.1376049277001,59.9999999999999));
#1862=CARTESIAN_POINT('',(0.090218102001714,-0.607948433556232,59.7431244013852));
#1863=CARTESIAN_POINT('',(0.202046608772085,-0.516320333251884,60.));
#1864=CARTESIAN_POINT('',(0.429968199510874,-0.325641578928731,60.));
#1865=CARTESIAN_POINT('',(0.337297451411288,-0.877608896512829,59.7137202274456));
#1866=CARTESIAN_POINT('',(0.425214978370689,-0.773300945261161,60.));
#1867=CARTESIAN_POINT('',(0.624814562750535,-0.525116607341204,59.9999999999999));
#1868=CARTESIAN_POINT('',(0.665298353852163,-1.11433226040634,59.6825877799211));
#1869=CARTESIAN_POINT('',(0.72964853515843,-1.00697426306757,60.));
#1870=CARTESIAN_POINT('',(0.899166836784146,-0.709840905704201,59.9999999999999));
#1871=CARTESIAN_POINT('',(1.11794646833752,-1.354897200986,59.6482836187869));
#1872=CARTESIAN_POINT('',(1.16209418798303,-1.25425594355077,59.9999999999999));
#1873=CARTESIAN_POINT('',(1.29369006102685,-0.908507396679864,59.9999999999999));
#1874=CARTESIAN_POINT('',(1.68665436704152,-1.54844638124851,59.6170723391429));
#1875=CARTESIAN_POINT('',(1.7146737828131,-1.46000934319399,59.9999999999998));
#1876=CARTESIAN_POINT('',(1.8101839671909,-1.07721198003576,59.9999999999998));
#1877=CARTESIAN_POINT('',(2.36852169153698,-1.7031680002693,59.5949096413543));
#1878=CARTESIAN_POINT('',(2.38582210855836,-1.62650584559722,59.9999999999998));
#1879=CARTESIAN_POINT('',(2.45489776703216,-1.21935363861349,59.9999999999998));
#1880=CARTESIAN_POINT('',(3.04784485933296,-1.80174486434521,59.5748811363221));
#1881=CARTESIAN_POINT('',(3.05793926353431,-1.73792101273049,59.9999999999996));
#1882=CARTESIAN_POINT('',(3.10052060546391,-1.30977132827342,59.9999999999996));
#1883=CARTESIAN_POINT('',(3.94301968492584,-1.87613941851588,59.5561428405433));
#1884=CARTESIAN_POINT('',(3.95012279024948,-1.82621287667607,59.9999999999996));
#1885=CARTESIAN_POINT('',(3.96389729534019,-1.37935444020986,59.9999999999996));
#1886=CARTESIAN_POINT('',(5.04506724988055,-1.90347487286466,59.5443108853418));
#1887=CARTESIAN_POINT('',(5.04987060652217,-1.86282824013372,59.9999999999994));
#1888=CARTESIAN_POINT('',(5.04546172216844,-1.4052611931232,59.9999999999993));
#1889=CARTESIAN_POINT('',(6.36797831180449,-1.87471141645435,59.5317286350171));
#1890=CARTESIAN_POINT('',(6.37123054017371,-1.84472512024971,59.9999999999992));
#1891=CARTESIAN_POINT('',(6.3460728731624,-1.3760171635408,59.9999999999992));
#1892=CARTESIAN_POINT('',(7.68539387637025,-1.79547804338483,59.5233566177822));
#1893=CARTESIAN_POINT('',(7.68592720649473,-1.77306831560513,59.9999999999989));
#1894=CARTESIAN_POINT('',(7.64808292802604,-1.29737728556344,59.9999999999989));
#1895=CARTESIAN_POINT('',(8.99016936601837,-1.68565304048541,59.5191247959487));
#1896=CARTESIAN_POINT('',(8.9906160444583,-1.66711416825215,59.9999999999988));
#1897=CARTESIAN_POINT('',(8.94487480854441,-1.18804903552213,59.9999999999988));
#1898=CARTESIAN_POINT('',(10.7270623752,-1.5143853015116,59.5139579416424));
#1899=CARTESIAN_POINT('',(10.7261743292165,-1.50082616050498,59.9999999999985));
#1900=CARTESIAN_POINT('',(10.6713465485808,-1.01765945230918,59.9999999999984));
#1901=CARTESIAN_POINT('',(12.8696980319686,-1.29112797438711,59.52042924489));
#1902=CARTESIAN_POINT('',(12.8677878134779,-1.27161588252702,59.9999999999982));
#1903=CARTESIAN_POINT('',(12.8278410230362,-0.793203991184419,59.9999999999981));
#1904=CARTESIAN_POINT('',(15.4793985338887,-1.02735644991235,59.511156125079));
#1905=CARTESIAN_POINT('',(15.4851851790123,-1.01573220352913,59.9999999999977));
#1906=CARTESIAN_POINT('',(15.4166295021136,-0.531326287727757,59.9999999999977));
#1907=CARTESIAN_POINT('',(18.0641357214264,-0.678922485206273,59.508739686799));
#1908=CARTESIAN_POINT('',(18.0638842325873,-0.670231862593667,59.9999999999973));
#1909=CARTESIAN_POINT('',(17.9947519431869,-0.183840821031533,59.9999999999973));
#1910=CARTESIAN_POINT('',(21.5059868685691,-0.168516174577916,59.505074892957));
#1911=CARTESIAN_POINT('',(21.5108077850915,-0.162724163456137,59.9999999999968));
#1912=CARTESIAN_POINT('',(21.4264193529918,0.325146741544638,59.9999999999968));
#1913=CARTESIAN_POINT('',(25.7945806515323,0.554026115170125,59.5027541795518));
#1914=CARTESIAN_POINT('',(25.7970100328973,0.557283891615661,59.999999999996));
#1915=CARTESIAN_POINT('',(25.7064068375471,1.0462014913454,59.999999999996));
#1916=CARTESIAN_POINT('',(30.0668577098384,1.35816301027074,59.5013020237137));
#1917=CARTESIAN_POINT('',(30.0682544820075,1.35976100344952,59.9999999999954));
#1918=CARTESIAN_POINT('',(29.9718382519679,1.84906508256007,59.9999999999953));
#1919=CARTESIAN_POINT('',(33.4769045137456,2.04771359536848,59.5004053228292));
#1920=CARTESIAN_POINT('',(33.4770392986948,2.04815789398409,59.9999999999946));
#1921=CARTESIAN_POINT('',(33.3752038461665,2.53727774119242,59.9999999999947));
#1922=CARTESIAN_POINT('',(35.6012469219459,2.49538077313799,59.5004608418857));
#1923=CARTESIAN_POINT('',(35.6011757790645,2.49583062822215,59.9999999999948));
#1924=CARTESIAN_POINT('',(35.4990191328634,2.9847803270886,59.9999999999943));
#1925=CARTESIAN_POINT('',(37.3032782075634,2.85139295802864,59.5000309846356));
#1926=CARTESIAN_POINT('',(37.3037055092103,2.85152386946403,59.9999999999932));
#1927=CARTESIAN_POINT('',(37.1985268063003,3.34036723439426,59.999999999994));
#1928=CARTESIAN_POINT('',(38.5966556156368,3.16660713676892,59.4991661864938));
#1929=CARTESIAN_POINT('',(38.5966363264242,3.1657475596233,59.9999999999972));
#1930=CARTESIAN_POINT('',(38.4650834475622,3.64938890365229,59.9999999999938));
#1931=CARTESIAN_POINT('',(39.8141198396986,3.45358148430342,59.5006423062617));
#1932=CARTESIAN_POINT('',(39.8136933823969,3.45413649032954,59.9999999999812));
#1933=CARTESIAN_POINT('',(39.7336480627495,3.94788296097252,59.9999999999936));
#1934=CARTESIAN_POINT('',(40.659456175656,3.55068982649182,59.500095605642));
#1935=CARTESIAN_POINT('',(40.6595410648191,3.55079662533721,60.0000000000204));
#1936=CARTESIAN_POINT('',(40.5984194264644,4.04695039931442,59.9999999999935));
#1937=CARTESIAN_POINT('',(41.0911622452278,3.60378695975125,59.4998719329052));
#1938=CARTESIAN_POINT('',(41.0911778828581,3.60365981791094,59.9999999999935));
#1939=CARTESIAN_POINT('',(41.0301253888714,4.10004746167033,59.9999999999934));
#1940=CARTESIAN_POINT('',(40.8439826217942,3.57338545265685,59.4999999999946));
#1941=CARTESIAN_POINT('',(40.8439826217927,3.57338545265672,59.5237664832184));
#1942=CARTESIAN_POINT('',(40.7893475128007,3.56860549998941,59.5441426952237));
#1943=CARTESIAN_POINT('',(40.7077077216754,3.56146294377332,59.572431785338));
#1944=CARTESIAN_POINT('',(40.5921733246441,3.55135499378579,59.5967577800877));
#1945=CARTESIAN_POINT('',(40.457240153976,3.53954987101872,59.6218945800367));
#1946=CARTESIAN_POINT('',(40.2752204586645,3.52362521114053,59.6522545459));
#1947=CARTESIAN_POINT('',(40.0479278567509,3.50373968516978,59.6882940452092));
#1948=CARTESIAN_POINT('',(39.6840465381316,3.47190419492181,59.7464029407156));
#1949=CARTESIAN_POINT('',(39.229908910298,3.43217230080512,59.8236048603569));
#1950=CARTESIAN_POINT('',(38.6834020304327,3.3843591442809,59.8980512210923));
#1951=CARTESIAN_POINT('',(38.1355620258856,3.33642935444626,59.9510342797915));
#1952=CARTESIAN_POINT('',(37.4015924189092,3.27221533451689,59.991520125416));
#1953=CARTESIAN_POINT('',(36.8546867519592,3.22436728839509,59.9999999999941));
#1954=CARTESIAN_POINT('',(36.4829272937987,3.19184255044804,59.9999999999942));
#1955=CARTESIAN_POINT('',(0.266573611355283,0.023322168988735,59.5));
#1956=CARTESIAN_POINT('',(0.266573611355357,0.0233221689887983,60.));
#1957=CARTESIAN_POINT('',(-5.80048162279745E-15,2.33272873673834E-14,60.));
#1958=CARTESIAN_POINT('',(-0.147868434527264,-0.012936811714461,59.7773500981125));
#1959=CARTESIAN_POINT('',(0.261641452639543,0.0797040284378824,60.));
#1960=CARTESIAN_POINT('',(-0.00959066130492227,0.109636252795624,60.0000000000002));
#1961=CARTESIAN_POINT('',(-0.160044577450835,0.126239419803785,59.7773503963232));
#1962=CARTESIAN_POINT('',(0.281741427973172,0.189406320848045,60.));
#1963=CARTESIAN_POINT('',(0.0153616096369317,0.272905030040868,59.9999999999999));
#1964=CARTESIAN_POINT('',(-0.125118380925141,0.316220504436821,59.7632265312109));
#1965=CARTESIAN_POINT('',(0.366888949673393,0.395357545932136,59.9999999999999));
#1966=CARTESIAN_POINT('',(0.109318981827058,0.543561292641451,60.));
#1967=CARTESIAN_POINT('',(-0.0167216512891873,0.614378539802981,59.7431244013852));
#1968=CARTESIAN_POINT('',(0.524136683664186,0.625636816346499,59.9999999999998));
#1969=CARTESIAN_POINT('',(0.284472707463612,0.835390572415699,59.9999999999998));
#1970=CARTESIAN_POINT('',(0.179777959637349,0.922847133167664,59.7137202274454));
#1971=CARTESIAN_POINT('',(0.76224389240746,0.855195509968879,59.9999999999999));
#1972=CARTESIAN_POINT('',(0.543704288658777,1.1183781998203,59.9999999999999));
#1973=CARTESIAN_POINT('',(0.461689210604753,1.21293089623098,59.6825877799211));
#1974=CARTESIAN_POINT('',(1.11627534826365,1.11935204948253,59.9999999999996));
#1975=CARTESIAN_POINT('',(0.926640107130596,1.43699651549106,59.9999999999996));
#1976=CARTESIAN_POINT('',(0.865686919594137,1.52844263502159,59.6482836187868));
#1977=CARTESIAN_POINT('',(1.59562730797374,1.37518185672155,59.9999999999997));
#1978=CARTESIAN_POINT('',(1.43509607337877,1.73557849832653,59.9999999999997));
#1979=CARTESIAN_POINT('',(1.3921454049956,1.81780645856801,59.6170723391428));
#1980=CARTESIAN_POINT('',(2.20586381654879,1.62711744057405,59.9999999999995));
#1981=CARTESIAN_POINT('',(2.06713633376361,2.01608922845248,59.9999999999995));
#1982=CARTESIAN_POINT('',(2.03678650549577,2.08858252684751,59.5949096413541));
#1983=CARTESIAN_POINT('',(2.82597732631986,1.82827271171443,59.9999999999994));
#1984=CARTESIAN_POINT('',(2.70969547817931,2.24252366798877,59.9999999999994));
#1985=CARTESIAN_POINT('',(2.68867153513519,2.30362501699181,59.5748811363219));
#1986=CARTESIAN_POINT('',(3.66415440369589,2.04672248866528,59.9999999999993));
#1987=CARTESIAN_POINT('',(3.57299301112119,2.48440022368879,59.9999999999993));
#1988=CARTESIAN_POINT('',(3.55732816492032,2.53233482787849,59.5561428405431));
#1989=CARTESIAN_POINT('',(4.72478877618589,2.26004735153782,59.9999999999991));
#1990=CARTESIAN_POINT('',(4.64967499580578,2.71142852169014,59.999999999999));
#1991=CARTESIAN_POINT('',(4.6378863992426,2.75062354660994,59.5443108853415));
#1992=CARTESIAN_POINT('',(6.01071889378345,2.45709636069913,59.9999999999989));
#1993=CARTESIAN_POINT('',(5.95410407676343,2.92305217339538,59.9999999999989));
#1994=CARTESIAN_POINT('',(5.94569419135991,2.95201816685215,59.5317286350168));
#1995=CARTESIAN_POINT('',(7.30660416181577,2.60574287250218,59.9999999999987));
#1996=CARTESIAN_POINT('',(7.26127062015965,3.08077867691674,59.9999999999986));
#1997=CARTESIAN_POINT('',(7.25685398412719,3.10275533877287,59.523356617782));
#1998=CARTESIAN_POINT('',(8.6026795111807,2.72326111110352,59.9999999999984));
#1999=CARTESIAN_POINT('',(8.56453704765874,3.20299105027448,59.9999999999984));
#2000=CARTESIAN_POINT('',(8.56087791388868,3.2211707104848,59.5191247959484));
#2001=CARTESIAN_POINT('',(10.3325101067435,2.85525879997366,59.9999999999982));
#2002=CARTESIAN_POINT('',(10.3026039118064,3.34060586439512,59.9999999999982));
#2003=CARTESIAN_POINT('',(10.3011239462495,3.35411321914934,59.5139579416422));
#2004=CARTESIAN_POINT('',(12.4952188663068,3.00868465729006,59.9999999999979));
#2005=CARTESIAN_POINT('',(12.4514834221359,3.48676508438125,59.9999999999978));
#2006=CARTESIAN_POINT('',(12.4499763809215,3.50631244968242,59.5204292448897));
#2007=CARTESIAN_POINT('',(15.0901524173878,3.20032386634183,59.9999999999975));
#2008=CARTESIAN_POINT('',(15.0735503749807,3.68927513619013,59.9999999999975));
#2009=CARTESIAN_POINT('',(15.0658331127978,3.69971794377072,59.5111561250787));
#2010=CARTESIAN_POINT('',(17.6894476036291,3.30580374837492,59.999999999997));
#2011=CARTESIAN_POINT('',(17.6730687002132,3.79681011317325,59.999999999997));
#2012=CARTESIAN_POINT('',(17.6718072575924,3.80541237627927,59.5087396867987));
#2013=CARTESIAN_POINT('',(21.1573650372608,3.40045164263473,59.9999999999965));
#2014=CARTESIAN_POINT('',(21.1557535258669,3.89556458979875,59.9999999999965));
#2015=CARTESIAN_POINT('',(21.1500000777228,3.90043146388825,59.5050748929568));
#2016=CARTESIAN_POINT('',(25.497539738147,3.43356336181497,59.9999999999959));
#2017=CARTESIAN_POINT('',(25.5018668171533,3.93078628437621,59.9999999999958));
#2018=CARTESIAN_POINT('',(25.4989086366069,3.93357271023048,59.5027541795517));
#2019=CARTESIAN_POINT('',(29.8375854645402,3.38358146465302,59.9999999999952));
#2020=CARTESIAN_POINT('',(29.8475701537365,3.8821944179854,59.9999999999953));
#2021=CARTESIAN_POINT('',(29.8459171130722,3.88352558711537,59.5013020237137));
#2022=CARTESIAN_POINT('',(33.3087531620605,3.2968125360776,59.9999999999947));
#2023=CARTESIAN_POINT('',(33.3241067351139,3.79618509451378,59.9999999999944));
#2024=CARTESIAN_POINT('',(33.3238968462055,3.79659923807437,59.5004053228291));
#2025=CARTESIAN_POINT('',(35.4780109309085,3.22490517423014,59.9999999999943));
#2026=CARTESIAN_POINT('',(35.4937103639293,3.72416594395635,59.999999999995));
#2027=CARTESIAN_POINT('',(35.4937023094756,3.72462131856242,59.5004608418857));
#2028=CARTESIAN_POINT('',(37.2134462824669,3.16983684146906,59.9999999999941));
#2029=CARTESIAN_POINT('',(37.2321403250607,3.66951766735038,59.9999999999928));
#2030=CARTESIAN_POINT('',(37.231696782553,3.66957238979482,59.5000309846355));
#2031=CARTESIAN_POINT('',(38.5144221321429,3.08544515840243,59.9999999999939));
#2032=CARTESIAN_POINT('',(38.5599929891396,3.58458282136136,59.9999999999986));
#2033=CARTESIAN_POINT('',(38.5601612493129,3.58373965265977,59.4991661864945));
#2034=CARTESIAN_POINT('',(39.8155473494519,3.0117698302039,59.9999999999937));
#2035=CARTESIAN_POINT('',(39.8086384259828,3.5119149064007,59.9999999999761));
#2036=CARTESIAN_POINT('',(39.8089620286499,3.51253553417422,59.5006423062591));
#2037=CARTESIAN_POINT('',(40.6843837732117,3.06437342026544,59.9999999999935));
#2038=CARTESIAN_POINT('',(40.6584206378377,3.56360316468579,60.0000000000314));
#2039=CARTESIAN_POINT('',(40.6583184929125,3.56369360016224,59.5000956056481));
#2040=CARTESIAN_POINT('',(41.1187513600908,3.08704797525229,59.9999999999935));
#2041=CARTESIAN_POINT('',(41.0926795197545,3.58649602964875,59.9999999999935));
#2042=CARTESIAN_POINT('',(41.0926861976438,3.58636810393267,59.4998719329053));
#2043=MECHANICAL_DESIGN_GEOMETRIC_PRESENTATION_REPRESENTATION('',(#583),
#2044);
#2044=(
GEOMETRIC_REPRESENTATION_CONTEXT(3)
GLOBAL_UNCERTAINTY_ASSIGNED_CONTEXT((#2045))
GLOBAL_UNIT_ASSIGNED_CONTEXT((#2048,#2047,#2046))
REPRESENTATION_CONTEXT('NACA0012_5_grad','TOP_LEVEL_ASSEMBLY_PART')
);
#2045=UNCERTAINTY_MEASURE_WITH_UNIT(LENGTH_MEASURE(0.005),#2048,
'DISTANCE_ACCURACY_VALUE','Maximum Tolerance applied to model');
#2046=(
NAMED_UNIT(*)
SI_UNIT($,.STERADIAN.)
SOLID_ANGLE_UNIT()
);
#2047=(
NAMED_UNIT(*)
PLANE_ANGLE_UNIT()
SI_UNIT($,.RADIAN.)
);
#2048=(
LENGTH_UNIT()
NAMED_UNIT(*)
SI_UNIT(.MILLI.,.METRE.)
);
#2049=PRODUCT_DEFINITION_SHAPE('','',#2050);
#2050=PRODUCT_DEFINITION('','',#2052,#2051);
#2051=PRODUCT_DEFINITION_CONTEXT('',#2058,'design');
#2052=PRODUCT_DEFINITION_FORMATION_WITH_SPECIFIED_SOURCE('','',#2054,
 .NOT_KNOWN.);
#2053=PRODUCT_RELATED_PRODUCT_CATEGORY('','',(#2054));
#2054=PRODUCT('NACA0012_5_grad','NACA0012_5_grad','NACA0012_5_grad',(#2056));
#2055=PRODUCT_CATEGORY('','');
#2056=PRODUCT_CONTEXT('',#2058,'mechanical');
#2057=APPLICATION_PROTOCOL_DEFINITION('international standard',
'automotive_design',2010,#2058);
#2058=APPLICATION_CONTEXT(
'core data for automotive mechanical design processes');
ENDSEC;
END-ISO-10303-21;
