ISO-10303-21;
HEADER;
/* Generated by software containing ST-Developer
 * from STEP Tools, Inc. (www.steptools.com) 
 */
/* OPTION: strings as raw bytes, not using required /X/ escapes */

FILE_DESCRIPTION(
/* description */ ('Unknown'),
/* implementation_level */ '2;1');

FILE_NAME(
/* name */ 'NACA0012_SIM',
/* time_stamp */ '2026-02-09T14:37:31+01:00',
/* author */ ('Unknown'),
/* organization */ ('Unknown'),
/* preprocessor_version */ 'ST-DEVELOPER v18.102',
/* originating_system */ 'Solid Edge',
/* authorisation */ 'Unknown');

FILE_SCHEMA (('AUTOMOTIVE_DESIGN {1 0 10303 214 3 1 1}'));
ENDSEC;

DATA;
#10=PROPERTY_DEFINITION_REPRESENTATION(#14,#12);
#11=PROPERTY_DEFINITION_REPRESENTATION(#15,#13);
#12=REPRESENTATION('',(#16),#2044);
#13=REPRESENTATION('',(#17),#2044);
#14=PROPERTY_DEFINITION('pmi validation property','',#2049);
#15=PROPERTY_DEFINITION('pmi validation property','',#2049);
#16=VALUE_REPRESENTATION_ITEM('number of annotations',COUNT_MEASURE(0.));
#17=VALUE_REPRESENTATION_ITEM('number of views',COUNT_MEASURE(0.));
#18=SHAPE_REPRESENTATION_RELATIONSHIP('','',#593,#19);
#19=ADVANCED_BREP_SHAPE_REPRESENTATION('',(#591),#2044);
#20=TOROIDAL_SURFACE('',#615,6.5,1.);
#21=TOROIDAL_SURFACE('',#621,6.5,1.);
#22=TOROIDAL_SURFACE('',#628,7.,0.5);
#23=TOROIDAL_SURFACE('',#630,7.,0.5);
#24=(
BOUNDED_SURFACE()
B_SPLINE_SURFACE(3,2,((#1284,#1285,#1286),(#1287,#1288,#1289),(#1290,#1291,
#1292),(#1293,#1294,#1295)),.UNSPECIFIED.,.F.,.F.,.F.)
B_SPLINE_SURFACE_WITH_KNOTS((4,4),(3,3),(0.0193937221519136,0.0261272302816774),
(0.,1.),.PIECEWISE_BEZIER_KNOTS.)
GEOMETRIC_REPRESENTATION_ITEM()
RATIONAL_B_SPLINE_SURFACE(((1.,0.92850533347171,1.),(1.,0.927908052734277,
1.),(1.,0.926689711377729,1.),(1.,0.926912426329508,1.)))
REPRESENTATION_ITEM('')
SURFACE()
);
#25=(
BOUNDED_SURFACE()
B_SPLINE_SURFACE(3,2,((#1304,#1305,#1306),(#1307,#1308,#1309),(#1310,#1311,
#1312),(#1313,#1314,#1315)),.UNSPECIFIED.,.F.,.F.,.F.)
B_SPLINE_SURFACE_WITH_KNOTS((4,4),(3,3),(0.0194326653632899,0.026062093211568),
(0.,1.),.PIECEWISE_BEZIER_KNOTS.)
GEOMETRIC_REPRESENTATION_ITEM()
RATIONAL_B_SPLINE_SURFACE(((1.,0.927623466221668,1.),(1.,0.926929627856279,
1.),(1.,0.926198464175133,1.),(1.,0.925419758641478,1.)))
REPRESENTATION_ITEM('')
SURFACE()
);
#26=(
BOUNDED_SURFACE()
B_SPLINE_SURFACE(3,2,((#1324,#1325,#1326),(#1327,#1328,#1329),(#1330,#1331,
#1332),(#1333,#1334,#1335)),.UNSPECIFIED.,.F.,.F.,.F.)
B_SPLINE_SURFACE_WITH_KNOTS((4,4),(3,3),(0.0193937221519133,0.0261272302816768),
(0.,1.),.PIECEWISE_BEZIER_KNOTS.)
GEOMETRIC_REPRESENTATION_ITEM()
RATIONAL_B_SPLINE_SURFACE(((1.,0.92850533347171,1.),(1.,0.927908052734276,
1.),(1.,0.926689711376431,1.),(1.,0.926912426329456,1.)))
REPRESENTATION_ITEM('')
SURFACE()
);
#27=(
BOUNDED_SURFACE()
B_SPLINE_SURFACE(3,2,((#1344,#1345,#1346),(#1347,#1348,#1349),(#1350,#1351,
#1352),(#1353,#1354,#1355)),.UNSPECIFIED.,.F.,.F.,.F.)
B_SPLINE_SURFACE_WITH_KNOTS((4,4),(3,3),(0.0194326653632909,0.0260620932115681),
(0.,1.),.PIECEWISE_BEZIER_KNOTS.)
GEOMETRIC_REPRESENTATION_ITEM()
RATIONAL_B_SPLINE_SURFACE(((1.,0.927623466221655,1.),(1.,0.92692962785553,
1.),(1.,0.926198464176087,1.),(1.,0.925419758641205,1.)))
REPRESENTATION_ITEM('')
SURFACE()
);
#28=(
BOUNDED_SURFACE()
B_SPLINE_SURFACE(3,2,((#1364,#1365,#1366),(#1367,#1368,#1369),(#1370,#1371,
#1372),(#1373,#1374,#1375),(#1376,#1377,#1378)),.UNSPECIFIED.,.F.,.F.,.F.)
B_SPLINE_SURFACE_WITH_KNOTS((4,1,4),(3,3),(-1.09177187005995E-5,0.00175018547443249,
0.00351128866756559),(0.,1.),.UNSPECIFIED.)
GEOMETRIC_REPRESENTATION_ITEM()
RATIONAL_B_SPLINE_SURFACE(((1.,1.,1.),(1.,0.99999999997165,1.),(1.,0.953634033002099,
1.),(1.,0.850389213163494,1.),(1.,0.798426752166077,1.)))
REPRESENTATION_ITEM('')
SURFACE()
);
#29=(
BOUNDED_SURFACE()
B_SPLINE_SURFACE(3,2,((#1386,#1387,#1388),(#1389,#1390,#1391),(#1392,#1393,
#1394),(#1395,#1396,#1397)),.UNSPECIFIED.,.F.,.F.,.F.)
B_SPLINE_SURFACE_WITH_KNOTS((4,4),(3,3),(0.0634230217122831,0.0715891546741212),
(0.,1.),.PIECEWISE_BEZIER_KNOTS.)
GEOMETRIC_REPRESENTATION_ITEM()
RATIONAL_B_SPLINE_SURFACE(((1.,0.711838769672694,1.),(1.,0.712630953698967,
1.),(1.,0.713723327148162,1.),(1.,0.71526298193963,1.)))
REPRESENTATION_ITEM('')
SURFACE()
);
#30=(
BOUNDED_SURFACE()
B_SPLINE_SURFACE(3,2,((#1400,#1401,#1402),(#1403,#1404,#1405),(#1406,#1407,
#1408),(#1409,#1410,#1411),(#1412,#1413,#1414)),.UNSPECIFIED.,.F.,.F.,.F.)
B_SPLINE_SURFACE_WITH_KNOTS((4,1,4),(3,3),(-0.001920999229002,-0.000178320933290612,
0.00156435736242077),(0.,1.),.UNSPECIFIED.)
GEOMETRIC_REPRESENTATION_ITEM()
RATIONAL_B_SPLINE_SURFACE(((1.,1.,1.),(1.,0.99999999995679,1.),(1.,0.953294380410314,
1.),(1.,0.852368474833182,1.),(1.,0.800643377629072,1.)))
REPRESENTATION_ITEM('')
SURFACE()
);
#31=(
BOUNDED_SURFACE()
B_SPLINE_SURFACE(3,2,((#1422,#1423,#1424),(#1425,#1426,#1427),(#1428,#1429,
#1430),(#1431,#1432,#1433)),.UNSPECIFIED.,.F.,.F.,.F.)
B_SPLINE_SURFACE_WITH_KNOTS((4,4),(3,3),(0.00341574422037428,0.00729622004453661),
(0.,0.751516483297345),.PIECEWISE_BEZIER_KNOTS.)
GEOMETRIC_REPRESENTATION_ITEM()
RATIONAL_B_SPLINE_SURFACE(((1.,0.782559672185919,0.891939325343558),(1.,
0.781854846449306,0.891589050188166),(1.,0.78088195161914,0.891105553530603),
(1.,0.779885918215675,0.89061055776491)))
REPRESENTATION_ITEM('')
SURFACE()
);
#32=(
BOUNDED_SURFACE()
B_SPLINE_SURFACE(3,2,((#1435,#1436,#1437),(#1438,#1439,#1440),(#1441,#1442,
#1443),(#1444,#1445,#1446)),.UNSPECIFIED.,.F.,.F.,.F.)
B_SPLINE_SURFACE_WITH_KNOTS((4,4),(3,3),(0.,0.00112704163543226),(0.,1.),
 .PIECEWISE_BEZIER_KNOTS.)
GEOMETRIC_REPRESENTATION_ITEM()
RATIONAL_B_SPLINE_SURFACE(((1.,0.711838769674493,1.),(1.,0.744056937115073,
1.),(1.,0.77286747345235,1.),(1.,0.798426752166166,1.)))
REPRESENTATION_ITEM('')
SURFACE()
);
#33=(
BOUNDED_SURFACE()
B_SPLINE_SURFACE(3,2,((#1451,#1452,#1453),(#1454,#1455,#1456),(#1457,#1458,
#1459),(#1460,#1461,#1462)),.UNSPECIFIED.,.F.,.F.,.F.)
B_SPLINE_SURFACE_WITH_KNOTS((4,4),(3,3),(0.,0.0011044056775866),(0.,1.),
 .PIECEWISE_BEZIER_KNOTS.)
GEOMETRIC_REPRESENTATION_ITEM()
RATIONAL_B_SPLINE_SURFACE(((1.,0.715262981939613,1.),(1.,0.74694704822828,
1.),(1.,0.775385534225465,1.),(1.,0.800643377629075,1.)))
REPRESENTATION_ITEM('')
SURFACE()
);
#34=(
BOUNDED_SURFACE()
B_SPLINE_SURFACE(3,2,((#1467,#1468,#1469),(#1470,#1471,#1472),(#1473,#1474,
#1475),(#1476,#1477,#1478),(#1479,#1480,#1481)),.UNSPECIFIED.,.F.,.F.,.F.)
B_SPLINE_SURFACE_WITH_KNOTS((4,1,4),(3,3),(0.00288631174693603,0.00480515267956943,
0.00672399361220284),(0.242635990776714,1.),.UNSPECIFIED.)
GEOMETRIC_REPRESENTATION_ITEM()
RATIONAL_B_SPLINE_SURFACE(((0.896213851659842,0.786127878209818,1.),(0.895705235586892,
0.785079773039348,1.),(0.894477639601374,0.782550065922139,1.),(0.893066672306465,
0.779642485537233,1.),(0.892353677706801,0.778173217525135,1.)))
REPRESENTATION_ITEM('')
SURFACE()
);
#35=(
BOUNDED_SURFACE()
B_SPLINE_SURFACE(3,2,((#1484,#1485,#1486),(#1487,#1488,#1489),(#1490,#1491,
#1492),(#1493,#1494,#1495),(#1496,#1497,#1498)),.UNSPECIFIED.,.F.,.F.,.F.)
B_SPLINE_SURFACE_WITH_KNOTS((4,1,4),(3,3),(-1.08038249360741E-5,0.00174292474757108,
0.00349665332007824),(0.,1.),.UNSPECIFIED.)
GEOMETRIC_REPRESENTATION_ITEM()
RATIONAL_B_SPLINE_SURFACE(((1.,1.,1.),(1.,0.999999999956387,1.),(1.,0.953290497683869,
1.),(1.,0.852367461696314,1.),(1.,0.800643377628885,1.)))
REPRESENTATION_ITEM('')
SURFACE()
);
#36=(
BOUNDED_SURFACE()
B_SPLINE_SURFACE(3,2,((#1506,#1507,#1508),(#1509,#1510,#1511),(#1512,#1513,
#1514),(#1515,#1516,#1517)),.UNSPECIFIED.,.F.,.F.,.F.)
B_SPLINE_SURFACE_WITH_KNOTS((4,4),(3,3),(0.0589756345119231,0.0671439613672769),
(0.,1.),.PIECEWISE_BEZIER_KNOTS.)
GEOMETRIC_REPRESENTATION_ITEM()
RATIONAL_B_SPLINE_SURFACE(((1.,0.711838769672559,1.),(1.,0.712631028634205,
1.),(1.,0.713723708997449,1.),(1.,0.715262981939686,1.)))
REPRESENTATION_ITEM('')
SURFACE()
);
#37=(
BOUNDED_SURFACE()
B_SPLINE_SURFACE(3,2,((#1520,#1521,#1522),(#1523,#1524,#1525),(#1526,#1527,
#1528),(#1529,#1530,#1531)),.UNSPECIFIED.,.F.,.F.,.F.)
B_SPLINE_SURFACE_WITH_KNOTS((4,4),(3,3),(0.00358854835315626,0.00743833488555011),
(0.,0.757364014275376),.PIECEWISE_BEZIER_KNOTS.)
GEOMETRIC_REPRESENTATION_ITEM()
RATIONAL_B_SPLINE_SURFACE(((1.,0.786128082711653,0.896213953059853),(1.,
0.784019685275158,0.895190806879247),(1.,0.781095131713122,0.893771603006589),
(1.,0.778173216045404,0.892353679230107)))
REPRESENTATION_ITEM('')
SURFACE()
);
#38=(
BOUNDED_SURFACE()
B_SPLINE_SURFACE(3,2,((#1533,#1534,#1535),(#1536,#1537,#1538),(#1539,#1540,
#1541),(#1542,#1543,#1544)),.UNSPECIFIED.,.F.,.F.,.F.)
B_SPLINE_SURFACE_WITH_KNOTS((4,4),(3,3),(0.,0.00110440567758419),(0.,1.),
 .PIECEWISE_BEZIER_KNOTS.)
GEOMETRIC_REPRESENTATION_ITEM()
RATIONAL_B_SPLINE_SURFACE(((1.,0.715262981939655,1.),(1.,0.746947048227715,
1.),(1.,0.775385534252425,1.),(1.,0.800643377628861,1.)))
REPRESENTATION_ITEM('')
SURFACE()
);
#39=(
BOUNDED_SURFACE()
B_SPLINE_SURFACE(3,2,((#1549,#1550,#1551),(#1552,#1553,#1554),(#1555,#1556,
#1557),(#1558,#1559,#1560)),.UNSPECIFIED.,.F.,.F.,.F.)
B_SPLINE_SURFACE_WITH_KNOTS((4,4),(3,3),(0.,0.00112704163546308),(0.,1.),
 .PIECEWISE_BEZIER_KNOTS.)
GEOMETRIC_REPRESENTATION_ITEM()
RATIONAL_B_SPLINE_SURFACE(((1.,0.711838769672543,1.),(1.,0.744056937113846,
1.),(1.,0.772867473451499,1.),(1.,0.798426752166699,1.)))
REPRESENTATION_ITEM('')
SURFACE()
);
#40=(
BOUNDED_SURFACE()
B_SPLINE_SURFACE(3,2,((#1569,#1570,#1571),(#1572,#1573,#1574),(#1575,#1576,
#1577),(#1578,#1579,#1580),(#1581,#1582,#1583)),.UNSPECIFIED.,.F.,.F.,.F.)
B_SPLINE_SURFACE_WITH_KNOTS((4,1,4),(3,3),(-0.00197101308726177,-0.000215669412799857,
0.00153967426166205),(0.,1.),.UNSPECIFIED.)
GEOMETRIC_REPRESENTATION_ITEM()
RATIONAL_B_SPLINE_SURFACE(((1.,1.,1.),(1.,0.999999999971775,1.),(1.,0.95301561952087,
1.),(1.,0.85050761155142,1.),(1.,0.798426752166695,1.)))
REPRESENTATION_ITEM('')
SURFACE()
);
#41=(
BOUNDED_SURFACE()
B_SPLINE_SURFACE(3,2,((#1589,#1590,#1591),(#1592,#1593,#1594),(#1595,#1596,
#1597),(#1598,#1599,#1600),(#1601,#1602,#1603)),.UNSPECIFIED.,.F.,.F.,.F.)
B_SPLINE_SURFACE_WITH_KNOTS((4,1,4),(3,3),(0.00317494609075081,0.00511319764872899,
0.00705144920670718),(0.248483518815901,1.),.UNSPECIFIED.)
GEOMETRIC_REPRESENTATION_ITEM()
RATIONAL_B_SPLINE_SURFACE(((0.891939282190395,0.782559587202107,1.),(0.891765302158844,
0.782209503557968,1.),(0.891344635122052,0.781363034869026,1.),(0.890858665508584,
0.780385163950697,1.),(0.8906105571422,0.77988591883463,1.)))
REPRESENTATION_ITEM('')
SURFACE()
);
#42=(
BOUNDED_SURFACE()
B_SPLINE_SURFACE(3,2,((#1604,#1605,#1606),(#1607,#1608,#1609),(#1610,#1611,
#1612),(#1613,#1614,#1615),(#1616,#1617,#1618),(#1619,#1620,#1621),(#1622,
#1623,#1624),(#1625,#1626,#1627),(#1628,#1629,#1630),(#1631,#1632,#1633),
(#1634,#1635,#1636),(#1637,#1638,#1639),(#1640,#1641,#1642),(#1643,#1644,
#1645),(#1646,#1647,#1648),(#1649,#1650,#1651),(#1652,#1653,#1654),(#1655,
#1656,#1657),(#1658,#1659,#1660),(#1661,#1662,#1663)),.UNSPECIFIED.,.F.,
 .F.,.F.)
B_SPLINE_SURFACE_WITH_KNOTS((4,1,1,1,1,1,1,1,1,1,1,1,1,1,1,1,1,4),(3,3),
(0.,0.00409164837919399,0.00818329675838799,0.012274945137582,0.016366593516776,
0.018412417706373,0.02045824189597,0.022504066085567,0.024549890275164,
0.026595714464761,0.0276186265595595,0.028641538654358,0.0296644507491565,
0.030687362843955,0.0311988188913542,0.0317102749387535,0.0322217309861527,
0.0327331870335519),(0.,1.),.UNSPECIFIED.)
GEOMETRIC_REPRESENTATION_ITEM()
RATIONAL_B_SPLINE_SURFACE(((1.,0.69846148189263,1.),(1.,0.697692313825006,
1.),(1.,0.693719426854926,1.),(1.,0.695551150618593,1.),(1.,0.695076795161916,
1.),(1.,0.691442161147042,1.),(1.,0.685484094399589,1.),(1.,0.679257631258967,
1.),(1.,0.671052002374206,1.),(1.,0.661277958094044,1.),(1.,0.644590228890287,
1.),(1.,0.626078732907463,1.),(1.,0.610830692063879,1.),(1.,0.584695812860431,
1.),(1.,0.557873313870773,1.),(1.,0.529344822695234,1.),(1.,0.506909636147101,
1.),(1.,0.487574240802434,1.),(1.,0.471857972607845,1.),(1.,0.47185792552639,
1.)))
REPRESENTATION_ITEM('')
SURFACE()
);
#43=(
BOUNDED_SURFACE()
B_SPLINE_SURFACE(3,2,((#1666,#1667,#1668),(#1669,#1670,#1671),(#1672,#1673,
#1674),(#1675,#1676,#1677),(#1678,#1679,#1680),(#1681,#1682,#1683),(#1684,
#1685,#1686),(#1687,#1688,#1689),(#1690,#1691,#1692),(#1693,#1694,#1695),
(#1696,#1697,#1698),(#1699,#1700,#1701),(#1702,#1703,#1704),(#1705,#1706,
#1707),(#1708,#1709,#1710),(#1711,#1712,#1713),(#1714,#1715,#1716),(#1717,
#1718,#1719),(#1720,#1721,#1722)),.UNSPECIFIED.,.F.,.F.,.F.)
B_SPLINE_SURFACE_WITH_KNOTS((4,1,1,1,1,1,1,1,1,1,1,1,1,1,1,1,4),(3,3),(0.,
0.000518358051575083,0.00103671610315017,0.00155507415472525,0.00207343220630033,
0.0031101483094505,0.00414686441260066,0.00622029661890099,0.00829372882520132,
0.0103671610315017,0.012440593237802,0.0145140254441023,0.0165874576504026,
0.0207343220630033,0.024881186475604,0.0290280508882046,0.0331749153008053),
(0.,1.),.UNSPECIFIED.)
GEOMETRIC_REPRESENTATION_ITEM()
RATIONAL_B_SPLINE_SURFACE(((1.,0.47185792552639,1.),(1.,0.471857978458203,
1.),(1.,0.487867865559555,1.),(1.,0.507191618256766,1.),(1.,0.530028490554978,
1.),(1.,0.558655166890467,1.),(1.,0.585774766555772,1.),(1.,0.61958224611792,
1.),(1.,0.640922835185705,1.),(1.,0.661834676459715,1.),(1.,0.671115844496463,
1.),(1.,0.679373705838732,1.),(1.,0.685552065509149,1.),(1.,0.691476482630381,
1.),(1.,0.695102629418613,1.),(1.,0.695529065527531,1.),(1.,0.693734625695313,
1.),(1.,0.69769334418176,1.),(1.,0.698461481892677,1.)))
REPRESENTATION_ITEM('')
SURFACE()
);
#44=(
BOUNDED_SURFACE()
B_SPLINE_SURFACE(3,2,((#1724,#1725,#1726),(#1727,#1728,#1729),(#1730,#1731,
#1732),(#1733,#1734,#1735)),.UNSPECIFIED.,.F.,.F.,.F.)
B_SPLINE_SURFACE_WITH_KNOTS((4,4),(3,3),(0.,0.00339825293564358),(0.,1.),
 .PIECEWISE_BEZIER_KNOTS.)
GEOMETRIC_REPRESENTATION_ITEM()
RATIONAL_B_SPLINE_SURFACE(((1.,0.69846148189263,1.),(1.,0.700808928058911,
1.),(1.,0.7039221974458,1.),(1.,0.707106781186547,1.)))
REPRESENTATION_ITEM('')
SURFACE()
);
#45=(
BOUNDED_SURFACE()
B_SPLINE_SURFACE(3,2,((#1737,#1738,#1739),(#1740,#1741,#1742),(#1743,#1744,
#1745),(#1746,#1747,#1748)),.UNSPECIFIED.,.F.,.F.,.F.)
B_SPLINE_SURFACE_WITH_KNOTS((4,4),(3,3),(0.,0.00339832267903537),(0.,1.),
 .PIECEWISE_BEZIER_KNOTS.)
GEOMETRIC_REPRESENTATION_ITEM()
RATIONAL_B_SPLINE_SURFACE(((1.,0.707106781186548,1.),(1.,0.70392219824165,
1.),(1.,0.700808923387853,1.),(1.,0.698461481892675,1.)))
REPRESENTATION_ITEM('')
SURFACE()
);
#46=(
BOUNDED_SURFACE()
B_SPLINE_SURFACE(3,2,((#1754,#1755,#1756),(#1757,#1758,#1759),(#1760,#1761,
#1762),(#1763,#1764,#1765)),.UNSPECIFIED.,.F.,.F.,.F.)
B_SPLINE_SURFACE_WITH_KNOTS((4,4),(3,3),(0.,0.00341820178190571),(0.,1.),
 .PIECEWISE_BEZIER_KNOTS.)
GEOMETRIC_REPRESENTATION_ITEM()
RATIONAL_B_SPLINE_SURFACE(((1.,0.707106781186547,1.),(1.,0.705896229973073,
1.),(1.,0.704722223005173,1.),(1.,0.703844736456775,1.)))
REPRESENTATION_ITEM('')
SURFACE()
);
#47=(
BOUNDED_SURFACE()
B_SPLINE_SURFACE(3,2,((#1767,#1768,#1769),(#1770,#1771,#1772),(#1773,#1774,
#1775),(#1776,#1777,#1778)),.UNSPECIFIED.,.F.,.F.,.F.)
B_SPLINE_SURFACE_WITH_KNOTS((4,4),(3,3),(0.,0.00341818765858487),(0.,1.),
 .PIECEWISE_BEZIER_KNOTS.)
GEOMETRIC_REPRESENTATION_ITEM()
RATIONAL_B_SPLINE_SURFACE(((1.,0.703844736457417,1.),(1.,0.70472222422289,
1.),(1.,0.705896228552529,1.),(1.,0.707106781186531,1.)))
REPRESENTATION_ITEM('')
SURFACE()
);
#48=(
BOUNDED_SURFACE()
B_SPLINE_SURFACE(3,2,((#1780,#1781,#1782),(#1783,#1784,#1785),(#1786,#1787,
#1788),(#1789,#1790,#1791),(#1792,#1793,#1794),(#1795,#1796,#1797),(#1798,
#1799,#1800),(#1801,#1802,#1803),(#1804,#1805,#1806),(#1807,#1808,#1809)),
 .UNSPECIFIED.,.F.,.F.,.F.)
B_SPLINE_SURFACE_WITH_KNOTS((4,1,1,1,1,1,1,4),(3,3),(0.,0.00827393711478059,
0.0165478742295612,0.0206848427869515,0.0248218113443418,0.0289587799017321,
0.0310272641804272,0.0330957484591224),(0.,1.),.UNSPECIFIED.)
GEOMETRIC_REPRESENTATION_ITEM()
RATIONAL_B_SPLINE_SURFACE(((1.,0.703844736456813,1.),(1.,0.704386392700935,
1.),(1.,0.705229221087057,1.),(1.,0.705790138831513,1.),(1.,0.706160378915711,
1.),(1.,0.706205741006961,1.),(1.,0.706462173545832,1.),(1.,0.706386292725082,
1.),(1.,0.70692770954852,1.),(1.,0.70717861448137,1.)))
REPRESENTATION_ITEM('')
SURFACE()
);
#49=(
BOUNDED_SURFACE()
B_SPLINE_SURFACE(3,2,((#1823,#1824,#1825),(#1826,#1827,#1828),(#1829,#1830,
#1831),(#1832,#1833,#1834),(#1835,#1836,#1837),(#1838,#1839,#1840),(#1841,
#1842,#1843),(#1844,#1845,#1846),(#1847,#1848,#1849),(#1850,#1851,#1852)),
 .UNSPECIFIED.,.F.,.F.,.F.)
B_SPLINE_SURFACE_WITH_KNOTS((4,1,1,1,1,1,1,4),(3,3),(0.,0.00827390333697004,
0.0165478066739401,0.0206847583424251,0.0248217100109101,0.0289586616793951,
0.0310271375136376,0.0330956133478801),(0.,1.),.UNSPECIFIED.)
GEOMETRIC_REPRESENTATION_ITEM()
RATIONAL_B_SPLINE_SURFACE(((1.,0.703844736457417,1.),(1.,0.704386379651584,
1.),(1.,0.705229200759845,1.),(1.,0.705790122265052,1.),(1.,0.706160369517959,
1.),(1.,0.706205721745487,1.),(1.,0.706462192032825,1.),(1.,0.706386266814546,
1.),(1.,0.706927671950633,1.),(1.,0.707178629563049,1.)))
REPRESENTATION_ITEM('')
SURFACE()
);
#50=(
BOUNDED_SURFACE()
B_SPLINE_SURFACE(3,2,((#1853,#1854,#1855),(#1856,#1857,#1858),(#1859,#1860,
#1861),(#1862,#1863,#1864),(#1865,#1866,#1867),(#1868,#1869,#1870),(#1871,
#1872,#1873),(#1874,#1875,#1876),(#1877,#1878,#1879),(#1880,#1881,#1882),
(#1883,#1884,#1885),(#1886,#1887,#1888),(#1889,#1890,#1891),(#1892,#1893,
#1894),(#1895,#1896,#1897),(#1898,#1899,#1900),(#1901,#1902,#1903),(#1904,
#1905,#1906),(#1907,#1908,#1909),(#1910,#1911,#1912),(#1913,#1914,#1915),
(#1916,#1917,#1918),(#1919,#1920,#1921),(#1922,#1923,#1924),(#1925,#1926,
#1927),(#1928,#1929,#1930),(#1931,#1932,#1933),(#1934,#1935,#1936),(#1937,
#1938,#1939)),.UNSPECIFIED.,.F.,.F.,.F.)
B_SPLINE_SURFACE_WITH_KNOTS((4,1,1,1,1,1,1,1,1,1,1,1,1,1,1,1,1,1,1,1,1,
1,1,1,1,1,4),(3,3),(0.,0.000165707556118273,0.000331415112236547,0.000662830224473093,
0.00099424533670964,0.00132566044894619,0.00198849067341928,0.00265132089789237,
0.00331415112236547,0.00397698134683856,0.00530264179578475,0.00662830224473093,
0.00795396269367712,0.00927962314262331,0.0106052835915695,0.0132566044894619,
0.0159079253873542,0.0185592462852466,0.021210567183139,0.0265132089789237,
0.0318158507747085,0.0344671716726009,0.0371184925704932,0.0384441530194394,
0.0397698134683856,0.0410954739173318,0.042421134366278),(0.,1.),
 .UNSPECIFIED.)
GEOMETRIC_REPRESENTATION_ITEM()
RATIONAL_B_SPLINE_SURFACE(((1.,0.881674598767881,1.),(1.,0.88167402430169,
1.),(1.,0.873652008731398,1.),(1.,0.862079261395657,1.),(1.,0.844903393186956,
1.),(1.,0.826246909854008,1.),(1.,0.805265389233823,1.),(1.,0.785605534653707,
1.),(1.,0.771340297364704,1.),(1.,0.758239713852872,1.),(1.,0.745779013932038,
1.),(1.,0.737788124834962,1.),(1.,0.729211092629988,1.),(1.,0.723436971794254,
1.),(1.,0.720505007911186,1.),(1.,0.716910917340319,1.),(1.,0.721413326174143,
1.),(1.,0.714957706400468,1.),(1.,0.713259380893349,1.),(1.,0.710688642529287,
1.),(1.,0.709051580911718,1.),(1.,0.708027068760982,1.),(1.,0.707393333746616,
1.),(1.,0.70743257311048,1.),(1.,0.707128727486759,1.),(1.,0.706517076281282,
1.),(1.,0.707560944620009,1.),(1.,0.707174399045254,1.),(1.,0.707016218280573,
1.)))
REPRESENTATION_ITEM('')
SURFACE()
);
#51=(
BOUNDED_SURFACE()
B_SPLINE_SURFACE(3,2,((#1956,#1957,#1958),(#1959,#1960,#1961),(#1962,#1963,
#1964),(#1965,#1966,#1967),(#1968,#1969,#1970),(#1971,#1972,#1973),(#1974,
#1975,#1976),(#1977,#1978,#1979),(#1980,#1981,#1982),(#1983,#1984,#1985),
(#1986,#1987,#1988),(#1989,#1990,#1991),(#1992,#1993,#1994),(#1995,#1996,
#1997),(#1998,#1999,#2000),(#2001,#2002,#2003),(#2004,#2005,#2006),(#2007,
#2008,#2009),(#2010,#2011,#2012),(#2013,#2014,#2015),(#2016,#2017,#2018),
(#2019,#2020,#2021),(#2022,#2023,#2024),(#2025,#2026,#2027),(#2028,#2029,
#2030),(#2031,#2032,#2033),(#2034,#2035,#2036),(#2037,#2038,#2039),(#2040,
#2041,#2042)),.UNSPECIFIED.,.F.,.F.,.F.)
B_SPLINE_SURFACE_WITH_KNOTS((4,1,1,1,1,1,1,1,1,1,1,1,1,1,1,1,1,1,1,1,1,
1,1,1,1,1,4),(3,3),(0.,0.000165707556118275,0.00033141511223655,0.000662830224473099,
0.000994245336709649,0.0013256604489462,0.0019884906734193,0.0026513208978924,
0.0033141511223655,0.0039769813468386,0.00530264179578479,0.00662830224473099,
0.00795396269367719,0.00927962314262339,0.0106052835915696,0.013256604489462,
0.0159079253873544,0.0185592462852468,0.0212105671831392,0.026513208978924,
0.0318158507747088,0.0344671716726012,0.0371184925704936,0.0384441530194398,
0.039769813468386,0.0410954739173321,0.0424211343662783),(0.,1.),
 .UNSPECIFIED.)
GEOMETRIC_REPRESENTATION_ITEM()
RATIONAL_B_SPLINE_SURFACE(((1.,0.881674598767881,1.),(1.,0.881674024301753,
1.),(1.,0.873652008731384,1.),(1.,0.862079261395677,1.),(1.,0.844903393186943,
1.),(1.,0.826246909854019,1.),(1.,0.805265389233937,1.),(1.,0.785605534653741,
1.),(1.,0.771340297364756,1.),(1.,0.758239713852914,1.),(1.,0.745779013932081,
1.),(1.,0.737788124835036,1.),(1.,0.729211092630046,1.),(1.,0.723436971794287,
1.),(1.,0.720505007911225,1.),(1.,0.716910917340364,1.),(1.,0.721413326174186,
1.),(1.,0.714957706400537,1.),(1.,0.713259380893406,1.),(1.,0.710688642529334,
1.),(1.,0.709051580911809,1.),(1.,0.708027068760978,1.),(1.,0.707393333746839,
1.),(1.,0.707432573110021,1.),(1.,0.707128727487541,1.),(1.,0.70651707627836,
1.),(1.,0.707560944630969,1.),(1.,0.707174399021901,1.),(1.,0.707016218280617,
1.)))
REPRESENTATION_ITEM('')
SURFACE()
);
#52=CYLINDRICAL_SURFACE('',#601,7.5);
#53=CYLINDRICAL_SURFACE('',#604,7.5);
#54=CIRCLE('',#596,7.);
#55=CIRCLE('',#597,7.);
#56=CIRCLE('',#600,6.5);
#57=CIRCLE('',#602,7.5);
#58=CIRCLE('',#603,7.5);
#59=CIRCLE('',#605,7.5);
#60=CIRCLE('',#606,7.5);
#61=CIRCLE('',#608,6.5);
#62=CIRCLE('',#609,1.);
#63=CIRCLE('',#610,1.);
#64=CIRCLE('',#611,1.);
#65=CIRCLE('',#612,1.);
#66=CIRCLE('',#613,1.);
#67=CIRCLE('',#614,1.);
#68=CIRCLE('',#616,1.);
#69=CIRCLE('',#617,1.);
#70=CIRCLE('',#618,1.);
#71=CIRCLE('',#619,1.);
#72=CIRCLE('',#620,1.);
#73=CIRCLE('',#622,1.);
#74=CIRCLE('',#623,0.5);
#75=CIRCLE('',#624,0.5);
#76=CIRCLE('',#625,0.5);
#77=CIRCLE('',#626,0.5);
#78=CIRCLE('',#627,0.5);
#79=CIRCLE('',#629,0.5);
#80=CIRCLE('',#631,0.5);
#81=CIRCLE('',#632,0.5);
#82=CIRCLE('',#633,0.5);
#83=CIRCLE('',#634,0.5);
#84=PLANE('',#595);
#85=PLANE('',#598);
#86=PLANE('',#599);
#87=PLANE('',#607);
#88=ORIENTED_EDGE('',*,*,#264,.F.);
#89=ORIENTED_EDGE('',*,*,#265,.T.);
#90=ORIENTED_EDGE('',*,*,#266,.T.);
#91=ORIENTED_EDGE('',*,*,#267,.T.);
#92=ORIENTED_EDGE('',*,*,#268,.T.);
#93=ORIENTED_EDGE('',*,*,#269,.T.);
#94=ORIENTED_EDGE('',*,*,#270,.T.);
#95=ORIENTED_EDGE('',*,*,#271,.T.);
#96=ORIENTED_EDGE('',*,*,#272,.T.);
#97=ORIENTED_EDGE('',*,*,#273,.T.);
#98=ORIENTED_EDGE('',*,*,#274,.T.);
#99=ORIENTED_EDGE('',*,*,#275,.T.);
#100=ORIENTED_EDGE('',*,*,#276,.T.);
#101=ORIENTED_EDGE('',*,*,#266,.F.);
#102=ORIENTED_EDGE('',*,*,#277,.T.);
#103=ORIENTED_EDGE('',*,*,#264,.T.);
#104=ORIENTED_EDGE('',*,*,#278,.T.);
#105=ORIENTED_EDGE('',*,*,#279,.T.);
#106=ORIENTED_EDGE('',*,*,#280,.T.);
#107=ORIENTED_EDGE('',*,*,#281,.T.);
#108=ORIENTED_EDGE('',*,*,#282,.T.);
#109=ORIENTED_EDGE('',*,*,#283,.T.);
#110=ORIENTED_EDGE('',*,*,#284,.T.);
#111=ORIENTED_EDGE('',*,*,#285,.T.);
#112=ORIENTED_EDGE('',*,*,#286,.T.);
#113=ORIENTED_EDGE('',*,*,#287,.T.);
#114=ORIENTED_EDGE('',*,*,#288,.T.);
#115=ORIENTED_EDGE('',*,*,#289,.T.);
#116=ORIENTED_EDGE('',*,*,#290,.T.);
#117=ORIENTED_EDGE('',*,*,#291,.T.);
#118=ORIENTED_EDGE('',*,*,#292,.T.);
#119=ORIENTED_EDGE('',*,*,#293,.T.);
#120=ORIENTED_EDGE('',*,*,#294,.T.);
#121=ORIENTED_EDGE('',*,*,#295,.T.);
#122=ORIENTED_EDGE('',*,*,#296,.T.);
#123=ORIENTED_EDGE('',*,*,#297,.T.);
#124=ORIENTED_EDGE('',*,*,#298,.T.);
#125=ORIENTED_EDGE('',*,*,#299,.T.);
#126=ORIENTED_EDGE('',*,*,#300,.T.);
#127=ORIENTED_EDGE('',*,*,#301,.T.);
#128=ORIENTED_EDGE('',*,*,#302,.T.);
#129=ORIENTED_EDGE('',*,*,#303,.T.);
#130=ORIENTED_EDGE('',*,*,#304,.T.);
#131=ORIENTED_EDGE('',*,*,#305,.T.);
#132=ORIENTED_EDGE('',*,*,#306,.T.);
#133=ORIENTED_EDGE('',*,*,#307,.T.);
#134=ORIENTED_EDGE('',*,*,#308,.T.);
#135=ORIENTED_EDGE('',*,*,#309,.T.);
#136=ORIENTED_EDGE('',*,*,#310,.T.);
#137=ORIENTED_EDGE('',*,*,#311,.T.);
#138=ORIENTED_EDGE('',*,*,#304,.F.);
#139=ORIENTED_EDGE('',*,*,#312,.T.);
#140=ORIENTED_EDGE('',*,*,#286,.F.);
#141=ORIENTED_EDGE('',*,*,#285,.F.);
#142=ORIENTED_EDGE('',*,*,#313,.T.);
#143=ORIENTED_EDGE('',*,*,#308,.F.);
#144=ORIENTED_EDGE('',*,*,#314,.T.);
#145=ORIENTED_EDGE('',*,*,#275,.F.);
#146=ORIENTED_EDGE('',*,*,#315,.T.);
#147=ORIENTED_EDGE('',*,*,#268,.F.);
#148=ORIENTED_EDGE('',*,*,#316,.T.);
#149=ORIENTED_EDGE('',*,*,#306,.F.);
#150=ORIENTED_EDGE('',*,*,#317,.T.);
#151=ORIENTED_EDGE('',*,*,#269,.F.);
#152=ORIENTED_EDGE('',*,*,#279,.F.);
#153=ORIENTED_EDGE('',*,*,#318,.T.);
#154=ORIENTED_EDGE('',*,*,#302,.F.);
#155=ORIENTED_EDGE('',*,*,#319,.T.);
#156=ORIENTED_EDGE('',*,*,#320,.F.);
#157=ORIENTED_EDGE('',*,*,#280,.F.);
#158=ORIENTED_EDGE('',*,*,#321,.F.);
#159=ORIENTED_EDGE('',*,*,#282,.F.);
#160=ORIENTED_EDGE('',*,*,#322,.F.);
#161=ORIENTED_EDGE('',*,*,#300,.F.);
#162=ORIENTED_EDGE('',*,*,#323,.F.);
#163=ORIENTED_EDGE('',*,*,#324,.F.);
#164=ORIENTED_EDGE('',*,*,#284,.F.);
#165=ORIENTED_EDGE('',*,*,#325,.F.);
#166=ORIENTED_EDGE('',*,*,#321,.T.);
#167=ORIENTED_EDGE('',*,*,#319,.F.);
#168=ORIENTED_EDGE('',*,*,#326,.F.);
#169=ORIENTED_EDGE('',*,*,#281,.F.);
#170=ORIENTED_EDGE('',*,*,#320,.T.);
#171=ORIENTED_EDGE('',*,*,#327,.F.);
#172=ORIENTED_EDGE('',*,*,#322,.T.);
#173=ORIENTED_EDGE('',*,*,#283,.F.);
#174=ORIENTED_EDGE('',*,*,#323,.T.);
#175=ORIENTED_EDGE('',*,*,#328,.F.);
#176=ORIENTED_EDGE('',*,*,#325,.T.);
#177=ORIENTED_EDGE('',*,*,#313,.F.);
#178=ORIENTED_EDGE('',*,*,#324,.T.);
#179=ORIENTED_EDGE('',*,*,#329,.F.);
#180=ORIENTED_EDGE('',*,*,#326,.T.);
#181=ORIENTED_EDGE('',*,*,#305,.F.);
#182=ORIENTED_EDGE('',*,*,#329,.T.);
#183=ORIENTED_EDGE('',*,*,#328,.T.);
#184=ORIENTED_EDGE('',*,*,#301,.F.);
#185=ORIENTED_EDGE('',*,*,#327,.T.);
#186=ORIENTED_EDGE('',*,*,#330,.F.);
#187=ORIENTED_EDGE('',*,*,#270,.F.);
#188=ORIENTED_EDGE('',*,*,#331,.F.);
#189=ORIENTED_EDGE('',*,*,#272,.F.);
#190=ORIENTED_EDGE('',*,*,#332,.F.);
#191=ORIENTED_EDGE('',*,*,#310,.F.);
#192=ORIENTED_EDGE('',*,*,#333,.F.);
#193=ORIENTED_EDGE('',*,*,#331,.T.);
#194=ORIENTED_EDGE('',*,*,#317,.F.);
#195=ORIENTED_EDGE('',*,*,#334,.F.);
#196=ORIENTED_EDGE('',*,*,#271,.F.);
#197=ORIENTED_EDGE('',*,*,#330,.T.);
#198=ORIENTED_EDGE('',*,*,#335,.F.);
#199=ORIENTED_EDGE('',*,*,#332,.T.);
#200=ORIENTED_EDGE('',*,*,#273,.F.);
#201=ORIENTED_EDGE('',*,*,#333,.T.);
#202=ORIENTED_EDGE('',*,*,#336,.F.);
#203=ORIENTED_EDGE('',*,*,#337,.F.);
#204=ORIENTED_EDGE('',*,*,#334,.T.);
#205=ORIENTED_EDGE('',*,*,#309,.F.);
#206=ORIENTED_EDGE('',*,*,#338,.F.);
#207=ORIENTED_EDGE('',*,*,#336,.T.);
#208=ORIENTED_EDGE('',*,*,#311,.F.);
#209=ORIENTED_EDGE('',*,*,#335,.T.);
#210=ORIENTED_EDGE('',*,*,#274,.F.);
#211=ORIENTED_EDGE('',*,*,#337,.T.);
#212=ORIENTED_EDGE('',*,*,#339,.F.);
#213=ORIENTED_EDGE('',*,*,#338,.T.);
#214=ORIENTED_EDGE('',*,*,#315,.F.);
#215=ORIENTED_EDGE('',*,*,#339,.T.);
#216=ORIENTED_EDGE('',*,*,#340,.F.);
#217=ORIENTED_EDGE('',*,*,#267,.F.);
#218=ORIENTED_EDGE('',*,*,#341,.F.);
#219=ORIENTED_EDGE('',*,*,#294,.F.);
#220=ORIENTED_EDGE('',*,*,#341,.T.);
#221=ORIENTED_EDGE('',*,*,#287,.F.);
#222=ORIENTED_EDGE('',*,*,#342,.F.);
#223=ORIENTED_EDGE('',*,*,#295,.F.);
#224=ORIENTED_EDGE('',*,*,#340,.T.);
#225=ORIENTED_EDGE('',*,*,#293,.F.);
#226=ORIENTED_EDGE('',*,*,#343,.F.);
#227=ORIENTED_EDGE('',*,*,#316,.F.);
#228=ORIENTED_EDGE('',*,*,#342,.T.);
#229=ORIENTED_EDGE('',*,*,#312,.F.);
#230=ORIENTED_EDGE('',*,*,#344,.F.);
#231=ORIENTED_EDGE('',*,*,#296,.F.);
#232=ORIENTED_EDGE('',*,*,#343,.T.);
#233=ORIENTED_EDGE('',*,*,#292,.F.);
#234=ORIENTED_EDGE('',*,*,#345,.F.);
#235=ORIENTED_EDGE('',*,*,#307,.F.);
#236=ORIENTED_EDGE('',*,*,#344,.T.);
#237=ORIENTED_EDGE('',*,*,#303,.F.);
#238=ORIENTED_EDGE('',*,*,#346,.F.);
#239=ORIENTED_EDGE('',*,*,#297,.F.);
#240=ORIENTED_EDGE('',*,*,#345,.T.);
#241=ORIENTED_EDGE('',*,*,#291,.F.);
#242=ORIENTED_EDGE('',*,*,#347,.F.);
#243=ORIENTED_EDGE('',*,*,#314,.F.);
#244=ORIENTED_EDGE('',*,*,#346,.T.);
#245=ORIENTED_EDGE('',*,*,#318,.F.);
#246=ORIENTED_EDGE('',*,*,#348,.F.);
#247=ORIENTED_EDGE('',*,*,#288,.F.);
#248=ORIENTED_EDGE('',*,*,#347,.T.);
#249=ORIENTED_EDGE('',*,*,#290,.F.);
#250=ORIENTED_EDGE('',*,*,#349,.F.);
#251=ORIENTED_EDGE('',*,*,#276,.F.);
#252=ORIENTED_EDGE('',*,*,#348,.T.);
#253=ORIENTED_EDGE('',*,*,#278,.F.);
#254=ORIENTED_EDGE('',*,*,#349,.T.);
#255=ORIENTED_EDGE('',*,*,#289,.F.);
#256=ORIENTED_EDGE('',*,*,#350,.F.);
#257=ORIENTED_EDGE('',*,*,#298,.F.);
#258=ORIENTED_EDGE('',*,*,#351,.F.);
#259=ORIENTED_EDGE('',*,*,#265,.F.);
#260=ORIENTED_EDGE('',*,*,#351,.T.);
#261=ORIENTED_EDGE('',*,*,#299,.F.);
#262=ORIENTED_EDGE('',*,*,#350,.T.);
#263=ORIENTED_EDGE('',*,*,#277,.F.);
#264=EDGE_CURVE('',#352,#353,#402,.T.);
#265=EDGE_CURVE('',#352,#354,#403,.T.);
#266=EDGE_CURVE('',#354,#355,#404,.T.);
#267=EDGE_CURVE('',#355,#356,#405,.T.);
#268=EDGE_CURVE('',#356,#357,#406,.T.);
#269=EDGE_CURVE('',#357,#358,#407,.T.);
#270=EDGE_CURVE('',#358,#359,#408,.T.);
#271=EDGE_CURVE('',#359,#360,#409,.T.);
#272=EDGE_CURVE('',#360,#361,#410,.T.);
#273=EDGE_CURVE('',#361,#362,#411,.T.);
#274=EDGE_CURVE('',#362,#363,#412,.T.);
#275=EDGE_CURVE('',#363,#364,#413,.T.);
#276=EDGE_CURVE('',#364,#353,#414,.T.);
#277=EDGE_CURVE('',#354,#352,#415,.T.);
#278=EDGE_CURVE('',#353,#365,#416,.T.);
#279=EDGE_CURVE('',#365,#366,#417,.T.);
#280=EDGE_CURVE('',#366,#367,#418,.T.);
#281=EDGE_CURVE('',#367,#368,#419,.T.);
#282=EDGE_CURVE('',#368,#369,#420,.T.);
#283=EDGE_CURVE('',#369,#370,#421,.T.);
#284=EDGE_CURVE('',#370,#371,#422,.T.);
#285=EDGE_CURVE('',#371,#372,#423,.T.);
#286=EDGE_CURVE('',#372,#373,#424,.T.);
#287=EDGE_CURVE('',#373,#355,#425,.T.);
#288=EDGE_CURVE('',#374,#375,#426,.T.);
#289=EDGE_CURVE('',#375,#376,#427,.T.);
#290=EDGE_CURVE('',#376,#377,#428,.T.);
#291=EDGE_CURVE('',#377,#378,#429,.T.);
#292=EDGE_CURVE('',#378,#379,#54,.T.);
#293=EDGE_CURVE('',#379,#380,#430,.T.);
#294=EDGE_CURVE('',#380,#381,#431,.T.);
#295=EDGE_CURVE('',#381,#382,#432,.T.);
#296=EDGE_CURVE('',#382,#383,#433,.T.);
#297=EDGE_CURVE('',#383,#374,#55,.T.);
#298=EDGE_CURVE('',#384,#385,#434,.T.);
#299=EDGE_CURVE('',#385,#384,#435,.T.);
#300=EDGE_CURVE('',#386,#387,#436,.T.);
#301=EDGE_CURVE('',#387,#386,#56,.T.);
#302=EDGE_CURVE('',#388,#389,#437,.T.);
#303=EDGE_CURVE('',#389,#390,#57,.F.);
#304=EDGE_CURVE('',#390,#391,#438,.T.);
#305=EDGE_CURVE('',#391,#388,#58,.F.);
#306=EDGE_CURVE('',#392,#393,#439,.T.);
#307=EDGE_CURVE('',#393,#394,#59,.F.);
#308=EDGE_CURVE('',#394,#395,#440,.T.);
#309=EDGE_CURVE('',#395,#392,#60,.F.);
#310=EDGE_CURVE('',#396,#397,#441,.T.);
#311=EDGE_CURVE('',#397,#396,#61,.T.);
#312=EDGE_CURVE('',#390,#373,#442,.T.);
#313=EDGE_CURVE('',#371,#391,#443,.T.);
#314=EDGE_CURVE('',#394,#364,#444,.T.);
#315=EDGE_CURVE('',#363,#395,#445,.T.);
#316=EDGE_CURVE('',#356,#393,#446,.T.);
#317=EDGE_CURVE('',#392,#358,#447,.T.);
#318=EDGE_CURVE('',#365,#389,#448,.T.);
#319=EDGE_CURVE('',#388,#366,#449,.T.);
#320=EDGE_CURVE('',#367,#398,#62,.F.);
#321=EDGE_CURVE('',#398,#366,#450,.T.);
#322=EDGE_CURVE('',#387,#368,#63,.T.);
#323=EDGE_CURVE('',#369,#386,#64,.T.);
#324=EDGE_CURVE('',#371,#399,#451,.F.);
#325=EDGE_CURVE('',#399,#370,#65,.F.);
#326=EDGE_CURVE('',#398,#388,#66,.T.);
#327=EDGE_CURVE('',#387,#398,#452,.T.);
#328=EDGE_CURVE('',#399,#386,#453,.T.);
#329=EDGE_CURVE('',#391,#399,#67,.T.);
#330=EDGE_CURVE('',#359,#400,#68,.F.);
#331=EDGE_CURVE('',#400,#358,#454,.T.);
#332=EDGE_CURVE('',#397,#360,#69,.T.);
#333=EDGE_CURVE('',#361,#396,#70,.T.);
#334=EDGE_CURVE('',#400,#392,#71,.T.);
#335=EDGE_CURVE('',#397,#400,#455,.T.);
#336=EDGE_CURVE('',#401,#396,#456,.T.);
#337=EDGE_CURVE('',#362,#401,#72,.T.);
#338=EDGE_CURVE('',#401,#395,#73,.T.);
#339=EDGE_CURVE('',#363,#401,#457,.F.);
#340=EDGE_CURVE('',#356,#380,#74,.T.);
#341=EDGE_CURVE('',#381,#355,#75,.T.);
#342=EDGE_CURVE('',#382,#373,#76,.T.);
#343=EDGE_CURVE('',#393,#379,#77,.T.);
#344=EDGE_CURVE('',#383,#390,#78,.T.);
#345=EDGE_CURVE('',#394,#378,#79,.T.);
#346=EDGE_CURVE('',#374,#389,#80,.T.);
#347=EDGE_CURVE('',#364,#377,#81,.T.);
#348=EDGE_CURVE('',#375,#365,#82,.T.);
#349=EDGE_CURVE('',#353,#376,#458,.T.);
#350=EDGE_CURVE('',#385,#352,#459,.F.);
#351=EDGE_CURVE('',#354,#384,#83,.T.);
#352=VERTEX_POINT('',#834);
#353=VERTEX_POINT('',#835);
#354=VERTEX_POINT('',#856);
#355=VERTEX_POINT('',#861);
#356=VERTEX_POINT('',#876);
#357=VERTEX_POINT('',#881);
#358=VERTEX_POINT('',#886);
#359=VERTEX_POINT('',#891);
#360=VERTEX_POINT('',#896);
#361=VERTEX_POINT('',#901);
#362=VERTEX_POINT('',#906);
#363=VERTEX_POINT('',#911);
#364=VERTEX_POINT('',#916);
#365=VERTEX_POINT('',#1067);
#366=VERTEX_POINT('',#1072);
#367=VERTEX_POINT('',#1077);
#368=VERTEX_POINT('',#1082);
#369=VERTEX_POINT('',#1087);
#370=VERTEX_POINT('',#1092);
#371=VERTEX_POINT('',#1097);
#372=VERTEX_POINT('',#1102);
#373=VERTEX_POINT('',#1107);
#374=VERTEX_POINT('',#1127);
#375=VERTEX_POINT('',#1128);
#376=VERTEX_POINT('',#1135);
#377=VERTEX_POINT('',#1142);
#378=VERTEX_POINT('',#1147);
#379=VERTEX_POINT('',#1149);
#380=VERTEX_POINT('',#1154);
#381=VERTEX_POINT('',#1170);
#382=VERTEX_POINT('',#1186);
#383=VERTEX_POINT('',#1191);
#384=VERTEX_POINT('',#1215);
#385=VERTEX_POINT('',#1216);
#386=VERTEX_POINT('',#1243);
#387=VERTEX_POINT('',#1244);
#388=VERTEX_POINT('',#1251);
#389=VERTEX_POINT('',#1252);
#390=VERTEX_POINT('',#1254);
#391=VERTEX_POINT('',#1259);
#392=VERTEX_POINT('',#1266);
#393=VERTEX_POINT('',#1267);
#394=VERTEX_POINT('',#1269);
#395=VERTEX_POINT('',#1274);
#396=VERTEX_POINT('',#1281);
#397=VERTEX_POINT('',#1282);
#398=VERTEX_POINT('',#1380);
#399=VERTEX_POINT('',#1420);
#400=VERTEX_POINT('',#1500);
#401=VERTEX_POINT('',#1565);
#402=B_SPLINE_CURVE_WITH_KNOTS('',3,(#830,#831,#832,#833),.UNSPECIFIED.,
 .F.,.F.,(4,4),(0.,1.),.PIECEWISE_BEZIER_KNOTS.);
#403=B_SPLINE_CURVE_WITH_KNOTS('',3,(#836,#837,#838,#839,#840,#841,#842,
#843,#844,#845,#846,#847,#848,#849,#850,#851,#852,#853,#854,#855),
 .UNSPECIFIED.,.F.,.F.,(4,1,1,1,1,1,1,1,1,1,1,1,1,1,1,1,1,4),(1.39577234642833E-17,
0.00131701250356983,0.00263402500713964,0.00526805001427927,0.0079020750214189,
0.0105361000285585,0.0158041500428378,0.021072200057117,0.0263402500713963,
0.0289742750785359,0.0316083000856756,0.0342423250928152,0.0368763500999548,
0.0381933626035246,0.0395103751070944,0.0408273876106643,0.0414858938624492,
0.0421444001142341),.UNSPECIFIED.);
#404=B_SPLINE_CURVE_WITH_KNOTS('',3,(#857,#858,#859,#860),.UNSPECIFIED.,
 .F.,.F.,(4,4),(0.,1.),.PIECEWISE_BEZIER_KNOTS.);
#405=B_SPLINE_CURVE_WITH_KNOTS('',3,(#862,#863,#864,#865,#866,#867,#868,
#869,#870,#871,#872,#873,#874,#875),.UNSPECIFIED.,.F.,.F.,(4,1,1,1,1,1,
1,1,1,1,1,4),(-5.99999999664005E-8,0.00105963796938995,0.00211933593877986,
0.00423873187755968,0.00635812781633951,0.00847752375511933,0.012716315632679,
0.0169551075102386,0.0211938993877983,0.0254326912653579,0.0296714831429176,
0.0339102750204772),.UNSPECIFIED.);
#406=B_SPLINE_CURVE_WITH_KNOTS('',3,(#877,#878,#879,#880),.UNSPECIFIED.,
 .F.,.F.,(4,4),(0.000512332028347811,0.00639457947295596),.UNSPECIFIED.);
#407=B_SPLINE_CURVE_WITH_KNOTS('',3,(#882,#883,#884,#885),.UNSPECIFIED.,
 .F.,.F.,(4,4),(-5.99999999990318E-8,0.000638887375741121),
 .UNSPECIFIED.);
#408=B_SPLINE_CURVE_WITH_KNOTS('',3,(#887,#888,#889,#890),.UNSPECIFIED.,
 .F.,.F.,(4,4),(-1.06984979760768E-5,0.0034867164902241),.UNSPECIFIED.);
#409=B_SPLINE_CURVE_WITH_KNOTS('',3,(#892,#893,#894,#895),.UNSPECIFIED.,
 .F.,.F.,(4,4),(0.,0.00110027476312504),.UNSPECIFIED.);
#410=B_SPLINE_CURVE_WITH_KNOTS('',3,(#897,#898,#899,#900),.UNSPECIFIED.,
 .F.,.F.,(4,4),(0.00148992563308075,0.00963286651560933),.UNSPECIFIED.);
#411=B_SPLINE_CURVE_WITH_KNOTS('',3,(#902,#903,#904,#905),.UNSPECIFIED.,
 .F.,.F.,(4,4),(0.,0.00112397427972253),.UNSPECIFIED.);
#412=B_SPLINE_CURVE_WITH_KNOTS('',3,(#907,#908,#909,#910),.UNSPECIFIED.,
 .F.,.F.,(4,4),(0.,0.0035059139997122),.UNSPECIFIED.);
#413=B_SPLINE_CURVE_WITH_KNOTS('',3,(#912,#913,#914,#915),.UNSPECIFIED.,
 .F.,.F.,(4,4),(0.000990090521486069,0.00749630959428414),.UNSPECIFIED.);
#414=B_SPLINE_CURVE_WITH_KNOTS('',3,(#917,#918,#919,#920,#921,#922,#923,
#924,#925),.UNSPECIFIED.,.F.,.F.,(4,1,1,1,1,1,4),(1.3938640762424E-17,0.00822751068940236,
0.0164550213788047,0.0205687767235059,0.024682532068207,0.0287962874129082,
0.0329100427576094),.UNSPECIFIED.);
#415=B_SPLINE_CURVE_WITH_KNOTS('',3,(#1038,#1039,#1040,#1041,#1042,#1043,
#1044,#1045,#1046,#1047,#1048,#1049,#1050,#1051,#1052,#1053,#1054,#1055,
#1056,#1057),.UNSPECIFIED.,.F.,.F.,(4,1,1,1,1,1,1,1,1,1,1,1,1,1,1,1,1,4),
(-5.99999998765518E-8,0.000669186155314761,0.0013384323106294,0.00267692462125867,
0.00401541693188795,0.00535390924251722,0.00803089386377577,0.0107078784850343,
0.0133848631062929,0.0160618477275514,0.0214158169700685,0.0267697862125856,
0.0321237554551027,0.0348007400763613,0.0374777246976198,0.0401547093188784,
0.0414932016295077,0.0428316939401369),.UNSPECIFIED.);
#416=B_SPLINE_CURVE_WITH_KNOTS('',3,(#1058,#1059,#1060,#1061,#1062,#1063,
#1064,#1065,#1066),.UNSPECIFIED.,.F.,.F.,(4,1,1,1,1,1,4),(8.14732377181308E-15,
0.00411549692567704,0.00823099385134594,0.0123464907770148,0.0164619877026837,
0.0246929815540215,0.0329239754053593),.UNSPECIFIED.);
#417=B_SPLINE_CURVE_WITH_KNOTS('',3,(#1068,#1069,#1070,#1071),
 .UNSPECIFIED.,.F.,.F.,(4,4),(0.000504658092525637,0.007010877273004),
 .UNSPECIFIED.);
#418=B_SPLINE_CURVE_WITH_KNOTS('',3,(#1073,#1074,#1075,#1076),
 .UNSPECIFIED.,.F.,.F.,(4,4),(-1.08926431744747E-5,0.00350002288443299),
 .UNSPECIFIED.);
#419=B_SPLINE_CURVE_WITH_KNOTS('',3,(#1078,#1079,#1080,#1081),
 .UNSPECIFIED.,.F.,.F.,(4,4),(0.,0.0011239742796981),.UNSPECIFIED.);
#420=B_SPLINE_CURVE_WITH_KNOTS('',3,(#1083,#1084,#1085,#1086),
 .UNSPECIFIED.,.F.,.F.,(4,4),(0.00148734673452228,0.00963044487390922),
 .UNSPECIFIED.);
#421=B_SPLINE_CURVE_WITH_KNOTS('',3,(#1088,#1089,#1090,#1091),
 .UNSPECIFIED.,.F.,.F.,(4,4),(0.,0.00110027476312702),.UNSPECIFIED.);
#422=B_SPLINE_CURVE_WITH_KNOTS('',3,(#1093,#1094,#1095,#1096),
 .UNSPECIFIED.,.F.,.F.,(4,4),(0.,0.00348155460378928),.UNSPECIFIED.);
#423=B_SPLINE_CURVE_WITH_KNOTS('',3,(#1098,#1099,#1100,#1101),
 .UNSPECIFIED.,.F.,.F.,(4,4),(0.000970785824931453,0.00160973320070111),
 .UNSPECIFIED.);
#424=B_SPLINE_CURVE_WITH_KNOTS('',3,(#1103,#1104,#1105,#1106),
 .UNSPECIFIED.,.F.,.F.,(4,4),(-6.0000000003033E-8,0.00588219162199951),
 .UNSPECIFIED.);
#425=B_SPLINE_CURVE_WITH_KNOTS('',3,(#1108,#1109,#1110,#1111,#1112,#1113,
#1114,#1115,#1116,#1117,#1118,#1119,#1120,#1121),.UNSPECIFIED.,.F.,.F.,
(4,1,1,1,1,1,1,1,1,1,1,4),(6.93889390390723E-18,0.00417620910965079,0.00835241821930157,
0.0125286273289523,0.0167048364386031,0.0208810455482539,0.0250572546579047,
0.0271453592127301,0.0292334637675555,0.0313215683223809,0.0323656205997936,
0.0334096728772063),.UNSPECIFIED.);
#426=B_SPLINE_CURVE_WITH_KNOTS('',3,(#1123,#1124,#1125,#1126),
 .UNSPECIFIED.,.F.,.F.,(4,4),(0.,0.00348087472443164),.UNSPECIFIED.);
#427=B_SPLINE_CURVE_WITH_KNOTS('',3,(#1129,#1130,#1131,#1132,#1133,#1134),
 .UNSPECIFIED.,.F.,.F.,(4,1,1,4),(0.,0.0144426263235577,0.0216639394853366,
0.0288852526471154),.UNSPECIFIED.);
#428=B_SPLINE_CURVE_WITH_KNOTS('',3,(#1136,#1137,#1138,#1139,#1140,#1141),
 .UNSPECIFIED.,.F.,.F.,(4,1,1,4),(0.,0.00722131316177879,0.0144426263235576,
0.0288852526471152),.UNSPECIFIED.);
#429=B_SPLINE_CURVE_WITH_KNOTS('',3,(#1143,#1144,#1145,#1146),
 .UNSPECIFIED.,.F.,.F.,(4,4),(0.,0.00348087409920784),.UNSPECIFIED.);
#430=B_SPLINE_CURVE_WITH_KNOTS('',3,(#1150,#1151,#1152,#1153),
 .UNSPECIFIED.,.F.,.F.,(4,4),(0.,0.00345979507847942),.UNSPECIFIED.);
#431=B_SPLINE_CURVE_WITH_KNOTS('',3,(#1155,#1156,#1157,#1158,#1159,#1160,
#1161,#1162,#1163,#1164,#1165,#1166,#1167,#1168,#1169),.UNSPECIFIED.,.F.,
 .F.,(4,1,1,1,1,1,1,1,1,1,1,1,4),(0.,0.00409164837919399,0.00818329675838798,
0.012274945137582,0.016366593516776,0.02045824189597,0.022504066085567,
0.024549890275164,0.0265957144647609,0.0286415386543579,0.0306873628439549,
0.0317102749387534,0.0327331870335519),.UNSPECIFIED.);
#432=B_SPLINE_CURVE_WITH_KNOTS('',3,(#1171,#1172,#1173,#1174,#1175,#1176,
#1177,#1178,#1179,#1180,#1181,#1182,#1183,#1184,#1185),.UNSPECIFIED.,.F.,
 .F.,(4,1,1,1,1,1,1,1,1,1,1,1,4),(0.,0.00103596784363789,0.00207193568727577,
0.00414387137455155,0.00621580706182732,0.00828774274910309,0.0103596784363789,
0.0124316141236546,0.0165754854982062,0.0207193568727577,0.0248632282473093,
0.0290070996218608,0.0331509709964124),.UNSPECIFIED.);
#433=B_SPLINE_CURVE_WITH_KNOTS('',3,(#1187,#1188,#1189,#1190),
 .UNSPECIFIED.,.F.,.F.,(4,4),(0.,0.00345982485258265),.UNSPECIFIED.);
#434=B_SPLINE_CURVE_WITH_KNOTS('',3,(#1194,#1195,#1196,#1197,#1198,#1199,
#1200,#1201,#1202,#1203,#1204,#1205,#1206,#1207,#1208,#1209,#1210,#1211,
#1212,#1213,#1214),.UNSPECIFIED.,.F.,.F.,(4,1,1,1,1,1,1,1,1,1,1,1,1,1,1,
1,1,1,4),(0.,0.00029453282696738,0.000589065653934759,0.00117813130786952,
0.00176719696180428,0.00235626261573904,0.00353439392360856,0.00471252523147807,
0.00589065653934759,0.00706878784721711,0.00942505046295615,0.0117813130786952,
0.0141375756944342,0.0164938383101733,0.0188501009259123,0.0235626261573904,
0.0282751513888684,0.0329876766203465,0.0377002018518246),.UNSPECIFIED.);
#435=B_SPLINE_CURVE_WITH_KNOTS('',3,(#1217,#1218,#1219,#1220,#1221,#1222,
#1223,#1224,#1225,#1226,#1227,#1228,#1229,#1230,#1231,#1232,#1233,#1234,
#1235,#1236,#1237),.UNSPECIFIED.,.F.,.F.,(4,1,1,1,1,1,1,1,1,1,1,1,1,1,1,
1,1,1,4),(6.27664904790016E-20,0.00462824152148547,0.00925648304297093,
0.0138847245644564,0.0185129660859419,0.0208270868466846,0.0231412076074273,
0.0254553283681701,0.0277694491289128,0.0300835698896555,0.0312406302700269,
0.0323976906503983,0.0335547510307696,0.034711811411141,0.0352903416013267,
0.0358688717915124,0.036447401981698,0.0367366670767909,0.0370259321718837),
 .UNSPECIFIED.);
#436=B_SPLINE_CURVE_WITH_KNOTS('',3,(#1239,#1240,#1241,#1242),
 .UNSPECIFIED.,.F.,.F.,(4,4),(0.00149629340326721,0.00966634582460637),
 .UNSPECIFIED.);
#437=B_SPLINE_CURVE_WITH_KNOTS('',3,(#1247,#1248,#1249,#1250),
 .UNSPECIFIED.,.F.,.F.,(4,4),(0.0010000440842009,0.00750030630617237),
 .UNSPECIFIED.);
#438=B_SPLINE_CURVE_WITH_KNOTS('',3,(#1255,#1256,#1257,#1258),
 .UNSPECIFIED.,.F.,.F.,(4,4),(0.00050012959521018,0.00700215985194684),
 .UNSPECIFIED.);
#439=B_SPLINE_CURVE_WITH_KNOTS('',3,(#1262,#1263,#1264,#1265),
 .UNSPECIFIED.,.F.,.F.,(4,4),(0.00100040534100426,0.0075024318184093),
 .UNSPECIFIED.);
#440=B_SPLINE_CURVE_WITH_KNOTS('',3,(#1270,#1271,#1272,#1273),
 .UNSPECIFIED.,.F.,.F.,(4,4),(0.000500018639864424,0.00700028088772765),
 .UNSPECIFIED.);
#441=B_SPLINE_CURVE_WITH_KNOTS('',3,(#1277,#1278,#1279,#1280),
 .UNSPECIFIED.,.F.,.F.,(4,4),(0.00149114684882625,0.00966135769266674),
 .UNSPECIFIED.);
#442=B_SPLINE_CURVE_WITH_KNOTS('',3,(#1296,#1297,#1298,#1299),
 .UNSPECIFIED.,.F.,.F.,(4,4),(3.87895961444886E-18,0.00302115087864593),
 .UNSPECIFIED.);
#443=B_SPLINE_CURVE_WITH_KNOTS('',3,(#1300,#1301,#1302,#1303),
 .UNSPECIFIED.,.F.,.F.,(4,4),(1.39048664439199E-17,0.00309450991142216),
 .UNSPECIFIED.);
#444=B_SPLINE_CURVE_WITH_KNOTS('',3,(#1316,#1317,#1318,#1319),
 .UNSPECIFIED.,.F.,.F.,(4,4),(3.12731722069275E-18,0.00303846148068719),
 .UNSPECIFIED.);
#445=B_SPLINE_CURVE_WITH_KNOTS('',3,(#1320,#1321,#1322,#1323),
 .UNSPECIFIED.,.F.,.F.,(4,4),(6.9928938926747E-18,0.00313551356267659),
 .UNSPECIFIED.);
#446=B_SPLINE_CURVE_WITH_KNOTS('',3,(#1336,#1337,#1338,#1339),
 .UNSPECIFIED.,.F.,.F.,(4,4),(3.5762240613455E-18,0.0030210845968683),
 .UNSPECIFIED.);
#447=B_SPLINE_CURVE_WITH_KNOTS('',3,(#1340,#1341,#1342,#1343),
 .UNSPECIFIED.,.F.,.F.,(4,4),(7.7898404271829E-16,0.00309648430708794),
 .UNSPECIFIED.);
#448=B_SPLINE_CURVE_WITH_KNOTS('',3,(#1356,#1357,#1358,#1359),
 .UNSPECIFIED.,.F.,.F.,(4,4),(0.,0.00303844829404417),.UNSPECIFIED.);
#449=B_SPLINE_CURVE_WITH_KNOTS('',3,(#1360,#1361,#1362,#1363),
 .UNSPECIFIED.,.F.,.F.,(4,4),(1.2266347333467E-18,0.00314344201797367),
 .UNSPECIFIED.);
#450=B_SPLINE_CURVE_WITH_KNOTS('',3,(#1381,#1382,#1383,#1384,#1385),
 .UNSPECIFIED.,.F.,.F.,(4,1,4),(0.,0.00173814863799588,0.00347629727599176),
 .UNSPECIFIED.);
#451=B_SPLINE_CURVE_WITH_KNOTS('',3,(#1415,#1416,#1417,#1418,#1419),
 .UNSPECIFIED.,.F.,.F.,(4,1,4),(3.5762240613455E-18,0.00171994275227681,
0.00343988550455361),.UNSPECIFIED.);
#452=B_SPLINE_CURVE_WITH_KNOTS('',3,(#1447,#1448,#1449,#1450),
 .UNSPECIFIED.,.F.,.F.,(4,4),(8.97613821696762E-15,0.000895834621276269),
 .UNSPECIFIED.);
#453=B_SPLINE_CURVE_WITH_KNOTS('',3,(#1463,#1464,#1465,#1466),
 .UNSPECIFIED.,.F.,.F.,(4,4),(8.67361737988404E-19,0.000879697403673174),
 .UNSPECIFIED.);
#454=B_SPLINE_CURVE_WITH_KNOTS('',3,(#1501,#1502,#1503,#1504,#1505),
 .UNSPECIFIED.,.F.,.F.,(4,1,4),(3.62704503551541E-16,0.00171994275227726,
0.00343988550455416),.UNSPECIFIED.);
#455=B_SPLINE_CURVE_WITH_KNOTS('',3,(#1545,#1546,#1547,#1548),
 .UNSPECIFIED.,.F.,.F.,(4,4),(1.60142790134666E-16,0.000879697403670979),
 .UNSPECIFIED.);
#456=B_SPLINE_CURVE_WITH_KNOTS('',3,(#1561,#1562,#1563,#1564),
 .UNSPECIFIED.,.F.,.F.,(4,4),(0.,0.000895834621299048),.UNSPECIFIED.);
#457=B_SPLINE_CURVE_WITH_KNOTS('',3,(#1584,#1585,#1586,#1587,#1588),
 .UNSPECIFIED.,.F.,.F.,(4,1,4),(2.74283864732555E-18,0.00173482737925956,
0.00346965475851912),.UNSPECIFIED.);
#458=B_SPLINE_CURVE_WITH_KNOTS('',3,(#1810,#1811,#1812,#1813,#1814,#1815,
#1816,#1817,#1818,#1819,#1820,#1821,#1822),.UNSPECIFIED.,.F.,.F.,(4,1,1,
1,1,1,1,1,1,1,4),(0.,0.000129772527264699,0.000259545054529398,0.000519090109058797,
0.000778635163588195,0.00103818021811759,0.00155727032717639,0.00207636043623519,
0.00259545054529398,0.00311454065435278,0.00415272087247037),
 .UNSPECIFIED.);
#459=B_SPLINE_CURVE_WITH_KNOTS('',3,(#1940,#1941,#1942,#1943,#1944,#1945,
#1946,#1947,#1948,#1949,#1950,#1951,#1952,#1953,#1954),.UNSPECIFIED.,.F.,
 .F.,(4,1,1,1,1,1,1,1,1,1,1,1,4),(0.,6.99711591356144E-5,0.000139942318271229,
0.000279884636542458,0.000419826954813686,0.000559769273084915,0.000839653909627373,
0.00111953854616983,0.00167930781925475,0.00223907709233966,0.00279884636542457,
0.00335861563850949,0.00447815418467932),.UNSPECIFIED.);
#460=EDGE_LOOP('',(#88,#89,#90,#91,#92,#93,#94,#95,#96,#97,#98,#99,#100));
#461=EDGE_LOOP('',(#101,#102,#103,#104,#105,#106,#107,#108,#109,#110,#111,
#112,#113));
#462=EDGE_LOOP('',(#114,#115,#116,#117,#118,#119,#120,#121,#122,#123));
#463=EDGE_LOOP('',(#124,#125));
#464=EDGE_LOOP('',(#126,#127));
#465=EDGE_LOOP('',(#128,#129,#130,#131));
#466=EDGE_LOOP('',(#132,#133,#134,#135));
#467=EDGE_LOOP('',(#136,#137));
#468=EDGE_LOOP('',(#138,#139,#140,#141,#142));
#469=EDGE_LOOP('',(#143,#144,#145,#146));
#470=EDGE_LOOP('',(#147,#148,#149,#150,#151));
#471=EDGE_LOOP('',(#152,#153,#154,#155));
#472=EDGE_LOOP('',(#156,#157,#158));
#473=EDGE_LOOP('',(#159,#160,#161,#162));
#474=EDGE_LOOP('',(#163,#164,#165));
#475=EDGE_LOOP('',(#166,#167,#168));
#476=EDGE_LOOP('',(#169,#170,#171,#172));
#477=EDGE_LOOP('',(#173,#174,#175,#176));
#478=EDGE_LOOP('',(#177,#178,#179));
#479=EDGE_LOOP('',(#180,#181,#182,#183,#184,#185));
#480=EDGE_LOOP('',(#186,#187,#188));
#481=EDGE_LOOP('',(#189,#190,#191,#192));
#482=EDGE_LOOP('',(#193,#194,#195));
#483=EDGE_LOOP('',(#196,#197,#198,#199));
#484=EDGE_LOOP('',(#200,#201,#202,#203));
#485=EDGE_LOOP('',(#204,#205,#206,#207,#208,#209));
#486=EDGE_LOOP('',(#210,#211,#212));
#487=EDGE_LOOP('',(#213,#214,#215));
#488=EDGE_LOOP('',(#216,#217,#218,#219));
#489=EDGE_LOOP('',(#220,#221,#222,#223));
#490=EDGE_LOOP('',(#224,#225,#226,#227));
#491=EDGE_LOOP('',(#228,#229,#230,#231));
#492=EDGE_LOOP('',(#232,#233,#234,#235));
#493=EDGE_LOOP('',(#236,#237,#238,#239));
#494=EDGE_LOOP('',(#240,#241,#242,#243));
#495=EDGE_LOOP('',(#244,#245,#246,#247));
#496=EDGE_LOOP('',(#248,#249,#250,#251));
#497=EDGE_LOOP('',(#252,#253,#254,#255));
#498=EDGE_LOOP('',(#256,#257,#258,#259));
#499=EDGE_LOOP('',(#260,#261,#262,#263));
#500=FACE_BOUND('',#460,.T.);
#501=FACE_BOUND('',#461,.T.);
#502=FACE_BOUND('',#462,.T.);
#503=FACE_BOUND('',#463,.T.);
#504=FACE_BOUND('',#464,.T.);
#505=FACE_BOUND('',#465,.T.);
#506=FACE_BOUND('',#466,.T.);
#507=FACE_BOUND('',#467,.T.);
#508=FACE_BOUND('',#468,.T.);
#509=FACE_BOUND('',#469,.T.);
#510=FACE_BOUND('',#470,.T.);
#511=FACE_BOUND('',#471,.T.);
#512=FACE_BOUND('',#472,.T.);
#513=FACE_BOUND('',#473,.T.);
#514=FACE_BOUND('',#474,.T.);
#515=FACE_BOUND('',#475,.T.);
#516=FACE_BOUND('',#476,.T.);
#517=FACE_BOUND('',#477,.T.);
#518=FACE_BOUND('',#478,.T.);
#519=FACE_BOUND('',#479,.T.);
#520=FACE_BOUND('',#480,.T.);
#521=FACE_BOUND('',#481,.T.);
#522=FACE_BOUND('',#482,.T.);
#523=FACE_BOUND('',#483,.T.);
#524=FACE_BOUND('',#484,.T.);
#525=FACE_BOUND('',#485,.T.);
#526=FACE_BOUND('',#486,.T.);
#527=FACE_BOUND('',#487,.T.);
#528=FACE_BOUND('',#488,.T.);
#529=FACE_BOUND('',#489,.T.);
#530=FACE_BOUND('',#490,.T.);
#531=FACE_BOUND('',#491,.T.);
#532=FACE_BOUND('',#492,.T.);
#533=FACE_BOUND('',#493,.T.);
#534=FACE_BOUND('',#494,.T.);
#535=FACE_BOUND('',#495,.T.);
#536=FACE_BOUND('',#496,.T.);
#537=FACE_BOUND('',#497,.T.);
#538=FACE_BOUND('',#498,.T.);
#539=FACE_BOUND('',#499,.T.);
#540=B_SPLINE_SURFACE_WITH_KNOTS('',3,3,((#718,#719,#720,#721),(#722,#723,
#724,#725),(#726,#727,#728,#729),(#730,#731,#732,#733),(#734,#735,#736,
#737),(#738,#739,#740,#741),(#742,#743,#744,#745),(#746,#747,#748,#749),
(#750,#751,#752,#753),(#754,#755,#756,#757),(#758,#759,#760,#761),(#762,
#763,#764,#765),(#766,#767,#768,#769),(#770,#771,#772,#773),(#774,#775,
#776,#777),(#778,#779,#780,#781),(#782,#783,#784,#785),(#786,#787,#788,
#789),(#790,#791,#792,#793),(#794,#795,#796,#797),(#798,#799,#800,#801),
(#802,#803,#804,#805),(#806,#807,#808,#809),(#810,#811,#812,#813),(#814,
#815,#816,#817),(#818,#819,#820,#821),(#822,#823,#824,#825),(#826,#827,
#828,#829)),.UNSPECIFIED.,.F.,.F.,.F.,(4,2,2,2,2,2,2,2,2,2,2,2,2,4),(4,
4),(0.,0.03125,0.0625,0.125,0.25,0.5,0.625,0.6875,0.75,0.875,0.9375,0.96875,
0.984375,1.),(0.,0.997594401676505),.UNSPECIFIED.);
#541=B_SPLINE_SURFACE_WITH_KNOTS('',3,3,((#926,#927,#928,#929),(#930,#931,
#932,#933),(#934,#935,#936,#937),(#938,#939,#940,#941),(#942,#943,#944,
#945),(#946,#947,#948,#949),(#950,#951,#952,#953),(#954,#955,#956,#957),
(#958,#959,#960,#961),(#962,#963,#964,#965),(#966,#967,#968,#969),(#970,
#971,#972,#973),(#974,#975,#976,#977),(#978,#979,#980,#981),(#982,#983,
#984,#985),(#986,#987,#988,#989),(#990,#991,#992,#993),(#994,#995,#996,
#997),(#998,#999,#1000,#1001),(#1002,#1003,#1004,#1005),(#1006,#1007,#1008,
#1009),(#1010,#1011,#1012,#1013),(#1014,#1015,#1016,#1017),(#1018,#1019,
#1020,#1021),(#1022,#1023,#1024,#1025),(#1026,#1027,#1028,#1029),(#1030,
#1031,#1032,#1033),(#1034,#1035,#1036,#1037)),.UNSPECIFIED.,.F.,.F.,.F.,
(4,2,2,2,2,2,2,2,2,2,2,2,2,4),(4,4),(0.,0.015625,0.03125,0.0625,0.125,0.25,
0.3125,0.375,0.5,0.75,0.875,0.9375,0.96875,1.),(0.,0.997594401676505),
 .UNSPECIFIED.);
#542=ADVANCED_FACE('',(#500),#540,.T.);
#543=ADVANCED_FACE('',(#501),#541,.T.);
#544=ADVANCED_FACE('',(#502),#84,.T.);
#545=ADVANCED_FACE('',(#503),#85,.F.);
#546=ADVANCED_FACE('',(#504),#86,.T.);
#547=ADVANCED_FACE('',(#505),#52,.T.);
#548=ADVANCED_FACE('',(#506),#53,.T.);
#549=ADVANCED_FACE('',(#507),#87,.T.);
#550=ADVANCED_FACE('',(#508),#24,.F.);
#551=ADVANCED_FACE('',(#509),#25,.F.);
#552=ADVANCED_FACE('',(#510),#26,.F.);
#553=ADVANCED_FACE('',(#511),#27,.F.);
#554=ADVANCED_FACE('',(#512),#28,.F.);
#555=ADVANCED_FACE('',(#513),#29,.F.);
#556=ADVANCED_FACE('',(#514),#30,.F.);
#557=ADVANCED_FACE('',(#515),#31,.T.);
#558=ADVANCED_FACE('',(#516),#32,.F.);
#559=ADVANCED_FACE('',(#517),#33,.F.);
#560=ADVANCED_FACE('',(#518),#34,.T.);
#561=ADVANCED_FACE('',(#519),#20,.T.);
#562=ADVANCED_FACE('',(#520),#35,.F.);
#563=ADVANCED_FACE('',(#521),#36,.F.);
#564=ADVANCED_FACE('',(#522),#37,.T.);
#565=ADVANCED_FACE('',(#523),#38,.F.);
#566=ADVANCED_FACE('',(#524),#39,.F.);
#567=ADVANCED_FACE('',(#525),#21,.T.);
#568=ADVANCED_FACE('',(#526),#40,.F.);
#569=ADVANCED_FACE('',(#527),#41,.T.);
#570=ADVANCED_FACE('',(#528),#42,.T.);
#571=ADVANCED_FACE('',(#529),#43,.T.);
#572=ADVANCED_FACE('',(#530),#44,.T.);
#573=ADVANCED_FACE('',(#531),#45,.T.);
#574=ADVANCED_FACE('',(#532),#22,.T.);
#575=ADVANCED_FACE('',(#533),#23,.T.);
#576=ADVANCED_FACE('',(#534),#46,.T.);
#577=ADVANCED_FACE('',(#535),#47,.T.);
#578=ADVANCED_FACE('',(#536),#48,.T.);
#579=ADVANCED_FACE('',(#537),#49,.T.);
#580=ADVANCED_FACE('',(#538),#50,.T.);
#581=ADVANCED_FACE('',(#539),#51,.T.);
#582=CLOSED_SHELL('',(#542,#543,#544,#545,#546,#547,#548,#549,#550,#551,
#552,#553,#554,#555,#556,#557,#558,#559,#560,#561,#562,#563,#564,#565,#566,
#567,#568,#569,#570,#571,#572,#573,#574,#575,#576,#577,#578,#579,#580,#581));
#583=STYLED_ITEM('',(#584),#591);
#584=PRESENTATION_STYLE_ASSIGNMENT((#585));
#585=SURFACE_STYLE_USAGE(.BOTH.,#586);
#586=SURFACE_SIDE_STYLE('',(#587));
#587=SURFACE_STYLE_FILL_AREA(#588);
#588=FILL_AREA_STYLE('',(#589));
#589=FILL_AREA_STYLE_COLOUR('',#590);
#590=COLOUR_RGB('',0.800000011920929,0.,0.);
#591=MANIFOLD_SOLID_BREP('',#582);
#592=SHAPE_DEFINITION_REPRESENTATION(#2049,#593);
#593=SHAPE_REPRESENTATION('NACA0012_SIM',(#594),#2044);
#594=AXIS2_PLACEMENT_3D('',#717,#635,#636);
#595=AXIS2_PLACEMENT_3D('',#1122,#637,#638);
#596=AXIS2_PLACEMENT_3D('',#1148,#639,#640);
#597=AXIS2_PLACEMENT_3D('',#1192,#641,#642);
#598=AXIS2_PLACEMENT_3D('',#1193,#643,#644);
#599=AXIS2_PLACEMENT_3D('',#1238,#645,#646);
#600=AXIS2_PLACEMENT_3D('',#1245,#647,#648);
#601=AXIS2_PLACEMENT_3D('',#1246,#649,#650);
#602=AXIS2_PLACEMENT_3D('',#1253,#651,#652);
#603=AXIS2_PLACEMENT_3D('',#1260,#653,#654);
#604=AXIS2_PLACEMENT_3D('',#1261,#655,#656);
#605=AXIS2_PLACEMENT_3D('',#1268,#657,#658);
#606=AXIS2_PLACEMENT_3D('',#1275,#659,#660);
#607=AXIS2_PLACEMENT_3D('',#1276,#661,#662);
#608=AXIS2_PLACEMENT_3D('',#1283,#663,#664);
#609=AXIS2_PLACEMENT_3D('',#1379,#665,#666);
#610=AXIS2_PLACEMENT_3D('',#1398,#667,#668);
#611=AXIS2_PLACEMENT_3D('',#1399,#669,#670);
#612=AXIS2_PLACEMENT_3D('',#1421,#671,#672);
#613=AXIS2_PLACEMENT_3D('',#1434,#673,#674);
#614=AXIS2_PLACEMENT_3D('',#1482,#675,#676);
#615=AXIS2_PLACEMENT_3D('',#1483,#677,#678);
#616=AXIS2_PLACEMENT_3D('',#1499,#679,#680);
#617=AXIS2_PLACEMENT_3D('',#1518,#681,#682);
#618=AXIS2_PLACEMENT_3D('',#1519,#683,#684);
#619=AXIS2_PLACEMENT_3D('',#1532,#685,#686);
#620=AXIS2_PLACEMENT_3D('',#1566,#687,#688);
#621=AXIS2_PLACEMENT_3D('',#1567,#689,#690);
#622=AXIS2_PLACEMENT_3D('',#1568,#691,#692);
#623=AXIS2_PLACEMENT_3D('',#1664,#693,#694);
#624=AXIS2_PLACEMENT_3D('',#1665,#695,#696);
#625=AXIS2_PLACEMENT_3D('',#1723,#697,#698);
#626=AXIS2_PLACEMENT_3D('',#1736,#699,#700);
#627=AXIS2_PLACEMENT_3D('',#1749,#701,#702);
#628=AXIS2_PLACEMENT_3D('',#1750,#703,#704);
#629=AXIS2_PLACEMENT_3D('',#1751,#705,#706);
#630=AXIS2_PLACEMENT_3D('',#1752,#707,#708);
#631=AXIS2_PLACEMENT_3D('',#1753,#709,#710);
#632=AXIS2_PLACEMENT_3D('',#1766,#711,#712);
#633=AXIS2_PLACEMENT_3D('',#1779,#713,#714);
#634=AXIS2_PLACEMENT_3D('',#1955,#715,#716);
#635=DIRECTION('',(0.,0.,1.));
#636=DIRECTION('',(1.,0.,0.));
#637=DIRECTION('',(0.,0.,-1.));
#638=DIRECTION('',(-1.,0.,0.));
#639=DIRECTION('',(0.,0.,-1.));
#640=DIRECTION('',(-1.,0.,0.));
#641=DIRECTION('',(0.,0.,-1.));
#642=DIRECTION('',(-1.,0.,0.));
#643=DIRECTION('',(-1.58563022654139E-13,-6.90075019512166E-14,-1.));
#644=DIRECTION('',(-1.,0.,1.58563022654139E-13));
#645=DIRECTION('',(0.,0.,1.));
#646=DIRECTION('',(1.,0.,0.));
#647=DIRECTION('',(0.,0.,1.));
#648=DIRECTION('',(1.,0.,0.));
#649=DIRECTION('',(0.,0.,-1.));
#650=DIRECTION('',(-1.,0.,0.));
#651=DIRECTION('',(0.,0.,-1.));
#652=DIRECTION('',(-1.,0.,0.));
#653=DIRECTION('',(0.,0.,1.));
#654=DIRECTION('',(1.,0.,0.));
#655=DIRECTION('',(0.,0.,-1.));
#656=DIRECTION('',(-1.,0.,0.));
#657=DIRECTION('',(0.,0.,-1.));
#658=DIRECTION('',(-1.,0.,0.));
#659=DIRECTION('',(0.,0.,1.));
#660=DIRECTION('',(1.,0.,0.));
#661=DIRECTION('',(0.,0.,1.));
#662=DIRECTION('',(1.,0.,0.));
#663=DIRECTION('',(0.,0.,1.));
#664=DIRECTION('',(1.,0.,0.));
#665=DIRECTION('',(-0.959597468437447,0.0637540063222037,0.274058616442379));
#666=DIRECTION('',(0.274617285755241,0.,0.961553610759392));
#667=DIRECTION('',(-0.997761079870923,0.0668792007638393,0.));
#668=DIRECTION('',(-0.0668792007638393,-0.997761079870923,0.));
#669=DIRECTION('',(0.999207846924223,-0.0397954601061183,6.93339723775877E-15));
#670=DIRECTION('',(0.0397954601061183,0.999207846924223,0.));
#671=DIRECTION('',(0.962861076056933,-0.040783807533907,0.266899286731009));
#672=DIRECTION('',(0.267121533341331,0.,-0.963662848939076));
#673=DIRECTION('',(-0.655819803581526,0.754917469151621,0.));
#674=DIRECTION('',(-0.754917469151621,-0.655819803581526,0.));
#675=DIRECTION('',(0.735350259779614,0.677687240135192,3.52679989449888E-15));
#676=DIRECTION('',(-0.677687240135192,0.735350259779614,0.));
#677=DIRECTION('',(0.,0.,1.));
#678=DIRECTION('',(1.,0.,0.));
#679=DIRECTION('',(0.9628610760571,0.0407838075340957,0.266899286730379));
#680=DIRECTION('',(0.267121533340702,0.,-0.96366284893925));
#681=DIRECTION('',(0.999207846924234,0.0397954601058546,0.));
#682=DIRECTION('',(-0.0397954601058546,0.999207846924234,0.));
#683=DIRECTION('',(-0.997761079870866,-0.0668792007646924,6.92335827467184E-15));
#684=DIRECTION('',(0.0668792007646924,-0.997761079870866,0.));
#685=DIRECTION('',(0.735350259779659,-0.677687240135144,0.));
#686=DIRECTION('',(0.677687240135144,0.735350259779659,0.));
#687=DIRECTION('',(-0.959597468436785,-0.0637540063235982,0.274058616444375));
#688=DIRECTION('',(0.274617285757266,0.,0.961553610758814));
#689=DIRECTION('',(0.,0.,1.));
#690=DIRECTION('',(1.,0.,0.));
#691=DIRECTION('',(0.65581980358096,0.754917469152112,0.));
#692=DIRECTION('',(-0.754917469152112,0.65581980358096,0.));
#693=DIRECTION('',(0.999298763902788,0.0374430295563703,6.49533023831285E-17));
#694=DIRECTION('',(-0.0374430295563703,0.999298763902788,0.));
#695=DIRECTION('',(-3.39741153147587E-16,1.,0.));
#696=DIRECTION('',(-1.,-3.39741153147587E-16,0.));
#697=DIRECTION('',(0.999298763902788,-0.0374430295563702,0.));
#698=DIRECTION('',(0.0374430295563702,0.999298763902788,0.));
#699=DIRECTION('',(0.749840146063271,-0.661619040953185,4.05587980263565E-15));
#700=DIRECTION('',(0.661619040953185,0.749840146063271,0.));
#701=DIRECTION('',(0.749840146063284,0.661619040953171,0.));
#702=DIRECTION('',(-0.661619040953171,0.749840146063284,0.));
#703=DIRECTION('',(0.,0.,-1.));
#704=DIRECTION('',(-1.,0.,0.));
#705=DIRECTION('',(0.6616759831577,0.749789899446699,-2.60135628124095E-15));
#706=DIRECTION('',(-0.749789899446699,0.6616759831577,0.));
#707=DIRECTION('',(0.,0.,-1.));
#708=DIRECTION('',(-1.,0.,0.));
#709=DIRECTION('',(0.661675983157778,-0.74978989944663,0.));
#710=DIRECTION('',(0.74978989944663,0.661675983157779,0.));
#711=DIRECTION('',(0.996631179046662,0.08201398022325,-1.35464928717584E-14));
#712=DIRECTION('',(-0.08201398022325,0.996631179046662,0.));
#713=DIRECTION('',(0.996631179046681,-0.0820139802230269,0.));
#714=DIRECTION('',(0.0820139802230269,0.996631179046681,0.));
#715=DIRECTION('',(-3.29641903653088E-14,1.,-1.13241579640256E-13));
#716=DIRECTION('',(0.,1.13241579640256E-13,1.));
#717=CARTESIAN_POINT('',(0.,0.,0.));
#718=CARTESIAN_POINT('',(41.,0.,60.));
#719=CARTESIAN_POINT('',(41.0000000013311,0.,40.0481119664699));
#720=CARTESIAN_POINT('',(40.9999999998404,0.,20.0962239329398));
#721=CARTESIAN_POINT('',(40.9999999999988,0.,0.144335899409711));
#722=CARTESIAN_POINT('',(40.5626242577666,-0.0151384261673505,60.));
#723=CARTESIAN_POINT('',(40.421390354062,-0.0290121771200664,40.0481119664762));
#724=CARTESIAN_POINT('',(40.2807987559358,-0.0516088238846025,20.0962239329345));
#725=CARTESIAN_POINT('',(40.1408494584818,-0.082928366460471,0.144335899409673));
#726=CARTESIAN_POINT('',(40.1256797557675,-0.0327721174352595,60.));
#727=CARTESIAN_POINT('',(39.8435221286088,-0.0627918292462921,40.0481119664751));
#728=CARTESIAN_POINT('',(39.5628148303356,-0.111680918039843,20.0962239329494));
#729=CARTESIAN_POINT('',(39.2835578620004,-0.179439383816629,0.14433589940978));
#730=CARTESIAN_POINT('',(39.2571472102219,-0.127227088072976,60.));
#731=CARTESIAN_POINT('',(38.6939028532833,-0.196179548339644,40.0481119664596));
#732=CARTESIAN_POINT('',(38.1327739702423,-0.292069323494664,20.0962239329167));
#733=CARTESIAN_POINT('',(37.5737605596403,-0.414896413538197,0.144335899409544));
#734=CARTESIAN_POINT('',(38.8248930730908,-0.195971395863324,60.));
#735=CARTESIAN_POINT('',(38.1213353349154,-0.286305340198489,40.0481119664297));
#736=CARTESIAN_POINT('',(37.4198141481823,-0.402680604771375,20.0962239329785));
#737=CARTESIAN_POINT('',(36.7203295196059,-0.545097189572397,0.144335899409991));
#738=CARTESIAN_POINT('',(37.5275228356156,-0.397200558590658,60.));
#739=CARTESIAN_POINT('',(36.4023338589309,-0.546056172242764,40.0481119664713));
#740=CARTESIAN_POINT('',(35.2784639864043,-0.714372598224863,20.0962239329204));
#741=CARTESIAN_POINT('',(34.155913216918,-0.902149836531312,0.144335899409571));
#742=CARTESIAN_POINT('',(36.6593692868781,-0.499338727131978,60.));
#743=CARTESIAN_POINT('',(35.2523762417366,-0.681449200082871,40.0481119664913));
#744=CARTESIAN_POINT('',(33.8465496221023,-0.88313639928588,20.0962239328398));
#745=CARTESIAN_POINT('',(32.4418894227909,-1.10440032473294,0.144335899408989));
#746=CARTESIAN_POINT('',(34.0554249625766,-0.814454622806907,60.));
#747=CARTESIAN_POINT('',(31.8034261901259,-1.09968689365636,40.0481119665034));
#748=CARTESIAN_POINT('',(29.5523683832703,-1.40536365354243,20.096223932911));
#749=CARTESIAN_POINT('',(27.3022515403457,-1.73148490242407,0.144335899409502));
#750=CARTESIAN_POINT('',(32.3184432974168,-1.01848125315338,60.));
#751=CARTESIAN_POINT('',(29.5025369363733,-1.36776144645814,40.048111966331));
#752=CARTESIAN_POINT('',(26.6871877228215,-1.73540082606651,20.0962239329879));
#753=CARTESIAN_POINT('',(23.8723956607232,-2.12139939194337,0.14433589941006));
#754=CARTESIAN_POINT('',(27.1014842885628,-1.5721891037505,60.));
#755=CARTESIAN_POINT('',(22.5923128196519,-2.09898329287939,40.0481119665729));
#756=CARTESIAN_POINT('',(18.0829448631159,-2.64207293495972,20.0962239329782));
#757=CARTESIAN_POINT('',(13.5733804180999,-3.20145803002832,0.144335899409987));
#758=CARTESIAN_POINT('',(23.6172732312834,-1.88559694663937,60.));
#759=CARTESIAN_POINT('',(17.9772615251455,-2.51270041574899,40.0481119664634));
#760=CARTESIAN_POINT('',(12.3365772117273,-3.15476909370682,20.0962239329325));
#761=CARTESIAN_POINT('',(6.69522029102584,-3.81180298055542,0.144335899409658));
#762=CARTESIAN_POINT('',(18.3817351244329,-2.22144846646146,60.));
#763=CARTESIAN_POINT('',(11.0425156194723,-2.95541979364734,40.0481119663991));
#764=CARTESIAN_POINT('',(3.70195235886768,-3.7023227856191,20.0962239328075));
#765=CARTESIAN_POINT('',(-3.63995465788327,-4.46215744236111,0.144335899408757));
#766=CARTESIAN_POINT('',(16.6348831267376,-2.30928496236017,60.));
#767=CARTESIAN_POINT('',(8.72871956719414,-3.07117779819051,40.0481119664474));
#768=CARTESIAN_POINT('',(0.820989685588356,-3.8454431688055,20.0962239327985));
#769=CARTESIAN_POINT('',(-7.08830651896613,-4.63208107428079,0.144335899408692));
#770=CARTESIAN_POINT('',(14.0127822766272,-2.38450945242291,60.));
#771=CARTESIAN_POINT('',(5.25563601475635,-3.16887208783823,40.0481119664434));
#772=CARTESIAN_POINT('',(-3.50338632979133,-3.96372438336169,20.0962239327951));
#773=CARTESIAN_POINT('',(-12.2642847578296,-4.76906633890784,0.144335899408667));
#774=CARTESIAN_POINT('',(13.1383321365692,-2.38683992484631,60.));
#775=CARTESIAN_POINT('',(4.09739224025649,-3.17109699575933,40.0481119663515));
#776=CARTESIAN_POINT('',(-4.94552466152553,-3.96500514540948,20.0962239327238));
#777=CARTESIAN_POINT('',(-13.9904185694126,-4.76856437385303,0.144335899408154));
#778=CARTESIAN_POINT('',(11.38969876054,-2.40667277463135,60.));
#779=CARTESIAN_POINT('',(1.78129928156272,-3.19849936156025,40.048111966425));
#780=CARTESIAN_POINT('',(-7.82923904963354,-4.00108199613193,20.0962239330543));
#781=CARTESIAN_POINT('',(-17.4419162320623,-4.81442067831346,0.144335899410538));
#782=CARTESIAN_POINT('',(10.5155658200196,-2.43005917554438,60.));
#783=CARTESIAN_POINT('',(0.623479023910081,-3.22905023112938,40.0481119664413));
#784=CARTESIAN_POINT('',(-9.2708442259966,-4.03838606303948,20.0962239326971));
#785=CARTESIAN_POINT('',(-19.1674039309842,-4.85806667132312,0.14433589940796));
#786=CARTESIAN_POINT('',(7.89251382085537,-2.45065531269965,60.));
#787=CARTESIAN_POINT('',(-2.85082786850452,-3.25537496678538,40.0481119663804));
#788=CARTESIAN_POINT('',(-13.5966803635986,-4.06951166394563,20.0962239326998));
#789=CARTESIAN_POINT('',(-24.3450436652695,-4.89306540403964,0.14433589940798));
#790=CARTESIAN_POINT('',(6.13884074119071,-2.43926002893096,60.0000000000001));
#791=CARTESIAN_POINT('',(-5.17365562695824,-3.2391001930868,40.0481119663264));
#792=CARTESIAN_POINT('',(-16.4888831513783,-4.04720639889853,20.0962239327998));
#793=CARTESIAN_POINT('',(-27.8068418320434,-4.86357864641773,0.144335899408703));
#794=CARTESIAN_POINT('',(3.53369804773903,-2.13066492434195,60.));
#795=CARTESIAN_POINT('',(-8.62390207972449,-2.82765269807856,40.0481119664712));
#796=CARTESIAN_POINT('',(-20.7841758509541,-3.53024203582651,20.096223932737));
#797=CARTESIAN_POINT('',(-32.9471232669527,-4.23843293755913,0.144335899408247));
#798=CARTESIAN_POINT('',(2.66476733914353,-1.98195478336331,60.0000000000001));
#799=CARTESIAN_POINT('',(-9.77467515101982,-2.62962042625305,40.0481119666452));
#800=CARTESIAN_POINT('',(-22.216735849744,-3.28183899447474,20.0962239330285));
#801=CARTESIAN_POINT('',(-34.6614147574549,-3.93861048791197,0.144335899410348));
#802=CARTESIAN_POINT('',(1.43059066887354,-1.53752026953425,60.));
#803=CARTESIAN_POINT('',(-11.4086649929099,-2.0389965097748,40.0481119663321));
#804=CARTESIAN_POINT('',(-24.2499747727666,-2.5430737594587,20.0962239329323));
#805=CARTESIAN_POINT('',(-37.0933386700898,-3.04975201855324,0.144335899409659));
#806=CARTESIAN_POINT('',(1.02914588245633,-1.3514584040861,60.));
#807=CARTESIAN_POINT('',(-11.9400869011237,-1.79180319861636,40.0481119664121));
#808=CARTESIAN_POINT('',(-24.9111207784512,-2.23400048582592,20.0962239327302));
#809=CARTESIAN_POINT('',(-37.8839557502223,-2.67805026573969,0.144335899408199));
#810=CARTESIAN_POINT('',(0.507628558461613,-0.949331118098612,60.));
#811=CARTESIAN_POINT('',(-12.6300676713292,-1.25819007137054,40.0481119663634));
#812=CARTESIAN_POINT('',(-25.7688567559697,-1.56790165749526,20.0962239330661));
#813=CARTESIAN_POINT('',(-38.908738694402,-1.87846587647514,0.144335899410624));
#814=CARTESIAN_POINT('',(0.351607550264241,-0.796327312148081,60.));
#815=CARTESIAN_POINT('',(-12.836365471025,-1.05527656762335,40.0481119663452));
#816=CARTESIAN_POINT('',(-26.0251007383437,-1.31481367134334,20.0962239330175));
#817=CARTESIAN_POINT('',(-39.2145982507747,-1.57493862331107,0.144335899410274));
#818=CARTESIAN_POINT('',(0.101140054111465,-0.43286001653794,60.));
#819=CARTESIAN_POINT('',(-13.1676624782322,-0.573360240937877,40.0481119666188));
#820=CARTESIAN_POINT('',(-26.436811291784,-0.713929926491067,20.0962239327469));
#821=CARTESIAN_POINT('',(-39.7063063880833,-0.854569073196747,0.144335899408316));
#822=CARTESIAN_POINT('',(6.93889390390723E-15,-0.216751472774891,60.));
#823=CARTESIAN_POINT('',(-13.3012586890201,-0.287074419332496,40.0481119664699));
#824=CARTESIAN_POINT('',(-26.602517377772,-0.357401482039432,20.096223932761));
#825=CARTESIAN_POINT('',(-39.9037760670582,-0.427732660897567,0.144335899408421));
#826=CARTESIAN_POINT('',(6.93889390390723E-15,-2.71050543121376E-17,60.));
#827=CARTESIAN_POINT('',(-13.3012586890201,-3.14474974220199E-17,40.0481119664699));
#828=CARTESIAN_POINT('',(-26.602517377772,-3.145794359608E-17,20.0962239327611));
#829=CARTESIAN_POINT('',(-39.9037760670582,-2.7136392833734E-17,0.144335899408421));
#830=CARTESIAN_POINT('',(41.,0.,60.));
#831=CARTESIAN_POINT('',(41.0000000013343,0.,40.));
#832=CARTESIAN_POINT('',(40.9999999998332,0.,20.));
#833=CARTESIAN_POINT('',(41.,0.,0.));
#834=CARTESIAN_POINT('',(41.0000000000328,0.,59.4999999999946));
#835=CARTESIAN_POINT('',(40.9999999999962,0.,0.500000000000332));
#836=CARTESIAN_POINT('',(41.0000000000328,2.5444211760968E-20,59.4999999999946));
#837=CARTESIAN_POINT('',(40.5600878107181,-0.0154527078984841,59.5002263593093));
#838=CARTESIAN_POINT('',(39.681166279962,-0.0546596320266439,59.5002827990734));
#839=CARTESIAN_POINT('',(37.9461496319603,-0.342967662676485,59.4989125429243));
#840=CARTESIAN_POINT('',(35.7670812794925,-0.608620269834447,59.5007338036728));
#841=CARTESIAN_POINT('',(33.1515387057915,-0.921524137494151,59.5003853194391));
#842=CARTESIAN_POINT('',(29.6611441935537,-1.31017888909868,59.5015216683635));
#843=CARTESIAN_POINT('',(25.2912170907787,-1.73868389325022,59.5028700961999));
#844=CARTESIAN_POINT('',(20.0382327298599,-2.13992948544711,59.5061417548359));
#845=CARTESIAN_POINT('',(15.6585637024396,-2.38330228328881,59.5108703723857));
#846=CARTESIAN_POINT('',(12.1481824634342,-2.40849066169474,59.518815160168));
#847=CARTESIAN_POINT('',(9.51731807405138,-2.46411667822703,59.5153294885984));
#848=CARTESIAN_POINT('',(6.88238588777755,-2.46644813855104,59.525710910191));
#849=CARTESIAN_POINT('',(4.68838131268316,-2.33623662493876,59.5433501893886));
#850=CARTESIAN_POINT('',(2.95688012992595,-2.09394359070045,59.5711414484894));
#851=CARTESIAN_POINT('',(1.6716023952142,-1.76521079523477,59.6084132224403));
#852=CARTESIAN_POINT('',(0.653082389897765,-1.29833022128959,59.6684698312473));
#853=CARTESIAN_POINT('',(0.0275757527684599,-0.657036603437587,59.7403196376499));
#854=CARTESIAN_POINT('',(-0.148425545723293,-0.219502083807173,59.7773500981125));
#855=CARTESIAN_POINT('',(-0.148433267924943,-2.71533332887206E-17,59.7773500981125));
#856=CARTESIAN_POINT('',(-0.148433267924949,-2.71533332887142E-17,59.7773500981125));
#857=CARTESIAN_POINT('',(6.93889390390723E-15,-2.71050543121376E-17,60.));
#858=CARTESIAN_POINT('',(-13.3333333333333,-3.145796878578E-17,40.));
#859=CARTESIAN_POINT('',(-26.6666666663972,-3.14579687859761E-17,19.9999999998204));
#860=CARTESIAN_POINT('',(-40.,-2.71050543121376E-17,0.));
#861=CARTESIAN_POINT('',(-39.48176660124,-2.7272049278931E-17,0.77735009811793));
#862=CARTESIAN_POINT('',(-39.48176660124,-2.7272049278931E-17,0.777350098117931));
#863=CARTESIAN_POINT('',(-39.4817649399128,-0.353232656508195,0.777352590108728));
#864=CARTESIAN_POINT('',(-39.2391745319469,-1.03325041885609,0.750154399294239));
#865=CARTESIAN_POINT('',(-38.3595471952018,-2.13597593987508,0.697076459120604));
#866=CARTESIAN_POINT('',(-36.8493124113768,-3.05160871625194,0.633408777059287));
#867=CARTESIAN_POINT('',(-34.869927205758,-3.73820400585331,0.597009409027774));
#868=CARTESIAN_POINT('',(-32.1483393682604,-4.3360093449806,0.55765606199178));
#869=CARTESIAN_POINT('',(-28.6729886056941,-4.7050200110329,0.540444541932243));
#870=CARTESIAN_POINT('',(-24.4941333810859,-4.86997769186776,0.523304755471885));
#871=CARTESIAN_POINT('',(-20.3097214827527,-4.86635086939096,0.517475539445089));
#872=CARTESIAN_POINT('',(-16.1273215242138,-4.771616727163,0.51577281018381));
#873=CARTESIAN_POINT('',(-11.9431387099222,-4.756548490297,0.51904433703424));
#874=CARTESIAN_POINT('',(-9.15505247743244,-4.6767976629824,0.513248013977116));
#875=CARTESIAN_POINT('',(-7.76123399918463,-4.62459892803085,0.512151558312354));
#876=CARTESIAN_POINT('',(-7.76123399918463,-4.62459892803083,0.512151558312887));
#877=CARTESIAN_POINT('',(-7.76123399918463,-4.62459892803084,0.512151558312887));
#878=CARTESIAN_POINT('',(-7.8002511791204,-4.57838369938726,2.4719689245655));
#879=CARTESIAN_POINT('',(-7.84129308841754,-4.52843514881124,4.43166035546242));
#880=CARTESIAN_POINT('',(-7.88490729479755,-4.47357199398077,6.39115647881188));
#881=CARTESIAN_POINT('',(-7.88490729479755,-4.47357199398077,6.39115647881188));
#882=CARTESIAN_POINT('',(-7.88490729479755,-4.47357199398077,6.39115647881188));
#883=CARTESIAN_POINT('',(-7.88739353146838,-4.46755144708376,6.60403930880344));
#884=CARTESIAN_POINT('',(-7.8901539991369,-4.46140090292666,6.81691683280532));
#885=CARTESIAN_POINT('',(-7.89318478279342,-4.45512804207233,7.02978537363135));
#886=CARTESIAN_POINT('',(-7.89318478279342,-4.45512804207233,7.02978537363135));
#887=CARTESIAN_POINT('',(-7.89318478279343,-4.45512804207233,7.02978537363135));
#888=CARTESIAN_POINT('',(-6.99644679371913,-4.4116229088246,7.7734718475072));
#889=CARTESIAN_POINT('',(-6.06454807344637,-4.36430296070414,8.52135274039559));
#890=CARTESIAN_POINT('',(-4.93399446437817,-4.3163423307072,8.83769422297955));
#891=CARTESIAN_POINT('',(-4.93399446437816,-4.3163423307072,8.83769422297956));
#892=CARTESIAN_POINT('',(-4.93399446437816,-4.3163423307072,8.83769422297956));
#893=CARTESIAN_POINT('',(-4.57730978297426,-4.30121096330179,8.93749856664138));
#894=CARTESIAN_POINT('',(-4.21280718963263,-4.28665963756375,8.97619728633577));
#895=CARTESIAN_POINT('',(-3.84345203489815,-4.2719353798897,8.9767977333335));
#896=CARTESIAN_POINT('',(-3.84345203489815,-4.2719353798897,8.9767977333335));
#897=CARTESIAN_POINT('',(-3.84345203489815,-4.2719353798897,8.9767977333335));
#898=CARTESIAN_POINT('',(-1.13126295181808,-4.16381459043241,8.9812068386929));
#899=CARTESIAN_POINT('',(1.57900857039537,-4.00997721817906,8.98431671365922));
#900=CARTESIAN_POINT('',(4.28731205592888,-3.82841125693673,8.98657113198211));
#901=CARTESIAN_POINT('',(4.28731205592888,-3.82841125693673,8.98657113198211));
#902=CARTESIAN_POINT('',(4.28731205592888,-3.82841125693673,8.98657113198211));
#903=CARTESIAN_POINT('',(4.66423686584764,-3.80314203737011,8.98688488788222));
#904=CARTESIAN_POINT('',(5.03605505345155,-3.77819897245699,8.94732536178655));
#905=CARTESIAN_POINT('',(5.39966037899143,-3.75404137990034,8.84350292780206));
#906=CARTESIAN_POINT('',(5.39966037899143,-3.75404137990034,8.84350292780206));
#907=CARTESIAN_POINT('',(5.39966037899143,-3.75404137990034,8.84350292780206));
#908=CARTESIAN_POINT('',(6.53477178506151,-3.67862565595973,8.5193876832116));
#909=CARTESIAN_POINT('',(7.46822290276595,-3.61715069140636,7.75219199365611));
#910=CARTESIAN_POINT('',(8.36873504304828,-3.55387497872822,7.01004049673474));
#911=CARTESIAN_POINT('',(8.36873504304828,-3.55387497872822,7.01004049673474));
#912=CARTESIAN_POINT('',(8.36873504304828,-3.55387497872822,7.01004049673474));
#913=CARTESIAN_POINT('',(8.34306245930923,-3.57773257561037,4.84158394895804));
#914=CARTESIAN_POINT('',(8.3185336289594,-3.60053141777421,2.67310234802609));
#915=CARTESIAN_POINT('',(8.29490580484202,-3.62250551971543,0.504602586962039));
#916=CARTESIAN_POINT('',(8.29490580484202,-3.62250551971543,0.504602586962039));
#917=CARTESIAN_POINT('',(8.294905804842,-3.62250551971543,0.504602586962039));
#918=CARTESIAN_POINT('',(11.0281723241155,-3.39758871856962,0.503845485795909));
#919=CARTESIAN_POINT('',(16.4907073472827,-2.89946522194949,0.50266505650597));
#920=CARTESIAN_POINT('',(23.3089248448487,-2.18448824613494,0.501864445013321));
#921=CARTESIAN_POINT('',(28.7570426924461,-1.55179737119109,0.501358816374806));
#922=CARTESIAN_POINT('',(32.8420140348045,-1.06550840158838,0.501243332821906));
#923=CARTESIAN_POINT('',(36.919153547139,-0.518243037128666,0.50100331885364));
#924=CARTESIAN_POINT('',(39.6344615712851,-0.13130215889159,0.500706138749077));
#925=CARTESIAN_POINT('',(40.9999999999962,0.,0.500000000000332));
#926=CARTESIAN_POINT('',(6.93889390390723E-15,-2.71050543121376E-17,60.));
#927=CARTESIAN_POINT('',(-13.3012586890201,-3.14474974220199E-17,40.0481119664699));
#928=CARTESIAN_POINT('',(-26.602517377772,-3.145794359608E-17,20.0962239327611));
#929=CARTESIAN_POINT('',(-39.9037760670582,-2.7136392833734E-17,0.144335899408421));
#930=CARTESIAN_POINT('',(0.,0.216751472774891,60.));
#931=CARTESIAN_POINT('',(-13.3012586890201,0.287074419332496,40.0481119664699));
#932=CARTESIAN_POINT('',(-26.602517377772,0.357401482039431,20.096223932761));
#933=CARTESIAN_POINT('',(-39.9037760670582,0.427732660897567,0.144335899408421));
#934=CARTESIAN_POINT('',(0.101140054111409,0.432860016537948,60.));
#935=CARTESIAN_POINT('',(-13.1676624782323,0.573360240937885,40.0481119666187));
#936=CARTESIAN_POINT('',(-26.436811291784,0.713929926492367,20.0962239327469));
#937=CARTESIAN_POINT('',(-39.7063063880833,0.85456907319676,0.144335899408316));
#938=CARTESIAN_POINT('',(0.351607550264255,0.796327312148089,60.));
#939=CARTESIAN_POINT('',(-12.836365471025,1.05527656762335,40.0481119663453));
#940=CARTESIAN_POINT('',(-26.0251007382281,1.31481367135211,20.0962239329411));
#941=CARTESIAN_POINT('',(-39.2145982507739,1.57493862331113,0.144335899409723));
#942=CARTESIAN_POINT('',(0.50762855846162,0.949331118098617,60.));
#943=CARTESIAN_POINT('',(-12.6300676713291,1.25819007137055,40.0481119663635));
#944=CARTESIAN_POINT('',(-25.7688567556224,1.56790165749882,20.0962239328373));
#945=CARTESIAN_POINT('',(-38.9087386943995,1.87846587647516,0.144335899408973));
#946=CARTESIAN_POINT('',(1.02914588245636,1.35145840408611,60.));
#947=CARTESIAN_POINT('',(-11.9400869011237,1.79180319861636,40.048111966412));
#948=CARTESIAN_POINT('',(-24.9111207788014,2.23400048580013,20.0962239329574));
#949=CARTESIAN_POINT('',(-37.8839557502248,2.67805026573951,0.144335899409839));
#950=CARTESIAN_POINT('',(1.43059066887356,1.53752026953426,60.));
#951=CARTESIAN_POINT('',(-11.40866499291,2.03899650977481,40.048111966332));
#952=CARTESIAN_POINT('',(-24.2499747731187,2.54307375945294,20.0962239331589));
#953=CARTESIAN_POINT('',(-37.0933386700923,3.04975201855319,0.144335899411295));
#954=CARTESIAN_POINT('',(2.6647673391435,1.9819547833633,60.));
#955=CARTESIAN_POINT('',(-9.77467515101986,2.62962042625304,40.0481119666452));
#956=CARTESIAN_POINT('',(-22.216735849744,3.28183899447475,20.0962239330284));
#957=CARTESIAN_POINT('',(-34.6614147574549,3.93861048791198,0.144335899410348));
#958=CARTESIAN_POINT('',(3.53369804773906,2.13066492434195,60.));
#959=CARTESIAN_POINT('',(-8.62390207972443,2.82765269807856,40.0481119664713));
#960=CARTESIAN_POINT('',(-20.7841758509541,3.53024203582651,20.0962239327369));
#961=CARTESIAN_POINT('',(-32.9471232669527,4.23843293755913,0.144335899408247));
#962=CARTESIAN_POINT('',(6.13884074119067,2.43926002893097,60.));
#963=CARTESIAN_POINT('',(-5.17365562695837,3.23910019308681,40.0481119663262));
#964=CARTESIAN_POINT('',(-16.4888831517544,4.04720639893123,20.0962239330147));
#965=CARTESIAN_POINT('',(-27.8068418320462,4.86357864641796,0.144335899410254));
#966=CARTESIAN_POINT('',(7.89251382085539,2.45065531269965,60.));
#967=CARTESIAN_POINT('',(-2.85082786850452,3.25537496678538,40.0481119663804));
#968=CARTESIAN_POINT('',(-13.5966803635986,4.06951166394563,20.0962239326998));
#969=CARTESIAN_POINT('',(-24.3450436652695,4.89306540403964,0.14433589940798));
#970=CARTESIAN_POINT('',(10.5155658200196,2.43005917554438,60.));
#971=CARTESIAN_POINT('',(0.623479023910095,3.22905023112938,40.0481119664413));
#972=CARTESIAN_POINT('',(-9.27084422599663,4.03838606303948,20.0962239326971));
#973=CARTESIAN_POINT('',(-19.1674039309843,4.85806667132312,0.14433589940796));
#974=CARTESIAN_POINT('',(11.38969876054,2.40667277463135,60.));
#975=CARTESIAN_POINT('',(1.78129928156274,3.19849936156024,40.0481119664251));
#976=CARTESIAN_POINT('',(-7.8292390494988,4.00108199613458,20.0962239329894));
#977=CARTESIAN_POINT('',(-17.4419162320613,4.81442067831348,0.14433589941007));
#978=CARTESIAN_POINT('',(13.1383321365692,2.38683992484631,60.));
#979=CARTESIAN_POINT('',(4.09739224025652,3.17109699575933,40.0481119663515));
#980=CARTESIAN_POINT('',(-4.94552466138779,3.96500514541199,20.0962239326614));
#981=CARTESIAN_POINT('',(-13.9904185694116,4.76856437385305,0.144335899407704));
#982=CARTESIAN_POINT('',(14.0127822766271,2.38450945242291,60.));
#983=CARTESIAN_POINT('',(5.25563601475634,3.16887208783823,40.0481119664434));
#984=CARTESIAN_POINT('',(-3.50338632979136,3.96372438336169,20.0962239327951));
#985=CARTESIAN_POINT('',(-12.2642847578297,4.76906633890784,0.144335899408667));
#986=CARTESIAN_POINT('',(16.6348831267376,2.30928496236017,60.0000000000001));
#987=CARTESIAN_POINT('',(8.72871956719412,3.07117779819051,40.0481119664473));
#988=CARTESIAN_POINT('',(0.820989685731833,3.84544316880775,20.0962239327418));
#989=CARTESIAN_POINT('',(-7.0883065189651,4.63208107428081,0.144335899408282));
#990=CARTESIAN_POINT('',(18.3817351244329,2.22144846646146,60.));
#991=CARTESIAN_POINT('',(11.0425156194723,2.95541979364734,40.0481119663991));
#992=CARTESIAN_POINT('',(3.70195235872151,3.70232278561705,20.0962239328612));
#993=CARTESIAN_POINT('',(-3.63995465788429,4.4621574423611,0.144335899409145));
#994=CARTESIAN_POINT('',(23.6172732312835,1.88559694663937,60.));
#995=CARTESIAN_POINT('',(17.9772615251455,2.51270041574899,40.0481119664634));
#996=CARTESIAN_POINT('',(12.3365772117273,3.15476909370682,20.0962239329325));
#997=CARTESIAN_POINT('',(6.69522029102578,3.81180298055542,0.144335899409658));
#998=CARTESIAN_POINT('',(27.1014842885628,1.5721891037505,60.));
#999=CARTESIAN_POINT('',(22.5923128196519,2.09898329287938,40.0481119665729));
#1000=CARTESIAN_POINT('',(18.0829448643793,2.64207293496772,20.0962239326929));
#1001=CARTESIAN_POINT('',(13.5733804181089,3.20145803002838,0.144335899407927));
#1002=CARTESIAN_POINT('',(32.3184432974168,1.01848125315338,60.));
#1003=CARTESIAN_POINT('',(29.5025369363733,1.36776144645815,40.0481119663308));
#1004=CARTESIAN_POINT('',(26.687187723798,1.73540082606917,20.0962239328503));
#1005=CARTESIAN_POINT('',(23.8723956607302,2.12139939194339,0.144335899409068));
#1006=CARTESIAN_POINT('',(34.0554249625766,0.814454622806906,60.));
#1007=CARTESIAN_POINT('',(31.803426190126,1.09968689365636,40.0481119665034));
#1008=CARTESIAN_POINT('',(29.5523683829424,1.40536365353405,20.0962239329478));
#1009=CARTESIAN_POINT('',(27.3022515403432,1.73148490242402,0.144335899409768));
#1010=CARTESIAN_POINT('',(36.6593692868781,0.499338727131979,60.));
#1011=CARTESIAN_POINT('',(35.2523762417366,0.681449200082868,40.0481119664917));
#1012=CARTESIAN_POINT('',(33.8465496204506,0.883136399276817,20.0962239329557));
#1013=CARTESIAN_POINT('',(32.441889422779,1.10440032473288,0.144335899409825));
#1014=CARTESIAN_POINT('',(37.5275228356156,0.397200558590658,60.));
#1015=CARTESIAN_POINT('',(36.4023338589309,0.546056172242765,40.0481119664711));
#1016=CARTESIAN_POINT('',(35.2784639867353,0.714372598225038,20.0962239329018));
#1017=CARTESIAN_POINT('',(34.1559132169204,0.902149836531314,0.144335899409437));
#1018=CARTESIAN_POINT('',(38.8248930730908,0.195971395863323,60.));
#1019=CARTESIAN_POINT('',(38.1213353349154,0.286305340198487,40.0481119664301));
#1020=CARTESIAN_POINT('',(37.419814146856,0.402680604771043,20.0962239330246));
#1021=CARTESIAN_POINT('',(36.7203295195963,0.545097189572393,0.144335899410324));
#1022=CARTESIAN_POINT('',(39.257147210222,0.127227088072974,60.));
#1023=CARTESIAN_POINT('',(38.6939028532833,0.196179548339642,40.0481119664596));
#1024=CARTESIAN_POINT('',(38.1327739702423,0.292069323494662,20.0962239329167));
#1025=CARTESIAN_POINT('',(37.5737605596403,0.414896413538195,0.144335899409544));
#1026=CARTESIAN_POINT('',(40.1256797557675,0.0327721174352584,60.));
#1027=CARTESIAN_POINT('',(39.8435221286088,0.0627918292462916,40.0481119664747));
#1028=CARTESIAN_POINT('',(39.5628148316632,0.111680918040876,20.0962239329311));
#1029=CARTESIAN_POINT('',(39.28355786201,0.179439383816635,0.144335899409648));
#1030=CARTESIAN_POINT('',(40.5626242577667,0.0151384261673491,60.));
#1031=CARTESIAN_POINT('',(40.421390354062,0.0290121771200651,40.0481119664761));
#1032=CARTESIAN_POINT('',(40.2807987562677,0.0516088238846094,20.0962239329323));
#1033=CARTESIAN_POINT('',(40.1408494584842,0.0829283664604744,0.144335899409656));
#1034=CARTESIAN_POINT('',(41.,0.,60.));
#1035=CARTESIAN_POINT('',(41.0000000013311,0.,40.0481119664699));
#1036=CARTESIAN_POINT('',(40.9999999995085,0.,20.0962239329398));
#1037=CARTESIAN_POINT('',(40.9999999999964,0.,0.144335899409711));
#1038=CARTESIAN_POINT('',(-0.148433267924943,-2.71533332887183E-17,59.7773500981125));
#1039=CARTESIAN_POINT('',(-0.148425419778094,0.223082051648439,59.7773500981125));
#1040=CARTESIAN_POINT('',(0.0275571811926159,0.655375632099893,59.7403228004551));
#1041=CARTESIAN_POINT('',(0.653006565242449,1.29921283660133,59.6684766473427));
#1042=CARTESIAN_POINT('',(1.67145307690993,1.76483881769096,59.6084184554445));
#1043=CARTESIAN_POINT('',(2.9566503995603,2.09398161431921,59.5711476787468));
#1044=CARTESIAN_POINT('',(4.68804482389233,2.3361560533343,59.5433526079807));
#1045=CARTESIAN_POINT('',(6.88191459742379,2.46645081721912,59.5257139876093));
#1046=CARTESIAN_POINT('',(9.51669192678317,2.46412385224133,59.5153325584244));
#1047=CARTESIAN_POINT('',(12.1474004585134,2.40849455605581,59.5188122858269));
#1048=CARTESIAN_POINT('',(15.6575651245426,2.38333791828909,59.5108746335607));
#1049=CARTESIAN_POINT('',(20.037040985496,2.14000405943052,59.5061417282269));
#1050=CARTESIAN_POINT('',(25.2894376126346,1.73884196320104,59.5028711883277));
#1051=CARTESIAN_POINT('',(29.6599979646129,1.3102983385329,59.5015220629746));
#1052=CARTESIAN_POINT('',(33.1508427199353,0.921608607368805,59.5003854759074));
#1053=CARTESIAN_POINT('',(35.7665819146454,0.608670625580588,59.5007335393926));
#1054=CARTESIAN_POINT('',(37.9457997851554,0.343041610437234,59.4989130215121));
#1055=CARTESIAN_POINT('',(39.6805261919163,0.0547287806913315,59.500281972375));
#1056=CARTESIAN_POINT('',(40.5598579250818,0.0154607830454679,59.5002264775983));
#1057=CARTESIAN_POINT('',(41.0000000000327,-5.87174113095607E-20,59.4999999999947));
#1058=CARTESIAN_POINT('',(40.999999999988,2.93785318988928E-20,0.500000000001103));
#1059=CARTESIAN_POINT('',(39.6344363406886,0.131304584919371,0.500706151794611));
#1060=CARTESIAN_POINT('',(36.9182674709537,0.518378991029781,0.501003283004341));
#1061=CARTESIAN_POINT('',(32.8412899215041,1.06559074757576,0.501243402839332));
#1062=CARTESIAN_POINT('',(28.7567332273516,1.55183502647219,0.501358837406968));
#1063=CARTESIAN_POINT('',(23.3089903346772,2.1844801606908,0.501864438560802));
#1064=CARTESIAN_POINT('',(16.4900488223587,2.8995306896641,0.502665163537695));
#1065=CARTESIAN_POINT('',(11.0281445497769,3.39759100408385,0.50384549348784));
#1066=CARTESIAN_POINT('',(8.29490580484194,3.62250551971635,0.504602586961188));
#1067=CARTESIAN_POINT('',(8.29490580484194,3.62250551971635,0.504602586961194));
#1068=CARTESIAN_POINT('',(8.29490580484194,3.62250551971634,0.504602586961194));
#1069=CARTESIAN_POINT('',(8.31853362895943,3.60053141777882,2.67310234802556));
#1070=CARTESIAN_POINT('',(8.34306245931071,3.57773257561619,4.84158394895778));
#1071=CARTESIAN_POINT('',(8.36873504305134,3.553874978734,7.01004049673474));
#1072=CARTESIAN_POINT('',(8.36873504305134,3.553874978734,7.01004049673474));
#1073=CARTESIAN_POINT('',(8.36873504305135,3.553874978734,7.01004049673474));
#1074=CARTESIAN_POINT('',(7.46693823327793,3.61724096048707,7.75325074362267));
#1075=CARTESIAN_POINT('',(6.53421396251754,3.6786627171615,8.51954696166863));
#1076=CARTESIAN_POINT('',(5.39966037898515,3.75404137990069,8.84350292780382));
#1077=CARTESIAN_POINT('',(5.39966037898511,3.75404137990069,8.84350292780382));
#1078=CARTESIAN_POINT('',(5.39966037898511,3.75404137990069,8.84350292780382));
#1079=CARTESIAN_POINT('',(5.03605505345304,3.77819897245627,8.94732536178521));
#1080=CARTESIAN_POINT('',(4.66423686585726,3.8031420373684,8.98688488788069));
#1081=CARTESIAN_POINT('',(4.28731205594678,3.82841125693412,8.98657113198173));
#1082=CARTESIAN_POINT('',(4.28731205594678,3.82841125693413,8.98657113198173));
#1083=CARTESIAN_POINT('',(4.28731205594678,3.82841125693412,8.98657113198173));
#1084=CARTESIAN_POINT('',(1.57900857040729,4.00997721817451,8.98431671365902));
#1085=CARTESIAN_POINT('',(-1.13126295181173,4.16381459043217,8.98120683869326));
#1086=CARTESIAN_POINT('',(-3.84345203489758,4.27193537989041,8.97679773333366));
#1087=CARTESIAN_POINT('',(-3.84345203489758,4.27193537989041,8.97679773333366));
#1088=CARTESIAN_POINT('',(-3.84345203489758,4.27193537989041,8.97679773333366));
#1089=CARTESIAN_POINT('',(-4.21280718963273,4.28665963756458,8.97619728633589));
#1090=CARTESIAN_POINT('',(-4.57730978297502,4.30121096330269,8.9374985666413));
#1091=CARTESIAN_POINT('',(-4.9339944643795,4.31634233070813,8.83769422297901));
#1092=CARTESIAN_POINT('',(-4.9339944643795,4.31634233070813,8.83769422297902));
#1093=CARTESIAN_POINT('',(-4.93399446437948,4.31634233070812,8.83769422297899));
#1094=CARTESIAN_POINT('',(-6.0645638766051,4.3643036311106,8.5213483184948));
#1095=CARTESIAN_POINT('',(-7.00051340018597,4.41182019971701,7.77009931323262));
#1096=CARTESIAN_POINT('',(-7.89318478279162,4.4551280420726,7.02978537363142));
#1097=CARTESIAN_POINT('',(-7.89318478279211,4.45512804207261,7.02978537363141));
#1098=CARTESIAN_POINT('',(-7.89318478279211,4.45512804207261,7.02978537363141));
#1099=CARTESIAN_POINT('',(-7.89015399913528,4.46140090292723,6.81691683279588));
#1100=CARTESIAN_POINT('',(-7.88739353145238,4.46755144708424,6.60403930878464));
#1101=CARTESIAN_POINT('',(-7.88490729479534,4.47357199398191,6.39115647878341));
#1102=CARTESIAN_POINT('',(-7.88490729479534,4.47357199398191,6.39115647878341));
#1103=CARTESIAN_POINT('',(-7.88490729479534,4.47357199398191,6.39115647878341));
#1104=CARTESIAN_POINT('',(-7.84129305764482,4.52843518778016,4.43165896385566));
#1105=CARTESIAN_POINT('',(-7.8002511791197,4.57838369938814,2.47196892454141));
#1106=CARTESIAN_POINT('',(-7.76123399918457,4.62459892803091,0.512151558312284));
#1107=CARTESIAN_POINT('',(-7.76123399918457,4.62459892803091,0.512151558312284));
#1108=CARTESIAN_POINT('',(-7.76123399918457,4.62459892803091,0.512151558312292));
#1109=CARTESIAN_POINT('',(-9.1529679715592,4.67671959788916,0.513246374187999));
#1110=CARTESIAN_POINT('',(-11.9366260810479,4.75648763667021,0.51902173504047));
#1111=CARTESIAN_POINT('',(-16.1127502980833,4.77138207670184,0.515805061307581));
#1112=CARTESIAN_POINT('',(-20.2887254945788,4.86601111871673,0.517435768163089));
#1113=CARTESIAN_POINT('',(-24.4637658944622,4.8703570933099,0.5232284678037));
#1114=CARTESIAN_POINT('',(-28.6458522511097,4.70681655010742,0.540342306343994));
#1115=CARTESIAN_POINT('',(-32.0978183281274,4.34217421719642,0.557240167378361));
#1116=CARTESIAN_POINT('',(-34.8147728824857,3.7535868326266,0.596116250537538));
#1117=CARTESIAN_POINT('',(-36.8137211541518,3.06899507760173,0.632311230678971));
#1118=CARTESIAN_POINT('',(-38.3417312633143,2.15052747852436,0.69602339569487));
#1119=CARTESIAN_POINT('',(-39.2353234901029,1.04572942557051,0.749845630402505));
#1120=CARTESIAN_POINT('',(-39.4817649644393,0.348017425848459,0.777352553318857));
#1121=CARTESIAN_POINT('',(-39.48176660124,-2.7272049278931E-17,0.777350098117931));
#1122=CARTESIAN_POINT('',(-40.,-2.71050543121376E-17,0.));
#1123=CARTESIAN_POINT('',(5.24852929612643,4.63173188210445,0.));
#1124=CARTESIAN_POINT('',(6.01646478628107,3.76153213388834,0.));
#1125=CARTESIAN_POINT('',(7.09721721427859,3.21939590824606,0.));
#1126=CARTESIAN_POINT('',(8.25390055213554,3.12421104308255,0.));
#1127=CARTESIAN_POINT('',(5.24852929612642,4.63173188210444,0.));
#1128=CARTESIAN_POINT('',(8.25390055213554,3.12421104308255,0.));
#1129=CARTESIAN_POINT('',(8.25390055213554,3.12421104308255,0.));
#1130=CARTESIAN_POINT('',(13.0535465652726,2.72924239121326,0.));
#1131=CARTESIAN_POINT('',(20.2419728930371,2.03529187676786,1.020135680475E-15));
#1132=CARTESIAN_POINT('',(29.8066709162908,0.9273880746549,7.08181146300759E-15));
#1133=CARTESIAN_POINT('',(34.5861316053973,0.346888514530327,0.));
#1134=CARTESIAN_POINT('',(36.969699789593,-1.08595453207253E-12,0.));
#1135=CARTESIAN_POINT('',(36.969699789593,-1.08461137416815E-12,0.));
#1136=CARTESIAN_POINT('',(36.969699789593,-1.08461137416815E-12,0.));
#1137=CARTESIAN_POINT('',(34.586131605398,-0.346888514538747,0.));
#1138=CARTESIAN_POINT('',(29.8066709162909,-0.927388074657554,5.40129809565506E-15));
#1139=CARTESIAN_POINT('',(20.2419728930364,-2.03529187676247,-7.92453224253042E-15));
#1140=CARTESIAN_POINT('',(13.0535465652723,-2.72924239121134,0.));
#1141=CARTESIAN_POINT('',(8.25390055213548,-3.12421104308165,0.));
#1142=CARTESIAN_POINT('',(8.25390055213548,-3.12421104308165,0.));
#1143=CARTESIAN_POINT('',(8.25390055213549,-3.12421104308165,0.));
#1144=CARTESIAN_POINT('',(7.09721889868081,-3.21939576963392,0.));
#1145=CARTESIAN_POINT('',(6.01646386826575,-3.76153317415362,0.));
#1146=CARTESIAN_POINT('',(5.24852929612694,-4.63173188210398,0.));
#1147=CARTESIAN_POINT('',(5.2485292961269,-4.6317318821039,0.));
#1148=CARTESIAN_POINT('',(6.93889390390723E-15,-2.71050543121376E-17,0.));
#1149=CARTESIAN_POINT('',(-4.63133328667222,-5.24888102244284,0.));
#1150=CARTESIAN_POINT('',(-4.63133328667222,-5.24888102244284,0.));
#1151=CARTESIAN_POINT('',(-5.49629719899454,-4.48568289663653,0.));
#1152=CARTESIAN_POINT('',(-6.62721611475947,-4.08190498846626,0.));
#1153=CARTESIAN_POINT('',(-7.77994998429461,-4.12509712469882,0.));
#1154=CARTESIAN_POINT('',(-7.77994998429461,-4.12509712469882,0.));
#1155=CARTESIAN_POINT('',(-7.77994998429461,-4.12509712469882,0.));
#1156=CARTESIAN_POINT('',(-9.14311277178148,-4.17617388610967,0.));
#1157=CARTESIAN_POINT('',(-11.8698571869567,-4.25618247175615,7.64674191829533E-15));
#1158=CARTESIAN_POINT('',(-15.9619806275663,-4.26903195128838,-3.34482978834674E-15));
#1159=CARTESIAN_POINT('',(-20.0526120857334,-4.36317560914973,3.13049202112644E-15));
#1160=CARTESIAN_POINT('',(-24.1441931843541,-4.37133032209157,5.80681256210535E-16));
#1161=CARTESIAN_POINT('',(-27.5524600744911,-4.26149070131932,6.93655548215907E-15));
#1162=CARTESIAN_POINT('',(-30.271225793961,-4.02690607337065,-6.74724438770671E-15));
#1163=CARTESIAN_POINT('',(-32.300996028685,-3.77069279865067,1.17639885732908E-14));
#1164=CARTESIAN_POINT('',(-34.3104430195597,-3.37672833738076,-1.42878577658042E-14));
#1165=CARTESIAN_POINT('',(-36.2597915210937,-2.76776529076243,2.97749312061348E-14));
#1166=CARTESIAN_POINT('',(-37.7997571009995,-1.97544540946411,-8.99701492219887E-14));
#1167=CARTESIAN_POINT('',(-38.7487640148638,-0.989911719229246,8.97346776931829E-15));
#1168=CARTESIAN_POINT('',(-39.0657414540746,-0.347023464940588,0.));
#1169=CARTESIAN_POINT('',(-39.0657414540746,-1.18264765137183E-15,0.));
#1170=CARTESIAN_POINT('',(-39.0657414540746,1.14068813957429E-16,0.));
#1171=CARTESIAN_POINT('',(-39.0657414540746,1.14068813957429E-16,0.));
#1172=CARTESIAN_POINT('',(-39.0657414540746,0.352375085181627,0.));
#1173=CARTESIAN_POINT('',(-38.7448752711391,0.996005073617693,1.44669856146566E-14));
#1174=CARTESIAN_POINT('',(-37.7810124077173,1.99050240483731,-3.7640458553747E-14));
#1175=CARTESIAN_POINT('',(-36.2303777064204,2.77940979052151,-1.91083877972249E-15));
#1176=CARTESIAN_POINT('',(-34.2610289066665,3.38929310887236,-6.11717968677538E-15));
#1177=CARTESIAN_POINT('',(-32.2631529114832,3.77592429749389,-2.89390113028461E-15));
#1178=CARTESIAN_POINT('',(-30.2443181219417,4.0296850636711,-3.12389750380787E-15));
#1179=CARTESIAN_POINT('',(-27.5367316673137,4.26212707921183,7.6828328874763E-15));
#1180=CARTESIAN_POINT('',(-24.1284737723522,4.37152025897001,1.76830232851343E-15));
#1181=CARTESIAN_POINT('',(-20.0413437229716,4.36296677397798,3.57669079141647E-15));
#1182=CARTESIAN_POINT('',(-15.9542679818051,4.26892288181435,-6.96776724530108E-15));
#1183=CARTESIAN_POINT('',(-11.8660573102684,4.25613944845017,-3.02751655684688E-15));
#1184=CARTESIAN_POINT('',(-9.14184289433203,4.17612630468507,0.));
#1185=CARTESIAN_POINT('',(-7.77994998429456,4.12509712469889,0.));
#1186=CARTESIAN_POINT('',(-7.77994998429455,4.12509712469889,0.));
#1187=CARTESIAN_POINT('',(-7.77994998429455,4.12509712469889,0.));
#1188=CARTESIAN_POINT('',(-6.62721840181631,4.08190507416063,0.));
#1189=CARTESIAN_POINT('',(-5.49629698356392,4.48568308672039,0.));
#1190=CARTESIAN_POINT('',(-4.63133328667226,5.24888102244292,0.));
#1191=CARTESIAN_POINT('',(-4.63133328667226,5.24888102244293,0.));
#1192=CARTESIAN_POINT('',(6.93889390390723E-15,-2.71050543121376E-17,0.));
#1193=CARTESIAN_POINT('',(6.93889390390723E-15,-2.71050543121376E-17,60.));
#1194=CARTESIAN_POINT('',(0.267591879244078,3.89000054112266E-14,60.));
#1195=CARTESIAN_POINT('',(0.267591879244078,-0.100597502976514,60.));
#1196=CARTESIAN_POINT('',(0.34990908292044,-0.285047811672817,60.));
#1197=CARTESIAN_POINT('',(0.585018988354426,-0.602040568656373,59.9999999999999));
#1198=CARTESIAN_POINT('',(0.984038050625346,-0.898008410944225,59.9999999999999));
#1199=CARTESIAN_POINT('',(1.50590160321754,-1.15172916134549,59.9999999999998));
#1200=CARTESIAN_POINT('',(2.2417537885943,-1.4099392728763,59.9999999999997));
#1201=CARTESIAN_POINT('',(3.18614563903684,-1.62688936157428,59.9999999999997));
#1202=CARTESIAN_POINT('',(4.32864406927288,-1.78039376322079,59.9999999999994));
#1203=CARTESIAN_POINT('',(5.47878898398182,-1.88248326899705,59.9999999999993));
#1204=CARTESIAN_POINT('',(7.02112951362158,-1.95677155169997,59.9999999999989));
#1205=CARTESIAN_POINT('',(8.95072101498095,-1.97023417130884,59.9999999999987));
#1206=CARTESIAN_POINT('',(11.2618806187799,-1.92164844354928,59.9999999999983));
#1207=CARTESIAN_POINT('',(13.5748824639026,-1.90878414950651,59.999999999998));
#1208=CARTESIAN_POINT('',(15.8858921678509,-1.84566603844944,59.9999999999976));
#1209=CARTESIAN_POINT('',(18.9649957665442,-1.69905486359838,59.9999999999971));
#1210=CARTESIAN_POINT('',(22.8109650693464,-1.43849871582737,59.9999999999965));
#1211=CARTESIAN_POINT('',(27.4229938354065,-1.0344641937444,59.9999999999958));
#1212=CARTESIAN_POINT('',(32.0267878157293,-0.554069013165407,59.9999999999949));
#1213=CARTESIAN_POINT('',(35.0909891101739,-0.1895244166774,59.9999999999945));
#1214=CARTESIAN_POINT('',(36.6222861491669,2.09842344666352E-14,59.9999999999942));
#1215=CARTESIAN_POINT('',(0.267591879244078,3.89000054112266E-14,60.));
#1216=CARTESIAN_POINT('',(36.6222861491669,2.2457724719517E-14,59.9999999999942));
#1217=CARTESIAN_POINT('',(36.6222861491669,1.6862182946598E-14,59.9999999999942));
#1218=CARTESIAN_POINT('',(35.0909990262248,0.1895231893951,59.9999999999944));
#1219=CARTESIAN_POINT('',(32.0268379465336,0.554060613975433,59.9999999999949));
#1220=CARTESIAN_POINT('',(27.4237644640892,1.0343875722715,59.9999999999956));
#1221=CARTESIAN_POINT('',(22.8116961884732,1.43844263588734,59.9999999999963));
#1222=CARTESIAN_POINT('',(18.9655845219224,1.6990213344155,59.9999999999969));
#1223=CARTESIAN_POINT('',(15.886389800959,1.8456453280557,59.9999999999973));
#1224=CARTESIAN_POINT('',(13.5753090277881,1.90878315501535,59.9999999999977));
#1225=CARTESIAN_POINT('',(11.2622360236764,1.92163981508325,59.9999999999981));
#1226=CARTESIAN_POINT('',(8.95100523262566,1.97023258338841,59.9999999999984));
#1227=CARTESIAN_POINT('',(7.02135558265287,1.9567770131355,59.9999999999987));
#1228=CARTESIAN_POINT('',(5.47896615038131,1.88249560459542,59.999999999999));
#1229=CARTESIAN_POINT('',(4.32878514906424,1.78040980718724,59.9999999999991));
#1230=CARTESIAN_POINT('',(3.18625021605171,1.62690807298635,59.9999999999995));
#1231=CARTESIAN_POINT('',(2.24182927855782,1.40996150740805,59.9999999999995));
#1232=CARTESIAN_POINT('',(1.50595092433501,1.15174962727683,59.9999999999997));
#1233=CARTESIAN_POINT('',(0.984068927808536,0.898027893141233,59.9999999999997));
#1234=CARTESIAN_POINT('',(0.585033552896564,0.602056022371138,59.9999999999999));
#1235=CARTESIAN_POINT('',(0.349913332517912,0.285056091016345,59.9999999999999));
#1236=CARTESIAN_POINT('',(0.267591879244093,0.100600595898309,59.9999999999999));
#1237=CARTESIAN_POINT('',(0.267591879244099,2.7747687318385E-14,60.));
#1238=CARTESIAN_POINT('',(6.93889390390723E-15,-2.71050543121376E-17,8.));
#1239=CARTESIAN_POINT('',(-3.80366728808045,5.27087423124331,8.00000000000001));
#1240=CARTESIAN_POINT('',(-1.08244039793964,5.16249590287085,8.00000000000001));
#1241=CARTESIAN_POINT('',(1.63686136656365,5.00822261278365,8.));
#1242=CARTESIAN_POINT('',(4.35418522613466,4.82608236737723,8.));
#1243=CARTESIAN_POINT('',(-3.80366728808045,5.27087423124331,8.));
#1244=CARTESIAN_POINT('',(4.35418522613466,4.82608236737723,8.));
#1245=CARTESIAN_POINT('',(6.93889390390723E-15,-2.71050543121376E-17,8.));
#1246=CARTESIAN_POINT('',(6.93889390390723E-15,-2.71050543121376E-17,8.));
#1247=CARTESIAN_POINT('',(5.66188101863718,4.91864852686143,7.));
#1248=CARTESIAN_POINT('',(5.64862072484506,4.9339125176331,4.83334025507098));
#1249=CARTESIAN_POINT('',(5.63583821230956,4.94850276697164,2.6666728787188));
#1250=CARTESIAN_POINT('',(5.62342424584974,4.96256987368333,0.500000000000003));
#1251=CARTESIAN_POINT('',(5.66188101863718,4.91864852686143,7.));
#1252=CARTESIAN_POINT('',(5.62342424584974,4.96256987368333,0.500000000000001));
#1253=CARTESIAN_POINT('',(6.93889390390723E-15,-2.71050543121376E-17,0.5));
#1254=CARTESIAN_POINT('',(-4.96214280714884,5.62380109547457,0.500000000000341));
#1255=CARTESIAN_POINT('',(-4.96214280714884,5.62380109547457,0.500000000000341));
#1256=CARTESIAN_POINT('',(-4.99940372026926,5.59092404863572,2.66677459696119));
#1257=CARTESIAN_POINT('',(-5.03854468866814,5.55577767370758,4.83348713510464));
#1258=CARTESIAN_POINT('',(-5.08265430101397,5.51512694834708,7.00000000000136));
#1259=CARTESIAN_POINT('',(-5.08265430101396,5.51512694834708,7.00000000000136));
#1260=CARTESIAN_POINT('',(6.93889390390723E-15,-2.71050543121376E-17,7.));
#1261=CARTESIAN_POINT('',(6.93889390390723E-15,-2.71050543121376E-17,8.));
#1262=CARTESIAN_POINT('',(-5.08265430101416,-5.5151269483469,7.));
#1263=CARTESIAN_POINT('',(-5.03854468866849,-5.55577767370727,4.83348713510361));
#1264=CARTESIAN_POINT('',(-4.99940372026948,-5.59092404863552,2.6667745969605));
#1265=CARTESIAN_POINT('',(-4.96214280714888,-5.62380109547454,0.500000000000001));
#1266=CARTESIAN_POINT('',(-5.08265430101416,-5.5151269483469,7.));
#1267=CARTESIAN_POINT('',(-4.96214280714887,-5.62380109547454,0.5));
#1268=CARTESIAN_POINT('',(6.93889390390723E-15,-2.71050543121376E-17,0.5));
#1269=CARTESIAN_POINT('',(5.62342424585025,-4.96256987368275,0.500000000000001));
#1270=CARTESIAN_POINT('',(5.62342424585025,-4.96256987368275,0.500000000000001));
#1271=CARTESIAN_POINT('',(5.63583821231239,-4.94850276696843,2.66667287871878));
#1272=CARTESIAN_POINT('',(5.64862072484869,-4.93391251762895,4.83334025507097));
#1273=CARTESIAN_POINT('',(5.66188101864084,-4.91864852685722,7.));
#1274=CARTESIAN_POINT('',(5.66188101864084,-4.91864852685722,7.));
#1275=CARTESIAN_POINT('',(6.93889390390723E-15,-2.71050543121376E-17,7.));
#1276=CARTESIAN_POINT('',(6.93889390390723E-15,-2.71050543121376E-17,8.));
#1277=CARTESIAN_POINT('',(4.35418522610809,-4.82608236738042,8.));
#1278=CARTESIAN_POINT('',(1.63686136654587,-5.00822261278853,8.));
#1279=CARTESIAN_POINT('',(-1.08244039794902,-5.1624959028712,8.));
#1280=CARTESIAN_POINT('',(-3.80366728808123,-5.2708742312426,8.));
#1281=CARTESIAN_POINT('',(4.35418522610809,-4.82608236738042,8.));
#1282=CARTESIAN_POINT('',(-3.80366728808122,-5.2708742312426,8.));
#1283=CARTESIAN_POINT('',(6.93889390390723E-15,-2.71050543121376E-17,8.));
#1284=CARTESIAN_POINT('',(-4.96145700096686,5.62440613998997,0.460102062993094));
#1285=CARTESIAN_POINT('',(-6.1603223756157,4.56685110960612,0.403940608917738));
#1286=CARTESIAN_POINT('',(-7.75827380303988,4.62810263332293,0.3632659954426));
#1287=CARTESIAN_POINT('',(-4.99999781102992,5.59040813786301,2.70325388488723));
#1288=CARTESIAN_POINT('',(-6.19715224645048,4.51974521078799,2.64519220076273));
#1289=CARTESIAN_POINT('',(-7.80270231426475,4.57555581280176,2.60078004095784));
#1290=CARTESIAN_POINT('',(-5.04035235879083,5.55416915038249,4.94635420050221));
#1291=CARTESIAN_POINT('',(-6.24088025985281,4.46467091215428,4.88574516337197));
#1292=CARTESIAN_POINT('',(-7.86170504334713,4.51972038888832,4.8431872491491));
#1293=CARTESIAN_POINT('',(-5.08652012120296,5.5115617620233,7.18881259011852));
#1294=CARTESIAN_POINT('',(-6.27553454456925,4.41424197318853,7.11930834964299));
#1295=CARTESIAN_POINT('',(-7.89375165739994,4.45395981352496,7.06938113976256));
#1296=CARTESIAN_POINT('',(-4.96214280714884,5.62380109547456,0.500000000000012));
#1297=CARTESIAN_POINT('',(-5.73109430214527,4.94531921726272,0.504503540552148));
#1298=CARTESIAN_POINT('',(-6.73644736252501,4.58628066362183,0.50887220444572));
#1299=CARTESIAN_POINT('',(-7.76123399918457,4.62459892803091,0.512151558312288));
#1300=CARTESIAN_POINT('',(-7.8931847827921,4.45512804207261,7.02978537363142));
#1301=CARTESIAN_POINT('',(-6.85961268243169,4.43077309045063,7.02176410743954));
#1302=CARTESIAN_POINT('',(-5.8428736064705,4.81452078664295,7.01095623452529));
#1303=CARTESIAN_POINT('',(-5.08265430101394,5.51512694834711,7.));
#1304=CARTESIAN_POINT('',(5.62319910840853,-4.96282498051197,0.460698527523915));
#1305=CARTESIAN_POINT('',(6.68888129996503,-3.75533868531944,0.439324345194427));
#1306=CARTESIAN_POINT('',(8.29402704711854,-3.62332277866581,0.42391418834593));
#1307=CARTESIAN_POINT('',(5.63585455457121,-4.9484855480601,2.67031471980597));
#1308=CARTESIAN_POINT('',(6.70417808970902,-3.7317953803601,2.64998473462488));
#1309=CARTESIAN_POINT('',(8.31806920172088,-3.60096302323421,2.63253678686514));
#1310=CARTESIAN_POINT('',(5.64889257748595,-4.93360302315813,4.87992023752314));
#1311=CARTESIAN_POINT('',(6.71996293625067,-3.70727970524263,4.85910606704514));
#1312=CARTESIAN_POINT('',(8.34304178767466,-3.57775174230502,4.84102126020183));
#1313=CARTESIAN_POINT('',(5.6624290663708,-4.91801759536495,7.08950337173936));
#1314=CARTESIAN_POINT('',(6.73636923233423,-3.68152140693617,7.06604192884767));
#1315=CARTESIAN_POINT('',(8.36920018548609,-3.55344272107833,7.0493185311927));
#1316=CARTESIAN_POINT('',(5.62342424585026,-4.96256987368275,0.5));
#1317=CARTESIAN_POINT('',(6.30604469255251,-4.18904638315104,0.501711970168008));
#1318=CARTESIAN_POINT('',(7.26672627517754,-3.70712706120381,0.503367349824591));
#1319=CARTESIAN_POINT('',(8.294905804842,-3.62250551971543,0.50460258696204));
#1320=CARTESIAN_POINT('',(8.36873504304828,-3.55387497872822,7.01004049673474));
#1321=CARTESIAN_POINT('',(7.32590775966148,-3.63583378599959,7.00736993473724));
#1322=CARTESIAN_POINT('',(6.34789325564062,-4.12897639598305,7.00374135864224));
#1323=CARTESIAN_POINT('',(5.66188101864083,-4.91864852685721,7.));
#1324=CARTESIAN_POINT('',(-7.7582738030399,-4.6281026333229,0.363265995442006));
#1325=CARTESIAN_POINT('',(-6.16032237561572,-4.56685110960608,0.403940608917356));
#1326=CARTESIAN_POINT('',(-4.96145700096689,-5.62440613998994,0.460102062993004));
#1327=CARTESIAN_POINT('',(-7.80270231423925,-4.57555581280095,2.60078004093762));
#1328=CARTESIAN_POINT('',(-6.19715224642113,-4.51974521079006,2.64519220074062));
#1329=CARTESIAN_POINT('',(-4.99999781101002,-5.59040813788056,2.70325388486198));
#1330=CARTESIAN_POINT('',(-7.86170504336571,-4.51972038888947,4.84318724910947));
#1331=CARTESIAN_POINT('',(-6.24088025983663,-4.464670912126,4.88574516332893));
#1332=CARTESIAN_POINT('',(-5.04035235878991,-5.55416915038335,4.9463542004484));
#1333=CARTESIAN_POINT('',(-7.89375165740122,-4.45395981352468,7.06938113976247));
#1334=CARTESIAN_POINT('',(-6.27553454456989,-4.41424197318786,7.11930834964278));
#1335=CARTESIAN_POINT('',(-5.08652012120317,-5.51156176202311,7.18881259011815));
#1336=CARTESIAN_POINT('',(-7.76123399918463,-4.62459892803085,0.5121515583124));
#1337=CARTESIAN_POINT('',(-6.73644453702811,-4.58628055797243,0.508872195404124));
#1338=CARTESIAN_POINT('',(-5.73109473144742,-4.94531883847003,0.504503543066467));
#1339=CARTESIAN_POINT('',(-4.96214280714881,-5.62380109547447,0.5));
#1340=CARTESIAN_POINT('',(-5.08265430101372,-5.51512694834758,7.00000000000014));
#1341=CARTESIAN_POINT('',(-5.84251592419151,-4.81485042100863,7.01095107963009));
#1342=CARTESIAN_POINT('',(-6.86009676915393,-4.43078449740409,7.02176786430641));
#1343=CARTESIAN_POINT('',(-7.89318478279333,-4.4551280420722,7.02978537363561));
#1344=CARTESIAN_POINT('',(8.29402704711854,3.62332277866652,0.423914188352854));
#1345=CARTESIAN_POINT('',(6.68888129996481,3.75533868531992,0.439324345198454));
#1346=CARTESIAN_POINT('',(5.62319910840806,4.96282498051251,0.460698527523927));
#1347=CARTESIAN_POINT('',(8.31806920176835,3.6009630232352,2.63253678683261));
#1348=CARTESIAN_POINT('',(6.70417808976582,3.73179538036871,2.64998473459199));
#1349=CARTESIAN_POINT('',(5.63585455458332,4.94848554804638,2.67031471976875));
#1350=CARTESIAN_POINT('',(8.34304178764489,3.57775174231394,4.84102126013991));
#1351=CARTESIAN_POINT('',(6.71996293622157,3.70727970525262,4.85910606698369));
#1352=CARTESIAN_POINT('',(5.64889257747163,4.93360302317459,4.87992023745838));
#1353=CARTESIAN_POINT('',(8.36920018548918,3.55344272108411,7.04931853119181));
#1354=CARTESIAN_POINT('',(6.73636923233369,3.68152140693865,7.06604192884676));
#1355=CARTESIAN_POINT('',(5.66242906636713,4.91801759536916,7.08950337173847));
#1356=CARTESIAN_POINT('',(8.29490580484194,3.62250551971635,0.504602586961191));
#1357=CARTESIAN_POINT('',(7.26672465701916,3.70712719438265,0.503367347879941));
#1358=CARTESIAN_POINT('',(6.30604554149654,4.18904542115522,0.50171197229679));
#1359=CARTESIAN_POINT('',(5.62342424584975,4.96256987368335,0.5));
#1360=CARTESIAN_POINT('',(5.66188101863719,4.91864852686143,7.));
#1361=CARTESIAN_POINT('',(6.34914955360745,4.12753026508604,7.00374821021281));
#1362=CARTESIAN_POINT('',(7.3239971649592,3.63598394515764,7.00736504192193));
#1363=CARTESIAN_POINT('',(8.36873504305136,3.55387497873399,7.01004049673504));
#1364=CARTESIAN_POINT('',(8.36873504305135,3.553874978734,7.01004049673473));
#1365=CARTESIAN_POINT('',(8.36873504305134,3.553874978734,7.01004049673473));
#1366=CARTESIAN_POINT('',(8.36873504305134,3.553874978734,7.01004049673474));
#1367=CARTESIAN_POINT('',(7.9173211974648,3.5855941884141,7.382070351867));
#1368=CARTESIAN_POINT('',(7.84136701003629,3.59249757965134,7.28914980230715));
#1369=CARTESIAN_POINT('',(7.76541286675549,3.59940096625094,7.19622922931054));
#1370=CARTESIAN_POINT('',(7.0118407276103,3.64719072953966,8.12602636598947));
#1371=CARTESIAN_POINT('',(6.71233205975984,3.67242485826156,7.87761886681223));
#1372=CARTESIAN_POINT('',(6.5828441314946,3.87651139552519,7.56857492202291));
#1373=CARTESIAN_POINT('',(5.96393830903317,3.71655129029449,8.68238120887331));
#1374=CARTESIAN_POINT('',(5.66289085244146,3.7446935064311,8.11661520115865));
#1375=CARTESIAN_POINT('',(5.62507068597352,4.31119722155033,7.84719938065775));
#1376=CARTESIAN_POINT('',(5.3996603789852,3.75404137990068,8.84350292780409));
#1377=CARTESIAN_POINT('',(5.19411492503933,3.77751746126744,8.11833838426531));
#1378=CARTESIAN_POINT('',(5.18823181069676,4.50717503047104,7.92799948674438));
#1379=CARTESIAN_POINT('',(5.46950007190743,4.75152133766163,8.85599897348847));
#1380=CARTESIAN_POINT('',(5.18823181069649,4.50717503047076,7.92799948674424));
#1381=CARTESIAN_POINT('',(5.18823181069649,4.50717503047076,7.92799948674424));
#1382=CARTESIAN_POINT('',(5.71019077541583,4.2730100380309,7.83145510225505));
#1383=CARTESIAN_POINT('',(6.73676952442595,3.82449898147639,7.5165343102549));
#1384=CARTESIAN_POINT('',(7.81654796693403,3.59554239722504,7.18044606120495));
#1385=CARTESIAN_POINT('',(8.36873504305134,3.55387497873399,7.01004049673473));
#1386=CARTESIAN_POINT('',(4.28731205594679,3.82841125693412,8.98657113198173));
#1387=CARTESIAN_POINT('',(4.28819818718365,3.84163132011822,8.));
#1388=CARTESIAN_POINT('',(4.35418522612523,4.82608236737786,8.));
#1389=CARTESIAN_POINT('',(1.57755389084571,4.01007474058806,8.98431550277975));
#1390=CARTESIAN_POINT('',(1.58150591112323,4.02528739391925,8.00000000000758));
#1391=CARTESIAN_POINT('',(1.63739527142023,5.00818682557975,8.));
#1392=CARTESIAN_POINT('',(-1.13376842011476,4.16391447034573,8.9812027656418));
#1393=CARTESIAN_POINT('',(-1.12693416982596,4.18211358106998,8.00000000000189));
#1394=CARTESIAN_POINT('',(-1.08278580965836,5.16250965940975,8.));
#1395=CARTESIAN_POINT('',(-3.84345203489758,4.27193537989041,8.97679773333366));
#1396=CARTESIAN_POINT('',(-3.84254987084364,4.29458744621936,8.));
#1397=CARTESIAN_POINT('',(-3.80366728808056,5.27087423124331,8.));
#1398=CARTESIAN_POINT('',(4.35418522612523,4.82608236737786,9.));
#1399=CARTESIAN_POINT('',(-3.80366728808056,5.27087423124331,9.));
#1400=CARTESIAN_POINT('',(-7.89318478279294,4.45512804207263,7.02978537363142));
#1401=CARTESIAN_POINT('',(-7.89318478279283,4.45512804207263,7.02978537363142));
#1402=CARTESIAN_POINT('',(-7.89318478279272,4.45512804207263,7.02978537363142));
#1403=CARTESIAN_POINT('',(-7.29506879900671,4.43540520939698,7.21398859193871));
#1404=CARTESIAN_POINT('',(-7.37126981889251,4.43445480029853,7.30670587820036));
#1405=CARTESIAN_POINT('',(-7.44747088339183,4.43350439243849,7.39942314078005));
#1406=CARTESIAN_POINT('',(-6.08855706423944,4.58138642322091,7.5846397534558));
#1407=CARTESIAN_POINT('',(-6.23666958022137,4.38574904194538,7.88979717153848));
#1408=CARTESIAN_POINT('',(-6.53300615143773,4.38722070374223,8.14196756680371));
#1409=CARTESIAN_POINT('',(-5.10620205839973,4.90120359889031,7.85298859128061));
#1410=CARTESIAN_POINT('',(-5.20185560720586,4.34483313207033,8.11687692481085));
#1411=CARTESIAN_POINT('',(-5.49701229008871,4.34022681524832,8.68015554866138));
#1412=CARTESIAN_POINT('',(-4.65177993668532,5.0475903666074,7.93132123254591));
#1413=CARTESIAN_POINT('',(-4.73369313237096,4.32724767802736,8.1167571352709));
#1414=CARTESIAN_POINT('',(-4.93399446437951,4.31634233070813,8.83769422297901));
#1415=CARTESIAN_POINT('',(-4.6517799366853,5.0475903666074,7.93132123254581));
#1416=CARTESIAN_POINT('',(-5.19174016872118,4.87364850247215,7.83824365172676));
#1417=CARTESIAN_POINT('',(-6.25401081915817,4.54533156911285,7.53136247758812));
#1418=CARTESIAN_POINT('',(-7.3455355712531,4.43706959089386,7.19843805897933));
#1419=CARTESIAN_POINT('',(-7.8931847827931,4.45512804207264,7.02978537363142));
#1420=CARTESIAN_POINT('',(-4.65177993668532,5.0475903666074,7.9313212325459));
#1421=CARTESIAN_POINT('',(-4.89859281249189,5.31540404464732,8.86264246509182));
#1422=CARTESIAN_POINT('',(8.38745871504382,3.55244764031555,7.01008832653437));
#1423=CARTESIAN_POINT('',(8.38695675674042,3.54565024581996,7.68567670608343));
#1424=CARTESIAN_POINT('',(8.34061001784934,2.91803423529489,7.93147385464815));
#1425=CARTESIAN_POINT('',(7.34118461579737,3.62973744623494,7.00742227891085));
#1426=CARTESIAN_POINT('',(7.33808680941635,3.62492416684565,7.6845460460376));
#1427=CARTESIAN_POINT('',(7.12751569167588,3.00815913450392,7.93126230471319));
#1428=CARTESIAN_POINT('',(6.3492388902455,4.12742742924318,7.00374869741123));
#1429=CARTESIAN_POINT('',(6.34643630930241,4.12676361494534,7.6829840583797));
#1430=CARTESIAN_POINT('',(5.97843937537429,3.58614827628221,7.93097046916772));
#1431=CARTESIAN_POINT('',(5.66188101864235,4.91864852686502,7.));
#1432=CARTESIAN_POINT('',(5.66188101864235,4.91864852686502,7.68138478859682));
#1433=CARTESIAN_POINT('',(5.18315320840059,4.50276309393855,7.93067221409561));
#1434=CARTESIAN_POINT('',(4.90696354948556,4.2628287232799,7.));
#1435=CARTESIAN_POINT('',(4.35418522612669,4.82608236737262,8.));
#1436=CARTESIAN_POINT('',(4.28819818718547,3.84163132011803,8.00000000000506));
#1437=CARTESIAN_POINT('',(4.28731205595259,3.82841125693374,8.98657113198174));
#1438=CARTESIAN_POINT('',(4.65362585063102,4.71374585515468,7.99999999999924));
#1439=CARTESIAN_POINT('',(4.5804590709487,3.82057471446133,8.08689758255018));
#1440=CARTESIAN_POINT('',(4.66427087705231,3.80313975711595,8.98688492552735));
#1441=CARTESIAN_POINT('',(4.93023167589594,4.60644280013216,7.98005936076119));
#1442=CARTESIAN_POINT('',(4.88643611622154,3.79887200776428,8.13467912162737));
#1443=CARTESIAN_POINT('',(5.03609354634713,3.77819641528738,8.94731434972682));
#1444=CARTESIAN_POINT('',(5.18823181069647,4.50717503047077,7.92799948674424));
#1445=CARTESIAN_POINT('',(5.19411492503916,3.77751746126744,8.11833838426531));
#1446=CARTESIAN_POINT('',(5.3996603789851,3.75404137990069,8.84350292780383));
#1447=CARTESIAN_POINT('',(4.35418522612369,4.82608236737375,8.));
#1448=CARTESIAN_POINT('',(4.63468270945537,4.72085246393266,7.99999999999941));
#1449=CARTESIAN_POINT('',(4.91281454100198,4.61314418756687,7.98357383250472));
#1450=CARTESIAN_POINT('',(5.18823181069649,4.50717503047077,7.92799948674424));
#1451=CARTESIAN_POINT('',(-3.84345203489752,4.27193537989041,8.97679773333366));
#1452=CARTESIAN_POINT('',(-3.84254987084361,4.29458744621936,7.99999999999995));
#1453=CARTESIAN_POINT('',(-3.80366728808054,5.27087423124336,8.));
#1454=CARTESIAN_POINT('',(-4.21264848439303,4.28665331060228,8.97619755358047));
#1455=CARTESIAN_POINT('',(-4.13013834022253,4.30464609261962,8.08427449384083));
#1456=CARTESIAN_POINT('',(-4.10741218504194,5.19282625238729,8.));
#1457=CARTESIAN_POINT('',(-4.57711891743341,4.30120286687062,8.93755195236028));
#1458=CARTESIAN_POINT('',(-4.43099312770421,4.31546570953209,8.1311582222792));
#1459=CARTESIAN_POINT('',(-4.3889568898124,5.11713901832084,7.98097330767626));
#1460=CARTESIAN_POINT('',(-4.93399446437953,4.31634233070813,8.837694222979));
#1461=CARTESIAN_POINT('',(-4.73369313237098,4.32724767802736,8.1167571352709));
#1462=CARTESIAN_POINT('',(-4.65177993668535,5.0475903666074,7.9313212325459));
#1463=CARTESIAN_POINT('',(-4.65177993668532,5.04759036660741,7.9313212325459));
#1464=CARTESIAN_POINT('',(-4.37144588338587,5.12177280360094,7.98428145814854));
#1465=CARTESIAN_POINT('',(-4.08854838975746,5.19767335296931,8.00000000000001));
#1466=CARTESIAN_POINT('',(-3.80366728808056,5.27087423124335,8.));
#1467=CARTESIAN_POINT('',(-7.9299835792143,3.80757815820263,7.93627602950477));
#1468=CARTESIAN_POINT('',(-7.91215231895564,4.43553149211644,7.70059016577603));
#1469=CARTESIAN_POINT('',(-7.91158234681901,4.45560387613404,7.02992784813096));
#1470=CARTESIAN_POINT('',(-7.33233259079421,3.79140005161676,7.9359787523547));
#1471=CARTESIAN_POINT('',(-7.39476734059594,4.42356099283337,7.6989627509224));
#1472=CARTESIAN_POINT('',(-7.39753953693757,4.441126185905,7.02595548819783));
#1473=CARTESIAN_POINT('',(-6.11555710775039,3.99772807744928,7.93526146250605));
#1474=CARTESIAN_POINT('',(-6.34266719412648,4.60758154864337,7.69502445304526));
#1475=CARTESIAN_POINT('',(-6.3506569636769,4.61685035983503,7.01639227713152));
#1476=CARTESIAN_POINT('',(-5.08773054078851,4.63484116659126,7.93444029523628));
#1477=CARTESIAN_POINT('',(-5.46011414018932,5.16214033694141,7.69049322994813));
#1478=CARTESIAN_POINT('',(-5.4633859015296,5.16425069019058,7.00548708078144));
#1479=CARTESIAN_POINT('',(-4.64704051359965,5.04244767571731,7.93402590756225));
#1480=CARTESIAN_POINT('',(-5.08265430101321,5.51512694834768,7.68819796760883));
#1481=CARTESIAN_POINT('',(-5.08265430101322,5.51512694834769,7.00000000000002));
#1482=CARTESIAN_POINT('',(-4.40496706087874,4.77977668856749,7.00000000000043));
#1483=CARTESIAN_POINT('',(6.93889390390723E-15,-2.71050543121376E-17,7.));
#1484=CARTESIAN_POINT('',(-7.89318478279341,-4.45512804207233,7.02978537363135));
#1485=CARTESIAN_POINT('',(-7.89318478279342,-4.45512804207233,7.02978537363135));
#1486=CARTESIAN_POINT('',(-7.89318478279342,-4.45512804207233,7.02978537363135));
#1487=CARTESIAN_POINT('',(-7.4446446232802,-4.43336727745204,7.40176700388773));
#1488=CARTESIAN_POINT('',(-7.36796036838039,-4.43432371359,7.30846182370041));
#1489=CARTESIAN_POINT('',(-7.29127615846063,-4.43528014736995,7.21515661957527));
#1490=CARTESIAN_POINT('',(-6.53436735250951,-4.38728675598278,8.140831745829));
#1491=CARTESIAN_POINT('',(-6.23834633346921,-4.38581535011133,7.88890031998939));
#1492=CARTESIAN_POINT('',(-6.09039343229723,-4.58146149136582,7.58407375929818));
#1493=CARTESIAN_POINT('',(-5.497001259404,-4.34022634730091,8.68015863517225));
#1494=CARTESIAN_POINT('',(-5.20184699094774,-4.34483280839702,8.11687692340517));
#1495=CARTESIAN_POINT('',(-5.10619315458582,-4.90120646601782,7.85299012643323));
#1496=CARTESIAN_POINT('',(-4.93399446437748,-4.31634233070717,8.83769422297975));
#1497=CARTESIAN_POINT('',(-4.73369313236946,-4.32724767802648,8.11675713527099));
#1498=CARTESIAN_POINT('',(-4.65177993668408,-5.04759036660714,7.93132123254631));
#1499=CARTESIAN_POINT('',(-4.89859281249039,-5.31540404464638,8.86264246509248));
#1500=CARTESIAN_POINT('',(-4.65177993668402,-5.04759036660664,7.93132123254655));
#1501=CARTESIAN_POINT('',(-4.65177993668406,-5.04759036660616,7.93132123254571));
#1502=CARTESIAN_POINT('',(-5.19174016872005,-4.87364850247085,7.83824365172706));
#1503=CARTESIAN_POINT('',(-6.25401081915357,-4.54533156911309,7.53136247757492));
#1504=CARTESIAN_POINT('',(-7.34553557126204,-4.43706959089329,7.19843805900734));
#1505=CARTESIAN_POINT('',(-7.89318478279342,-4.45512804207233,7.02978537363134));
#1506=CARTESIAN_POINT('',(4.35418522610819,-4.82608236738041,8.));
#1507=CARTESIAN_POINT('',(4.28819818716573,-3.84163132012045,7.99999999999999));
#1508=CARTESIAN_POINT('',(4.28731205592889,-3.82841125693673,8.98657113198211));
#1509=CARTESIAN_POINT('',(1.63713828988171,-5.00820405087681,8.));
#1510=CARTESIAN_POINT('',(1.58125016936938,-4.0253047466778,8.00000000002845));
#1511=CARTESIAN_POINT('',(1.57729757444487,-4.0100919241658,8.98431528942915));
#1512=CARTESIAN_POINT('',(-1.08346062218493,-5.16253653518185,8.));
#1513=CARTESIAN_POINT('',(-1.12760912889807,-4.18214153615576,7.9999999999815));
#1514=CARTESIAN_POINT('',(-1.13444045543549,-4.16394126087824,8.98120167313176));
#1515=CARTESIAN_POINT('',(-3.80366728808139,-5.27087423124261,8.));
#1516=CARTESIAN_POINT('',(-3.84254987084421,-4.29458744621881,8.));
#1517=CARTESIAN_POINT('',(-3.84345203489815,-4.2719353798897,8.9767977333335));
#1518=CARTESIAN_POINT('',(-3.80366728808139,-5.27087423124261,9.));
#1519=CARTESIAN_POINT('',(4.35418522610819,-4.82608236738041,9.));
#1520=CARTESIAN_POINT('',(-7.91168334559154,-4.45560672197583,7.02992862860822));
#1521=CARTESIAN_POINT('',(-7.91225383888044,-4.43553384205416,7.70059049079002));
#1522=CARTESIAN_POINT('',(-7.93010093883486,-3.80758132919695,7.93627609063784));
#1523=CARTESIAN_POINT('',(-6.87759588279389,-4.42645618162853,7.02193771600692));
#1524=CARTESIAN_POINT('',(-6.87003518469543,-4.41139405572572,7.69731231136929));
#1525=CARTESIAN_POINT('',(-6.72712981145842,-3.77498709793787,7.93567773590983));
#1526=CARTESIAN_POINT('',(-5.83981066889944,-4.81734354176035,7.01091209164245));
#1527=CARTESIAN_POINT('',(-5.83190812497373,-4.81445221633066,7.69275404509651));
#1528=CARTESIAN_POINT('',(-5.52274425098042,-4.23248481775523,7.93484934820459));
#1529=CARTESIAN_POINT('',(-5.08265430101324,-5.51512694834774,6.99999999999999));
#1530=CARTESIAN_POINT('',(-5.08265430101325,-5.51512694834774,7.68819797350816));
#1531=CARTESIAN_POINT('',(-4.64704050853162,-5.04244767021817,7.93402591042225));
#1532=CARTESIAN_POINT('',(-4.40496706087858,-4.77977668856793,7.));
#1533=CARTESIAN_POINT('',(-3.80366728808135,-5.2708742312427,8.));
#1534=CARTESIAN_POINT('',(-3.84254987084417,-4.29458744621881,7.99999999999991));
#1535=CARTESIAN_POINT('',(-3.84345203489804,-4.2719353798897,8.9767977333335));
#1536=CARTESIAN_POINT('',(-4.10741218504281,-5.19282625238729,8.00000000000001));
#1537=CARTESIAN_POINT('',(-4.13013834022442,-4.30464609261924,8.08427449383951));
#1538=CARTESIAN_POINT('',(-4.21264848439477,-4.28665331060152,8.97619755357998));
#1539=CARTESIAN_POINT('',(-4.38895689008666,-5.117139018247,7.98097330762462));
#1540=CARTESIAN_POINT('',(-4.43099312802922,-4.31546570954508,8.13115822226665));
#1541=CARTESIAN_POINT('',(-4.57711891780192,-4.30120286688534,8.93755195225859));
#1542=CARTESIAN_POINT('',(-4.65177993668391,-5.04759036660721,7.93132123254633));
#1543=CARTESIAN_POINT('',(-4.73369313236928,-4.32724767802647,8.11675713527098));
#1544=CARTESIAN_POINT('',(-4.93399446437731,-4.31634233070716,8.8376942229798));
#1545=CARTESIAN_POINT('',(-3.80366728808141,-5.27087423124268,8.));
#1546=CARTESIAN_POINT('',(-4.08854838975753,-5.19767335296877,8.00000000000001));
#1547=CARTESIAN_POINT('',(-4.37144588338569,-5.12177280360043,7.98428145814858));
#1548=CARTESIAN_POINT('',(-4.65177993668441,-5.04759036660708,7.93132123254624));
#1549=CARTESIAN_POINT('',(4.28731205592883,-3.82841125693674,8.98657113198212));
#1550=CARTESIAN_POINT('',(4.28819818716571,-3.84163132012046,7.99999999999995));
#1551=CARTESIAN_POINT('',(4.35418522610817,-4.82608236738046,8.));
#1552=CARTESIAN_POINT('',(4.66427087703003,-3.80313975711854,8.9868849255274));
#1553=CARTESIAN_POINT('',(4.58045907092885,-3.82057471446501,8.0868975825481));
#1554=CARTESIAN_POINT('',(4.65362585062079,-4.71374585516039,8.00000000000001));
#1555=CARTESIAN_POINT('',(5.03609354633645,-3.77819641528869,8.94731434973221));
#1556=CARTESIAN_POINT('',(4.88643611621149,-3.7988720077654,8.13467912162767));
#1557=CARTESIAN_POINT('',(4.93023167588717,-4.6064428001354,7.98005936076351));
#1558=CARTESIAN_POINT('',(5.39966037899143,-3.75404137990034,8.84350292780206));
#1559=CARTESIAN_POINT('',(5.19411492504437,-3.77751746126711,8.1183383842653));
#1560=CARTESIAN_POINT('',(5.18823181070193,-4.50717503046872,7.92799948674313));
#1561=CARTESIAN_POINT('',(5.18823181070192,-4.50717503046872,7.92799948674313));
#1562=CARTESIAN_POINT('',(4.91281454099779,-4.61314418756891,7.98357383250601));
#1563=CARTESIAN_POINT('',(4.63468270944983,-4.72085246393557,8.00000000000001));
#1564=CARTESIAN_POINT('',(4.3541852261082,-4.82608236738045,8.));
#1565=CARTESIAN_POINT('',(5.18823181070192,-4.50717503046872,7.92799948674313));
#1566=CARTESIAN_POINT('',(5.46950007191513,-4.75152133766118,8.85599897348625));
#1567=CARTESIAN_POINT('',(6.93889390390723E-15,-2.71050543121376E-17,7.));
#1568=CARTESIAN_POINT('',(4.90696354948873,-4.26282872327626,7.));
#1569=CARTESIAN_POINT('',(8.36873504304828,-3.55387497872822,7.01004049673474));
#1570=CARTESIAN_POINT('',(8.36873504304828,-3.55387497872822,7.01004049673474));
#1571=CARTESIAN_POINT('',(8.36873504304828,-3.55387497872822,7.01004049673474));
#1572=CARTESIAN_POINT('',(7.76738597529282,-3.59925207776749,7.19562031759057));
#1573=CARTESIAN_POINT('',(7.84309171763659,-3.59237126741794,7.28823700309875));
#1574=CARTESIAN_POINT('',(7.9187975040814,-3.58549045368935,7.38085366525861));
#1575=CARTESIAN_POINT('',(6.57343714504802,-3.87947522841417,7.57138222154756));
#1576=CARTESIAN_POINT('',(6.70317439684737,-3.67306827281071,7.88117596148426));
#1577=CARTESIAN_POINT('',(7.00322599041523,-3.64777041781304,8.13163382103548));
#1578=CARTESIAN_POINT('',(5.6260660409749,-4.31075067865223,7.84701527423752));
#1579=CARTESIAN_POINT('',(5.66389357202271,-3.74462329546293,8.11661151351349));
#1580=CARTESIAN_POINT('',(5.96522403738093,-3.71646586774513,8.6820140853068));
#1581=CARTESIAN_POINT('',(5.1882318107019,-4.50717503046872,7.9279994867431));
#1582=CARTESIAN_POINT('',(5.19411492504435,-3.7775174612671,8.11833838426527));
#1583=CARTESIAN_POINT('',(5.39966037899141,-3.75404137990033,8.84350292780204));
#1584=CARTESIAN_POINT('',(5.18823181070192,-4.50717503046872,7.92799948674312));
#1585=CARTESIAN_POINT('',(5.70981815088592,-4.27317720753209,7.83152402492505));
#1586=CARTESIAN_POINT('',(6.73618025986678,-3.82453493879663,7.51673862026896));
#1587=CARTESIAN_POINT('',(7.81760308736584,-3.59546277901391,7.18012044982142));
#1588=CARTESIAN_POINT('',(8.36873504304828,-3.55387497872822,7.01004049673474));
#1589=CARTESIAN_POINT('',(8.34046275818845,-2.91804518118303,7.93147382775442));
#1590=CARTESIAN_POINT('',(8.38682949707721,-3.54565986620602,7.68567656647019));
#1591=CARTESIAN_POINT('',(8.38733165588852,-3.55245702839051,7.01008800276498));
#1592=CARTESIAN_POINT('',(7.73806419818196,-2.96281871854222,7.93136877266645));
#1593=CARTESIAN_POINT('',(7.86611481628054,-3.58503235433907,7.68511522754347));
#1594=CARTESIAN_POINT('',(7.86766995997437,-3.59086184285987,7.0087637895852));
#1595=CARTESIAN_POINT('',(6.54208563750867,-3.29649128730201,7.93111478224542));
#1596=CARTESIAN_POINT('',(6.83279432471636,-3.87522142472566,7.6837567676033));
#1597=CARTESIAN_POINT('',(6.83581973171714,-3.8780580355478,7.00556474329232));
#1598=CARTESIAN_POINT('',(5.5818875939377,-4.0431979155679,7.93082174967818));
#1599=CARTESIAN_POINT('',(6.00522135468787,-4.52147677458734,7.68218690372884));
#1600=CARTESIAN_POINT('',(6.00640766687737,-4.52206217200836,7.00187897200337));
#1601=CARTESIAN_POINT('',(5.18315321075783,-4.50276309598117,7.93067221286792));
#1602=CARTESIAN_POINT('',(5.66188101864239,-4.91864852685903,7.68138478614));
#1603=CARTESIAN_POINT('',(5.66188101864239,-4.91864852685903,7.));
#1604=CARTESIAN_POINT('',(-7.76123399918464,-4.62459892803085,0.512151558312354));
#1605=CARTESIAN_POINT('',(-7.76076781262955,-4.63704075375302,3.25260651745651E-15));
#1606=CARTESIAN_POINT('',(-7.77994998429461,-4.12509712469882,3.25260651745651E-15));
#1607=CARTESIAN_POINT('',(-9.12710235633075,-4.67575092627618,0.513226026838705));
#1608=CARTESIAN_POINT('',(-9.1281671371637,-4.68937980085316,-8.28816842814259E-12));
#1609=CARTESIAN_POINT('',(-9.14311277179088,-4.17617388618874,3.25260651745651E-15));
#1610=CARTESIAN_POINT('',(-11.8668430189084,-4.75588923732659,0.518758095161083));
#1611=CARTESIAN_POINT('',(-11.8708683159764,-4.77547870850876,3.87748238043047E-12));
#1612=CARTESIAN_POINT('',(-11.8698655919066,-4.25619077584244,6.8106520597241E-15));
#1613=CARTESIAN_POINT('',(-15.9532758110102,-4.76865614206199,0.516208039413804));
#1614=CARTESIAN_POINT('',(-15.948773786018,-4.78533665685353,-1.0395742188854E-12));
#1615=CARTESIAN_POINT('',(-15.9619512102274,-4.26900288686775,-3.3458611490583E-15));
#1616=CARTESIAN_POINT('',(-20.0454753974601,-4.86295235731812,0.5168684341993));
#1617=CARTESIAN_POINT('',(-20.0499407252866,-4.88050186734479,2.85368948935124E-13));
#1618=CARTESIAN_POINT('',(-20.0527213501389,-4.36328356274596,1.36862210857868E-15));
#1619=CARTESIAN_POINT('',(-23.4646834183079,-4.869261636625,0.521918914740346));
#1620=CARTESIAN_POINT('',(-23.4735321264821,-4.89201755059603,-2.82474505274048E-14));
#1621=CARTESIAN_POINT('',(-23.461941511749,-4.36965357056374,7.12786499360012E-15));
#1622=CARTESIAN_POINT('',(-26.2076062418314,-4.80482096914187,0.530120419801022));
#1623=CARTESIAN_POINT('',(-26.2139632469243,-4.83660840370374,6.14591655798258E-16));
#1624=CARTESIAN_POINT('',(-26.1897101466581,-4.30597669777651,-5.94814707179162E-15));
#1625=CARTESIAN_POINT('',(-28.2651501099446,-4.70021847131011,0.53862789560977));
#1626=CARTESIAN_POINT('',(-28.2753306325722,-4.7413305131291,3.83697088473358E-15));
#1627=CARTESIAN_POINT('',(-28.2319776807852,-4.20267290838048,5.62225763310564E-15));
#1628=CARTESIAN_POINT('',(-30.3238647870133,-4.52194616185733,0.549710494039616));
#1629=CARTESIAN_POINT('',(-30.3378257553706,-4.57570658617647,-5.63286922461015E-15));
#1630=CARTESIAN_POINT('',(-30.2713642600326,-4.02704246902907,-6.1325426047701E-15));
#1631=CARTESIAN_POINT('',(-32.3753638883282,-4.26111764310226,0.562769955484633));
#1632=CARTESIAN_POINT('',(-32.3999731667513,-4.32944724201224,5.06574551786181E-15));
#1633=CARTESIAN_POINT('',(-32.300615987972,-3.77031885196867,5.24696541265741E-15));
#1634=CARTESIAN_POINT('',(-34.0876985099787,-3.92453333312046,0.584643966021829));
#1635=CARTESIAN_POINT('',(-34.1257157057483,-4.01825690907787,8.39908331443235E-15));
#1636=CARTESIAN_POINT('',(-33.9766232616123,-3.44345958237004,8.01070080196569E-15));
#1637=CARTESIAN_POINT('',(-35.4324735065786,-3.53559828108034,0.608082390924166));
#1638=CARTESIAN_POINT('',(-35.4803674273481,-3.66161443272016,5.29303191352904E-15));
#1639=CARTESIAN_POINT('',(-35.2832347455124,-3.07039470080824,5.99854848914327E-15));
#1640=CARTESIAN_POINT('',(-36.4294380148417,-3.17505082994705,0.627027542246351));
#1641=CARTESIAN_POINT('',(-36.500417193791,-3.3239893776605,-5.7097513821266E-15));
#1642=CARTESIAN_POINT('',(-36.2496438280809,-2.7250659601292,-8.08308975464623E-15));
#1643=CARTESIAN_POINT('',(-37.4053884921487,-2.71110251182564,0.658402910031571));
#1644=CARTESIAN_POINT('',(-37.525354870451,-2.89636516719422,8.02851733604154E-15));
#1645=CARTESIAN_POINT('',(-37.1755492630792,-2.29411239230986,1.65759909770721E-14));
#1646=CARTESIAN_POINT('',(-38.1725910675811,-2.19414022262393,0.689081192868492));
#1647=CARTESIAN_POINT('',(-38.3503016310894,-2.41269941519436,-3.3347089378713E-14));
#1648=CARTESIAN_POINT('',(-37.8942509140706,-1.82097508099322,-5.71388527762878E-14));
#1649=CARTESIAN_POINT('',(-38.7223514183014,-1.67342549300656,0.719971656275254));
#1650=CARTESIAN_POINT('',(-38.9824519561781,-1.91288988169121,-3.24906024490436E-14));
#1651=CARTESIAN_POINT('',(-38.3955236029389,-1.36268889016726,9.11227561661257E-15));
#1652=CARTESIAN_POINT('',(-39.0842995628308,-1.2072755027762,0.743173524472367));
#1653=CARTESIAN_POINT('',(-39.4305501175657,-1.43654160487784,1.30296823710965E-13));
#1654=CARTESIAN_POINT('',(-38.7212104045402,-0.960355380807432,-3.68558739083396E-14));
#1655=CARTESIAN_POINT('',(-39.3689762174527,-0.682836420169653,0.762445741009375));
#1656=CARTESIAN_POINT('',(-39.8038306681661,-0.869120435575269,-6.2708898160073E-13));
#1657=CARTESIAN_POINT('',(-38.9759298415013,-0.510177788221723,2.31689492987851E-14));
#1658=CARTESIAN_POINT('',(-39.4817665748496,-0.248213294668583,0.777350137703476));
#1659=CARTESIAN_POINT('',(-39.9999995764991,-0.3412673626089,1.44636927383413E-12));
#1660=CARTESIAN_POINT('',(-39.0657413696401,-0.173511726404958,-2.16840434497101E-15));
#1661=CARTESIAN_POINT('',(-39.48176660124,-2.7272049278931E-17,0.77735009811793));
#1662=CARTESIAN_POINT('',(-39.9999999999996,1.67442538245065E-17,-2.16840434497101E-15));
#1663=CARTESIAN_POINT('',(-39.0657414540746,-6.26072650718766E-17,-2.16840434497101E-15));
#1664=CARTESIAN_POINT('',(-7.77994998429461,-4.12509712469882,0.500000000000003));
#1665=CARTESIAN_POINT('',(-39.0657414540746,1.14068813957429E-16,0.5));
#1666=CARTESIAN_POINT('',(-39.48176660124,-2.72720492789308E-17,0.77735009811793));
#1667=CARTESIAN_POINT('',(-39.9999999999996,-2.03337261773123E-16,-1.95156391047391E-15));
#1668=CARTESIAN_POINT('',(-39.0657414540746,1.14068813957429E-16,-1.73472347597681E-15));
#1669=CARTESIAN_POINT('',(-39.4817665667686,0.25222312335857,0.777350149824998));
#1670=CARTESIAN_POINT('',(-39.9999995082146,0.346780443406534,1.92877333344382E-12));
#1671=CARTESIAN_POINT('',(-39.065741343583,0.176314776998286,-1.73472347597681E-15));
#1672=CARTESIAN_POINT('',(-39.3664263073708,0.689151557604969,0.76216226709318));
#1673=CARTESIAN_POINT('',(-39.7998318200181,0.876192072965142,-8.68055000408704E-13));
#1674=CARTESIAN_POINT('',(-38.9738181725612,0.515331297521595,-1.97934968450127E-15));
#1675=CARTESIAN_POINT('',(-39.0790861388216,1.21577918334708,0.742890099638463));
#1676=CARTESIAN_POINT('',(-39.4242084381062,1.44541599021741,2.24584278162266E-13));
#1677=CARTESIAN_POINT('',(-38.716438540736,0.967827970524994,1.72355346782402E-15));
#1678=CARTESIAN_POINT('',(-38.7112498265615,1.68599416535457,0.719251601940805));
#1679=CARTESIAN_POINT('',(-38.9690683436448,1.92528658185829,-5.00302847120805E-14));
#1680=CARTESIAN_POINT('',(-38.3855492961774,1.3735317773047,5.49347666906603E-15));
#1681=CARTESIAN_POINT('',(-38.1537543649694,2.20912369921672,0.688210707681833));
#1682=CARTESIAN_POINT('',(-38.3296031118358,2.42679259347542,-1.52215273668793E-14));
#1683=CARTESIAN_POINT('',(-37.8767843803923,1.83449860783283,-4.64381984849655E-14));
#1684=CARTESIAN_POINT('',(-37.3755434263625,2.72845945079176,0.657137806419906));
#1685=CARTESIAN_POINT('',(-37.4934224452911,2.91222095644455,-1.009232498074E-14));
#1686=CARTESIAN_POINT('',(-37.1477131215394,2.30990981226566,1.6362092457821E-16));
#1687=CARTESIAN_POINT('',(-36.0684904462841,3.34134676062187,0.616478604654452));
#1688=CARTESIAN_POINT('',(-36.1413856443532,3.47066649379619,-2.79919060000398E-14));
#1689=CARTESIAN_POINT('',(-35.9055352461569,2.88059751830605,-3.41352909273395E-14));
#1690=CARTESIAN_POINT('',(-34.3733529299756,3.8691660469665,0.589337481632175));
#1691=CARTESIAN_POINT('',(-34.4212135550913,3.96817391584128,8.07390927290146E-15));
#1692=CARTESIAN_POINT('',(-34.2545457778482,3.39095067291095,1.04123206346217E-14));
#1693=CARTESIAN_POINT('',(-32.3315529415397,4.26796727632468,0.562067740322818));
#1694=CARTESIAN_POINT('',(-32.3571078751179,4.33494626962756,-1.53194303456187E-16));
#1695=CARTESIAN_POINT('',(-32.2579610808092,3.77666978508808,-5.56033209229071E-16));
#1696=CARTESIAN_POINT('',(-30.2890641131588,4.52542119632445,0.549613343580673));
#1697=CARTESIAN_POINT('',(-30.3022557827681,4.57925730565994,1.84867662611205E-15));
#1698=CARTESIAN_POINT('',(-30.2367429831262,4.03056633275975,9.19110451172794E-16));
#1699=CARTESIAN_POINT('',(-28.2381593646941,4.70201250502351,0.538473365096085));
#1700=CARTESIAN_POINT('',(-28.2484954340445,4.74290075068754,1.83872806158174E-15));
#1701=CARTESIAN_POINT('',(-28.205256431557,4.20441583401291,5.98688965341613E-15));
#1702=CARTESIAN_POINT('',(-26.1792755676225,4.80583659367877,0.530026199717713));
#1703=CARTESIAN_POINT('',(-26.1855143687279,4.8375353823064,1.7963475013971E-14));
#1704=CARTESIAN_POINT('',(-26.1615528025258,4.30698743488692,3.75626828878E-15));
#1705=CARTESIAN_POINT('',(-23.4404826425356,4.86933182338999,0.521871876139557));
#1706=CARTESIAN_POINT('',(-23.4493155573246,4.89203190757089,-8.26999884141182E-14));
#1707=CARTESIAN_POINT('',(-23.4378297895528,4.36971857751543,-8.45135812925313E-15));
#1708=CARTESIAN_POINT('',(-20.0262330090318,4.86264899961342,0.516832333776104));
#1709=CARTESIAN_POINT('',(-20.0306024148291,4.88016062630703,5.96965803784941E-13));
#1710=CARTESIAN_POINT('',(-20.0335537183625,4.36298133198932,1.98657092261748E-15));
#1711=CARTESIAN_POINT('',(-15.9405322993435,4.76846246958809,0.516238792489596));
#1712=CARTESIAN_POINT('',(-15.9360344212161,4.78517459257443,-2.17816013881846E-12));
#1713=CARTESIAN_POINT('',(-15.9491417621919,4.26880894653813,-7.16515930321222E-15));
#1714=CARTESIAN_POINT('',(-11.8610470132658,4.75582667585346,0.518736955791546));
#1715=CARTESIAN_POINT('',(-11.8651056514171,4.77539381274236,8.11487087705993E-12));
#1716=CARTESIAN_POINT('',(-11.8641169697504,4.25612824276721,4.55634197152709E-15));
#1717=CARTESIAN_POINT('',(-9.12527267084896,4.67568240424935,0.513224587500476));
#1718=CARTESIAN_POINT('',(-9.1263333841616,4.68930961149867,-1.73692922943348E-11));
#1719=CARTESIAN_POINT('',(-9.14128671059595,4.17610546494746,4.55364912443912E-15));
#1720=CARTESIAN_POINT('',(-7.76123399918456,4.62459892803091,0.512151558312291));
#1721=CARTESIAN_POINT('',(-7.76076781262947,4.63704075375302,4.55364912443912E-15));
#1722=CARTESIAN_POINT('',(-7.77994998429456,4.12509712469889,4.55364912443912E-15));
#1723=CARTESIAN_POINT('',(-7.77994998429455,4.12509712469889,0.5));
#1724=CARTESIAN_POINT('',(-7.77994998429461,-4.12509712469882,0.));
#1725=CARTESIAN_POINT('',(-7.76076781262953,-4.63704075375302,-2.03287907341032E-17));
#1726=CARTESIAN_POINT('',(-7.76123399918463,-4.62459892803085,0.512151558312352));
#1727=CARTESIAN_POINT('',(-6.62721611645845,-4.08190499951627,0.));
#1728=CARTESIAN_POINT('',(-6.74276728708555,-4.59554402653685,-8.37687308615606E-14));
#1729=CARTESIAN_POINT('',(-6.73649500018611,-4.58628244486977,0.508872356620882));
#1730=CARTESIAN_POINT('',(-5.4962971998815,-4.48568289770298,0.));
#1731=CARTESIAN_POINT('',(-5.73759046318785,-4.94562071480626,-3.36335161375998E-13));
#1732=CARTESIAN_POINT('',(-5.73111837091426,-4.94529798026248,0.504503681516201));
#1733=CARTESIAN_POINT('',(-4.63133328667222,-5.24888102244282,0.));
#1734=CARTESIAN_POINT('',(-4.96214280714881,-5.62380109547446,1.92592994438724E-31));
#1735=CARTESIAN_POINT('',(-4.96214280714881,-5.62380109547446,0.5));
#1736=CARTESIAN_POINT('',(-4.63133328667227,-5.2488810224429,0.5));
#1737=CARTESIAN_POINT('',(-4.63133328667225,5.24888102244292,0.));
#1738=CARTESIAN_POINT('',(-4.96214280714884,5.62380109547456,-6.50521303491302E-16));
#1739=CARTESIAN_POINT('',(-4.96214280714884,5.62380109547456,0.499999999999999));
#1740=CARTESIAN_POINT('',(-5.4962969892134,4.48568309629567,0.));
#1741=CARTESIAN_POINT('',(-5.73759027312779,4.9456208923133,1.26975540662604E-12));
#1742=CARTESIAN_POINT('',(-5.73111817801943,4.94529815046275,0.504503680391562));
#1743=CARTESIAN_POINT('',(-6.62721840179626,4.08190507540848,0.));
#1744=CARTESIAN_POINT('',(-6.74276929880633,4.59554409996416,-5.74314923263867E-14));
#1745=CARTESIAN_POINT('',(-6.73649703144539,4.58628252081584,0.508872363356565));
#1746=CARTESIAN_POINT('',(-7.77994998429455,4.12509712469889,0.));
#1747=CARTESIAN_POINT('',(-7.76076781262948,4.63704075375303,2.37169225231204E-17));
#1748=CARTESIAN_POINT('',(-7.76123399918457,4.62459892803091,0.512151558312289));
#1749=CARTESIAN_POINT('',(-4.63133328667226,5.24888102244293,0.5));
#1750=CARTESIAN_POINT('',(6.93889390390723E-15,-2.71050543121376E-17,0.5));
#1751=CARTESIAN_POINT('',(5.2485292961269,-4.6317318821039,0.5));
#1752=CARTESIAN_POINT('',(6.93889390390723E-15,-2.71050543121376E-17,0.5));
#1753=CARTESIAN_POINT('',(5.24852929612642,4.63173188210444,0.5));
#1754=CARTESIAN_POINT('',(5.24852929612691,-4.6317318821039,0.));
#1755=CARTESIAN_POINT('',(5.62342424585026,-4.96256987368275,9.62964972193618E-32));
#1756=CARTESIAN_POINT('',(5.62342424585026,-4.96256987368275,0.5));
#1757=CARTESIAN_POINT('',(6.01646387514681,-3.76153318308668,0.));
#1758=CARTESIAN_POINT('',(6.30850426654321,-4.18885106154294,-1.01900867983767E-13));
#1759=CARTESIAN_POINT('',(6.3060477933,-4.18904286948392,0.501711977944108));
#1760=CARTESIAN_POINT('',(7.09721889882855,-3.2193957709239,0.));
#1761=CARTESIAN_POINT('',(7.26948406827926,-3.7103001492218,-2.25839492060455E-14));
#1762=CARTESIAN_POINT('',(7.26673347915868,-3.70712646830064,0.50336735837504));
#1763=CARTESIAN_POINT('',(8.25390055213548,-3.12421104308165,0.));
#1764=CARTESIAN_POINT('',(8.29528677219576,-3.62713502241584,-1.6940658945086E-18));
#1765=CARTESIAN_POINT('',(8.29490580484204,-3.62250551971543,0.504602586962093));
#1766=CARTESIAN_POINT('',(8.25390055213549,-3.12421104308165,0.5));
#1767=CARTESIAN_POINT('',(8.25390055213554,3.12421104308255,0.));
#1768=CARTESIAN_POINT('',(8.29528677219559,3.62713502241584,3.89635155736978E-17));
#1769=CARTESIAN_POINT('',(8.29490580484194,3.62250551971634,0.504602586961189));
#1770=CARTESIAN_POINT('',(7.09721721733439,3.21939591913651,0.));
#1771=CARTESIAN_POINT('',(7.2694825787906,3.71030027878958,1.03145944999795E-12));
#1772=CARTESIAN_POINT('',(7.26673198383479,3.7071265913698,0.503367356581176));
#1773=CARTESIAN_POINT('',(6.01646478722416,3.76153213474621,0.));
#1774=CARTESIAN_POINT('',(6.30850508163736,4.18885012776882,1.84483515747155E-14));
#1775=CARTESIAN_POINT('',(6.30604861054748,4.18904194340548,0.501711979952751));
#1776=CARTESIAN_POINT('',(5.24852929612642,4.63173188210445,0.));
#1777=CARTESIAN_POINT('',(5.62342424584978,4.96256987368333,1.12166159961113E-27));
#1778=CARTESIAN_POINT('',(5.62342424584976,4.96256987368332,0.500000000000024));
#1779=CARTESIAN_POINT('',(8.25390055213554,3.12421104308255,0.5));
#1780=CARTESIAN_POINT('',(8.25390055213549,-3.12421104308165,-9.75781955236954E-16));
#1781=CARTESIAN_POINT('',(8.29528677219572,-3.62713502241579,-9.85099317656751E-16));
#1782=CARTESIAN_POINT('',(8.294905804842,-3.62250551971543,0.504602586962039));
#1783=CARTESIAN_POINT('',(11.0037020852951,-2.89792656258513,-9.75781955236954E-16));
#1784=CARTESIAN_POINT('',(11.045831989278,-3.40001773526842,4.63098203959144E-12));
#1785=CARTESIAN_POINT('',(11.0476045349368,-3.39598966825146,0.503840103174569));
#1786=CARTESIAN_POINT('',(16.4978931739692,-2.39661076512097,-6.27284616319774E-15));
#1787=CARTESIAN_POINT('',(16.5441505285011,-2.8971512748388,-2.16294861889622E-12));
#1788=CARTESIAN_POINT('',(16.5473749879228,-2.8941524321256,0.502652007528691));
#1789=CARTESIAN_POINT('',(23.3552482963596,-1.67643089671329,4.37542615052841E-15));
#1790=CARTESIAN_POINT('',(23.4076364220747,-2.17560341172352,1.52011664566863E-13));
#1791=CARTESIAN_POINT('',(23.408854323347,-2.17358271909268,0.501860347265745));
#1792=CARTESIAN_POINT('',(28.8343633358623,-1.03932543779221,3.78714301754925E-15));
#1793=CARTESIAN_POINT('',(28.8950954273075,-1.536945238219,1.67604756727641E-13));
#1794=CARTESIAN_POINT('',(28.895142535706,-1.53559072346715,0.501337523487027));
#1795=CARTESIAN_POINT('',(32.9422439264156,-0.548357305257898,-6.36650136765458E-15));
#1796=CARTESIAN_POINT('',(32.9977985620109,-1.04667778158452,-8.13213590466715E-13));
#1797=CARTESIAN_POINT('',(32.9981161906519,-1.04534887078686,0.501273478727413));
#1798=CARTESIAN_POINT('',(36.3603821242143,-0.0934050070027053,9.41521994221658E-15));
#1799=CARTESIAN_POINT('',(36.4391633551359,-0.588114087578339,2.42712609522549E-12));
#1800=CARTESIAN_POINT('',(36.4388425577272,-0.587233948327621,0.500911165094666));
#1801=CARTESIAN_POINT('',(39.0905776635573,0.309617013430277,-5.26575476659809E-15));
#1802=CARTESIAN_POINT('',(39.1540242723427,-0.18750013586316,-4.19618718712466E-12));
#1803=CARTESIAN_POINT('',(39.1541976424369,-0.186452873867956,0.501018471554941));
#1804=CARTESIAN_POINT('',(40.462355166824,0.450609253148273,-2.81892564846231E-15));
#1805=CARTESIAN_POINT('',(40.5099920621966,-0.0473708578304576,9.25839442403259E-12));
#1806=CARTESIAN_POINT('',(40.5102113860098,-0.047095321946052,0.500253276434946));
#1807=CARTESIAN_POINT('',(41.1486047797203,0.516595059721516,-2.81892564846231E-15));
#1808=CARTESIAN_POINT('',(41.196451452079,0.0189916797064669,-2.74981305392228E-15));
#1809=CARTESIAN_POINT('',(41.1964611738319,0.0188905738852487,0.499898407220206));
#1810=CARTESIAN_POINT('',(40.9999999999962,0.,0.500000000000332));
#1811=CARTESIAN_POINT('',(40.9999999999965,-4.80400778356227E-17,0.45589427474362));
#1812=CARTESIAN_POINT('',(40.9113857153835,-4.94043301933583E-13,0.404270416096325));
#1813=CARTESIAN_POINT('',(40.7588403868534,-6.87146683552172E-14,0.344059657840619));
#1814=CARTESIAN_POINT('',(40.5466061856391,1.19792358289741E-14,0.291034000359849));
#1815=CARTESIAN_POINT('',(40.2958789671941,3.2534726803992E-13,0.242422202051802));
#1816=CARTESIAN_POINT('',(39.9565182778482,6.86033623278649E-13,0.188664549956902));
#1817=CARTESIAN_POINT('',(39.5320709118633,1.12399600949464E-12,0.135764936947208));
#1818=CARTESIAN_POINT('',(39.0212056190638,1.47482707669257E-12,0.0861988626355424));
#1819=CARTESIAN_POINT('',(38.5097742427637,1.24606760260101E-12,0.0478513278467693));
#1820=CARTESIAN_POINT('',(37.8256289107817,9.13522579703022E-13,0.0108717466341601));
#1821=CARTESIAN_POINT('',(37.3157598675219,-3.16808818033611E-12,-9.60509666012157E-15));
#1822=CARTESIAN_POINT('',(36.969699789593,-1.18209651312057E-12,4.90515881340282E-27));
#1823=CARTESIAN_POINT('',(8.29490580484194,3.62250551971635,0.504602586961188));
#1824=CARTESIAN_POINT('',(8.29528677219559,3.62713502241584,-2.38524477946811E-15));
#1825=CARTESIAN_POINT('',(8.25390055213553,3.12421104308255,-2.27682456221956E-15));
#1826=CARTESIAN_POINT('',(11.0475382196689,3.39599512524656,0.503840121541524));
#1827=CARTESIAN_POINT('',(11.0457657768409,3.40002320254319,2.83720976703307E-12));
#1828=CARTESIAN_POINT('',(11.0036358398403,2.89793201400491,-2.27682456221956E-15));
#1829=CARTESIAN_POINT('',(16.5472112699166,2.89416822484151,0.502652036202875));
#1830=CARTESIAN_POINT('',(16.5439868591528,2.89716709002631,-1.3567554653997E-12));
#1831=CARTESIAN_POINT('',(16.4977295996535,2.39662654397045,-7.59865161674581E-15));
#1832=CARTESIAN_POINT('',(23.4086352272727,2.17360640725428,0.501860370653211));
#1833=CARTESIAN_POINT('',(23.407417286802,2.17562712760667,1.7782182422165E-13));
#1834=CARTESIAN_POINT('',(23.3550293680333,1.67645456677013,1.29003009239704E-14));
#1835=CARTESIAN_POINT('',(28.8949237788932,1.53561735642593,0.501337536759381));
#1836=CARTESIAN_POINT('',(28.8948766956809,1.53697188127826,-3.65632530723729E-14));
#1837=CARTESIAN_POINT('',(28.8341447800141,1.03935204670575,-9.34090657346279E-15));
#1838=CARTESIAN_POINT('',(32.9979038242077,1.04537332775612,0.501273505933694));
#1839=CARTESIAN_POINT('',(32.9975861416531,1.04670227347548,1.28176021894779E-15));
#1840=CARTESIAN_POINT('',(32.9420316281047,0.548381753603474,9.20694553251736E-15));
#1841=CARTESIAN_POINT('',(36.4386774207598,0.587260108125832,0.50091113898515));
#1842=CARTESIAN_POINT('',(36.4389982224854,0.588140217586572,4.59086886796146E-14));
#1843=CARTESIAN_POINT('',(36.3602179802766,0.0934310445688094,-1.85559960368025E-15));
#1844=CARTESIAN_POINT('',(39.1540792286902,0.186467568346146,0.501018508146431));
#1845=CARTESIAN_POINT('',(39.1539059445554,0.187514858681003,-8.09491516405666E-14));
#1846=CARTESIAN_POINT('',(39.0904573773868,-0.309602086836441,3.45025409059488E-15));
#1847=CARTESIAN_POINT('',(40.5101085428538,0.0471052107924444,0.50025332961052));
#1848=CARTESIAN_POINT('',(40.5098891218292,0.0473808094578228,1.87947412345111E-13));
#1849=CARTESIAN_POINT('',(40.4622523236936,-0.450599364327978,9.75781955236954E-16));
#1850=CARTESIAN_POINT('',(41.1965024258797,-0.0188945404498562,0.499898385889328));
#1851=CARTESIAN_POINT('',(41.196492702086,-0.0189956674953974,9.75781955236954E-16));
#1852=CARTESIAN_POINT('',(41.1486460317567,-0.516599026280669,9.75781955236954E-16));
#1853=CARTESIAN_POINT('',(-0.148433267924948,-2.71533332884993E-17,59.7773500981125));
#1854=CARTESIAN_POINT('',(-8.81331650181146E-17,1.58531369027196E-14,60.));
#1855=CARTESIAN_POINT('',(0.267591879244081,1.67829665667048E-14,60.));
#1856=CARTESIAN_POINT('',(-0.148433069117951,-0.139707844719354,59.777350396323));
#1857=CARTESIAN_POINT('',(1.26310084166313E-6,-0.110054934962959,59.9999999999998));
#1858=CARTESIAN_POINT('',(0.267592491718835,-0.0565971754072533,60.));
#1859=CARTESIAN_POINT('',(-0.0970818347750901,-0.325921975368802,59.763226531211));
#1860=CARTESIAN_POINT('',(0.0390883946675163,-0.270527691511651,60.0000000000001));
#1861=CARTESIAN_POINT('',(0.297177165354397,-0.164130189196332,60.));
#1862=CARTESIAN_POINT('',(0.0368885976071391,-0.613498031911141,59.7431244013852));
#1863=CARTESIAN_POINT('',(0.156277478285878,-0.53196510075967,60.));
#1864=CARTESIAN_POINT('',(0.399950507019732,-0.361876612193279,60.));
#1865=CARTESIAN_POINT('',(0.259525277558271,-0.903666739608882,59.7137202274457));
#1866=CARTESIAN_POINT('',(0.356199288750407,-0.807418228965841,60.));
#1867=CARTESIAN_POINT('',(0.576670026760682,-0.577574557409349,60.));
#1868=CARTESIAN_POINT('',(0.5656462369333,-1.16807646190817,59.6825877799211));
#1869=CARTESIAN_POINT('',(0.639108412369807,-1.06673548200923,60.));
#1870=CARTESIAN_POINT('',(0.833878524134967,-0.785507300265145,59.9999999999999));
#1871=CARTESIAN_POINT('',(0.99560527260958,-1.44717686288168,59.6482836187869));
#1872=CARTESIAN_POINT('',(1.04835646039609,-1.35076630311175,59.9999999999999));
#1873=CARTESIAN_POINT('',(1.20958554281957,-1.01780276990368,59.9999999999999));
#1874=CARTESIAN_POINT('',(1.54528014349741,-1.68955568939721,59.6170723391429));
#1875=CARTESIAN_POINT('',(1.58090073267072,-1.60389723396529,59.9999999999998));
#1876=CARTESIAN_POINT('',(1.70941046046957,-1.23088079140297,59.9999999999998));
#1877=CARTESIAN_POINT('',(2.21106787933691,-1.90311719906764,59.5949096413543));
#1878=CARTESIAN_POINT('',(2.23498401007948,-1.82825459773437,59.9999999999998));
#1879=CARTESIAN_POINT('',(2.33928246782928,-1.42867206814089,59.9999999999997));
#1880=CARTESIAN_POINT('',(2.8792144775799,-2.06052586366953,59.5748811363221));
#1881=CARTESIAN_POINT('',(2.89483308471817,-1.99782466637494,59.9999999999997));
#1882=CARTESIAN_POINT('',(2.9745680955421,-1.57501542921219,59.9999999999997));
#1883=CARTESIAN_POINT('',(3.7644989800756,-2.2126569509148,59.5561428405433));
#1884=CARTESIAN_POINT('',(3.77592644077585,-2.1635394710602,59.9999999999995));
#1885=CARTESIAN_POINT('',(3.82859480864934,-1.71958199307718,59.9999999999995));
#1886=CARTESIAN_POINT('',(4.85997047950128,-2.33593815967386,59.5443108853418));
#1887=CARTESIAN_POINT('',(4.86829814538657,-2.29586483976781,59.9999999999994));
#1888=CARTESIAN_POINT('',(4.90378563400793,-1.83965471392389,59.9999999999994));
#1889=CARTESIAN_POINT('',(6.18035436584426,-2.42258345309019,59.5317286350171));
#1890=CARTESIAN_POINT('',(6.18620769642063,-2.39299471417483,59.9999999999992));
#1891=CARTESIAN_POINT('',(6.20199635202631,-1.92387769759383,59.9999999999992));
#1892=CARTESIAN_POINT('',(7.4996624099285,-2.45847191896347,59.5233566177822));
#1893=CARTESIAN_POINT('',(7.50214684704025,-2.43619394974677,59.9999999999989));
#1894=CARTESIAN_POINT('',(7.50590578251832,-1.95901472149076,59.9999999999989));
#1895=CARTESIAN_POINT('',(8.80904471461598,-2.46278351027637,59.5191247959487));
#1896=CARTESIAN_POINT('',(8.81110546248879,-2.44435411464019,59.9999999999989));
#1897=CARTESIAN_POINT('',(8.8072915632548,-1.96312535798366,59.9999999999988));
#1898=CARTESIAN_POINT('',(10.5542552885143,-2.44354769704495,59.5139579416424));
#1899=CARTESIAN_POINT('',(10.5545523788193,-2.42996275435619,59.9999999999984));
#1900=CARTESIAN_POINT('',(10.5420439877657,-1.94385608541257,59.9999999999984));
#1901=CARTESIAN_POINT('',(12.7081957278989,-2.40788293355668,59.5204292448899));
#1902=CARTESIAN_POINT('',(12.7079933692249,-2.38827860458559,59.9999999999982));
#1903=CARTESIAN_POINT('',(12.7098949321104,-1.90820562273473,59.9999999999981));
#1904=CARTESIAN_POINT('',(15.3309547346503,-2.37256552496112,59.511156125079));
#1905=CARTESIAN_POINT('',(15.3377324796697,-2.36148985169864,59.9999999999978));
#1906=CARTESIAN_POINT('',(15.3116564352021,-1.87295222571333,59.9999999999978));
#1907=CARTESIAN_POINT('',(17.9362242378285,-2.25073214607319,59.508739686799));
#1908=CARTESIAN_POINT('',(17.936731143649,-2.24205267520685,59.9999999999973));
#1909=CARTESIAN_POINT('',(17.9102536959746,-1.75148722237277,59.9999999999973));
#1910=CARTESIAN_POINT('',(21.4094629433389,-2.04224517870875,59.505074892957));
#1911=CARTESIAN_POINT('',(21.4147703218498,-2.03689537849813,59.9999999999968));
#1912=CARTESIAN_POINT('',(21.3732237643021,-1.54352603310422,59.9999999999967));
#1913=CARTESIAN_POINT('',(25.7447110421256,-1.69622795701183,59.5027541795519));
#1914=CARTESIAN_POINT('',(25.7474151128864,-1.69319431192661,59.9999999999961));
#1915=CARTESIAN_POINT('',(25.6997686665957,-1.19824060248593,59.999999999996));
#1916=CARTESIAN_POINT('',(30.0708159447526,-1.26750452581309,59.5013020237135));
#1917=CARTESIAN_POINT('',(30.0723466760655,-1.26603435019639,59.9999999999951));
#1918=CARTESIAN_POINT('',(30.0189429993331,-0.770188992690021,59.9999999999953));
#1919=CARTESIAN_POINT('',(33.5279847844557,-0.877783050871464,59.5004053228295));
#1920=CARTESIAN_POINT('',(33.5281577796819,-0.877352190228939,59.9999999999951));
#1921=CARTESIAN_POINT('',(33.4693394453729,-0.38121804720505,59.9999999999948));
#1922=CARTESIAN_POINT('',(35.6832601938189,-0.616968022304819,59.5004608418849));
#1923=CARTESIAN_POINT('',(35.6832285291149,-0.616513678543484,59.9999999999935));
#1924=CARTESIAN_POINT('',(35.6240753939622,-0.120521042523842,59.9999999999944));
#1925=CARTESIAN_POINT('',(37.409843242938,-0.410652372138471,59.5000309846371));
#1926=CARTESIAN_POINT('',(37.4102803282526,-0.410559200654445,59.9999999999956));
#1927=CARTESIAN_POINT('',(37.3481073686232,0.0855908956611898,59.999999999994));
#1928=CARTESIAN_POINT('',(38.7257716853672,-0.209362947167652,59.4991661864882));
#1929=CARTESIAN_POINT('',(38.7256775524812,-0.210217572192407,59.9999999999879));
#1930=CARTESIAN_POINT('',(38.6367773925925,0.283048959370272,59.9999999999939));
#1931=CARTESIAN_POINT('',(39.9636145528948,-0.0295896223825549,59.5006423062827));
#1932=CARTESIAN_POINT('',(39.9632380903357,-0.0289995601338782,60.0000000000159));
#1933=CARTESIAN_POINT('',(39.9265302076928,0.469844465424796,59.9999999999936));
#1934=CARTESIAN_POINT('',(40.8141976785905,-0.00652672298521416,59.5000956055967));
#1935=CARTESIAN_POINT('',(40.8142915528706,-0.00642772908845499,59.9999999999457));
#1936=CARTESIAN_POINT('',(40.7966451514768,0.493165131742365,59.9999999999935));
#1937=CARTESIAN_POINT('',(41.2488886963051,0.00874269650899995,59.4998719329052));
#1938=CARTESIAN_POINT('',(41.248893193288,0.0086146755724953,59.9999999999935));
#1939=CARTESIAN_POINT('',(41.2313360562557,0.508434489943864,59.9999999999934));
#1940=CARTESIAN_POINT('',(41.0000000000328,0.,59.4999999999946));
#1941=CARTESIAN_POINT('',(41.0000000000313,1.81516298365256E-15,59.5237664832184));
#1942=CARTESIAN_POINT('',(40.9451561937987,-2.06130011025264E-16,59.5441426952237));
#1943=CARTESIAN_POINT('',(40.8632045519342,9.31390310908639E-15,59.5724317853379));
#1944=CARTESIAN_POINT('',(40.7472288322756,7.19732577613919E-15,59.5967577800877));
#1945=CARTESIAN_POINT('',(40.6117802388164,9.50261336596166E-15,59.6218945800367));
#1946=CARTESIAN_POINT('',(40.4290652578391,1.31645775867021E-14,59.6522545459));
#1947=CARTESIAN_POINT('',(40.2009044351114,1.07839803591857E-14,59.6882940452092));
#1948=CARTESIAN_POINT('',(39.8356331489699,8.80860409338932E-14,59.7464029407157));
#1949=CARTESIAN_POINT('',(39.3797607891756,-5.7711203773324E-13,59.8236048603569));
#1950=CARTESIAN_POINT('',(38.8311663418132,2.28653086677762E-12,59.8980512210923));
#1951=CARTESIAN_POINT('',(38.281233677448,-8.43853173229019E-12,59.9510342797915));
#1952=CARTESIAN_POINT('',(37.5444604258159,4.51271070745436E-11,59.991520125416));
#1953=CARTESIAN_POINT('',(36.9954656680452,-1.99636605705454E-10,59.9999999999941));
#1954=CARTESIAN_POINT('',(36.6222861491668,1.30707912406917E-13,59.9999999999942));
#1955=CARTESIAN_POINT('',(0.267591879244002,-1.77207844089038E-14,59.5));
#1956=CARTESIAN_POINT('',(0.267591879244081,3.89000054112262E-14,60.));
#1957=CARTESIAN_POINT('',(-3.84891771232354E-15,2.37442568863411E-14,60.));
#1958=CARTESIAN_POINT('',(-0.148433267924948,-2.71533332886726E-17,59.7773500981125));
#1959=CARTESIAN_POINT('',(0.267592491719038,0.0565971754080073,60.));
#1960=CARTESIAN_POINT('',(1.2631013303394E-6,0.11005493496313,60.0000000000002));
#1961=CARTESIAN_POINT('',(-0.148433069117821,0.139707844719183,59.7773503963232));
#1962=CARTESIAN_POINT('',(0.297177165354274,0.164130189196096,60.));
#1963=CARTESIAN_POINT('',(0.0390883946672419,0.270527691511567,59.9999999999999));
#1964=CARTESIAN_POINT('',(-0.0970818347752225,0.325921975368765,59.7632265312109));
#1965=CARTESIAN_POINT('',(0.399950507019702,0.36187661219346,60.));
#1966=CARTESIAN_POINT('',(0.156277478285958,0.531965100759771,60.));
#1967=CARTESIAN_POINT('',(0.0368885976071386,0.613498031911174,59.7431244013852));
#1968=CARTESIAN_POINT('',(0.576670026760625,0.577574557409359,59.9999999999998));
#1969=CARTESIAN_POINT('',(0.356199288750339,0.807418228965919,59.9999999999998));
#1970=CARTESIAN_POINT('',(0.259525277558245,0.90366673960894,59.7137202274454));
#1971=CARTESIAN_POINT('',(0.833878524134908,0.785507300265204,60.));
#1972=CARTESIAN_POINT('',(0.639108412369729,1.06673548200924,60.));
#1973=CARTESIAN_POINT('',(0.56564623693321,1.16807646190813,59.6825877799211));
#1974=CARTESIAN_POINT('',(1.20958554281954,1.01780276990382,59.9999999999996));
#1975=CARTESIAN_POINT('',(1.04835646039609,1.35076630311175,59.9999999999996));
#1976=CARTESIAN_POINT('',(0.99560527260955,1.44717686288171,59.6482836187868));
#1977=CARTESIAN_POINT('',(1.70941046046951,1.23088079140307,59.9999999999997));
#1978=CARTESIAN_POINT('',(1.58090073267072,1.60389723396536,59.9999999999997));
#1979=CARTESIAN_POINT('',(1.54528014349738,1.68955568939726,59.6170723391428));
#1980=CARTESIAN_POINT('',(2.33928246782923,1.42867206814099,59.9999999999995));
#1981=CARTESIAN_POINT('',(2.23498401007945,1.8282545977344,59.9999999999995));
#1982=CARTESIAN_POINT('',(2.21106787933688,1.90311719906766,59.594909641354));
#1983=CARTESIAN_POINT('',(2.97456809554208,1.57501542921228,59.9999999999994));
#1984=CARTESIAN_POINT('',(2.89483308471817,1.99782466637497,59.9999999999994));
#1985=CARTESIAN_POINT('',(2.87921447757988,2.06052586366955,59.5748811363219));
#1986=CARTESIAN_POINT('',(3.82859480864931,1.71958199307728,59.9999999999992));
#1987=CARTESIAN_POINT('',(3.77592644077582,2.16353947106024,59.9999999999993));
#1988=CARTESIAN_POINT('',(3.76449898007557,2.21265695091483,59.5561428405431));
#1989=CARTESIAN_POINT('',(4.90378563400793,1.83965471392399,59.9999999999991));
#1990=CARTESIAN_POINT('',(4.86829814538657,2.2958648397678,59.9999999999991));
#1991=CARTESIAN_POINT('',(4.85997047950128,2.33593815967389,59.5443108853416));
#1992=CARTESIAN_POINT('',(6.20199635202626,1.92387769759391,59.9999999999989));
#1993=CARTESIAN_POINT('',(6.1862076964206,2.39299471417483,59.9999999999989));
#1994=CARTESIAN_POINT('',(6.18035436584421,2.42258345309021,59.5317286350168));
#1995=CARTESIAN_POINT('',(7.50590578251829,1.95901472149084,59.9999999999987));
#1996=CARTESIAN_POINT('',(7.50214684704024,2.43619394974681,59.9999999999986));
#1997=CARTESIAN_POINT('',(7.49966240992848,2.45847191896349,59.523356617782));
#1998=CARTESIAN_POINT('',(8.80729156325475,1.96312535798374,59.9999999999985));
#1999=CARTESIAN_POINT('',(8.81110546248873,2.44435411464022,59.9999999999985));
#2000=CARTESIAN_POINT('',(8.80904471461594,2.46278351027638,59.5191247959484));
#2001=CARTESIAN_POINT('',(10.5420439877657,1.94385608541265,59.9999999999982));
#2002=CARTESIAN_POINT('',(10.5545523788193,2.4299627543562,59.9999999999982));
#2003=CARTESIAN_POINT('',(10.5542552885143,2.44354769704495,59.5139579416421));
#2004=CARTESIAN_POINT('',(12.7098949321104,1.90820562273481,59.9999999999979));
#2005=CARTESIAN_POINT('',(12.7079933692249,2.38827860458561,59.9999999999978));
#2006=CARTESIAN_POINT('',(12.7081957278989,2.40788293355669,59.5204292448897));
#2007=CARTESIAN_POINT('',(15.3116564352022,1.8729522257134,59.9999999999974));
#2008=CARTESIAN_POINT('',(15.3377324796697,2.36148985169862,59.9999999999974));
#2009=CARTESIAN_POINT('',(15.3309547346504,2.37256552496113,59.5111561250787));
#2010=CARTESIAN_POINT('',(17.9102536959746,1.75148722237284,59.999999999997));
#2011=CARTESIAN_POINT('',(17.936731143649,2.24205267520684,59.999999999997));
#2012=CARTESIAN_POINT('',(17.9362242378285,2.25073214607319,59.5087396867988));
#2013=CARTESIAN_POINT('',(21.3732237643022,1.54352603310429,59.9999999999965));
#2014=CARTESIAN_POINT('',(21.4147703218498,2.03689537849813,59.9999999999964));
#2015=CARTESIAN_POINT('',(21.409462943339,2.04224517870874,59.5050748929567));
#2016=CARTESIAN_POINT('',(25.6997686665958,1.19824060248601,59.9999999999959));
#2017=CARTESIAN_POINT('',(25.747415112887,1.69319431192649,59.9999999999958));
#2018=CARTESIAN_POINT('',(25.7447110421257,1.69622795701183,59.5027541795518));
#2019=CARTESIAN_POINT('',(30.0189429993333,0.770188992690112,59.9999999999952));
#2020=CARTESIAN_POINT('',(30.0723466760642,1.26603435019665,59.9999999999953));
#2021=CARTESIAN_POINT('',(30.0708159447527,1.26750452581311,59.5013020237137));
#2022=CARTESIAN_POINT('',(33.469339445373,0.38121804720511,59.9999999999946));
#2023=CARTESIAN_POINT('',(33.5281577796837,0.877352190228485,59.9999999999944));
#2024=CARTESIAN_POINT('',(33.5279847844558,0.877783050871453,59.5004053228291));
#2025=CARTESIAN_POINT('',(35.6240753939626,0.120521042523845,59.9999999999944));
#2026=CARTESIAN_POINT('',(35.6832285291116,0.616513678544533,59.999999999995));
#2027=CARTESIAN_POINT('',(35.6832601938191,0.616968022304757,59.5004608418857));
#2028=CARTESIAN_POINT('',(37.348107368623,-0.0855908956611497,59.9999999999941));
#2029=CARTESIAN_POINT('',(37.4102803282568,0.410559200652918,59.9999999999928));
#2030=CARTESIAN_POINT('',(37.4098432429381,0.410652372138436,59.5000309846356));
#2031=CARTESIAN_POINT('',(38.6367773925944,-0.283048959370339,59.9999999999939));
#2032=CARTESIAN_POINT('',(38.7256775524719,0.210217572197412,59.9999999999983));
#2033=CARTESIAN_POINT('',(38.7257716853684,0.209362947167536,59.499166186494));
#2034=CARTESIAN_POINT('',(39.9265302076868,-0.469844465424527,59.9999999999937));
#2035=CARTESIAN_POINT('',(39.9632380903522,0.0289995601179713,59.9999999999771));
#2036=CARTESIAN_POINT('',(39.9636145528916,0.0295896223826844,59.5006423062612));
#2037=CARTESIAN_POINT('',(40.7966451514906,-0.493165131742711,59.9999999999936));
#2038=CARTESIAN_POINT('',(40.8142915528641,0.00642772912187621,60.0000000000294));
#2039=CARTESIAN_POINT('',(40.8141976785984,0.00652672298495239,59.5000956056436));
#2040=CARTESIAN_POINT('',(41.231336056256,-0.50843448994381,59.9999999999935));
#2041=CARTESIAN_POINT('',(41.2488931932883,-0.00861467557250321,59.9999999999935));
#2042=CARTESIAN_POINT('',(41.2488886963054,-0.00874269650901491,59.4998719329053));
#2043=MECHANICAL_DESIGN_GEOMETRIC_PRESENTATION_REPRESENTATION('',(#583),
#2044);
#2044=(
GEOMETRIC_REPRESENTATION_CONTEXT(3)
GLOBAL_UNCERTAINTY_ASSIGNED_CONTEXT((#2045))
GLOBAL_UNIT_ASSIGNED_CONTEXT((#2048,#2047,#2046))
REPRESENTATION_CONTEXT('NACA0012_SIM','TOP_LEVEL_ASSEMBLY_PART')
);
#2045=UNCERTAINTY_MEASURE_WITH_UNIT(LENGTH_MEASURE(0.005),#2048,
'DISTANCE_ACCURACY_VALUE','Maximum Tolerance applied to model');
#2046=(
NAMED_UNIT(*)
SI_UNIT($,.STERADIAN.)
SOLID_ANGLE_UNIT()
);
#2047=(
NAMED_UNIT(*)
PLANE_ANGLE_UNIT()
SI_UNIT($,.RADIAN.)
);
#2048=(
LENGTH_UNIT()
NAMED_UNIT(*)
SI_UNIT(.MILLI.,.METRE.)
);
#2049=PRODUCT_DEFINITION_SHAPE('','',#2050);
#2050=PRODUCT_DEFINITION('','',#2052,#2051);
#2051=PRODUCT_DEFINITION_CONTEXT('',#2058,'design');
#2052=PRODUCT_DEFINITION_FORMATION_WITH_SPECIFIED_SOURCE('','',#2054,
 .NOT_KNOWN.);
#2053=PRODUCT_RELATED_PRODUCT_CATEGORY('','',(#2054));
#2054=PRODUCT('NACA0012_SIM','NACA0012_SIM','NACA0012_SIM',(#2056));
#2055=PRODUCT_CATEGORY('','');
#2056=PRODUCT_CONTEXT('',#2058,'mechanical');
#2057=APPLICATION_PROTOCOL_DEFINITION('international standard',
'automotive_design',2010,#2058);
#2058=APPLICATION_CONTEXT(
'core data for automotive mechanical design processes');
ENDSEC;
END-ISO-10303-21;
