ISO-10303-21;
HEADER;
/* Generated by software containing ST-Developer
 * from STEP Tools, Inc. (www.steptools.com) 
 */
/* OPTION: strings as raw bytes, not using required /X/ escapes */

FILE_DESCRIPTION(
/* description */ ('Unknown'),
/* implementation_level */ '2;1');

FILE_NAME(
/* name */ 'NACA0012_10_grad',
/* time_stamp */ '2026-02-12T15:13:56+01:00',
/* author */ ('Unknown'),
/* organization */ ('Unknown'),
/* preprocessor_version */ 'ST-DEVELOPER v18.102',
/* originating_system */ 'Solid Edge',
/* authorisation */ 'Unknown');

FILE_SCHEMA (('AUTOMOTIVE_DESIGN {1 0 10303 214 3 1 1}'));
ENDSEC;

DATA;
#10=PROPERTY_DEFINITION_REPRESENTATION(#14,#12);
#11=PROPERTY_DEFINITION_REPRESENTATION(#15,#13);
#12=REPRESENTATION('',(#16),#2044);
#13=REPRESENTATION('',(#17),#2044);
#14=PROPERTY_DEFINITION('pmi validation property','',#2049);
#15=PROPERTY_DEFINITION('pmi validation property','',#2049);
#16=VALUE_REPRESENTATION_ITEM('number of annotations',COUNT_MEASURE(0.));
#17=VALUE_REPRESENTATION_ITEM('number of views',COUNT_MEASURE(0.));
#18=SHAPE_REPRESENTATION_RELATIONSHIP('','',#593,#19);
#19=ADVANCED_BREP_SHAPE_REPRESENTATION('',(#591),#2044);
#20=TOROIDAL_SURFACE('',#615,6.5,1.);
#21=TOROIDAL_SURFACE('',#621,6.5,1.);
#22=TOROIDAL_SURFACE('',#628,7.,0.5);
#23=TOROIDAL_SURFACE('',#630,7.,0.5);
#24=(
BOUNDED_SURFACE()
B_SPLINE_SURFACE(3,2,((#1284,#1285,#1286),(#1287,#1288,#1289),(#1290,#1291,
#1292),(#1293,#1294,#1295)),.UNSPECIFIED.,.F.,.F.,.F.)
B_SPLINE_SURFACE_WITH_KNOTS((4,4),(3,3),(0.0193937221519136,0.0261272302816774),
(0.,1.),.PIECEWISE_BEZIER_KNOTS.)
GEOMETRIC_REPRESENTATION_ITEM()
RATIONAL_B_SPLINE_SURFACE(((1.,0.92850533347171,1.),(1.,0.927908052734152,
1.),(1.,0.926689711377978,1.),(1.,0.926912426329508,1.)))
REPRESENTATION_ITEM('')
SURFACE()
);
#25=(
BOUNDED_SURFACE()
B_SPLINE_SURFACE(3,2,((#1304,#1305,#1306),(#1307,#1308,#1309),(#1310,#1311,
#1312),(#1313,#1314,#1315)),.UNSPECIFIED.,.F.,.F.,.F.)
B_SPLINE_SURFACE_WITH_KNOTS((4,4),(3,3),(0.0194326653632899,0.026062093211568),
(0.,1.),.PIECEWISE_BEZIER_KNOTS.)
GEOMETRIC_REPRESENTATION_ITEM()
RATIONAL_B_SPLINE_SURFACE(((1.,0.927623466221668,1.),(1.,0.926929627856157,
1.),(1.,0.92619846417452,1.),(1.,0.925419758641478,1.)))
REPRESENTATION_ITEM('')
SURFACE()
);
#26=(
BOUNDED_SURFACE()
B_SPLINE_SURFACE(3,2,((#1324,#1325,#1326),(#1327,#1328,#1329),(#1330,#1331,
#1332),(#1333,#1334,#1335)),.UNSPECIFIED.,.F.,.F.,.F.)
B_SPLINE_SURFACE_WITH_KNOTS((4,4),(3,3),(0.0193937221519132,0.0261272302816768),
(0.,1.),.PIECEWISE_BEZIER_KNOTS.)
GEOMETRIC_REPRESENTATION_ITEM()
RATIONAL_B_SPLINE_SURFACE(((1.,0.92850533347171,1.),(1.,0.927908052734401,
1.),(1.,0.926689711376929,1.),(1.,0.926912426329456,1.)))
REPRESENTATION_ITEM('')
SURFACE()
);
#27=(
BOUNDED_SURFACE()
B_SPLINE_SURFACE(3,2,((#1344,#1345,#1346),(#1347,#1348,#1349),(#1350,#1351,
#1352),(#1353,#1354,#1355)),.UNSPECIFIED.,.F.,.F.,.F.)
B_SPLINE_SURFACE_WITH_KNOTS((4,4),(3,3),(0.0194326653632909,0.0260620932115681),
(0.,1.),.PIECEWISE_BEZIER_KNOTS.)
GEOMETRIC_REPRESENTATION_ITEM()
RATIONAL_B_SPLINE_SURFACE(((1.,0.927623466221655,1.),(1.,0.926929627856389,
1.),(1.,0.926198464175597,1.),(1.,0.925419758641205,1.)))
REPRESENTATION_ITEM('')
SURFACE()
);
#28=(
BOUNDED_SURFACE()
B_SPLINE_SURFACE(3,2,((#1364,#1365,#1366),(#1367,#1368,#1369),(#1370,#1371,
#1372),(#1373,#1374,#1375),(#1376,#1377,#1378)),.UNSPECIFIED.,.F.,.F.,.F.)
B_SPLINE_SURFACE_WITH_KNOTS((4,1,4),(3,3),(-1.09177187005995E-5,0.00175018547443248,
0.00351128866756557),(0.,1.),.UNSPECIFIED.)
GEOMETRIC_REPRESENTATION_ITEM()
RATIONAL_B_SPLINE_SURFACE(((1.,1.,1.),(1.,0.999999999971649,1.),(1.,0.953634033001642,
1.),(1.,0.850389213164411,1.),(1.,0.798426752166077,1.)))
REPRESENTATION_ITEM('')
SURFACE()
);
#29=(
BOUNDED_SURFACE()
B_SPLINE_SURFACE(3,2,((#1386,#1387,#1388),(#1389,#1390,#1391),(#1392,#1393,
#1394),(#1395,#1396,#1397)),.UNSPECIFIED.,.F.,.F.,.F.)
B_SPLINE_SURFACE_WITH_KNOTS((4,4),(3,3),(0.0634230217122831,0.0715891546741212),
(0.,1.),.PIECEWISE_BEZIER_KNOTS.)
GEOMETRIC_REPRESENTATION_ITEM()
RATIONAL_B_SPLINE_SURFACE(((1.,0.711838769672694,1.),(1.,0.712630953701234,
1.),(1.,0.713723327146953,1.),(1.,0.71526298193963,1.)))
REPRESENTATION_ITEM('')
SURFACE()
);
#30=(
BOUNDED_SURFACE()
B_SPLINE_SURFACE(3,2,((#1400,#1401,#1402),(#1403,#1404,#1405),(#1406,#1407,
#1408),(#1409,#1410,#1411),(#1412,#1413,#1414)),.UNSPECIFIED.,.F.,.F.,.F.)
B_SPLINE_SURFACE_WITH_KNOTS((4,1,4),(3,3),(-0.001920999229002,-0.000178320933290612,
0.00156435736242077),(0.,1.),.UNSPECIFIED.)
GEOMETRIC_REPRESENTATION_ITEM()
RATIONAL_B_SPLINE_SURFACE(((1.,1.,1.),(1.,0.999999999956532,1.),(1.,0.953294380409385,
1.),(1.,0.852368474835296,1.),(1.,0.800643377629068,1.)))
REPRESENTATION_ITEM('')
SURFACE()
);
#31=(
BOUNDED_SURFACE()
B_SPLINE_SURFACE(3,2,((#1422,#1423,#1424),(#1425,#1426,#1427),(#1428,#1429,
#1430),(#1431,#1432,#1433)),.UNSPECIFIED.,.F.,.F.,.F.)
B_SPLINE_SURFACE_WITH_KNOTS((4,4),(3,3),(0.00341574422037428,0.00729622004453661),
(0.,0.751516483297344),.PIECEWISE_BEZIER_KNOTS.)
GEOMETRIC_REPRESENTATION_ITEM()
RATIONAL_B_SPLINE_SURFACE(((1.,0.782559672185919,0.891939325343558),(1.,
0.781854846449306,0.891589050188166),(1.,0.780881951618703,0.891105553530385),
(1.,0.779885918215675,0.89061055776491)))
REPRESENTATION_ITEM('')
SURFACE()
);
#32=(
BOUNDED_SURFACE()
B_SPLINE_SURFACE(3,2,((#1435,#1436,#1437),(#1438,#1439,#1440),(#1441,#1442,
#1443),(#1444,#1445,#1446)),.UNSPECIFIED.,.F.,.F.,.F.)
B_SPLINE_SURFACE_WITH_KNOTS((4,4),(3,3),(0.,0.00112704163543226),(0.,1.),
 .PIECEWISE_BEZIER_KNOTS.)
GEOMETRIC_REPRESENTATION_ITEM()
RATIONAL_B_SPLINE_SURFACE(((1.,0.711838769674493,1.),(1.,0.744056937115262,
1.),(1.,0.772867473452624,1.),(1.,0.798426752166166,1.)))
REPRESENTATION_ITEM('')
SURFACE()
);
#33=(
BOUNDED_SURFACE()
B_SPLINE_SURFACE(3,2,((#1451,#1452,#1453),(#1454,#1455,#1456),(#1457,#1458,
#1459),(#1460,#1461,#1462)),.UNSPECIFIED.,.F.,.F.,.F.)
B_SPLINE_SURFACE_WITH_KNOTS((4,4),(3,3),(0.,0.00110440567758655),(0.,1.),
 .PIECEWISE_BEZIER_KNOTS.)
GEOMETRIC_REPRESENTATION_ITEM()
RATIONAL_B_SPLINE_SURFACE(((1.,0.715262981939613,1.),(1.,0.746947048228176,
1.),(1.,0.775385534223732,1.),(1.,0.800643377629076,1.)))
REPRESENTATION_ITEM('')
SURFACE()
);
#34=(
BOUNDED_SURFACE()
B_SPLINE_SURFACE(3,2,((#1467,#1468,#1469),(#1470,#1471,#1472),(#1473,#1474,
#1475),(#1476,#1477,#1478),(#1479,#1480,#1481)),.UNSPECIFIED.,.F.,.F.,.F.)
B_SPLINE_SURFACE_WITH_KNOTS((4,1,4),(3,3),(0.00288631174693603,0.00480515267956943,
0.00672399361220284),(0.242635990776715,1.),.UNSPECIFIED.)
GEOMETRIC_REPRESENTATION_ITEM()
RATIONAL_B_SPLINE_SURFACE(((0.896213851659842,0.786127878209818,1.),(0.895705235587167,
0.785079773039915,1.),(0.894477639601117,0.78255006592161,1.),(0.893066672306702,
0.779642485537722,1.),(0.892353677706801,0.778173217525135,1.)))
REPRESENTATION_ITEM('')
SURFACE()
);
#35=(
BOUNDED_SURFACE()
B_SPLINE_SURFACE(3,2,((#1484,#1485,#1486),(#1487,#1488,#1489),(#1490,#1491,
#1492),(#1493,#1494,#1495),(#1496,#1497,#1498)),.UNSPECIFIED.,.F.,.F.,.F.)
B_SPLINE_SURFACE_WITH_KNOTS((4,1,4),(3,3),(-1.08038249360741E-5,0.00174292474757082,
0.00349665332007771),(0.,1.),.UNSPECIFIED.)
GEOMETRIC_REPRESENTATION_ITEM()
RATIONAL_B_SPLINE_SURFACE(((1.,1.,1.),(1.,0.999999999956387,1.),(1.,0.953290497578239,
1.),(1.,0.852367461907642,1.),(1.,0.800643377628885,1.)))
REPRESENTATION_ITEM('')
SURFACE()
);
#36=(
BOUNDED_SURFACE()
B_SPLINE_SURFACE(3,2,((#1506,#1507,#1508),(#1509,#1510,#1511),(#1512,#1513,
#1514),(#1515,#1516,#1517)),.UNSPECIFIED.,.F.,.F.,.F.)
B_SPLINE_SURFACE_WITH_KNOTS((4,4),(3,3),(0.0589756345119231,0.0671439613672769),
(0.,1.),.PIECEWISE_BEZIER_KNOTS.)
GEOMETRIC_REPRESENTATION_ITEM()
RATIONAL_B_SPLINE_SURFACE(((1.,0.71183876967256,1.),(1.,0.712631028629218,
1.),(1.,0.713723708996089,1.),(1.,0.715262981939686,1.)))
REPRESENTATION_ITEM('')
SURFACE()
);
#37=(
BOUNDED_SURFACE()
B_SPLINE_SURFACE(3,2,((#1520,#1521,#1522),(#1523,#1524,#1525),(#1526,#1527,
#1528),(#1529,#1530,#1531)),.UNSPECIFIED.,.F.,.F.,.F.)
B_SPLINE_SURFACE_WITH_KNOTS((4,4),(3,3),(0.00358854835315626,0.00743833488555011),
(0.,0.757364014275371),.PIECEWISE_BEZIER_KNOTS.)
GEOMETRIC_REPRESENTATION_ITEM()
RATIONAL_B_SPLINE_SURFACE(((1.,0.786128082711654,0.896213953059852),(1.,
0.78401968527516,0.895190806879246),(1.,0.781095131697392,0.893771602998953),
(1.,0.778173216045414,0.892353679230109)))
REPRESENTATION_ITEM('')
SURFACE()
);
#38=(
BOUNDED_SURFACE()
B_SPLINE_SURFACE(3,2,((#1533,#1534,#1535),(#1536,#1537,#1538),(#1539,#1540,
#1541),(#1542,#1543,#1544)),.UNSPECIFIED.,.F.,.F.,.F.)
B_SPLINE_SURFACE_WITH_KNOTS((4,4),(3,3),(0.,0.00110440567758419),(0.,1.),
 .PIECEWISE_BEZIER_KNOTS.)
GEOMETRIC_REPRESENTATION_ITEM()
RATIONAL_B_SPLINE_SURFACE(((1.,0.715262981939655,1.),(1.,0.746947048227612,
1.),(1.,0.775385534253023,1.),(1.,0.800643377628861,1.)))
REPRESENTATION_ITEM('')
SURFACE()
);
#39=(
BOUNDED_SURFACE()
B_SPLINE_SURFACE(3,2,((#1549,#1550,#1551),(#1552,#1553,#1554),(#1555,#1556,
#1557),(#1558,#1559,#1560)),.UNSPECIFIED.,.F.,.F.,.F.)
B_SPLINE_SURFACE_WITH_KNOTS((4,4),(3,3),(0.,0.00112704163546308),(0.,1.),
 .PIECEWISE_BEZIER_KNOTS.)
GEOMETRIC_REPRESENTATION_ITEM()
RATIONAL_B_SPLINE_SURFACE(((1.,0.711838769672542,1.),(1.,0.744056937113888,
1.),(1.,0.772867473451709,1.),(1.,0.798426752166699,1.)))
REPRESENTATION_ITEM('')
SURFACE()
);
#40=(
BOUNDED_SURFACE()
B_SPLINE_SURFACE(3,2,((#1569,#1570,#1571),(#1572,#1573,#1574),(#1575,#1576,
#1577),(#1578,#1579,#1580),(#1581,#1582,#1583)),.UNSPECIFIED.,.F.,.F.,.F.)
B_SPLINE_SURFACE_WITH_KNOTS((4,1,4),(3,3),(-0.00197101308726177,-0.00021566941279986,
0.00153967426166205),(0.,1.),.UNSPECIFIED.)
GEOMETRIC_REPRESENTATION_ITEM()
RATIONAL_B_SPLINE_SURFACE(((1.,1.,1.),(1.,0.999999999971775,1.),(1.,0.953015619521216,
1.),(1.,0.850507611550731,1.),(1.,0.798426752166695,1.)))
REPRESENTATION_ITEM('')
SURFACE()
);
#41=(
BOUNDED_SURFACE()
B_SPLINE_SURFACE(3,2,((#1589,#1590,#1591),(#1592,#1593,#1594),(#1595,#1596,
#1597),(#1598,#1599,#1600),(#1601,#1602,#1603)),.UNSPECIFIED.,.F.,.F.,.F.)
B_SPLINE_SURFACE_WITH_KNOTS((4,1,4),(3,3),(0.00317494609075081,0.00511319764872899,
0.00705144920670718),(0.248483518815901,1.),.UNSPECIFIED.)
GEOMETRIC_REPRESENTATION_ITEM()
RATIONAL_B_SPLINE_SURFACE(((0.891939282190395,0.782559587202107,1.),(0.891765302158804,
0.782209503557887,1.),(0.891344635121848,0.781363034868616,1.),(0.890858665509033,
0.780385163951601,1.),(0.8906105571422,0.779885918834629,1.)))
REPRESENTATION_ITEM('')
SURFACE()
);
#42=(
BOUNDED_SURFACE()
B_SPLINE_SURFACE(3,2,((#1604,#1605,#1606),(#1607,#1608,#1609),(#1610,#1611,
#1612),(#1613,#1614,#1615),(#1616,#1617,#1618),(#1619,#1620,#1621),(#1622,
#1623,#1624),(#1625,#1626,#1627),(#1628,#1629,#1630),(#1631,#1632,#1633),
(#1634,#1635,#1636),(#1637,#1638,#1639),(#1640,#1641,#1642),(#1643,#1644,
#1645),(#1646,#1647,#1648),(#1649,#1650,#1651),(#1652,#1653,#1654),(#1655,
#1656,#1657),(#1658,#1659,#1660),(#1661,#1662,#1663)),.UNSPECIFIED.,.F.,
 .F.,.F.)
B_SPLINE_SURFACE_WITH_KNOTS((4,1,1,1,1,1,1,1,1,1,1,1,1,1,1,1,1,4),(3,3),
(0.,0.00409164837919399,0.00818329675838799,0.012274945137582,0.016366593516776,
0.018412417706373,0.02045824189597,0.022504066085567,0.024549890275164,
0.026595714464761,0.0276186265595595,0.028641538654358,0.0296644507491565,
0.030687362843955,0.0311988188913542,0.0317102749387535,0.0322217309861527,
0.0327331870335519),(0.,1.),.UNSPECIFIED.)
GEOMETRIC_REPRESENTATION_ITEM()
RATIONAL_B_SPLINE_SURFACE(((1.,0.69846148189263,1.),(1.,0.6976923138244,
1.),(1.,0.693719426855208,1.),(1.,0.695551150618518,1.),(1.,0.695076795161936,
1.),(1.,0.69144216114704,1.),(1.,0.685484094399589,1.),(1.,0.679257631258968,
1.),(1.,0.671052002374205,1.),(1.,0.661277958094047,1.),(1.,0.644590228890278,
1.),(1.,0.626078732907465,1.),(1.,0.610830692063874,1.),(1.,0.584695812860424,
1.),(1.,0.557873313870794,1.),(1.,0.529344822695194,1.),(1.,0.506909636147271,
1.),(1.,0.487574240801849,1.),(1.,0.471857972609103,1.),(1.,0.471857925526386,
1.)))
REPRESENTATION_ITEM('')
SURFACE()
);
#43=(
BOUNDED_SURFACE()
B_SPLINE_SURFACE(3,2,((#1666,#1667,#1668),(#1669,#1670,#1671),(#1672,#1673,
#1674),(#1675,#1676,#1677),(#1678,#1679,#1680),(#1681,#1682,#1683),(#1684,
#1685,#1686),(#1687,#1688,#1689),(#1690,#1691,#1692),(#1693,#1694,#1695),
(#1696,#1697,#1698),(#1699,#1700,#1701),(#1702,#1703,#1704),(#1705,#1706,
#1707),(#1708,#1709,#1710),(#1711,#1712,#1713),(#1714,#1715,#1716),(#1717,
#1718,#1719),(#1720,#1721,#1722)),.UNSPECIFIED.,.F.,.F.,.F.)
B_SPLINE_SURFACE_WITH_KNOTS((4,1,1,1,1,1,1,1,1,1,1,1,1,1,1,1,4),(3,3),(0.,
0.000518358051575083,0.00103671610315017,0.00155507415472525,0.00207343220630033,
0.0031101483094505,0.00414686441260066,0.00622029661890099,0.00829372882520132,
0.0103671610315017,0.012440593237802,0.0145140254441023,0.0165874576504026,
0.0207343220630033,0.024881186475604,0.0290280508882046,0.0331749153008053),
(0.,1.),.UNSPECIFIED.)
GEOMETRIC_REPRESENTATION_ITEM()
RATIONAL_B_SPLINE_SURFACE(((1.,0.471857925526387,1.),(1.,0.471857978459619,
1.),(1.,0.487867865558893,1.),(1.,0.507191618256947,1.),(1.,0.530028490554927,
1.),(1.,0.558655166890496,1.),(1.,0.58577476655577,1.),(1.,0.619582246117925,
1.),(1.,0.640922835185703,1.),(1.,0.661834676459714,1.),(1.,0.671115844496464,
1.),(1.,0.67937370583873,1.),(1.,0.685552065509151,1.),(1.,0.69147648263037,
1.),(1.,0.695102629418686,1.),(1.,0.695529065527266,1.),(1.,0.693734625696295,
1.),(1.,0.697693344179642,1.),(1.,0.698461481892677,1.)))
REPRESENTATION_ITEM('')
SURFACE()
);
#44=(
BOUNDED_SURFACE()
B_SPLINE_SURFACE(3,2,((#1724,#1725,#1726),(#1727,#1728,#1729),(#1730,#1731,
#1732),(#1733,#1734,#1735)),.UNSPECIFIED.,.F.,.F.,.F.)
B_SPLINE_SURFACE_WITH_KNOTS((4,4),(3,3),(0.,0.00339825293564358),(0.,1.),
 .PIECEWISE_BEZIER_KNOTS.)
GEOMETRIC_REPRESENTATION_ITEM()
RATIONAL_B_SPLINE_SURFACE(((1.,0.69846148189263,1.),(1.,0.700808928058911,
1.),(1.,0.703922197520677,1.),(1.,0.707106781186504,1.)))
REPRESENTATION_ITEM('')
SURFACE()
);
#45=(
BOUNDED_SURFACE()
B_SPLINE_SURFACE(3,2,((#1737,#1738,#1739),(#1740,#1741,#1742),(#1743,#1744,
#1745),(#1746,#1747,#1748)),.UNSPECIFIED.,.F.,.F.,.F.)
B_SPLINE_SURFACE_WITH_KNOTS((4,4),(3,3),(0.,0.00339832267903537),(0.,1.),
 .PIECEWISE_BEZIER_KNOTS.)
GEOMETRIC_REPRESENTATION_ITEM()
RATIONAL_B_SPLINE_SURFACE(((1.,0.707106781186547,1.),(1.,0.703922198242418,
1.),(1.,0.700808923420171,1.),(1.,0.698461481892656,1.)))
REPRESENTATION_ITEM('')
SURFACE()
);
#46=(
BOUNDED_SURFACE()
B_SPLINE_SURFACE(3,2,((#1754,#1755,#1756),(#1757,#1758,#1759),(#1760,#1761,
#1762),(#1763,#1764,#1765)),.UNSPECIFIED.,.F.,.F.,.F.)
B_SPLINE_SURFACE_WITH_KNOTS((4,4),(3,3),(0.,0.00341820178190571),(0.,1.),
 .PIECEWISE_BEZIER_KNOTS.)
GEOMETRIC_REPRESENTATION_ITEM()
RATIONAL_B_SPLINE_SURFACE(((1.,0.707106781186547,1.),(1.,0.705896229973073,
1.),(1.,0.704722222955207,1.),(1.,0.703844736456804,1.)))
REPRESENTATION_ITEM('')
SURFACE()
);
#47=(
BOUNDED_SURFACE()
B_SPLINE_SURFACE(3,2,((#1767,#1768,#1769),(#1770,#1771,#1772),(#1773,#1774,
#1775),(#1776,#1777,#1778)),.UNSPECIFIED.,.F.,.F.,.F.)
B_SPLINE_SURFACE_WITH_KNOTS((4,4),(3,3),(0.,0.00341818765858487),(0.,1.),
 .PIECEWISE_BEZIER_KNOTS.)
GEOMETRIC_REPRESENTATION_ITEM()
RATIONAL_B_SPLINE_SURFACE(((1.,0.703844736457417,1.),(1.,0.70472222422231,
1.),(1.,0.70589622855298,1.),(1.,0.707106781186531,1.)))
REPRESENTATION_ITEM('')
SURFACE()
);
#48=(
BOUNDED_SURFACE()
B_SPLINE_SURFACE(3,2,((#1780,#1781,#1782),(#1783,#1784,#1785),(#1786,#1787,
#1788),(#1789,#1790,#1791),(#1792,#1793,#1794),(#1795,#1796,#1797),(#1798,
#1799,#1800),(#1801,#1802,#1803),(#1804,#1805,#1806),(#1807,#1808,#1809)),
 .UNSPECIFIED.,.F.,.F.,.F.)
B_SPLINE_SURFACE_WITH_KNOTS((4,1,1,1,1,1,1,4),(3,3),(0.,0.00827393711478059,
0.0165478742295612,0.0206848427869515,0.0248218113443418,0.0289587799017321,
0.0310272641804272,0.0330957484591224),(0.,1.),.UNSPECIFIED.)
GEOMETRIC_REPRESENTATION_ITEM()
RATIONAL_B_SPLINE_SURFACE(((1.,0.703844736456813,1.),(1.,0.704386392701395,
1.),(1.,0.705229221086831,1.),(1.,0.705790138831561,1.),(1.,0.70616037891567,
1.),(1.,0.706205741007101,1.),(1.,0.706462173545422,1.),(1.,0.706386292725793,
1.),(1.,0.706927709546952,1.),(1.,0.707178614481371,1.)))
REPRESENTATION_ITEM('')
SURFACE()
);
#49=(
BOUNDED_SURFACE()
B_SPLINE_SURFACE(3,2,((#1823,#1824,#1825),(#1826,#1827,#1828),(#1829,#1830,
#1831),(#1832,#1833,#1834),(#1835,#1836,#1837),(#1838,#1839,#1840),(#1841,
#1842,#1843),(#1844,#1845,#1846),(#1847,#1848,#1849),(#1850,#1851,#1852)),
 .UNSPECIFIED.,.F.,.F.,.F.)
B_SPLINE_SURFACE_WITH_KNOTS((4,1,1,1,1,1,1,4),(3,3),(0.,0.00827390333697004,
0.0165478066739401,0.0206847583424251,0.0248217100109101,0.0289586616793951,
0.0310271375136376,0.0330956133478801),(0.,1.),.UNSPECIFIED.)
GEOMETRIC_REPRESENTATION_ITEM()
RATIONAL_B_SPLINE_SURFACE(((1.,0.703844736457416,1.),(1.,0.704386379653728,
1.),(1.,0.705229200758827,1.),(1.,0.70579012226517,1.),(1.,0.706160369517951,
1.),(1.,0.706205721745433,1.),(1.,0.706462192033004,1.),(1.,0.706386266814236,
1.),(1.,0.706927671951321,1.),(1.,0.707178629563049,1.)))
REPRESENTATION_ITEM('')
SURFACE()
);
#50=(
BOUNDED_SURFACE()
B_SPLINE_SURFACE(3,2,((#1853,#1854,#1855),(#1856,#1857,#1858),(#1859,#1860,
#1861),(#1862,#1863,#1864),(#1865,#1866,#1867),(#1868,#1869,#1870),(#1871,
#1872,#1873),(#1874,#1875,#1876),(#1877,#1878,#1879),(#1880,#1881,#1882),
(#1883,#1884,#1885),(#1886,#1887,#1888),(#1889,#1890,#1891),(#1892,#1893,
#1894),(#1895,#1896,#1897),(#1898,#1899,#1900),(#1901,#1902,#1903),(#1904,
#1905,#1906),(#1907,#1908,#1909),(#1910,#1911,#1912),(#1913,#1914,#1915),
(#1916,#1917,#1918),(#1919,#1920,#1921),(#1922,#1923,#1924),(#1925,#1926,
#1927),(#1928,#1929,#1930),(#1931,#1932,#1933),(#1934,#1935,#1936),(#1937,
#1938,#1939)),.UNSPECIFIED.,.F.,.F.,.F.)
B_SPLINE_SURFACE_WITH_KNOTS((4,1,1,1,1,1,1,1,1,1,1,1,1,1,1,1,1,1,1,1,1,
1,1,1,1,1,4),(3,3),(0.,0.000165707556118273,0.000331415112236547,0.000662830224473093,
0.00099424533670964,0.00132566044894619,0.00198849067341928,0.00265132089789237,
0.00331415112236547,0.00397698134683856,0.00530264179578475,0.00662830224473093,
0.00795396269367712,0.00927962314262331,0.0106052835915695,0.0132566044894619,
0.0159079253873542,0.0185592462852466,0.021210567183139,0.0265132089789237,
0.0318158507747085,0.0344671716726009,0.0371184925704932,0.0384441530194394,
0.0397698134683856,0.0410954739173318,0.042421134366278),(0.,1.),
 .UNSPECIFIED.)
GEOMETRIC_REPRESENTATION_ITEM()
RATIONAL_B_SPLINE_SURFACE(((1.,0.881674598767881,1.),(1.,0.88167402430169,
1.),(1.,0.873652008731397,1.),(1.,0.862079261395659,1.),(1.,0.844903393186943,
1.),(1.,0.82624690985401,1.),(1.,0.80526538923383,1.),(1.,0.785605534653704,
1.),(1.,0.771340297364705,1.),(1.,0.758239713852872,1.),(1.,0.745779013932038,
1.),(1.,0.737788124834962,1.),(1.,0.729211092629987,1.),(1.,0.723436971794257,
1.),(1.,0.720505007911176,1.),(1.,0.716910917340335,1.),(1.,0.721413326174121,
1.),(1.,0.714957706400505,1.),(1.,0.713259380893371,1.),(1.,0.710688642529271,
1.),(1.,0.709051580911754,1.),(1.,0.708027068760894,1.),(1.,0.707393333746765,
1.),(1.,0.707432573110083,1.),(1.,0.707128727487476,1.),(1.,0.706517076278509,
1.),(1.,0.707560944630383,1.),(1.,0.707174399022896,1.),(1.,0.707016218280573,
1.)))
REPRESENTATION_ITEM('')
SURFACE()
);
#51=(
BOUNDED_SURFACE()
B_SPLINE_SURFACE(3,2,((#1956,#1957,#1958),(#1959,#1960,#1961),(#1962,#1963,
#1964),(#1965,#1966,#1967),(#1968,#1969,#1970),(#1971,#1972,#1973),(#1974,
#1975,#1976),(#1977,#1978,#1979),(#1980,#1981,#1982),(#1983,#1984,#1985),
(#1986,#1987,#1988),(#1989,#1990,#1991),(#1992,#1993,#1994),(#1995,#1996,
#1997),(#1998,#1999,#2000),(#2001,#2002,#2003),(#2004,#2005,#2006),(#2007,
#2008,#2009),(#2010,#2011,#2012),(#2013,#2014,#2015),(#2016,#2017,#2018),
(#2019,#2020,#2021),(#2022,#2023,#2024),(#2025,#2026,#2027),(#2028,#2029,
#2030),(#2031,#2032,#2033),(#2034,#2035,#2036),(#2037,#2038,#2039),(#2040,
#2041,#2042)),.UNSPECIFIED.,.F.,.F.,.F.)
B_SPLINE_SURFACE_WITH_KNOTS((4,1,1,1,1,1,1,1,1,1,1,1,1,1,1,1,1,1,1,1,1,
1,1,1,1,1,4),(3,3),(0.,0.000165707556118275,0.00033141511223655,0.000662830224473099,
0.000994245336709649,0.0013256604489462,0.0019884906734193,0.0026513208978924,
0.0033141511223655,0.0039769813468386,0.00530264179578479,0.00662830224473099,
0.00795396269367719,0.00927962314262339,0.0106052835915696,0.013256604489462,
0.0159079253873544,0.0185592462852468,0.0212105671831392,0.026513208978924,
0.0318158507747088,0.0344671716726012,0.0371184925704936,0.0384441530194398,
0.039769813468386,0.0410954739173321,0.0424211343662783),(0.,1.),
 .UNSPECIFIED.)
GEOMETRIC_REPRESENTATION_ITEM()
RATIONAL_B_SPLINE_SURFACE(((1.,0.881674598767881,1.),(1.,0.881674024301762,
1.),(1.,0.873652008731378,1.),(1.,0.862079261395688,1.),(1.,0.844903393186931,
1.),(1.,0.826246909854054,1.),(1.,0.805265389233917,1.),(1.,0.785605534653747,
1.),(1.,0.771340297364754,1.),(1.,0.758239713852915,1.),(1.,0.745779013932081,
1.),(1.,0.737788124835036,1.),(1.,0.729211092630045,1.),(1.,0.723436971794291,
1.),(1.,0.720505007911239,1.),(1.,0.716910917340357,1.),(1.,0.721413326174188,
1.),(1.,0.714957706400537,1.),(1.,0.713259380893405,1.),(1.,0.710688642529336,
1.),(1.,0.709051580911792,1.),(1.,0.708027068761004,1.),(1.,0.707393333746836,
1.),(1.,0.707432573110038,1.),(1.,0.707128727487509,1.),(1.,0.70651707627848,
1.),(1.,0.707560944630519,1.),(1.,0.707174399022891,1.),(1.,0.707016218280617,
1.)))
REPRESENTATION_ITEM('')
SURFACE()
);
#52=CYLINDRICAL_SURFACE('',#601,7.5);
#53=CYLINDRICAL_SURFACE('',#604,7.5);
#54=CIRCLE('',#596,7.);
#55=CIRCLE('',#597,7.);
#56=CIRCLE('',#600,6.5);
#57=CIRCLE('',#602,7.5);
#58=CIRCLE('',#603,7.5);
#59=CIRCLE('',#605,7.5);
#60=CIRCLE('',#606,7.5);
#61=CIRCLE('',#608,6.5);
#62=CIRCLE('',#609,1.);
#63=CIRCLE('',#610,1.);
#64=CIRCLE('',#611,1.);
#65=CIRCLE('',#612,1.);
#66=CIRCLE('',#613,1.);
#67=CIRCLE('',#614,1.);
#68=CIRCLE('',#616,1.);
#69=CIRCLE('',#617,1.);
#70=CIRCLE('',#618,1.);
#71=CIRCLE('',#619,1.);
#72=CIRCLE('',#620,1.);
#73=CIRCLE('',#622,1.);
#74=CIRCLE('',#623,0.5);
#75=CIRCLE('',#624,0.5);
#76=CIRCLE('',#625,0.5);
#77=CIRCLE('',#626,0.5);
#78=CIRCLE('',#627,0.5);
#79=CIRCLE('',#629,0.5);
#80=CIRCLE('',#631,0.5);
#81=CIRCLE('',#632,0.5);
#82=CIRCLE('',#633,0.5);
#83=CIRCLE('',#634,0.5);
#84=PLANE('',#595);
#85=PLANE('',#598);
#86=PLANE('',#599);
#87=PLANE('',#607);
#88=ORIENTED_EDGE('',*,*,#264,.F.);
#89=ORIENTED_EDGE('',*,*,#265,.T.);
#90=ORIENTED_EDGE('',*,*,#266,.T.);
#91=ORIENTED_EDGE('',*,*,#267,.T.);
#92=ORIENTED_EDGE('',*,*,#268,.T.);
#93=ORIENTED_EDGE('',*,*,#269,.T.);
#94=ORIENTED_EDGE('',*,*,#270,.T.);
#95=ORIENTED_EDGE('',*,*,#271,.T.);
#96=ORIENTED_EDGE('',*,*,#272,.T.);
#97=ORIENTED_EDGE('',*,*,#273,.T.);
#98=ORIENTED_EDGE('',*,*,#274,.T.);
#99=ORIENTED_EDGE('',*,*,#275,.T.);
#100=ORIENTED_EDGE('',*,*,#276,.T.);
#101=ORIENTED_EDGE('',*,*,#266,.F.);
#102=ORIENTED_EDGE('',*,*,#277,.T.);
#103=ORIENTED_EDGE('',*,*,#264,.T.);
#104=ORIENTED_EDGE('',*,*,#278,.T.);
#105=ORIENTED_EDGE('',*,*,#279,.T.);
#106=ORIENTED_EDGE('',*,*,#280,.T.);
#107=ORIENTED_EDGE('',*,*,#281,.T.);
#108=ORIENTED_EDGE('',*,*,#282,.T.);
#109=ORIENTED_EDGE('',*,*,#283,.T.);
#110=ORIENTED_EDGE('',*,*,#284,.T.);
#111=ORIENTED_EDGE('',*,*,#285,.T.);
#112=ORIENTED_EDGE('',*,*,#286,.T.);
#113=ORIENTED_EDGE('',*,*,#287,.T.);
#114=ORIENTED_EDGE('',*,*,#288,.T.);
#115=ORIENTED_EDGE('',*,*,#289,.T.);
#116=ORIENTED_EDGE('',*,*,#290,.T.);
#117=ORIENTED_EDGE('',*,*,#291,.T.);
#118=ORIENTED_EDGE('',*,*,#292,.T.);
#119=ORIENTED_EDGE('',*,*,#293,.T.);
#120=ORIENTED_EDGE('',*,*,#294,.T.);
#121=ORIENTED_EDGE('',*,*,#295,.T.);
#122=ORIENTED_EDGE('',*,*,#296,.T.);
#123=ORIENTED_EDGE('',*,*,#297,.T.);
#124=ORIENTED_EDGE('',*,*,#298,.T.);
#125=ORIENTED_EDGE('',*,*,#299,.T.);
#126=ORIENTED_EDGE('',*,*,#300,.T.);
#127=ORIENTED_EDGE('',*,*,#301,.T.);
#128=ORIENTED_EDGE('',*,*,#302,.T.);
#129=ORIENTED_EDGE('',*,*,#303,.T.);
#130=ORIENTED_EDGE('',*,*,#304,.T.);
#131=ORIENTED_EDGE('',*,*,#305,.T.);
#132=ORIENTED_EDGE('',*,*,#306,.T.);
#133=ORIENTED_EDGE('',*,*,#307,.T.);
#134=ORIENTED_EDGE('',*,*,#308,.T.);
#135=ORIENTED_EDGE('',*,*,#309,.T.);
#136=ORIENTED_EDGE('',*,*,#310,.T.);
#137=ORIENTED_EDGE('',*,*,#311,.T.);
#138=ORIENTED_EDGE('',*,*,#304,.F.);
#139=ORIENTED_EDGE('',*,*,#312,.T.);
#140=ORIENTED_EDGE('',*,*,#286,.F.);
#141=ORIENTED_EDGE('',*,*,#285,.F.);
#142=ORIENTED_EDGE('',*,*,#313,.T.);
#143=ORIENTED_EDGE('',*,*,#308,.F.);
#144=ORIENTED_EDGE('',*,*,#314,.T.);
#145=ORIENTED_EDGE('',*,*,#275,.F.);
#146=ORIENTED_EDGE('',*,*,#315,.T.);
#147=ORIENTED_EDGE('',*,*,#268,.F.);
#148=ORIENTED_EDGE('',*,*,#316,.T.);
#149=ORIENTED_EDGE('',*,*,#306,.F.);
#150=ORIENTED_EDGE('',*,*,#317,.T.);
#151=ORIENTED_EDGE('',*,*,#269,.F.);
#152=ORIENTED_EDGE('',*,*,#279,.F.);
#153=ORIENTED_EDGE('',*,*,#318,.T.);
#154=ORIENTED_EDGE('',*,*,#302,.F.);
#155=ORIENTED_EDGE('',*,*,#319,.T.);
#156=ORIENTED_EDGE('',*,*,#320,.F.);
#157=ORIENTED_EDGE('',*,*,#280,.F.);
#158=ORIENTED_EDGE('',*,*,#321,.F.);
#159=ORIENTED_EDGE('',*,*,#282,.F.);
#160=ORIENTED_EDGE('',*,*,#322,.F.);
#161=ORIENTED_EDGE('',*,*,#300,.F.);
#162=ORIENTED_EDGE('',*,*,#323,.F.);
#163=ORIENTED_EDGE('',*,*,#324,.F.);
#164=ORIENTED_EDGE('',*,*,#284,.F.);
#165=ORIENTED_EDGE('',*,*,#325,.F.);
#166=ORIENTED_EDGE('',*,*,#321,.T.);
#167=ORIENTED_EDGE('',*,*,#319,.F.);
#168=ORIENTED_EDGE('',*,*,#326,.F.);
#169=ORIENTED_EDGE('',*,*,#281,.F.);
#170=ORIENTED_EDGE('',*,*,#320,.T.);
#171=ORIENTED_EDGE('',*,*,#327,.F.);
#172=ORIENTED_EDGE('',*,*,#322,.T.);
#173=ORIENTED_EDGE('',*,*,#283,.F.);
#174=ORIENTED_EDGE('',*,*,#323,.T.);
#175=ORIENTED_EDGE('',*,*,#328,.F.);
#176=ORIENTED_EDGE('',*,*,#325,.T.);
#177=ORIENTED_EDGE('',*,*,#313,.F.);
#178=ORIENTED_EDGE('',*,*,#324,.T.);
#179=ORIENTED_EDGE('',*,*,#329,.F.);
#180=ORIENTED_EDGE('',*,*,#326,.T.);
#181=ORIENTED_EDGE('',*,*,#305,.F.);
#182=ORIENTED_EDGE('',*,*,#329,.T.);
#183=ORIENTED_EDGE('',*,*,#328,.T.);
#184=ORIENTED_EDGE('',*,*,#301,.F.);
#185=ORIENTED_EDGE('',*,*,#327,.T.);
#186=ORIENTED_EDGE('',*,*,#330,.F.);
#187=ORIENTED_EDGE('',*,*,#270,.F.);
#188=ORIENTED_EDGE('',*,*,#331,.F.);
#189=ORIENTED_EDGE('',*,*,#272,.F.);
#190=ORIENTED_EDGE('',*,*,#332,.F.);
#191=ORIENTED_EDGE('',*,*,#310,.F.);
#192=ORIENTED_EDGE('',*,*,#333,.F.);
#193=ORIENTED_EDGE('',*,*,#331,.T.);
#194=ORIENTED_EDGE('',*,*,#317,.F.);
#195=ORIENTED_EDGE('',*,*,#334,.F.);
#196=ORIENTED_EDGE('',*,*,#271,.F.);
#197=ORIENTED_EDGE('',*,*,#330,.T.);
#198=ORIENTED_EDGE('',*,*,#335,.F.);
#199=ORIENTED_EDGE('',*,*,#332,.T.);
#200=ORIENTED_EDGE('',*,*,#273,.F.);
#201=ORIENTED_EDGE('',*,*,#333,.T.);
#202=ORIENTED_EDGE('',*,*,#336,.F.);
#203=ORIENTED_EDGE('',*,*,#337,.F.);
#204=ORIENTED_EDGE('',*,*,#334,.T.);
#205=ORIENTED_EDGE('',*,*,#309,.F.);
#206=ORIENTED_EDGE('',*,*,#338,.F.);
#207=ORIENTED_EDGE('',*,*,#336,.T.);
#208=ORIENTED_EDGE('',*,*,#311,.F.);
#209=ORIENTED_EDGE('',*,*,#335,.T.);
#210=ORIENTED_EDGE('',*,*,#274,.F.);
#211=ORIENTED_EDGE('',*,*,#337,.T.);
#212=ORIENTED_EDGE('',*,*,#339,.F.);
#213=ORIENTED_EDGE('',*,*,#338,.T.);
#214=ORIENTED_EDGE('',*,*,#315,.F.);
#215=ORIENTED_EDGE('',*,*,#339,.T.);
#216=ORIENTED_EDGE('',*,*,#340,.F.);
#217=ORIENTED_EDGE('',*,*,#267,.F.);
#218=ORIENTED_EDGE('',*,*,#341,.F.);
#219=ORIENTED_EDGE('',*,*,#294,.F.);
#220=ORIENTED_EDGE('',*,*,#341,.T.);
#221=ORIENTED_EDGE('',*,*,#287,.F.);
#222=ORIENTED_EDGE('',*,*,#342,.F.);
#223=ORIENTED_EDGE('',*,*,#295,.F.);
#224=ORIENTED_EDGE('',*,*,#340,.T.);
#225=ORIENTED_EDGE('',*,*,#293,.F.);
#226=ORIENTED_EDGE('',*,*,#343,.F.);
#227=ORIENTED_EDGE('',*,*,#316,.F.);
#228=ORIENTED_EDGE('',*,*,#342,.T.);
#229=ORIENTED_EDGE('',*,*,#312,.F.);
#230=ORIENTED_EDGE('',*,*,#344,.F.);
#231=ORIENTED_EDGE('',*,*,#296,.F.);
#232=ORIENTED_EDGE('',*,*,#343,.T.);
#233=ORIENTED_EDGE('',*,*,#292,.F.);
#234=ORIENTED_EDGE('',*,*,#345,.F.);
#235=ORIENTED_EDGE('',*,*,#307,.F.);
#236=ORIENTED_EDGE('',*,*,#344,.T.);
#237=ORIENTED_EDGE('',*,*,#303,.F.);
#238=ORIENTED_EDGE('',*,*,#346,.F.);
#239=ORIENTED_EDGE('',*,*,#297,.F.);
#240=ORIENTED_EDGE('',*,*,#345,.T.);
#241=ORIENTED_EDGE('',*,*,#291,.F.);
#242=ORIENTED_EDGE('',*,*,#347,.F.);
#243=ORIENTED_EDGE('',*,*,#314,.F.);
#244=ORIENTED_EDGE('',*,*,#346,.T.);
#245=ORIENTED_EDGE('',*,*,#318,.F.);
#246=ORIENTED_EDGE('',*,*,#348,.F.);
#247=ORIENTED_EDGE('',*,*,#288,.F.);
#248=ORIENTED_EDGE('',*,*,#347,.T.);
#249=ORIENTED_EDGE('',*,*,#290,.F.);
#250=ORIENTED_EDGE('',*,*,#349,.F.);
#251=ORIENTED_EDGE('',*,*,#276,.F.);
#252=ORIENTED_EDGE('',*,*,#348,.T.);
#253=ORIENTED_EDGE('',*,*,#278,.F.);
#254=ORIENTED_EDGE('',*,*,#349,.T.);
#255=ORIENTED_EDGE('',*,*,#289,.F.);
#256=ORIENTED_EDGE('',*,*,#350,.F.);
#257=ORIENTED_EDGE('',*,*,#298,.F.);
#258=ORIENTED_EDGE('',*,*,#351,.F.);
#259=ORIENTED_EDGE('',*,*,#265,.F.);
#260=ORIENTED_EDGE('',*,*,#351,.T.);
#261=ORIENTED_EDGE('',*,*,#299,.F.);
#262=ORIENTED_EDGE('',*,*,#350,.T.);
#263=ORIENTED_EDGE('',*,*,#277,.F.);
#264=EDGE_CURVE('',#352,#353,#402,.T.);
#265=EDGE_CURVE('',#352,#354,#403,.T.);
#266=EDGE_CURVE('',#354,#355,#404,.T.);
#267=EDGE_CURVE('',#355,#356,#405,.T.);
#268=EDGE_CURVE('',#356,#357,#406,.T.);
#269=EDGE_CURVE('',#357,#358,#407,.T.);
#270=EDGE_CURVE('',#358,#359,#408,.T.);
#271=EDGE_CURVE('',#359,#360,#409,.T.);
#272=EDGE_CURVE('',#360,#361,#410,.T.);
#273=EDGE_CURVE('',#361,#362,#411,.T.);
#274=EDGE_CURVE('',#362,#363,#412,.T.);
#275=EDGE_CURVE('',#363,#364,#413,.T.);
#276=EDGE_CURVE('',#364,#353,#414,.T.);
#277=EDGE_CURVE('',#354,#352,#415,.T.);
#278=EDGE_CURVE('',#353,#365,#416,.T.);
#279=EDGE_CURVE('',#365,#366,#417,.T.);
#280=EDGE_CURVE('',#366,#367,#418,.T.);
#281=EDGE_CURVE('',#367,#368,#419,.T.);
#282=EDGE_CURVE('',#368,#369,#420,.T.);
#283=EDGE_CURVE('',#369,#370,#421,.T.);
#284=EDGE_CURVE('',#370,#371,#422,.T.);
#285=EDGE_CURVE('',#371,#372,#423,.T.);
#286=EDGE_CURVE('',#372,#373,#424,.T.);
#287=EDGE_CURVE('',#373,#355,#425,.T.);
#288=EDGE_CURVE('',#374,#375,#426,.T.);
#289=EDGE_CURVE('',#375,#376,#427,.T.);
#290=EDGE_CURVE('',#376,#377,#428,.T.);
#291=EDGE_CURVE('',#377,#378,#429,.T.);
#292=EDGE_CURVE('',#378,#379,#54,.T.);
#293=EDGE_CURVE('',#379,#380,#430,.T.);
#294=EDGE_CURVE('',#380,#381,#431,.T.);
#295=EDGE_CURVE('',#381,#382,#432,.T.);
#296=EDGE_CURVE('',#382,#383,#433,.T.);
#297=EDGE_CURVE('',#383,#374,#55,.T.);
#298=EDGE_CURVE('',#384,#385,#434,.T.);
#299=EDGE_CURVE('',#385,#384,#435,.T.);
#300=EDGE_CURVE('',#386,#387,#436,.T.);
#301=EDGE_CURVE('',#387,#386,#56,.T.);
#302=EDGE_CURVE('',#388,#389,#437,.T.);
#303=EDGE_CURVE('',#389,#390,#57,.F.);
#304=EDGE_CURVE('',#390,#391,#438,.T.);
#305=EDGE_CURVE('',#391,#388,#58,.F.);
#306=EDGE_CURVE('',#392,#393,#439,.T.);
#307=EDGE_CURVE('',#393,#394,#59,.F.);
#308=EDGE_CURVE('',#394,#395,#440,.T.);
#309=EDGE_CURVE('',#395,#392,#60,.F.);
#310=EDGE_CURVE('',#396,#397,#441,.T.);
#311=EDGE_CURVE('',#397,#396,#61,.T.);
#312=EDGE_CURVE('',#390,#373,#442,.T.);
#313=EDGE_CURVE('',#371,#391,#443,.T.);
#314=EDGE_CURVE('',#394,#364,#444,.T.);
#315=EDGE_CURVE('',#363,#395,#445,.T.);
#316=EDGE_CURVE('',#356,#393,#446,.T.);
#317=EDGE_CURVE('',#392,#358,#447,.T.);
#318=EDGE_CURVE('',#365,#389,#448,.T.);
#319=EDGE_CURVE('',#388,#366,#449,.T.);
#320=EDGE_CURVE('',#367,#398,#62,.F.);
#321=EDGE_CURVE('',#398,#366,#450,.T.);
#322=EDGE_CURVE('',#387,#368,#63,.T.);
#323=EDGE_CURVE('',#369,#386,#64,.T.);
#324=EDGE_CURVE('',#371,#399,#451,.F.);
#325=EDGE_CURVE('',#399,#370,#65,.F.);
#326=EDGE_CURVE('',#398,#388,#66,.T.);
#327=EDGE_CURVE('',#387,#398,#452,.T.);
#328=EDGE_CURVE('',#399,#386,#453,.T.);
#329=EDGE_CURVE('',#391,#399,#67,.T.);
#330=EDGE_CURVE('',#359,#400,#68,.F.);
#331=EDGE_CURVE('',#400,#358,#454,.T.);
#332=EDGE_CURVE('',#397,#360,#69,.T.);
#333=EDGE_CURVE('',#361,#396,#70,.T.);
#334=EDGE_CURVE('',#400,#392,#71,.T.);
#335=EDGE_CURVE('',#397,#400,#455,.T.);
#336=EDGE_CURVE('',#401,#396,#456,.T.);
#337=EDGE_CURVE('',#362,#401,#72,.T.);
#338=EDGE_CURVE('',#401,#395,#73,.T.);
#339=EDGE_CURVE('',#363,#401,#457,.F.);
#340=EDGE_CURVE('',#356,#380,#74,.T.);
#341=EDGE_CURVE('',#381,#355,#75,.T.);
#342=EDGE_CURVE('',#382,#373,#76,.T.);
#343=EDGE_CURVE('',#393,#379,#77,.T.);
#344=EDGE_CURVE('',#383,#390,#78,.T.);
#345=EDGE_CURVE('',#394,#378,#79,.T.);
#346=EDGE_CURVE('',#374,#389,#80,.T.);
#347=EDGE_CURVE('',#364,#377,#81,.T.);
#348=EDGE_CURVE('',#375,#365,#82,.T.);
#349=EDGE_CURVE('',#353,#376,#458,.T.);
#350=EDGE_CURVE('',#385,#352,#459,.F.);
#351=EDGE_CURVE('',#354,#384,#83,.T.);
#352=VERTEX_POINT('',#834);
#353=VERTEX_POINT('',#835);
#354=VERTEX_POINT('',#856);
#355=VERTEX_POINT('',#861);
#356=VERTEX_POINT('',#876);
#357=VERTEX_POINT('',#881);
#358=VERTEX_POINT('',#886);
#359=VERTEX_POINT('',#891);
#360=VERTEX_POINT('',#896);
#361=VERTEX_POINT('',#901);
#362=VERTEX_POINT('',#906);
#363=VERTEX_POINT('',#911);
#364=VERTEX_POINT('',#916);
#365=VERTEX_POINT('',#1067);
#366=VERTEX_POINT('',#1072);
#367=VERTEX_POINT('',#1077);
#368=VERTEX_POINT('',#1082);
#369=VERTEX_POINT('',#1087);
#370=VERTEX_POINT('',#1092);
#371=VERTEX_POINT('',#1097);
#372=VERTEX_POINT('',#1102);
#373=VERTEX_POINT('',#1107);
#374=VERTEX_POINT('',#1127);
#375=VERTEX_POINT('',#1128);
#376=VERTEX_POINT('',#1135);
#377=VERTEX_POINT('',#1142);
#378=VERTEX_POINT('',#1147);
#379=VERTEX_POINT('',#1149);
#380=VERTEX_POINT('',#1154);
#381=VERTEX_POINT('',#1170);
#382=VERTEX_POINT('',#1186);
#383=VERTEX_POINT('',#1191);
#384=VERTEX_POINT('',#1215);
#385=VERTEX_POINT('',#1216);
#386=VERTEX_POINT('',#1243);
#387=VERTEX_POINT('',#1244);
#388=VERTEX_POINT('',#1251);
#389=VERTEX_POINT('',#1252);
#390=VERTEX_POINT('',#1254);
#391=VERTEX_POINT('',#1259);
#392=VERTEX_POINT('',#1266);
#393=VERTEX_POINT('',#1267);
#394=VERTEX_POINT('',#1269);
#395=VERTEX_POINT('',#1274);
#396=VERTEX_POINT('',#1281);
#397=VERTEX_POINT('',#1282);
#398=VERTEX_POINT('',#1380);
#399=VERTEX_POINT('',#1420);
#400=VERTEX_POINT('',#1500);
#401=VERTEX_POINT('',#1565);
#402=B_SPLINE_CURVE_WITH_KNOTS('',3,(#830,#831,#832,#833),.UNSPECIFIED.,
 .F.,.F.,(4,4),(0.,1.),.PIECEWISE_BEZIER_KNOTS.);
#403=B_SPLINE_CURVE_WITH_KNOTS('',3,(#836,#837,#838,#839,#840,#841,#842,
#843,#844,#845,#846,#847,#848,#849,#850,#851,#852,#853,#854,#855),
 .UNSPECIFIED.,.F.,.F.,(4,1,1,1,1,1,1,1,1,1,1,1,1,1,1,1,1,4),(1.39048664439199E-17,
0.00131701250356983,0.00263402500713964,0.00526805001427927,0.0079020750214189,
0.0105361000285585,0.0158041500428378,0.021072200057117,0.0263402500713963,
0.0289742750785359,0.0316083000856756,0.0342423250928152,0.0368763500999548,
0.0381933626035246,0.0395103751070944,0.0408273876106643,0.0414858938624492,
0.0421444001142341),.UNSPECIFIED.);
#404=B_SPLINE_CURVE_WITH_KNOTS('',3,(#857,#858,#859,#860),.UNSPECIFIED.,
 .F.,.F.,(4,4),(0.,1.),.PIECEWISE_BEZIER_KNOTS.);
#405=B_SPLINE_CURVE_WITH_KNOTS('',3,(#862,#863,#864,#865,#866,#867,#868,
#869,#870,#871,#872,#873,#874,#875),.UNSPECIFIED.,.F.,.F.,(4,1,1,1,1,1,
1,1,1,1,1,4),(-5.99999999664005E-8,0.00105963796938995,0.00211933593877986,
0.00423873187755968,0.00635812781633951,0.00847752375511933,0.012716315632679,
0.0169551075102386,0.0211938993877983,0.0254326912653579,0.0296714831429176,
0.0339102750204772),.UNSPECIFIED.);
#406=B_SPLINE_CURVE_WITH_KNOTS('',3,(#877,#878,#879,#880),.UNSPECIFIED.,
 .F.,.F.,(4,4),(0.000512332028347811,0.00639457947295596),.UNSPECIFIED.);
#407=B_SPLINE_CURVE_WITH_KNOTS('',3,(#882,#883,#884,#885),.UNSPECIFIED.,
 .F.,.F.,(4,4),(-5.99999999990318E-8,0.000638887375741121),
 .UNSPECIFIED.);
#408=B_SPLINE_CURVE_WITH_KNOTS('',3,(#887,#888,#889,#890),.UNSPECIFIED.,
 .F.,.F.,(4,4),(-1.06984979760768E-5,0.0034867164902241),.UNSPECIFIED.);
#409=B_SPLINE_CURVE_WITH_KNOTS('',3,(#892,#893,#894,#895),.UNSPECIFIED.,
 .F.,.F.,(4,4),(0.,0.00110027476312504),.UNSPECIFIED.);
#410=B_SPLINE_CURVE_WITH_KNOTS('',3,(#897,#898,#899,#900),.UNSPECIFIED.,
 .F.,.F.,(4,4),(0.00148992563308075,0.00963286651560933),.UNSPECIFIED.);
#411=B_SPLINE_CURVE_WITH_KNOTS('',3,(#902,#903,#904,#905),.UNSPECIFIED.,
 .F.,.F.,(4,4),(0.,0.00112397427972253),.UNSPECIFIED.);
#412=B_SPLINE_CURVE_WITH_KNOTS('',3,(#907,#908,#909,#910),.UNSPECIFIED.,
 .F.,.F.,(4,4),(0.,0.0035059139997122),.UNSPECIFIED.);
#413=B_SPLINE_CURVE_WITH_KNOTS('',3,(#912,#913,#914,#915),.UNSPECIFIED.,
 .F.,.F.,(4,4),(0.000990090521486069,0.00749630959428414),.UNSPECIFIED.);
#414=B_SPLINE_CURVE_WITH_KNOTS('',3,(#917,#918,#919,#920,#921,#922,#923,
#924,#925),.UNSPECIFIED.,.F.,.F.,(4,1,1,1,1,1,4),(1.39048664439199E-17,
0.00822751068940236,0.0164550213788047,0.0205687767235059,0.024682532068207,
0.0287962874129082,0.0329100427576094),.UNSPECIFIED.);
#415=B_SPLINE_CURVE_WITH_KNOTS('',3,(#1038,#1039,#1040,#1041,#1042,#1043,
#1044,#1045,#1046,#1047,#1048,#1049,#1050,#1051,#1052,#1053,#1054,#1055,
#1056,#1057),.UNSPECIFIED.,.F.,.F.,(4,1,1,1,1,1,1,1,1,1,1,1,1,1,1,1,1,4),
(-5.99999998765518E-8,0.000669186155314761,0.0013384323106294,0.00267692462125867,
0.00401541693188795,0.00535390924251723,0.00803089386377578,0.0107078784850343,
0.0133848631062929,0.0160618477275514,0.0214158169700685,0.0267697862125856,
0.0321237554551027,0.0348007400763613,0.0374777246976198,0.0401547093188784,
0.0414932016295077,0.0428316939401369),.UNSPECIFIED.);
#416=B_SPLINE_CURVE_WITH_KNOTS('',3,(#1058,#1059,#1060,#1061,#1062,#1063,
#1064,#1065,#1066),.UNSPECIFIED.,.F.,.F.,(4,1,1,1,1,1,4),(8.14450683182228E-15,
0.00411549692567704,0.00823099385134594,0.0123464907770148,0.0164619877026837,
0.0246929815540215,0.0329239754053593),.UNSPECIFIED.);
#417=B_SPLINE_CURVE_WITH_KNOTS('',3,(#1068,#1069,#1070,#1071),
 .UNSPECIFIED.,.F.,.F.,(4,4),(0.000504658092525637,0.007010877273004),
 .UNSPECIFIED.);
#418=B_SPLINE_CURVE_WITH_KNOTS('',3,(#1073,#1074,#1075,#1076),
 .UNSPECIFIED.,.F.,.F.,(4,4),(-1.08926431744747E-5,0.00350002288443299),
 .UNSPECIFIED.);
#419=B_SPLINE_CURVE_WITH_KNOTS('',3,(#1078,#1079,#1080,#1081),
 .UNSPECIFIED.,.F.,.F.,(4,4),(0.,0.0011239742796981),.UNSPECIFIED.);
#420=B_SPLINE_CURVE_WITH_KNOTS('',3,(#1083,#1084,#1085,#1086),
 .UNSPECIFIED.,.F.,.F.,(4,4),(0.00148734673452228,0.00963044487390922),
 .UNSPECIFIED.);
#421=B_SPLINE_CURVE_WITH_KNOTS('',3,(#1088,#1089,#1090,#1091),
 .UNSPECIFIED.,.F.,.F.,(4,4),(0.,0.00110027476312702),.UNSPECIFIED.);
#422=B_SPLINE_CURVE_WITH_KNOTS('',3,(#1093,#1094,#1095,#1096),
 .UNSPECIFIED.,.F.,.F.,(4,4),(8.67361737988404E-19,0.00348155460378928),
 .UNSPECIFIED.);
#423=B_SPLINE_CURVE_WITH_KNOTS('',3,(#1098,#1099,#1100,#1101),
 .UNSPECIFIED.,.F.,.F.,(4,4),(0.000970785824931453,0.00160973320070111),
 .UNSPECIFIED.);
#424=B_SPLINE_CURVE_WITH_KNOTS('',3,(#1103,#1104,#1105,#1106),
 .UNSPECIFIED.,.F.,.F.,(4,4),(-6.0000000003033E-8,0.00588219162199951),
 .UNSPECIFIED.);
#425=B_SPLINE_CURVE_WITH_KNOTS('',3,(#1108,#1109,#1110,#1111,#1112,#1113,
#1114,#1115,#1116,#1117,#1118,#1119,#1120,#1121),.UNSPECIFIED.,.F.,.F.,
(4,1,1,1,1,1,1,1,1,1,1,4),(6.9928938926747E-18,0.00417620910965079,0.00835241821930157,
0.0125286273289523,0.0167048364386031,0.0208810455482539,0.0250572546579047,
0.0271453592127301,0.0292334637675555,0.0313215683223809,0.0323656205997936,
0.0334096728772063),.UNSPECIFIED.);
#426=B_SPLINE_CURVE_WITH_KNOTS('',3,(#1123,#1124,#1125,#1126),
 .UNSPECIFIED.,.F.,.F.,(4,4),(1.2266347333467E-18,0.00348087472443164),
 .UNSPECIFIED.);
#427=B_SPLINE_CURVE_WITH_KNOTS('',3,(#1129,#1130,#1131,#1132,#1133,#1134),
 .UNSPECIFIED.,.F.,.F.,(4,1,1,4),(0.,0.0144426263235577,0.0216639394853366,
0.0288852526471154),.UNSPECIFIED.);
#428=B_SPLINE_CURVE_WITH_KNOTS('',3,(#1136,#1137,#1138,#1139,#1140,#1141),
 .UNSPECIFIED.,.F.,.F.,(4,1,1,4),(0.,0.00722131316177879,0.0144426263235576,
0.0288852526471152),.UNSPECIFIED.);
#429=B_SPLINE_CURVE_WITH_KNOTS('',3,(#1143,#1144,#1145,#1146),
 .UNSPECIFIED.,.F.,.F.,(4,4),(0.,0.00348087409920784),.UNSPECIFIED.);
#430=B_SPLINE_CURVE_WITH_KNOTS('',3,(#1150,#1151,#1152,#1153),
 .UNSPECIFIED.,.F.,.F.,(4,4),(0.,0.00345979507847942),.UNSPECIFIED.);
#431=B_SPLINE_CURVE_WITH_KNOTS('',3,(#1155,#1156,#1157,#1158,#1159,#1160,
#1161,#1162,#1163,#1164,#1165,#1166,#1167,#1168,#1169),.UNSPECIFIED.,.F.,
 .F.,(4,1,1,1,1,1,1,1,1,1,1,1,4),(0.,0.00409164837919399,0.00818329675838798,
0.012274945137582,0.016366593516776,0.02045824189597,0.022504066085567,
0.024549890275164,0.0265957144647609,0.0286415386543579,0.0306873628439549,
0.0317102749387534,0.0327331870335519),.UNSPECIFIED.);
#432=B_SPLINE_CURVE_WITH_KNOTS('',3,(#1171,#1172,#1173,#1174,#1175,#1176,
#1177,#1178,#1179,#1180,#1181,#1182,#1183,#1184,#1185),.UNSPECIFIED.,.F.,
 .F.,(4,1,1,1,1,1,1,1,1,1,1,1,4),(0.,0.00103596784363789,0.00207193568727577,
0.00414387137455155,0.00621580706182732,0.00828774274910309,0.0103596784363789,
0.0124316141236546,0.0165754854982062,0.0207193568727577,0.0248632282473093,
0.0290070996218608,0.0331509709964124),.UNSPECIFIED.);
#433=B_SPLINE_CURVE_WITH_KNOTS('',3,(#1187,#1188,#1189,#1190),
 .UNSPECIFIED.,.F.,.F.,(4,4),(0.,0.00345982485258265),.UNSPECIFIED.);
#434=B_SPLINE_CURVE_WITH_KNOTS('',3,(#1194,#1195,#1196,#1197,#1198,#1199,
#1200,#1201,#1202,#1203,#1204,#1205,#1206,#1207,#1208,#1209,#1210,#1211,
#1212,#1213,#1214),.UNSPECIFIED.,.F.,.F.,(4,1,1,1,1,1,1,1,1,1,1,1,1,1,1,
1,1,1,4),(0.,0.00029453282696738,0.000589065653934759,0.00117813130786952,
0.00176719696180428,0.00235626261573904,0.00353439392360856,0.00471252523147807,
0.00589065653934759,0.00706878784721711,0.00942505046295615,0.0117813130786952,
0.0141375756944342,0.0164938383101733,0.0188501009259123,0.0235626261573904,
0.0282751513888684,0.0329876766203465,0.0377002018518246),.UNSPECIFIED.);
#435=B_SPLINE_CURVE_WITH_KNOTS('',3,(#1217,#1218,#1219,#1220,#1221,#1222,
#1223,#1224,#1225,#1226,#1227,#1228,#1229,#1230,#1231,#1232,#1233,#1234,
#1235,#1236,#1237),.UNSPECIFIED.,.F.,.F.,(4,1,1,1,1,1,1,1,1,1,1,1,1,1,1,
1,1,1,4),(7.15244812269099E-18,0.00462824152148547,0.00925648304297094,
0.0138847245644564,0.0185129660859419,0.0208270868466846,0.0231412076074273,
0.0254553283681701,0.0277694491289128,0.0300835698896555,0.0312406302700269,
0.0323976906503983,0.0335547510307696,0.034711811411141,0.0352903416013267,
0.0358688717915124,0.036447401981698,0.0367366670767909,0.0370259321718837),
 .UNSPECIFIED.);
#436=B_SPLINE_CURVE_WITH_KNOTS('',3,(#1239,#1240,#1241,#1242),
 .UNSPECIFIED.,.F.,.F.,(4,4),(0.00149629340326721,0.00966634582460637),
 .UNSPECIFIED.);
#437=B_SPLINE_CURVE_WITH_KNOTS('',3,(#1247,#1248,#1249,#1250),
 .UNSPECIFIED.,.F.,.F.,(4,4),(0.0010000440842009,0.00750030630617237),
 .UNSPECIFIED.);
#438=B_SPLINE_CURVE_WITH_KNOTS('',3,(#1255,#1256,#1257,#1258),
 .UNSPECIFIED.,.F.,.F.,(4,4),(0.00050012959521018,0.00700215985194684),
 .UNSPECIFIED.);
#439=B_SPLINE_CURVE_WITH_KNOTS('',3,(#1262,#1263,#1264,#1265),
 .UNSPECIFIED.,.F.,.F.,(4,4),(0.00100040534100426,0.0075024318184093),
 .UNSPECIFIED.);
#440=B_SPLINE_CURVE_WITH_KNOTS('',3,(#1270,#1271,#1272,#1273),
 .UNSPECIFIED.,.F.,.F.,(4,4),(0.000500018639864424,0.00700028088772765),
 .UNSPECIFIED.);
#441=B_SPLINE_CURVE_WITH_KNOTS('',3,(#1277,#1278,#1279,#1280),
 .UNSPECIFIED.,.F.,.F.,(4,4),(0.00149114684882625,0.00966135769266674),
 .UNSPECIFIED.);
#442=B_SPLINE_CURVE_WITH_KNOTS('',3,(#1296,#1297,#1298,#1299),
 .UNSPECIFIED.,.F.,.F.,(4,4),(2.74283864732555E-18,0.00302115087864593),
 .UNSPECIFIED.);
#443=B_SPLINE_CURVE_WITH_KNOTS('',3,(#1300,#1301,#1302,#1303),
 .UNSPECIFIED.,.F.,.F.,(4,4),(1.39857877853494E-17,0.00309450991142216),
 .UNSPECIFIED.);
#444=B_SPLINE_CURVE_WITH_KNOTS('',3,(#1316,#1317,#1318,#1319),
 .UNSPECIFIED.,.F.,.F.,(4,4),(2.74283864732555E-18,0.00303846148068719),
 .UNSPECIFIED.);
#445=B_SPLINE_CURVE_WITH_KNOTS('',3,(#1320,#1321,#1322,#1323),
 .UNSPECIFIED.,.F.,.F.,(4,4),(7.80625564189563E-18,0.00313551356267659),
 .UNSPECIFIED.);
#446=B_SPLINE_CURVE_WITH_KNOTS('',3,(#1336,#1337,#1338,#1339),
 .UNSPECIFIED.,.F.,.F.,(4,4),(3.70537096895902E-18,0.0030210845968683),
 .UNSPECIFIED.);
#447=B_SPLINE_CURVE_WITH_KNOTS('',3,(#1340,#1341,#1342,#1343),
 .UNSPECIFIED.,.F.,.F.,(4,4),(7.79328262282267E-16,0.00309648430708794),
 .UNSPECIFIED.);
#448=B_SPLINE_CURVE_WITH_KNOTS('',3,(#1356,#1357,#1358,#1359),
 .UNSPECIFIED.,.F.,.F.,(4,4),(0.,0.00303844829404417),.UNSPECIFIED.);
#449=B_SPLINE_CURVE_WITH_KNOTS('',3,(#1360,#1361,#1362,#1363),
 .UNSPECIFIED.,.F.,.F.,(4,4),(1.2266347333467E-18,0.00314344201797367),
 .UNSPECIFIED.);
#450=B_SPLINE_CURVE_WITH_KNOTS('',3,(#1381,#1382,#1383,#1384,#1385),
 .UNSPECIFIED.,.F.,.F.,(4,1,4),(0.,0.00173814863799588,0.00347629727599176),
 .UNSPECIFIED.);
#451=B_SPLINE_CURVE_WITH_KNOTS('',3,(#1415,#1416,#1417,#1418,#1419),
 .UNSPECIFIED.,.F.,.F.,(4,1,4),(3.03576608295941E-18,0.00171994275227681,
0.00343988550455361),.UNSPECIFIED.);
#452=B_SPLINE_CURVE_WITH_KNOTS('',3,(#1447,#1448,#1449,#1450),
 .UNSPECIFIED.,.F.,.F.,(4,4),(8.97615166893174E-15,0.000895834621276269),
 .UNSPECIFIED.);
#453=B_SPLINE_CURVE_WITH_KNOTS('',3,(#1463,#1464,#1465,#1466),
 .UNSPECIFIED.,.F.,.F.,(4,4),(4.33680868994202E-19,0.000879697403673174),
 .UNSPECIFIED.);
#454=B_SPLINE_CURVE_WITH_KNOTS('',3,(#1501,#1502,#1503,#1504,#1505),
 .UNSPECIFIED.,.F.,.F.,(4,1,4),(3.63435953455413E-16,0.00171994275227726,
0.00343988550455416),.UNSPECIFIED.);
#455=B_SPLINE_CURVE_WITH_KNOTS('',3,(#1545,#1546,#1547,#1548),
 .UNSPECIFIED.,.F.,.F.,(4,4),(1.59181557183077E-16,0.000879697403670979),
 .UNSPECIFIED.);
#456=B_SPLINE_CURVE_WITH_KNOTS('',3,(#1561,#1562,#1563,#1564),
 .UNSPECIFIED.,.F.,.F.,(4,4),(8.67361737988405E-19,0.000895834621299048),
 .UNSPECIFIED.);
#457=B_SPLINE_CURVE_WITH_KNOTS('',3,(#1584,#1585,#1586,#1587,#1588),
 .UNSPECIFIED.,.F.,.F.,(4,1,4),(3.5762240613455E-18,0.00173482737925956,
0.00346965475851912),.UNSPECIFIED.);
#458=B_SPLINE_CURVE_WITH_KNOTS('',3,(#1810,#1811,#1812,#1813,#1814,#1815,
#1816,#1817,#1818,#1819,#1820,#1821,#1822),.UNSPECIFIED.,.F.,.F.,(4,1,1,
1,1,1,1,1,1,1,4),(0.,0.000129772527264699,0.000259545054529398,0.000519090109058797,
0.000778635163588195,0.00103818021811759,0.00155727032717639,0.00207636043623519,
0.00259545054529398,0.00311454065435278,0.00415272087247037),
 .UNSPECIFIED.);
#459=B_SPLINE_CURVE_WITH_KNOTS('',3,(#1940,#1941,#1942,#1943,#1944,#1945,
#1946,#1947,#1948,#1949,#1950,#1951,#1952,#1953,#1954),.UNSPECIFIED.,.F.,
 .F.,(4,1,1,1,1,1,1,1,1,1,1,1,4),(0.,6.99711591356144E-5,0.000139942318271229,
0.000279884636542458,0.000419826954813686,0.000559769273084915,0.000839653909627373,
0.00111953854616983,0.00167930781925475,0.00223907709233966,0.00279884636542457,
0.00335861563850949,0.00447815418467932),.UNSPECIFIED.);
#460=EDGE_LOOP('',(#88,#89,#90,#91,#92,#93,#94,#95,#96,#97,#98,#99,#100));
#461=EDGE_LOOP('',(#101,#102,#103,#104,#105,#106,#107,#108,#109,#110,#111,
#112,#113));
#462=EDGE_LOOP('',(#114,#115,#116,#117,#118,#119,#120,#121,#122,#123));
#463=EDGE_LOOP('',(#124,#125));
#464=EDGE_LOOP('',(#126,#127));
#465=EDGE_LOOP('',(#128,#129,#130,#131));
#466=EDGE_LOOP('',(#132,#133,#134,#135));
#467=EDGE_LOOP('',(#136,#137));
#468=EDGE_LOOP('',(#138,#139,#140,#141,#142));
#469=EDGE_LOOP('',(#143,#144,#145,#146));
#470=EDGE_LOOP('',(#147,#148,#149,#150,#151));
#471=EDGE_LOOP('',(#152,#153,#154,#155));
#472=EDGE_LOOP('',(#156,#157,#158));
#473=EDGE_LOOP('',(#159,#160,#161,#162));
#474=EDGE_LOOP('',(#163,#164,#165));
#475=EDGE_LOOP('',(#166,#167,#168));
#476=EDGE_LOOP('',(#169,#170,#171,#172));
#477=EDGE_LOOP('',(#173,#174,#175,#176));
#478=EDGE_LOOP('',(#177,#178,#179));
#479=EDGE_LOOP('',(#180,#181,#182,#183,#184,#185));
#480=EDGE_LOOP('',(#186,#187,#188));
#481=EDGE_LOOP('',(#189,#190,#191,#192));
#482=EDGE_LOOP('',(#193,#194,#195));
#483=EDGE_LOOP('',(#196,#197,#198,#199));
#484=EDGE_LOOP('',(#200,#201,#202,#203));
#485=EDGE_LOOP('',(#204,#205,#206,#207,#208,#209));
#486=EDGE_LOOP('',(#210,#211,#212));
#487=EDGE_LOOP('',(#213,#214,#215));
#488=EDGE_LOOP('',(#216,#217,#218,#219));
#489=EDGE_LOOP('',(#220,#221,#222,#223));
#490=EDGE_LOOP('',(#224,#225,#226,#227));
#491=EDGE_LOOP('',(#228,#229,#230,#231));
#492=EDGE_LOOP('',(#232,#233,#234,#235));
#493=EDGE_LOOP('',(#236,#237,#238,#239));
#494=EDGE_LOOP('',(#240,#241,#242,#243));
#495=EDGE_LOOP('',(#244,#245,#246,#247));
#496=EDGE_LOOP('',(#248,#249,#250,#251));
#497=EDGE_LOOP('',(#252,#253,#254,#255));
#498=EDGE_LOOP('',(#256,#257,#258,#259));
#499=EDGE_LOOP('',(#260,#261,#262,#263));
#500=FACE_BOUND('',#460,.T.);
#501=FACE_BOUND('',#461,.T.);
#502=FACE_BOUND('',#462,.T.);
#503=FACE_BOUND('',#463,.T.);
#504=FACE_BOUND('',#464,.T.);
#505=FACE_BOUND('',#465,.T.);
#506=FACE_BOUND('',#466,.T.);
#507=FACE_BOUND('',#467,.T.);
#508=FACE_BOUND('',#468,.T.);
#509=FACE_BOUND('',#469,.T.);
#510=FACE_BOUND('',#470,.T.);
#511=FACE_BOUND('',#471,.T.);
#512=FACE_BOUND('',#472,.T.);
#513=FACE_BOUND('',#473,.T.);
#514=FACE_BOUND('',#474,.T.);
#515=FACE_BOUND('',#475,.T.);
#516=FACE_BOUND('',#476,.T.);
#517=FACE_BOUND('',#477,.T.);
#518=FACE_BOUND('',#478,.T.);
#519=FACE_BOUND('',#479,.T.);
#520=FACE_BOUND('',#480,.T.);
#521=FACE_BOUND('',#481,.T.);
#522=FACE_BOUND('',#482,.T.);
#523=FACE_BOUND('',#483,.T.);
#524=FACE_BOUND('',#484,.T.);
#525=FACE_BOUND('',#485,.T.);
#526=FACE_BOUND('',#486,.T.);
#527=FACE_BOUND('',#487,.T.);
#528=FACE_BOUND('',#488,.T.);
#529=FACE_BOUND('',#489,.T.);
#530=FACE_BOUND('',#490,.T.);
#531=FACE_BOUND('',#491,.T.);
#532=FACE_BOUND('',#492,.T.);
#533=FACE_BOUND('',#493,.T.);
#534=FACE_BOUND('',#494,.T.);
#535=FACE_BOUND('',#495,.T.);
#536=FACE_BOUND('',#496,.T.);
#537=FACE_BOUND('',#497,.T.);
#538=FACE_BOUND('',#498,.T.);
#539=FACE_BOUND('',#499,.T.);
#540=B_SPLINE_SURFACE_WITH_KNOTS('',3,3,((#718,#719,#720,#721),(#722,#723,
#724,#725),(#726,#727,#728,#729),(#730,#731,#732,#733),(#734,#735,#736,
#737),(#738,#739,#740,#741),(#742,#743,#744,#745),(#746,#747,#748,#749),
(#750,#751,#752,#753),(#754,#755,#756,#757),(#758,#759,#760,#761),(#762,
#763,#764,#765),(#766,#767,#768,#769),(#770,#771,#772,#773),(#774,#775,
#776,#777),(#778,#779,#780,#781),(#782,#783,#784,#785),(#786,#787,#788,
#789),(#790,#791,#792,#793),(#794,#795,#796,#797),(#798,#799,#800,#801),
(#802,#803,#804,#805),(#806,#807,#808,#809),(#810,#811,#812,#813),(#814,
#815,#816,#817),(#818,#819,#820,#821),(#822,#823,#824,#825),(#826,#827,
#828,#829)),.UNSPECIFIED.,.F.,.F.,.F.,(4,2,2,2,2,2,2,2,2,2,2,2,2,4),(4,
4),(0.,0.03125,0.0625,0.125,0.25,0.5,0.625,0.6875,0.75,0.875,0.9375,0.96875,
0.984375,1.),(0.,0.997594401676505),.UNSPECIFIED.);
#541=B_SPLINE_SURFACE_WITH_KNOTS('',3,3,((#926,#927,#928,#929),(#930,#931,
#932,#933),(#934,#935,#936,#937),(#938,#939,#940,#941),(#942,#943,#944,
#945),(#946,#947,#948,#949),(#950,#951,#952,#953),(#954,#955,#956,#957),
(#958,#959,#960,#961),(#962,#963,#964,#965),(#966,#967,#968,#969),(#970,
#971,#972,#973),(#974,#975,#976,#977),(#978,#979,#980,#981),(#982,#983,
#984,#985),(#986,#987,#988,#989),(#990,#991,#992,#993),(#994,#995,#996,
#997),(#998,#999,#1000,#1001),(#1002,#1003,#1004,#1005),(#1006,#1007,#1008,
#1009),(#1010,#1011,#1012,#1013),(#1014,#1015,#1016,#1017),(#1018,#1019,
#1020,#1021),(#1022,#1023,#1024,#1025),(#1026,#1027,#1028,#1029),(#1030,
#1031,#1032,#1033),(#1034,#1035,#1036,#1037)),.UNSPECIFIED.,.F.,.F.,.F.,
(4,2,2,2,2,2,2,2,2,2,2,2,2,4),(4,4),(0.,0.015625,0.03125,0.0625,0.125,0.25,
0.3125,0.375,0.5,0.75,0.875,0.9375,0.96875,1.),(0.,0.997594401676505),
 .UNSPECIFIED.);
#542=ADVANCED_FACE('',(#500),#540,.T.);
#543=ADVANCED_FACE('',(#501),#541,.T.);
#544=ADVANCED_FACE('',(#502),#84,.T.);
#545=ADVANCED_FACE('',(#503),#85,.F.);
#546=ADVANCED_FACE('',(#504),#86,.T.);
#547=ADVANCED_FACE('',(#505),#52,.T.);
#548=ADVANCED_FACE('',(#506),#53,.T.);
#549=ADVANCED_FACE('',(#507),#87,.T.);
#550=ADVANCED_FACE('',(#508),#24,.F.);
#551=ADVANCED_FACE('',(#509),#25,.F.);
#552=ADVANCED_FACE('',(#510),#26,.F.);
#553=ADVANCED_FACE('',(#511),#27,.F.);
#554=ADVANCED_FACE('',(#512),#28,.F.);
#555=ADVANCED_FACE('',(#513),#29,.F.);
#556=ADVANCED_FACE('',(#514),#30,.F.);
#557=ADVANCED_FACE('',(#515),#31,.T.);
#558=ADVANCED_FACE('',(#516),#32,.F.);
#559=ADVANCED_FACE('',(#517),#33,.F.);
#560=ADVANCED_FACE('',(#518),#34,.T.);
#561=ADVANCED_FACE('',(#519),#20,.T.);
#562=ADVANCED_FACE('',(#520),#35,.F.);
#563=ADVANCED_FACE('',(#521),#36,.F.);
#564=ADVANCED_FACE('',(#522),#37,.T.);
#565=ADVANCED_FACE('',(#523),#38,.F.);
#566=ADVANCED_FACE('',(#524),#39,.F.);
#567=ADVANCED_FACE('',(#525),#21,.T.);
#568=ADVANCED_FACE('',(#526),#40,.F.);
#569=ADVANCED_FACE('',(#527),#41,.T.);
#570=ADVANCED_FACE('',(#528),#42,.T.);
#571=ADVANCED_FACE('',(#529),#43,.T.);
#572=ADVANCED_FACE('',(#530),#44,.T.);
#573=ADVANCED_FACE('',(#531),#45,.T.);
#574=ADVANCED_FACE('',(#532),#22,.T.);
#575=ADVANCED_FACE('',(#533),#23,.T.);
#576=ADVANCED_FACE('',(#534),#46,.T.);
#577=ADVANCED_FACE('',(#535),#47,.T.);
#578=ADVANCED_FACE('',(#536),#48,.T.);
#579=ADVANCED_FACE('',(#537),#49,.T.);
#580=ADVANCED_FACE('',(#538),#50,.T.);
#581=ADVANCED_FACE('',(#539),#51,.T.);
#582=CLOSED_SHELL('',(#542,#543,#544,#545,#546,#547,#548,#549,#550,#551,
#552,#553,#554,#555,#556,#557,#558,#559,#560,#561,#562,#563,#564,#565,#566,
#567,#568,#569,#570,#571,#572,#573,#574,#575,#576,#577,#578,#579,#580,#581));
#583=STYLED_ITEM('',(#584),#591);
#584=PRESENTATION_STYLE_ASSIGNMENT((#585));
#585=SURFACE_STYLE_USAGE(.BOTH.,#586);
#586=SURFACE_SIDE_STYLE('',(#587));
#587=SURFACE_STYLE_FILL_AREA(#588);
#588=FILL_AREA_STYLE('',(#589));
#589=FILL_AREA_STYLE_COLOUR('',#590);
#590=COLOUR_RGB('',0.800000011920929,0.,0.);
#591=MANIFOLD_SOLID_BREP('',#582);
#592=SHAPE_DEFINITION_REPRESENTATION(#2049,#593);
#593=SHAPE_REPRESENTATION('NACA0012_10_grad',(#594),#2044);
#594=AXIS2_PLACEMENT_3D('',#717,#635,#636);
#595=AXIS2_PLACEMENT_3D('',#1122,#637,#638);
#596=AXIS2_PLACEMENT_3D('',#1148,#639,#640);
#597=AXIS2_PLACEMENT_3D('',#1192,#641,#642);
#598=AXIS2_PLACEMENT_3D('',#1193,#643,#644);
#599=AXIS2_PLACEMENT_3D('',#1238,#645,#646);
#600=AXIS2_PLACEMENT_3D('',#1245,#647,#648);
#601=AXIS2_PLACEMENT_3D('',#1246,#649,#650);
#602=AXIS2_PLACEMENT_3D('',#1253,#651,#652);
#603=AXIS2_PLACEMENT_3D('',#1260,#653,#654);
#604=AXIS2_PLACEMENT_3D('',#1261,#655,#656);
#605=AXIS2_PLACEMENT_3D('',#1268,#657,#658);
#606=AXIS2_PLACEMENT_3D('',#1275,#659,#660);
#607=AXIS2_PLACEMENT_3D('',#1276,#661,#662);
#608=AXIS2_PLACEMENT_3D('',#1283,#663,#664);
#609=AXIS2_PLACEMENT_3D('',#1379,#665,#666);
#610=AXIS2_PLACEMENT_3D('',#1398,#667,#668);
#611=AXIS2_PLACEMENT_3D('',#1399,#669,#670);
#612=AXIS2_PLACEMENT_3D('',#1421,#671,#672);
#613=AXIS2_PLACEMENT_3D('',#1434,#673,#674);
#614=AXIS2_PLACEMENT_3D('',#1482,#675,#676);
#615=AXIS2_PLACEMENT_3D('',#1483,#677,#678);
#616=AXIS2_PLACEMENT_3D('',#1499,#679,#680);
#617=AXIS2_PLACEMENT_3D('',#1518,#681,#682);
#618=AXIS2_PLACEMENT_3D('',#1519,#683,#684);
#619=AXIS2_PLACEMENT_3D('',#1532,#685,#686);
#620=AXIS2_PLACEMENT_3D('',#1566,#687,#688);
#621=AXIS2_PLACEMENT_3D('',#1567,#689,#690);
#622=AXIS2_PLACEMENT_3D('',#1568,#691,#692);
#623=AXIS2_PLACEMENT_3D('',#1664,#693,#694);
#624=AXIS2_PLACEMENT_3D('',#1665,#695,#696);
#625=AXIS2_PLACEMENT_3D('',#1723,#697,#698);
#626=AXIS2_PLACEMENT_3D('',#1736,#699,#700);
#627=AXIS2_PLACEMENT_3D('',#1749,#701,#702);
#628=AXIS2_PLACEMENT_3D('',#1750,#703,#704);
#629=AXIS2_PLACEMENT_3D('',#1751,#705,#706);
#630=AXIS2_PLACEMENT_3D('',#1752,#707,#708);
#631=AXIS2_PLACEMENT_3D('',#1753,#709,#710);
#632=AXIS2_PLACEMENT_3D('',#1766,#711,#712);
#633=AXIS2_PLACEMENT_3D('',#1779,#713,#714);
#634=AXIS2_PLACEMENT_3D('',#1955,#715,#716);
#635=DIRECTION('',(0.,0.,1.));
#636=DIRECTION('',(1.,0.,0.));
#637=DIRECTION('',(0.,0.,-1.));
#638=DIRECTION('',(-0.984807753012208,0.17364817766693,0.));
#639=DIRECTION('',(0.,0.,-1.));
#640=DIRECTION('',(-0.984807753012208,0.17364817766693,0.));
#641=DIRECTION('',(0.,0.,-1.));
#642=DIRECTION('',(-0.984807753012208,0.17364817766693,0.));
#643=DIRECTION('',(-1.68137121010022E-13,-4.04249430083118E-14,-1.));
#644=DIRECTION('',(-0.984807753012208,0.17364817766693,1.58563022654139E-13));
#645=DIRECTION('',(0.,0.,1.));
#646=DIRECTION('',(0.984807753012208,-0.17364817766693,0.));
#647=DIRECTION('',(0.,0.,1.));
#648=DIRECTION('',(0.984807753012208,-0.17364817766693,0.));
#649=DIRECTION('',(0.,0.,-1.));
#650=DIRECTION('',(-0.984807753012208,0.17364817766693,0.));
#651=DIRECTION('',(0.,0.,-1.));
#652=DIRECTION('',(-0.984807753012208,0.17364817766693,0.));
#653=DIRECTION('',(0.,0.,1.));
#654=DIRECTION('',(0.984807753012208,-0.17364817766693,0.));
#655=DIRECTION('',(0.,0.,-1.));
#656=DIRECTION('',(-0.984807753012208,0.17364817766693,0.));
#657=DIRECTION('',(0.,0.,-1.));
#658=DIRECTION('',(-0.984807753012208,0.17364817766693,0.));
#659=DIRECTION('',(0.,0.,1.));
#660=DIRECTION('',(0.984807753012208,-0.17364817766693,0.));
#661=DIRECTION('',(0.,0.,1.));
#662=DIRECTION('',(0.984807753012208,-0.17364817766693,0.));
#663=DIRECTION('',(0.,0.,1.));
#664=DIRECTION('',(0.984807753012208,-0.17364817766693,0.));
#665=DIRECTION('',(-0.933948259671269,0.229417791399658,0.274058616442379));
#666=DIRECTION('',(0.270445232122931,-0.0476867912272363,0.961553610759392));
#667=DIRECTION('',(-0.970989395774256,0.239122548694063,0.));
#668=DIRECTION('',(-0.239122548694063,-0.970989395774256,0.));
#669=DIRECTION('',(0.977117225394766,-0.212701499376082,6.93339723775877E-15));
#670=DIRECTION('',(0.212701499376082,0.977117225394766,0.));
#671=DIRECTION('',(0.941151018917964,-0.207363281060455,0.266899286731009));
#672=DIRECTION('',(0.263063357031052,-0.0463851674803183,-0.963662848939076));
#673=DIRECTION('',(-0.51476638433892,0.857330490274687,0.));
#674=DIRECTION('',(-0.857330490274687,-0.51476638433892,0.));
#675=DIRECTION('',(0.841857791288113,0.53969941564495,3.52679989449888E-15));
#676=DIRECTION('',(-0.53969941564495,0.841857791288113,0.));
#677=DIRECTION('',(0.,0.,1.));
#678=DIRECTION('',(0.984807753012208,-0.17364817766693,0.));
#679=DIRECTION('',(0.955315086631324,-0.1270348613468,0.266899286730379));
#680=DIRECTION('',(0.263063357030432,-0.046385167480209,-0.96366284893925));
#681=DIRECTION('',(0.99093804364842,-0.134319744081957,0.));
#682=DIRECTION('',(0.134319744081957,0.99093804364842,0.));
#683=DIRECTION('',(-0.994216298447271,0.107396237838235,6.92335827467184E-15));
#684=DIRECTION('',(-0.107396237838235,-0.994216298447271,0.));
#685=DIRECTION('',(0.60649948273295,-0.795083880760177,0.));
#686=DIRECTION('',(0.795083880760177,0.60649948273295,0.));
#687=DIRECTION('',(-0.956089793704492,0.103846911974779,0.274058616444375));
#688=DIRECTION('',(0.270445232124925,-0.0476867912275879,0.961553610758814));
#689=DIRECTION('',(0.,0.,1.));
#690=DIRECTION('',(0.984807753012208,-0.17364817766693,0.));
#691=DIRECTION('',(0.776946469952669,0.629566662735637,0.));
#692=DIRECTION('',(-0.629566662735637,0.776946469952669,0.));
#693=DIRECTION('',(0.990619084115775,-0.136652223493157,6.49533023831285E-17));
#694=DIRECTION('',(0.136652223493157,0.990619084115775,0.));
#695=DIRECTION('',(0.17364817766693,0.984807753012208,0.));
#696=DIRECTION('',(-0.984807753012208,0.17364817766693,0.));
#697=DIRECTION('',(0.977615256418189,-0.210400595099914,0.));
#698=DIRECTION('',(0.210400595099914,0.977615256418189,0.));
#699=DIRECTION('',(0.623559448591653,-0.78177593597659,4.05587980263565E-15));
#700=DIRECTION('',(0.78177593597659,0.623559448591653,0.));
#701=DIRECTION('',(0.853337330134189,0.52135918616579,0.));
#702=DIRECTION('',(-0.52135918616579,0.853337330134189,0.));
#703=DIRECTION('',(0.,0.,-1.));
#704=DIRECTION('',(-0.984807753012208,0.17364817766693,0.));
#705=DIRECTION('',(0.781823287867669,0.623500077424044,-2.60135628124095E-15));
#706=DIRECTION('',(-0.623500077424044,0.781823287867669,0.));
#707=DIRECTION('',(0.,0.,-1.));
#708=DIRECTION('',(-0.984807753012208,0.17364817766693,0.));
#709=DIRECTION('',(0.521423988523777,-0.853297734786608,0.));
#710=DIRECTION('',(0.853297734786608,0.521423988523777,0.));
#711=DIRECTION('',(0.99573169022783,-0.0922951844682507,-1.35464928717584E-14));
#712=DIRECTION('',(0.0922951844682507,0.99573169022783,0.));
#713=DIRECTION('',(0.967248533809929,-0.253831191626527,0.));
#714=DIRECTION('',(0.253831191626527,0.967248533809929,0.));
#715=DIRECTION('',(0.173648177666898,0.984807753012214,-1.13241579640256E-13));
#716=DIRECTION('',(1.96641939406549E-14,1.11521185593073E-13,1.));
#717=CARTESIAN_POINT('',(0.,0.,0.));
#718=CARTESIAN_POINT('',(40.3771178735005,-7.11957528434415,60.));
#719=CARTESIAN_POINT('',(40.3771178748114,-7.11957528457529,40.0481119664699));
#720=CARTESIAN_POINT('',(40.3771178733434,-7.11957528431644,20.0962239329398));
#721=CARTESIAN_POINT('',(40.3771178734994,-7.11957528434395,0.144335899409711));
#722=CARTESIAN_POINT('',(39.9437580914529,-7.05853422320761,60.));
#723=CARTESIAN_POINT('',(39.8022606965261,-7.0476721907061,40.0481119664762));
#724=CARTESIAN_POINT('',(39.6598811341509,-7.045512068822,20.0962239329345));
#725=CARTESIAN_POINT('',(39.516619399496,-7.05205385670287,0.144335899409673));
#726=CARTESIAN_POINT('',(39.5103896998939,-7.00002540256874,60.));
#727=CARTESIAN_POINT('',(39.2273058128465,-6.98059288973251,40.0481119664751));
#728=CARTESIAN_POINT('',(38.942373588003,-6.97999493261114,20.0962239329494));
#729=CARTESIAN_POINT('',(38.6555930264003,-6.99823153138814,0.14433589940978));
#730=CARTESIAN_POINT('',(38.6386501817744,-6.94222629618489,60.));
#731=CARTESIAN_POINT('',(38.0719893031499,-6.9123248574812,40.0481119664596));
#732=CARTESIAN_POINT('',(37.5027341439795,-6.90931884351211,20.0962239329167));
#733=CARTESIAN_POINT('',(36.9308847028266,-6.9332082540245,0.144335899409544));
#734=CARTESIAN_POINT('',(38.2010256324833,-6.93486608027047,60.));
#735=CARTESIAN_POINT('',(37.4924701924211,-6.90165612989429,40.0481119664297));
#736=CARTESIAN_POINT('',(36.7813983362055,-6.89444551703356,20.0962239329785));
#737=CARTESIAN_POINT('',(36.0678100704503,-6.91323424284481,0.144335899409991));
#738=CARTESIAN_POINT('',(36.8884222866894,-6.90775214235962,60.));
#739=CARTESIAN_POINT('',(35.7544789528002,-6.85895928943139,40.0481119664713));
#740=CARTESIAN_POINT('',(34.618455348316,-6.82956065539886,20.0962239329204));
#741=CARTESIAN_POINT('',(33.4803514721368,-6.81955624006237,0.144335899409571));
#742=CARTESIAN_POINT('',(36.0157218342502,-6.85758532094423,60.));
#743=CARTESIAN_POINT('',(34.5984810231986,-6.79260734833213,40.0481119664913));
#744=CARTESIAN_POINT('',(33.1789894541915,-6.74711123517542,20.0962239328398));
#745=CARTESIAN_POINT('',(31.7572471221246,-6.72109698056591,0.144335899408989));
#746=CARTESIAN_POINT('',(33.3966179742281,-6.7157437114412,60.));
#747=CARTESIAN_POINT('',(31.1293020592999,-6.60558718023879,40.0481119665034));
#748=CARTESIAN_POINT('',(28.8593626663205,-6.51572793730685,20.096223932911));
#749=CARTESIAN_POINT('',(26.5867997936582,-6.44616598231599,0.144335899409502));
#750=CARTESIAN_POINT('',(31.6505961109834,-6.61504701803148,60.));
#751=CARTESIAN_POINT('',(28.8168178258089,-6.4700438522957,40.048111966331));
#752=CARTESIAN_POINT('',(25.9804001845587,-6.34321770321732,20.0962239329879));
#753=CARTESIAN_POINT('',(23.1413431911405,-6.23456857144973,0.14433589941006));
#754=CARTESIAN_POINT('',(26.4167440727011,-6.25442737735268,60.));
#755=CARTESIAN_POINT('',(21.8846001995085,-5.99020897068449,40.0481119665729));
#756=CARTESIAN_POINT('',(17.3494331480699,-5.7420043327037,20.0962239329782));
#757=CARTESIAN_POINT('',(12.8112429175372,-5.50981346329812,0.144335899409987));
#758=CARTESIAN_POINT('',(22.9310433095773,-5.95804695018094,60.));
#759=CARTESIAN_POINT('',(17.2678206796736,-5.59624555370995,40.0481119664634));
#760=CARTESIAN_POINT('',(11.6013369796606,-5.2490652139096,20.0962239329325));
#761=CARTESIAN_POINT('',(5.93159220952807,-4.91650593082132,0.144335899409658));
#762=CARTESIAN_POINT('',(17.7167247863763,-5.37965447940231,60.));
#763=CARTESIAN_POINT('',(10.3615517334071,-4.82803304036962,40.0481119663991));
#764=CARTESIAN_POINT('',(3.00280977943721,-4.28891346435861,20.0962239328075));
#765=CARTESIAN_POINT('',(-4.35950107602529,-3.76229575126666,0.144335899408757));
#766=CARTESIAN_POINT('',(15.9811587482356,-5.16281887550714,60.));
#767=CARTESIAN_POINT('',(8.06280627569524,-4.54024595274592,40.0481119664474));
#768=CARTESIAN_POINT('',(0.140762808925646,-3.92958560919326,20.0962239327985));
#769=CARTESIAN_POINT('',(-7.78497165295915,-3.33083784476975,0.144335899408692));
#770=CARTESIAN_POINT('',(13.3858309062517,-4.78157750225675,60.));
#771=CARTESIAN_POINT('',(4.62552223102953,-4.0333614168502,40.0481119664434));
#772=CARTESIAN_POINT('',(-4.13845553532022,-3.29514985170663,20.0962239327951));
#773=CARTESIAN_POINT('',(-12.9061023935841,-2.56694280660056,0.144335899408667));
#774=CARTESIAN_POINT('',(12.5242609464106,-4.63202589628583,60.));
#775=CARTESIAN_POINT('',(3.48448843081797,-3.83442560268467,40.0481119663515));
#776=CARTESIAN_POINT('',(-5.55890694732378,-3.04598646285178,20.0962239327238));
#777=CARTESIAN_POINT('',(-14.6059251886506,-2.26670847673218,0.144335899408154));
#778=CARTESIAN_POINT('',(10.798749302298,-4.34791044136343,60.));
#779=CARTESIAN_POINT('',(1.19882375751426,-3.45922634339191,40.048111966425));
#780=CARTESIAN_POINT('',(-8.40507591358931,-2.58076347674065,20.0962239330543));
#781=CARTESIAN_POINT('',(-18.0129497100355,-1.71252184154852,0.144335899410538));
#782=CARTESIAN_POINT('',(9.93383539940943,-4.21914995813763,60.));
#783=CARTESIAN_POINT('',(0.0532882883565343,-3.28825969879762,40.0481119664413));
#784=CARTESIAN_POINT('',(-9.83125765129225,-2.36716869925944,20.0962239326971));
#785=CARTESIAN_POINT('',(-19.7198024208097,-1.45587695934785,0.14433589940796));
#786=CARTESIAN_POINT('',(7.3470569723943,-3.78394499410977,60.));
#787=CARTESIAN_POINT('',(-3.37280731801135,-2.71087744204419,40.0481119663804));
#788=CARTESIAN_POINT('',(-14.0967795217393,-1.64664787016863,20.0962239326998));
#789=CARTESIAN_POINT('',(-24.8248596395948,-0.591256278198152,0.14433589940798));
#790=CARTESIAN_POINT('',(5.62200489755217,-3.46820069579927,60.0000000000001));
#791=CARTESIAN_POINT('',(-5.65752001865384,-2.29149511143766,40.0481119663264));
#792=CARTESIAN_POINT('',(-16.9411699818004,-1.1224557286761,20.0962239327998));
#793=CARTESIAN_POINT('',(-28.2289449918708,0.0389174524301125,0.144335899408703));
#794=CARTESIAN_POINT('',(3.11002715288667,-2.71191556297819,60.));
#795=CARTESIAN_POINT('',(-8.98390236742711,-1.28716941937144,40.0481119664712));
#796=CARTESIAN_POINT('',(-21.0814376142331,0.132524533935651,20.096223932737));
#797=CARTESIAN_POINT('',(-33.1825785885146,1.54716629714353,0.144335899408247));
#798=CARTESIAN_POINT('',(2.28012069921297,-2.41457642912445,60.0000000000001));
#799=CARTESIAN_POINT('',(-10.0828046668747,-0.892316055992454,40.0481119666452));
#800=CARTESIAN_POINT('',(-22.449099072239,0.625915208119097,20.0962239330285));
#801=CARTESIAN_POINT('',(-34.8187625172791,2.14011736339879,0.144335899410348));
#802=CARTESIAN_POINT('',(1.14186918916299,-1.76258134448796,60.));
#803=CARTESIAN_POINT('',(-11.5894097647283,-0.0269256855597501,40.0481119663321));
#804=CARTESIAN_POINT('',(-24.3231632905736,1.70652517296312,20.0962239329323));
#805=CARTESIAN_POINT('',(-37.0593913877698,3.43777123100751,0.144335899409659));
#806=CARTESIAN_POINT('',(0.778832554961377,-1.50963602125947,60.));
#807=CARTESIAN_POINT('',(-12.0698335120437,0.308792649695465,40.0481119664121));
#808=CARTESIAN_POINT('',(-24.920594992113,2.12570972814444,20.0962239327302));
#809=CARTESIAN_POINT('',(-37.7734518859364,3.94111521418387,0.144335899408199));
#810=CARTESIAN_POINT('',(0.335066921363074,-1.02305741938781,60.));
#811=CARTESIAN_POINT('',(-12.6566709768459,0.954112897887631,40.0481119663634));
#812=CARTESIAN_POINT('',(-25.649633185125,2.93063330797228,20.0962239330661));
#813=CARTESIAN_POINT('',(-38.6438197024326,4.90650381068009,0.144335899410624));
#814=CARTESIAN_POINT('',(0.207985054936935,-0.845285321296122,60.));
#815=CARTESIAN_POINT('',(-12.8245990892661,1.18976692654262,40.0481119663452));
#816=CARTESIAN_POINT('',(-25.8580359780449,3.22437261950629,20.0962239330175));
#817=CARTESIAN_POINT('',(-38.8923256104971,5.25853175743271,0.144335899410274));
#818=CARTESIAN_POINT('',(0.0244381563723542,-0.443846686341146,60.));
#819=CARTESIAN_POINT('',(-13.0671790585966,1.72189098293367,40.0481119666188));
#820=CARTESIAN_POINT('',(-26.1591493557867,3.88762037742699,20.0962239327469));
#821=CARTESIAN_POINT('',(-39.2514727367138,6.05334149740686,0.144335899408316));
#822=CARTESIAN_POINT('',(-0.0376384982539762,-0.213458530865528,60.));
#823=CARTESIAN_POINT('',(-13.1490326315398,2.02702621817464,40.0481119664699));
#824=CARTESIAN_POINT('',(-26.2604274793235,4.26750691355247,20.096223932761));
#825=CARTESIAN_POINT('',(-39.3718230423954,6.50798355540547,0.144335899408421));
#826=CARTESIAN_POINT('',(6.82876977061012E-15,-1.23161954907007E-15,60.));
#827=CARTESIAN_POINT('',(-13.099182681768,2.30973933202476,40.0481119664699));
#828=CARTESIAN_POINT('',(-26.1983653632718,4.61947866400295,20.0962239327611));
#829=CARTESIAN_POINT('',(-39.297548045302,6.92921799607393,0.144335899408421));
#830=CARTESIAN_POINT('',(40.3771178735005,-7.11957528434415,60.));
#831=CARTESIAN_POINT('',(40.3771178748146,-7.11957528457585,40.));
#832=CARTESIAN_POINT('',(40.3771178733363,-7.11957528431519,20.));
#833=CARTESIAN_POINT('',(40.3771178735005,-7.11957528434415,0.));
#834=CARTESIAN_POINT('',(40.3771178735328,-7.11957528434984,59.4999999999946));
#835=CARTESIAN_POINT('',(40.3771178734968,-7.11957528434348,0.500000000000332));
#836=CARTESIAN_POINT('',(40.3771178735328,-7.11957528434984,59.4999999999946));
#837=CARTESIAN_POINT('',(39.9412056042846,-7.05840328088534,59.5002263593093));
#838=CARTESIAN_POINT('',(39.0688286555798,-6.94439144161048,59.5002827990734));
#839=CARTESIAN_POINT('',(37.3101066448934,-6.92703694630284,59.4989125429243));
#840=CARTESIAN_POINT('',(35.1180131459141,-6.81026244502219,59.5007338036728));
#841=CARTESIAN_POINT('',(32.4878713545958,-6.66422839830753,59.5003853194391));
#842=CARTESIAN_POINT('',(28.983014588515,-6.44087796454395,59.5015216683635));
#843=CARTESIAN_POINT('',(24.605067384512,-6.10404313690272,59.5028700961999));
#844=CARTESIAN_POINT('',(19.3622120935454,-5.58702174537375,59.5061417548359));
#845=CARTESIAN_POINT('',(15.0068188368755,-5.0661756181647,59.5108703723858));
#846=CARTESIAN_POINT('',(11.5453942606659,-4.4814100234352,59.518815160168));
#847=CARTESIAN_POINT('',(8.94483925647619,-4.07934614888023,59.5153294885984));
#848=CARTESIAN_POINT('',(6.34953275693576,-3.62409101666076,59.525710910191));
#849=CARTESIAN_POINT('',(4.21147103328858,-3.11487281226589,59.5433501893886));
#850=CARTESIAN_POINT('',(2.54834898801633,-2.57558872863322,59.5711414484894));
#851=CARTESIAN_POINT('',(1.33968136097022,-2.02866398656067,59.6084132224403));
#852=CARTESIAN_POINT('',(0.417707923990222,-1.39201223476815,59.6684698312473));
#853=CARTESIAN_POINT('',(-0.0869363937258793,-0.651843220294179,59.7403196376499));
#854=CARTESIAN_POINT('',(-0.184286765020576,-0.19039352840157,59.7773500981125));
#855=CARTESIAN_POINT('',(-0.146178233057422,0.0257751664803135,59.7773500981125));
#856=CARTESIAN_POINT('',(-0.146178233057429,0.0257751664803147,59.7773500981125));
#857=CARTESIAN_POINT('',(6.82876977061012E-15,-1.23161954907007E-15,60.));
#858=CARTESIAN_POINT('',(-13.1307700401628,2.31530903555907,40.));
#859=CARTESIAN_POINT('',(-26.2615400800602,4.63061807107136,19.9999999998204));
#860=CARTESIAN_POINT('',(-39.3923101204883,6.94592710667721,0.));
#861=CARTESIAN_POINT('',(-38.8819498515196,6.8559368213764,0.77735009811793));
#862=CARTESIAN_POINT('',(-38.8819498515196,6.8559368213764,0.777350098117931));
#863=CARTESIAN_POINT('',(-38.9432864225268,6.50807027414359,0.777352590108728));
#864=CARTESIAN_POINT('',(-38.8224653531685,5.79625812733464,0.750154399294248));
#865=CARTESIAN_POINT('',(-38.1476878093721,4.55753980073888,0.697076459120581));
#866=CARTESIAN_POINT('',(-36.8193948484225,3.39356802559043,0.633408777059296));
#867=CARTESIAN_POINT('',(-34.9893069725655,2.37368702735277,0.597009409027771));
#868=CARTESIAN_POINT('',(-32.4128739774332,1.31236492624618,0.557656061991782));
#869=CARTESIAN_POINT('',(-29.0543996317205,0.345472034700643,0.540444541932243));
#870=CARTESIAN_POINT('',(-24.96767520848,-0.542630162791564,0.523304755471885));
#871=CARTESIAN_POINT('',(-20.846204138091,-1.26567394065101,0.517475539445089));
#872=CARTESIAN_POINT('',(-16.7108938215633,-1.89864515398448,0.51577281018381));
#873=CARTESIAN_POINT('',(-12.5876615741561,-2.61038155822163,0.51904433703424));
#874=CARTESIAN_POINT('',(-9.82808405050294,-3.01598841862318,0.513248013977116));
#875=CARTESIAN_POINT('',(-8.44637659163197,-3.20661673849169,0.512151558312354));
#876=CARTESIAN_POINT('',(-8.44637659163196,-3.20661673849168,0.512151558312887));
#877=CARTESIAN_POINT('',(-8.44637659163196,-3.20661673849168,0.512151558312887));
#878=CARTESIAN_POINT('',(-8.47677582269896,-3.15432836082271,2.4719689245655));
#879=CARTESIAN_POINT('',(-8.50852073838858,-3.09801178820629,4.43166035546242));
#880=CARTESIAN_POINT('',(-8.54194546011572,-3.03640860051626,6.39115647881188));
#881=CARTESIAN_POINT('',(-8.54194546011572,-3.03640860051626,6.39115647881188));
#882=CARTESIAN_POINT('',(-8.54194546011572,-3.03640860051626,6.39115647881188));
#883=CARTESIAN_POINT('',(-8.54334846826776,-3.03004778878757,6.60403930880344));
#884=CARTESIAN_POINT('',(-8.5449989674451,-3.02351133503628,6.81691683280532));
#885=CARTESIAN_POINT('',(-8.54689443583163,-3.01680748297451,7.02978537363135));
#886=CARTESIAN_POINT('',(-8.54689443583165,-3.01680748297451,7.02978537363135));
#887=CARTESIAN_POINT('',(-8.54689443583165,-3.01680748297451,7.02978537363134));
#888=CARTESIAN_POINT('',(-7.65622532466308,-3.12968020810377,7.7734718475072));
#889=CARTESIAN_POINT('',(-6.7302672171579,-3.24490167086812,8.52135274039559));
#890=CARTESIAN_POINT('',(-5.60856098175288,-3.39398824457724,8.83769422297955));
#891=CARTESIAN_POINT('',(-5.60856098175287,-3.39398824457724,8.83769422297956));
#892=CARTESIAN_POINT('',(-5.60856098175287,-3.39398824457724,8.83769422297956));
#893=CARTESIAN_POINT('',(-5.25466760775006,-3.44102440157021,8.93749856664138));
#894=CARTESIAN_POINT('',(-4.89317581663711,-3.48998935425544,8.97619728633577));
#895=CARTESIAN_POINT('',(-4.52687515612698,-3.53962664067221,8.9767977333335));
#896=CARTESIAN_POINT('',(-4.52687515612698,-3.53962664067221,8.9767977333335));
#897=CARTESIAN_POINT('',(-4.52687515612698,-3.53962664067221,8.9767977333335));
#898=CARTESIAN_POINT('',(-1.83711534141748,-3.90411514071787,8.9812068386929));
#899=CARTESIAN_POINT('',(0.858694645775382,-4.22324861463469,8.98431671365922));
#900=CARTESIAN_POINT('',(3.55738151413485,-4.51473301315202,8.98657113198211));
#901=CARTESIAN_POINT('',(3.55738151413485,-4.51473301315202,8.98657113198211));
#902=CARTESIAN_POINT('',(3.55738151413485,-4.51473301315202,8.98657113198211));
#903=CARTESIAN_POINT('',(3.9329679431743,-4.55529999617009,8.98688488788222));
#904=CARTESIAN_POINT('',(4.30346869480517,-4.5953014231606,8.94732536178655));
#905=CARTESIAN_POINT('',(4.66574496035766,-4.63465024088669,8.84350292780206));
#906=CARTESIAN_POINT('',(4.66574496035766,-4.63465024088669,8.84350292780206));
#907=CARTESIAN_POINT('',(4.66574496035766,-4.63465024088669,8.84350292780206));
#908=CARTESIAN_POINT('',(5.79670727661778,-4.75749027836397,8.5193876832116));
#909=CARTESIAN_POINT('',(6.72665218995786,-4.8590413421862,7.75219199365611));
#910=CARTESIAN_POINT('',(7.62447123958665,-4.95309922189037,7.01004049673474));
#911=CARTESIAN_POINT('',(7.62447123958664,-4.95309922189036,7.01004049673474));
#912=CARTESIAN_POINT('',(7.62447123958664,-4.95309922189036,7.01004049673474));
#913=CARTESIAN_POINT('',(7.59504585185848,-4.97213637088586,4.84158394895804));
#914=CARTESIAN_POINT('',(7.56693069216298,-4.99032946071795,2.67310234802609));
#915=CARTESIAN_POINT('',(7.53984606502742,-5.00786679807493,0.504602586962039));
#916=CARTESIAN_POINT('',(7.53984606502741,-5.00786679807493,0.504602586962039));
#917=CARTESIAN_POINT('',(7.53984606502739,-5.00786679807493,0.504602586962039));
#918=CARTESIAN_POINT('',(10.2706445169023,-5.26099373867371,0.503845485795909));
#919=CARTESIAN_POINT('',(15.7366895962592,-5.71899710945941,0.50266505650597));
#920=CARTESIAN_POINT('',(22.5754774985097,-6.19885328384114,0.501864445013321));
#921=CARTESIAN_POINT('',(28.0506918116083,-6.52183014088634,0.501358816374805));
#922=CARTESIAN_POINT('',(32.1580464537866,-6.75227682283944,0.501243332821906));
#923=CARTESIAN_POINT('',(36.2682766888847,-6.92131349537518,0.50100331885364));
#924=CARTESIAN_POINT('',(39.0095246612508,-7.01175940872733,0.500706138749077));
#925=CARTESIAN_POINT('',(40.3771178734968,-7.11957528434348,0.500000000000332));
#926=CARTESIAN_POINT('',(6.82876977061012E-15,-1.23161954907007E-15,60.));
#927=CARTESIAN_POINT('',(-13.099182681768,2.30973933202476,40.0481119664699));
#928=CARTESIAN_POINT('',(-26.1983653632718,4.61947866400295,20.0962239327611));
#929=CARTESIAN_POINT('',(-39.297548045302,6.92921799607393,0.144335899408421));
#930=CARTESIAN_POINT('',(0.037638498253983,0.213458530865527,60.));
#931=CARTESIAN_POINT('',(-13.0493327319961,2.59245244587488,40.0481119664699));
#932=CARTESIAN_POINT('',(-26.1363032472202,4.97145041445344,20.096223932761));
#933=CARTESIAN_POINT('',(-39.2232730482085,7.3504524367424,0.144335899408421));
#934=CARTESIAN_POINT('',(0.174768862485682,0.408721114169983,60.));
#935=CARTESIAN_POINT('',(-12.8680531366256,2.85119020402283,40.0481119666187));
#936=CARTESIAN_POINT('',(-25.9112040943523,5.29378783085994,20.0962239327469));
#937=CARTESIAN_POINT('',(-38.9546840122115,7.73651399494409,0.144335899408316));
#938=CARTESIAN_POINT('',(0.484546628098788,0.72317330058149,60.));
#939=CARTESIAN_POINT('',(-12.4581053834612,3.26825601727779,40.0481119663453));
#940=CARTESIAN_POINT('',(-25.4014059819289,5.81405001410561,20.0962239329411));
#941=CARTESIAN_POINT('',(-38.3453551667458,8.36055529094285,0.144335899409723));
#942=CARTESIAN_POINT('',(0.664766158683749,0.846759871170715,60.));
#943=CARTESIAN_POINT('',(-12.2197061507416,3.43226357198501,40.0481119663635));
#944=CARTESIAN_POINT('',(-25.1051066536123,6.01879672443953,20.0962239328373));
#945=CARTESIAN_POINT('',(-37.9914353499113,8.60635932852286,0.144335899408973));
#946=CARTESIAN_POINT('',(1.24818913308582,1.15221740717553,60.));
#947=CARTESIAN_POINT('',(-11.4475467916887,3.83795601343439,40.048111966412));
#948=CARTESIAN_POINT('',(-24.1447347659209,6.52583172552867,20.0962239329574));
#949=CARTESIAN_POINT('',(-36.8433747892467,9.21584454349784,0.144335899409839));
#950=CARTESIAN_POINT('',(1.67584437502419,1.26574241921355,60.));
#951=CARTESIAN_POINT('',(-10.8812737083451,3.98911345682239,40.048111966332));
#952=CARTESIAN_POINT('',(-23.4399630429162,6.71540268261225,20.0962239331589));
#953=CARTESIAN_POINT('',(-36.0002236270567,9.44461009627963,0.144335899411295));
#954=CARTESIAN_POINT('',(2.96844637191152,1.48911244442719,60.));
#955=CARTESIAN_POINT('',(-9.16954707692556,4.28702511051409,40.0481119666452));
#956=CARTESIAN_POINT('',(-21.3093283506653,7.08987617991213,20.0962239330284));
#957=CARTESIAN_POINT('',(-33.4508974497475,9.8976656525806,0.144335899410348));
#958=CARTESIAN_POINT('',(3.84999931554836,1.48467511014804,60.));
#959=CARTESIAN_POINT('',(-8.0018688912344,4.28221918041585,40.0481119664713));
#960=CARTESIAN_POINT('',(-19.8553974217442,7.08574398771875,20.0962239327369));
#961=CARTESIAN_POINT('',(-31.7105862769733,9.89524953220461,0.144335899408247));
#962=CARTESIAN_POINT('',(6.46915101531143,1.33620368040873,60.));
#963=CARTESIAN_POINT('',(-4.53259232703371,4.08828685443281,40.0481119663262));
#964=CARTESIAN_POINT('',(-15.5355899505438,6.8489847507732,20.0962239330147));
#965=CARTESIAN_POINT('',(-26.539841854093,9.61829736918441,0.144335899410254));
#966=CARTESIAN_POINT('',(8.19816063067447,1.04290370970458,60.));
#967=CARTESIAN_POINT('',(-2.24222745680169,3.70095957046001,40.0481119663804));
#968=CARTESIAN_POINT('',(-12.6834529528623,6.36872540508591,20.0962239326998));
#969=CARTESIAN_POINT('',(-23.1255158583616,9.04620121358995,0.14433589940798));
#970=CARTESIAN_POINT('',(10.7777860943216,0.567132274571488,60.));
#971=CARTESIAN_POINT('',(1.17472566481774,3.07172770616653,40.0481119664413));
#972=CARTESIAN_POINT('',(-8.42874089016761,5.58689910981603,20.0962239326971));
#973=CARTESIAN_POINT('',(-18.0326135718903,8.1126464857906,0.14433589940796));
#974=CARTESIAN_POINT('',(11.6345779854087,0.392309573477282,60.));
#975=CARTESIAN_POINT('',(2.30965092832184,2.84058759514634,40.0481119664251));
#976=CARTESIAN_POINT('',(-7.01551471880761,5.29982966369513,20.0962239329894));
#977=CARTESIAN_POINT('',(-16.3409189554123,7.7700357789821,0.14433589941007));
#978=CARTESIAN_POINT('',(13.353201753075,0.0691310300896101,60.));
#979=CARTESIAN_POINT('',(4.58579885985536,2.41141621127035,40.0481119663515));
#980=CARTESIAN_POINT('',(-4.18187511130697,4.76354915299188,20.0962239326614));
#981=CARTESIAN_POINT('',(-12.9498201614355,7.1255298554842,0.144335899407704));
#982=CARTESIAN_POINT('',(14.2139623483373,-0.0850107105027824,60.));
#983=CARTESIAN_POINT('',(5.72605995765494,2.20809818396395,40.0481119664434));
#984=CARTESIAN_POINT('',(-2.76186850343078,4.51186315536963,20.0962239327951));
#985=CARTESIAN_POINT('',(-11.249823035736,6.82628420377142,0.144335899408667));
#986=CARTESIAN_POINT('',(16.7831649990906,-0.61441540581355,60.0000000000001));
#987=CARTESIAN_POINT('',(9.12941513158906,1.50879346032804,40.0481119664473));
#988=CARTESIAN_POINT('',(1.47627120623698,3.64445888359902,20.0962239327418));
#989=CARTESIAN_POINT('',(-6.17626677824947,5.79258086429577,0.144335899408282));
#990=CARTESIAN_POINT('',(18.4882257423404,-1.00425513402566,60.));
#991=CARTESIAN_POINT('',(11.3879582562224,0.993007612009659,40.0481119663991));
#992=CARTESIAN_POINT('',(4.28861298900793,3.00323890252765,20.0962239328612));
#993=CARTESIAN_POINT('',(-2.80981005936841,5.0264387375302,0.144335899409145));
#994=CARTESIAN_POINT('',(23.5859042567739,-2.24414596596775,60.));
#995=CARTESIAN_POINT('',(18.1404723761091,-0.647191852856735,40.0481119664634));
#996=CARTESIAN_POINT('',(12.6969767878249,0.964616910981953,20.0962239329325));
#997=CARTESIAN_POINT('',(7.25541749192566,2.59128032559074,0.144335899409658));
#998=CARTESIAN_POINT('',(26.9627596183293,-3.15781934020307,60.));
#999=CARTESIAN_POINT('',(22.6135694470321,-1.85601893014307,40.0481119665729));
#1000=CARTESIAN_POINT('',(18.2670154501532,-0.538136512171102,20.0962239326929));
#1001=CARTESIAN_POINT('',(13.9230976231294,0.795827914530525,0.144335899407927));
#1002=CARTESIAN_POINT('',(32.0043109381795,-4.60903054922541,60.));
#1003=CARTESIAN_POINT('',(29.29183639113,-3.77607969880935,40.0481119663308));
#1004=CARTESIAN_POINT('',(26.5830985674571,-2.9251453271961,20.0962239328503));
#1005=CARTESIAN_POINT('',(23.8780974681768,-2.05622743460851,0.144335899409068));
#1006=CARTESIAN_POINT('',(33.6794750963138,-5.11158125740745,60.));
#1007=CARTESIAN_POINT('',(31.5112193094752,-4.4396268227214,40.0481119665034));
#1008=CARTESIAN_POINT('',(29.34744034079,-3.74770189363786,20.0962239329478));
#1009=CARTESIAN_POINT('',(27.1881381895833,-3.03580647005399,0.144335899409768));
#1010=CARTESIAN_POINT('',(36.1891403542602,-5.8740800212266,60.));
#1011=CARTESIAN_POINT('',(34.8351458467326,-5.45041443728098,40.0481119664917));
#1012=CARTESIAN_POINT('',(33.485699505298,-5.00767208892949,20.0962239329557));
#1013=CARTESIAN_POINT('',(32.1408013297222,-4.54585297611151,0.144335899409825));
#1014=CARTESIAN_POINT('',(37.0263685930245,-6.1254197631579,60.));
#1015=CARTESIAN_POINT('',(35.9441222712277,-5.7834385854217,40.0481119664711));
#1016=CARTESIAN_POINT('',(34.8665543483558,-5.42252130891352,20.0962239329018));
#1017=CARTESIAN_POINT('',(33.7936648223316,-5.04266793327332,0.144335899409437));
#1018=CARTESIAN_POINT('',(38.2690857840163,-6.54887778024083,60.));
#1019=CARTESIAN_POINT('',(37.5919029935847,-6.33774469238176,40.0481119664301));
#1020=CARTESIAN_POINT('',(36.9212478413,-6.1013195536706,20.0962239330246));
#1021=CARTESIAN_POINT('',(36.2571203376821,-5.83960236597103,0.144335899410324));
#1022=CARTESIAN_POINT('',(38.6828356857619,-6.69163785073003,60.));
#1023=CARTESIAN_POINT('',(38.1401217452793,-6.52592657710657,40.0481119664596));
#1024=CARTESIAN_POINT('',(37.604168755534,-6.33405457512296,20.0962239329167));
#1025=CARTESIAN_POINT('',(37.0749767150896,-6.11602184452575,0.144335899409544));
#1026=CARTESIAN_POINT('',(39.5217713368358,-6.935476931903,60.));
#1027=CARTESIAN_POINT('',(39.2491131862885,-6.85691712919738,40.0481119664747));
#1028=CARTESIAN_POINT('',(38.9811599651062,-6.76002646494234,20.0962239329311));
#1029=CARTESIAN_POINT('',(38.7179116704125,-6.64480493863309,0.144335899409648));
#1030=CARTESIAN_POINT('',(39.9490156116864,-7.0287173442916,60.));
#1031=CARTESIAN_POINT('',(39.8123365199002,-6.9905293567869,40.0481119664761));
#1032=CARTESIAN_POINT('',(39.6778046909161,-6.94386252910884,20.0962239329323));
#1033=CARTESIAN_POINT('',(39.5454201189239,-6.88871686023346,0.144335899409656));
#1034=CARTESIAN_POINT('',(40.3771178735005,-7.11957528434415,60.));
#1035=CARTESIAN_POINT('',(40.3771178748114,-7.11957528457529,40.0481119664699));
#1036=CARTESIAN_POINT('',(40.3771178730164,-7.11957528425879,20.0962239329398));
#1037=CARTESIAN_POINT('',(40.377117873497,-7.11957528434353,0.144335899409711));
#1038=CARTESIAN_POINT('',(-0.146178233057422,0.0257751664803135,59.7773500981125));
#1039=CARTESIAN_POINT('',(-0.107432712402607,0.245466737685168,59.7773500981125));
#1040=CARTESIAN_POINT('',(0.14094330989111,0.640633749331517,59.7403228004551));
#1041=CARTESIAN_POINT('',(0.86869186969594,1.16608147423908,59.6684766473426));
#1042=CARTESIAN_POINT('',(1.95252099350491,1.44778216961777,59.6084184554445));
#1043=CARTESIAN_POINT('',(3.27534832782822,1.54875237456472,59.5711476787469));
#1044=CARTESIAN_POINT('',(5.02249213044499,1.48659415308024,59.5433526079806));
#1045=CARTESIAN_POINT('',(7.20565754082605,1.23394795851859,59.5257139876093));
#1046=CARTESIAN_POINT('',(9.80000260901207,0.774132063566088,59.5153325584243));
#1047=CARTESIAN_POINT('',(12.3810848410678,0.262530158880173,59.518812285827));
#1048=CARTESIAN_POINT('',(15.8335538142185,-0.371777990599025,59.5108746335608));
#1049=CARTESIAN_POINT('',(20.1042411150598,-1.37190306376421,59.5061417282269));
#1050=CARTESIAN_POINT('',(25.2071809684018,-2.67903970903218,59.5028711883278));
#1051=CARTESIAN_POINT('',(29.4369268685633,-3.86001263361367,59.5015220629746));
#1052=CARTESIAN_POINT('',(32.8072425846724,-4.84897612466022,59.5003854759074));
#1053=CARTESIAN_POINT('',(35.3289017132205,-5.61137821975062,59.5007335393927));
#1054=CARTESIAN_POINT('',(37.4288863731863,-6.25138894524205,59.498913021512));
#1055=CARTESIAN_POINT('',(39.0871933904362,-6.83655373455345,59.500281972375));
#1056=CARTESIAN_POINT('',(39.9463472824954,-7.02791951610924,59.5002264775983));
#1057=CARTESIAN_POINT('',(40.3771178735327,-7.11957528434983,59.4999999999947));
#1058=CARTESIAN_POINT('',(40.3771178734887,-7.11957528434206,0.500000000001103));
#1059=CARTESIAN_POINT('',(39.0551009964695,-6.75313787018189,0.500706151794611));
#1060=CARTESIAN_POINT('',(36.4474116003068,-5.90028621958665,0.501003283004341));
#1061=CARTESIAN_POINT('',(32.5273948250742,-4.65342811734984,0.501243402839332));
#1062=CARTESIAN_POINT('',(28.5893271579862,-3.46529515511795,0.501358837406968));
#1063=CARTESIAN_POINT('',(23.3342053955303,-1.89627069632314,0.501864438560802));
#1064=CARTESIAN_POINT('',(16.7430261481582,-0.00798662436326009,0.502665163537695));
#1065=CARTESIAN_POINT('',(11.4505877402763,1.43095675827006,0.50384549348784));
#1066=CARTESIAN_POINT('',(8.79792902920145,2.12707624421653,0.504602586961188));
#1067=CARTESIAN_POINT('',(8.79792902920145,2.12707624421653,0.504602586961194));
#1068=CARTESIAN_POINT('',(8.79792902920146,2.12707624421653,0.504602586961194));
#1069=CARTESIAN_POINT('',(8.81738213082185,2.10133304966274,2.67310234802556));
#1070=CARTESIAN_POINT('',(8.83757933572965,2.07462118645048,4.84158394895778));
#1071=CARTESIAN_POINT('',(8.85871906701518,2.04666804269009,7.01004049673474));
#1072=CARTESIAN_POINT('',(8.85871906701517,2.04666804269009,7.01004049673474));
#1073=CARTESIAN_POINT('',(8.85871906701518,2.04666804269009,7.01004049673474));
#1074=CARTESIAN_POINT('',(7.98162596436614,2.26566672544075,7.75325074362267));
#1075=CARTESIAN_POINT('',(7.07373764721426,2.48812121750061,8.51954696166863));
#1076=CARTESIAN_POINT('',(5.96950984936342,2.75936787122375,8.84350292780382));
#1077=CARTESIAN_POINT('',(5.96950984936338,2.75936787122375,8.84350292780382));
#1078=CARTESIAN_POINT('',(5.96950984936338,2.75936787122375,8.84350292780382));
#1079=CARTESIAN_POINT('',(5.61562342766697,2.84629785783524,8.94732536178521));
#1080=CARTESIAN_POINT('',(5.25378531157911,2.93542753224402,8.98688488788069));
#1081=CARTESIAN_POINT('',(4.88697479040527,3.02576516194332,8.98657113198173));
#1082=CARTESIAN_POINT('',(4.88697479040527,3.02576516194332,8.98657113198173));
#1083=CARTESIAN_POINT('',(4.88697479040527,3.02576516194332,8.98657113198173));
#1084=CARTESIAN_POINT('',(2.25134511863173,3.6748646930889,8.98431671365902));
#1085=CARTESIAN_POINT('',(-0.39103770986814,4.29699864080718,8.98120683869326));
#1086=CARTESIAN_POINT('',(-3.04324756846883,4.87444352429345,8.97679773333366));
#1087=CARTESIAN_POINT('',(-3.04324756846883,4.87444352429345,8.97679773333366));
#1088=CARTESIAN_POINT('',(-3.04324756846883,4.87444352429345,8.97679773333366));
#1089=CARTESIAN_POINT('',(-3.40443454795441,4.95308193693997,8.97619728633589));
#1090=CARTESIAN_POINT('',(-3.76087271667389,5.03070740643222,8.9374985666413));
#1091=CARTESIAN_POINT('',(-4.10951102192616,5.10754653929437,8.83769422297901));
#1092=CARTESIAN_POINT('',(-4.10951102192615,5.10754653929437,8.83769422297902));
#1093=CARTESIAN_POINT('',(-4.10951102192614,5.10754653929437,8.83769422297899));
#1094=CARTESIAN_POINT('',(-5.21457615199095,5.35110051793422,8.5213483184948));
#1095=CARTESIAN_POINT('',(-6.12805533369399,5.5604211322524,7.77009931323262));
#1096=CARTESIAN_POINT('',(-6.99964470427242,5.75808179001531,7.02978537363142));
#1097=CARTESIAN_POINT('',(-6.99964470427291,5.7580817900154,7.02978537363141));
#1098=CARTESIAN_POINT('',(-6.9996447042729,5.7580817900154,7.02978537363141));
#1099=CARTESIAN_POINT('',(-6.99557069417379,5.76373306195969,6.81691683279588));
#1100=CARTESIAN_POINT('',(-6.99178413341321,5.76931081534811,6.60403930878464));
#1101=CARTESIAN_POINT('',(-6.9882902112802,5.77480816614556,6.39115647878341));
#1102=CARTESIAN_POINT('',(-6.9882902112802,5.77480816614556,6.39115647878341));
#1103=CARTESIAN_POINT('',(-6.9882902112802,5.77480816614556,6.39115647878341));
#1104=CARTESIAN_POINT('',(-6.93581167876859,5.82126433195157,4.43165896385566));
#1105=CARTESIAN_POINT('',(-6.88671985058096,5.86332716602061,2.47196892454141));
#1106=CARTESIAN_POINT('',(-6.8402702390459,5.90206501930181,0.512151558312284));
#1107=CARTESIAN_POINT('',(-6.8402702390459,5.90206501930181,0.512151558312284));
#1108=CARTESIAN_POINT('',(-6.84027023904591,5.90206501930181,0.512151558312292));
#1109=CARTESIAN_POINT('',(-8.20180998583125,6.19506592717041,0.513246374187999));
#1110=CARTESIAN_POINT('',(-10.9293264992207,6.75699926816506,0.51902173504047));
#1111=CARTESIAN_POINT('',(-15.0394196133303,7.49684378818392,0.515805061307581));
#1112=CARTESIAN_POINT('',(-19.1355202025254,8.31518568527404,0.517435768163089));
#1113=CARTESIAN_POINT('',(-23.2463776869015,9.04445379187336,0.5232284678037));
#1114=CARTESIAN_POINT('',(-27.3933272719964,9.60960947167329,0.540342306343994));
#1115=CARTESIAN_POINT('',(-30.8561697043887,9.84993449378828,0.557240167378363));
#1116=CARTESIAN_POINT('',(-33.6340547408309,9.74208328130691,0.596116250537535));
#1117=CARTESIAN_POINT('',(-35.7215126073439,9.41500573793547,0.63231123067898));
#1118=CARTESIAN_POINT('',(-37.3857990343541,8.77582789638628,0.696023395694849));
#1119=CARTESIAN_POINT('',(-38.4576617559123,7.84298487008372,0.749845630402528));
#1120=CARTESIAN_POINT('',(-38.8215156477907,7.19866679630787,0.777352553318857));
#1121=CARTESIAN_POINT('',(-38.8819498515196,6.8559368213764,0.777350098117931));
#1122=CARTESIAN_POINT('',(-39.3923101204883,6.94592710667722,0.));
#1123=CARTESIAN_POINT('',(5.97308414350628,3.64996791966644,0.));
#1124=CARTESIAN_POINT('',(6.57824436753985,2.65963786252282,0.));
#1125=CARTESIAN_POINT('',(7.54843677008857,1.93806721469066,0.));
#1126=CARTESIAN_POINT('',(8.67101881061301,1.64347246775165,0.));
#1127=CARTESIAN_POINT('',(5.97308414350627,3.64996791966643,0.));
#1128=CARTESIAN_POINT('',(8.67101881061301,1.64347246775165,0.));
#1129=CARTESIAN_POINT('',(8.67101881061301,1.64347246775165,0.));
#1130=CARTESIAN_POINT('',(13.3291618294318,0.421054493566392,0.));
#1131=CARTESIAN_POINT('',(20.2878765667469,-1.51061048537553,1.020135680475E-15));
#1132=CARTESIAN_POINT('',(29.5148798590006,-4.26257512096059,7.08181146300759E-15));
#1133=CARTESIAN_POINT('',(34.1209271100976,-5.66420022728551,0.));
#1134=CARTESIAN_POINT('',(36.4080469793248,-6.4197209973574,0.));
#1135=CARTESIAN_POINT('',(36.4080469793248,-6.4197209973574,0.));
#1136=CARTESIAN_POINT('',(36.4080469793248,-6.4197209973574,0.));
#1137=CARTESIAN_POINT('',(34.0004539932933,-6.34743722437463,0.));
#1138=CARTESIAN_POINT('',(29.1928013606925,-6.08917305290563,5.26823691994093E-15));
#1139=CARTESIAN_POINT('',(19.5810271159051,-5.51935292513762,-7.25922636395977E-15));
#1140=CARTESIAN_POINT('',(12.3813058941409,-4.95450363986447,0.));
#1141=CARTESIAN_POINT('',(7.58599170205674,-4.51002204679556,0.));
#1142=CARTESIAN_POINT('',(7.58599170205674,-4.51002204679556,0.));
#1143=CARTESIAN_POINT('',(7.58599170205674,-4.51002204679556,0.));
#1144=CARTESIAN_POINT('',(6.43035398766007,-4.40290504220941,0.));
#1145=CARTESIAN_POINT('',(5.27187688226045,-4.74913501984239,0.));
#1146=CARTESIAN_POINT('',(4.36450054196835,-5.47276301507376,0.));
#1147=CARTESIAN_POINT('',(4.36450054196832,-5.47276301507368,0.));
#1148=CARTESIAN_POINT('',(6.82876977061012E-15,-1.23161954907007E-15,0.));
#1149=CARTESIAN_POINT('',(-5.47243155183604,-4.36491614014153,0.));
#1150=CARTESIAN_POINT('',(-5.47243155183604,-4.36491614014153,0.));
#1151=CARTESIAN_POINT('',(-6.19172675502176,-3.46311330164066,0.));
#1152=CARTESIAN_POINT('',(-7.23534917335929,-2.86908767836788,0.));
#1153=CARTESIAN_POINT('',(-8.37807066098358,-2.71145349321915,0.));
#1154=CARTESIAN_POINT('',(-8.37807066098358,-2.71145349321915,0.));
#1155=CARTESIAN_POINT('',(-8.37807066098358,-2.71145349321915,0.));
#1156=CARTESIAN_POINT('',(-9.72939332925851,-2.52504354994484,0.));
#1157=CARTESIAN_POINT('',(-12.428605714901,-2.13034242673837,8.66024273593078E-15));
#1158=CARTESIAN_POINT('',(-16.460791894201,-1.43240691555391,-4.28999743610561E-15));
#1159=CARTESIAN_POINT('',(-20.5056253435462,-0.81478962149495,3.29557658056125E-15));
#1160=CARTESIAN_POINT('',(-24.5364621825879,-0.112324844471711,1.51603196972146E-15));
#1161=CARTESIAN_POINT('',(-27.8738763903468,0.587685400127525,6.54754652105922E-15));
#1162=CARTESIAN_POINT('',(-30.5106027563526,1.29081487315814,-6.23409840042917E-15));
#1163=CARTESIAN_POINT('',(-32.4650452520931,1.89560159486942,1.182643875866E-14));
#1164=CARTESIAN_POINT('',(-34.3755530172084,2.63251765882301,-1.37497618875762E-14));
#1165=CARTESIAN_POINT('',(-36.1895412115301,3.5707300033598,1.97538418659578E-14));
#1166=CARTESIAN_POINT('',(-37.5685263504766,4.61842498194859,-6.73587302565021E-14));
#1167=CARTESIAN_POINT('',(-38.3319795875736,5.7537795221324,1.45125801368865E-14));
#1168=CARTESIAN_POINT('',(-38.5325050534377,6.44194341395686,0.));
#1169=CARTESIAN_POINT('',(-38.4722450611431,6.78369481270751,0.));
#1170=CARTESIAN_POINT('',(-38.4722450611431,6.78369481270751,0.));
#1171=CARTESIAN_POINT('',(-38.4722450611431,6.78369481270751,0.));
#1172=CARTESIAN_POINT('',(-38.411055769746,7.13071652856271,0.));
#1173=CARTESIAN_POINT('',(-37.9832990905281,7.70885050330404,3.54790489090925E-15));
#1174=CARTESIAN_POINT('',(-36.8613868205288,8.52086615568502,-5.1566632236094E-14));
#1175=CARTESIAN_POINT('',(-35.1973174147298,9.02852337540811,7.53072778757519E-16));
#1176=CARTESIAN_POINT('',(-33.1519823215258,9.28716736548502,-5.38332692160474E-15));
#1177=CARTESIAN_POINT('',(-31.1173207505789,9.32099723182774,-2.63853201802548E-15));
#1178=CARTESIAN_POINT('',(-29.0850915031777,9.2203358195549,-3.57818411103244E-15));
#1179=CARTESIAN_POINT('',(-26.3782762382973,8.97907906486336,8.18190803609318E-15));
#1180=CARTESIAN_POINT('',(-23.00280151276,8.49497254393689,2.80066554454084E-15));
#1181=CARTESIAN_POINT('',(-18.9792494496423,7.77682632063875,-2.89674351830184E-15));
#1182=CARTESIAN_POINT('',(-14.9705961230884,6.97449791207231,1.07378724391404E-14));
#1183=CARTESIAN_POINT('',(-10.9467143777198,6.2519983547543,-7.52868106369477E-15));
#1184=CARTESIAN_POINT('',(-8.27778103664225,5.70014592153021,0.));
#1185=CARTESIAN_POINT('',(-6.94543946417743,5.41340176744444,0.));
#1186=CARTESIAN_POINT('',(-6.94543946417742,5.41340176744444,0.));
#1187=CARTESIAN_POINT('',(-6.94543946417742,5.41340176744444,0.));
#1188=CARTESIAN_POINT('',(-5.81772068547648,5.17069616256941,0.));
#1189=CARTESIAN_POINT('',(-4.63386518867099,5.37195743647009,0.));
#1190=CARTESIAN_POINT('',(-3.6495143031606,5.97336131093927,0.));
#1191=CARTESIAN_POINT('',(-3.6495143031606,5.97336131093927,0.));
#1192=CARTESIAN_POINT('',(6.82876977061012E-15,-1.23161954907007E-15,0.));
#1193=CARTESIAN_POINT('',(6.82876977061012E-15,-1.23161954907007E-15,60.));
#1194=CARTESIAN_POINT('',(0.263526557322681,-0.0464668421891651,60.));
#1195=CARTESIAN_POINT('',(0.24605798425296,-0.145536043054143,60.));
#1196=CARTESIAN_POINT('',(0.295095144664509,-0.341478369512795,60.));
#1197=CARTESIAN_POINT('',(0.471587987762057,-0.694481700868972,59.9999999999999));
#1198=CARTESIAN_POINT('',(0.813150777424816,-1.05524205961405,59.9999999999999));
#1199=CARTESIAN_POINT('',(1.28302790408865,-1.39572887660773,59.9999999999998));
#1200=CARTESIAN_POINT('',(1.96286312599614,-1.7777955873723,59.9999999999997));
#1201=CARTESIAN_POINT('',(2.85523455464643,-2.15544164057162,59.9999999999996));
#1202=CARTESIAN_POINT('',(3.95372010693738,-2.50500673583241,59.9999999999995));
#1203=CARTESIAN_POINT('',(5.06866407939336,-2.80526584111416,59.9999999999993));
#1204=CARTESIAN_POINT('',(6.57467296585416,-3.14625014019175,59.999999999999));
#1205=CARTESIAN_POINT('',(8.47261187717764,-3.49457828021107,59.9999999999987));
#1206=CARTESIAN_POINT('',(10.7570965965335,-3.84805933232482,59.9999999999983));
#1207=CARTESIAN_POINT('',(13.0371926075594,-4.23703903116028,59.999999999998));
#1208=CARTESIAN_POINT('',(15.3240532262569,-4.57618244969701,59.9999999999976));
#1209=CARTESIAN_POINT('',(18.3818370859164,-4.96647935678623,59.9999999999971));
#1210=CARTESIAN_POINT('',(22.2146225734034,-5.37772720316092,59.9999999999965));
#1211=CARTESIAN_POINT('',(26.8267441178089,-5.78070126390282,59.9999999999958));
#1212=CARTESIAN_POINT('',(31.4440158705693,-6.10704480059596,59.9999999999949));
#1213=CARTESIAN_POINT('',(34.5249675669868,-6.28013142644081,59.9999999999945));
#1214=CARTESIAN_POINT('',(36.0659113327312,-6.35939325179967,59.9999999999942));
#1215=CARTESIAN_POINT('',(0.263526557322681,-0.0464668421891651,60.));
#1216=CARTESIAN_POINT('',(36.0659113327311,-6.35939325179967,59.9999999999942));
#1217=CARTESIAN_POINT('',(36.0659113327311,-6.35939325179968,59.9999999999942));
#1218=CARTESIAN_POINT('',(34.5907982584341,-5.90684412712408,59.9999999999944));
#1219=CARTESIAN_POINT('',(31.6364899301457,-5.01575885756794,59.999999999995));
#1220=CARTESIAN_POINT('',(27.1867553779419,-3.74341382316376,59.9999999999956));
#1221=CARTESIAN_POINT('',(22.7149182081677,-2.54462001253487,59.9999999999963));
#1222=CARTESIAN_POINT('',(18.972486636136,-1.62012980795443,59.9999999999969));
#1223=CARTESIAN_POINT('',(15.9655327911948,-0.941036810263013,59.9999999999973));
#1224=CARTESIAN_POINT('',(13.7005262965321,-0.477543224062605,59.9999999999977));
#1225=CARTESIAN_POINT('',(11.4248266043913,-0.0632209735753288,59.9999999999981));
#1226=CARTESIAN_POINT('',(9.15714664802799,0.385974576425578,59.9999999999985));
#1227=CARTESIAN_POINT('',(7.25447617688362,0.707803571772712,59.9999999999987));
#1228=CARTESIAN_POINT('',(5.72262027459097,0.902483778904461,59.999999999999));
#1229=CARTESIAN_POINT('',(4.57218609444097,1.00167572901029,59.9999999999992));
#1230=CARTESIAN_POINT('',(3.42035353791025,1.04890514010687,59.9999999999994));
#1231=CARTESIAN_POINT('',(2.45260810079543,0.99925145508229,59.9999999999995));
#1232=CARTESIAN_POINT('',(1.68307136984621,0.872746328804545,59.9999999999997));
#1233=CARTESIAN_POINT('',(1.1250596167423,0.713503055574101,59.9999999999998));
#1234=CARTESIAN_POINT('',(0.680691509802963,0.491319428244289,59.9999999999998));
#1235=CARTESIAN_POINT('',(0.394096833483825,0.219963635943151,59.9999999999999));
#1236=CARTESIAN_POINT('',(0.280995667472638,0.0526054046090966,59.9999999999999));
#1237=CARTESIAN_POINT('',(0.2635265573227,-0.0464668421891797,60.));
#1238=CARTESIAN_POINT('',(6.82876977061012E-15,-1.23161954907007E-15,8.));
#1239=CARTESIAN_POINT('',(-2.83060333021356,5.85129770110716,8.00000000000001));
#1240=CARTESIAN_POINT('',(-0.169537690318056,5.27202979257626,8.00000000000001));
#1241=CARTESIAN_POINT('',(2.48166249445823,4.64789846448321,8.));
#1242=CARTESIAN_POINT('',(5.12607577711419,3.99666700232605,8.));
#1243=CARTESIAN_POINT('',(-2.83060333021357,5.85129770110716,8.));
#1244=CARTESIAN_POINT('',(5.12607577711419,3.99666700232605,8.));
#1245=CARTESIAN_POINT('',(6.82876977061012E-15,-1.23161954907007E-15,8.));
#1246=CARTESIAN_POINT('',(6.82876977061012E-15,-1.23161954907007E-15,8.));
#1247=CARTESIAN_POINT('',(6.42997867706017,3.86074788254188,7.));
#1248=CARTESIAN_POINT('',(6.4195704011079,3.87808260484806,4.83334025507098));
#1249=CARTESIAN_POINT('',(6.40951565386931,3.89467085552283,2.6666728787188));
#1250=CARTESIAN_POINT('',(6.39973301089957,3.91067991392832,0.500000000000003));
#1251=CARTESIAN_POINT('',(6.42997867706017,3.86074788254188,7.));
#1252=CARTESIAN_POINT('',(6.39973301089957,3.91067991392832,0.500000000000001));
#1253=CARTESIAN_POINT('',(6.82876977061012E-15,-1.23161954907007E-15,0.5));
#1254=CARTESIAN_POINT('',(-3.9101938962435,6.40002997600637,0.500000000000341));
#1255=CARTESIAN_POINT('',(-3.9101938962435,6.40002997600637,0.500000000000341));
#1256=CARTESIAN_POINT('',(-3.95259777163944,6.37412269504489,2.66677459696119));
#1257=CARTESIAN_POINT('',(-3.99724720473693,6.34630703035997,4.83348713510464));
#1258=CARTESIAN_POINT('',(-4.04774561733715,6.31393343466083,7.00000000000136));
#1259=CARTESIAN_POINT('',(-4.04774561733715,6.31393343466083,7.00000000000136));
#1260=CARTESIAN_POINT('',(6.82876977061012E-15,-1.23161954907007E-15,7.));
#1261=CARTESIAN_POINT('',(6.82876977061012E-15,-1.23161954907007E-15,8.));
#1262=CARTESIAN_POINT('',(-5.96312910570181,-4.54874612049649,7.));
#1263=CARTESIAN_POINT('',(-5.92674854186109,-4.59643882379838,4.83348713510361));
#1264=CARTESIAN_POINT('',(-5.89430531667924,-4.6378480041526,2.6667745969605));
#1265=CARTESIAN_POINT('',(-5.86331951982441,-4.67669586443741,0.500000000000001));
#1266=CARTESIAN_POINT('',(-5.96312910570181,-4.54874612049649,7.));
#1267=CARTESIAN_POINT('',(-5.86331951982441,-4.67669586443741,0.5));
#1268=CARTESIAN_POINT('',(6.82876977061012E-15,-1.23161954907007E-15,0.5));
#1269=CARTESIAN_POINT('',(4.67625058068034,-5.86367465900751,0.500000000000001));
#1270=CARTESIAN_POINT('',(4.67625058068034,-5.86367465900751,0.500000000000001));
#1271=CARTESIAN_POINT('',(4.69091867854388,-5.85197692590657,2.66667287871878));
#1272=CARTESIAN_POINT('',(4.7060405662021,-5.83982799524661,4.83334025507097));
#1273=CARTESIAN_POINT('',(4.72174997051726,-5.82709852464503,7.));
#1274=CARTESIAN_POINT('',(4.72174997051727,-5.82709852464503,7.));
#1275=CARTESIAN_POINT('',(6.82876977061012E-15,-1.23161954907007E-15,7.));
#1276=CARTESIAN_POINT('',(6.82876977061012E-15,-1.23161954907007E-15,8.));
#1277=CARTESIAN_POINT('',(3.44999496035634,-5.50885966180969,8.));
#1278=CARTESIAN_POINT('',(0.742325034319491,-5.21637445127929,8.));
#1279=CARTESIAN_POINT('',(-1.96245370182039,-4.89610218750441,8.));
#1280=CARTESIAN_POINT('',(-4.66115874014816,-4.53029791505336,8.));
#1281=CARTESIAN_POINT('',(3.44999496035634,-5.50885966180969,8.));
#1282=CARTESIAN_POINT('',(-4.66115874014817,-4.53029791505336,8.));
#1283=CARTESIAN_POINT('',(6.82876977061012E-15,-1.23161954907007E-15,8.));
#1284=CARTESIAN_POINT('',(-3.90941344412091,6.40050673954232,0.460102062993094));
#1285=CARTESIAN_POINT('',(-5.27370786370162,5.56719913395899,0.403940608917738));
#1286=CARTESIAN_POINT('',(-6.83674660289312,5.9050014627716,0.3632659954426));
#1287=CARTESIAN_POINT('',(-3.95327242378737,6.37371778489687,2.70325388488771));
#1288=CARTESIAN_POINT('',(-5.31815805951827,5.52720431954592,2.64519220076315));
#1289=CARTESIAN_POINT('',(-6.88962480482124,5.86096787653543,2.60078004095786));
#1290=CARTESIAN_POINT('',(-3.99930672942117,6.3450368427486,4.94635420050026));
#1291=CARTESIAN_POINT('',(-5.37078529772389,5.48056001310696,4.88574516337275));
#1292=CARTESIAN_POINT('',(-6.95742686946105,5.81622643455113,4.84318724914887));
#1293=CARTESIAN_POINT('',(-4.05217179513919,6.31109370415923,7.18881259011852));
#1294=CARTESIAN_POINT('',(-5.41366999936267,5.43691485641829,7.11930834964299));
#1295=CARTESIAN_POINT('',(-7.00040582754008,5.757029746227,7.06938113976256));
#1296=CARTESIAN_POINT('',(-3.91019389624349,6.40002997600636,0.500000000000012));
#1297=CARTESIAN_POINT('',(-4.78528043193784,5.86538278788544,0.504503540552148));
#1298=CARTESIAN_POINT('',(-5.83770631086626,5.68637656347642,0.50887220444572));
#1299=CARTESIAN_POINT('',(-6.8402702390459,5.90206501930181,0.512151558312288));
#1300=CARTESIAN_POINT('',(-6.99964470427289,5.7580817900154,7.02978537363142));
#1301=CARTESIAN_POINT('',(-5.98600407950717,5.55461893311887,7.02176410743954));
#1302=CARTESIAN_POINT('',(-4.91807446658245,5.75598175182622,7.01095623452529));
#1303=CARTESIAN_POINT('',(-4.04774561733711,6.31393343466085,7.));
#1304=CARTESIAN_POINT('',(4.67598456474624,-5.8638867954843,0.460698527523922));
#1305=CARTESIAN_POINT('',(5.93515444395609,-4.85979870085859,0.439324345194434));
#1306=CARTESIAN_POINT('',(7.53883874208089,-5.0085190463482,0.423914188345937));
#1307=CARTESIAN_POINT('',(4.69093776257922,-5.85196280637959,2.67031471978406));
#1308=CARTESIAN_POINT('',(5.95430709314148,-4.83926933127185,2.64998473460333));
#1309=CARTESIAN_POINT('',(7.56639837315874,-4.99067386218173,2.63253678684348));
#1310=CARTESIAN_POINT('',(4.70636203193205,-5.83957040941194,4.87992023752314));
#1311=CARTESIAN_POINT('',(5.97410923464412,-4.81786711416501,4.85910606704733));
#1312=CARTESIAN_POINT('',(7.59502216600356,-4.97215165680296,4.8410212602019));
#1313=CARTESIAN_POINT('',(4.72239925227461,-5.8265723459094,7.08950337173936));
#1314=CARTESIAN_POINT('',(5.99473916379938,-4.79534906571757,7.06604192884767));
#1315=CARTESIAN_POINT('',(7.62500437621884,-4.95275430234213,7.0493185311927));
#1316=CARTESIAN_POINT('',(4.67625058068035,-5.86367465900752,0.5));
#1317=CARTESIAN_POINT('',(5.48282143347078,-5.22043852500285,0.501711970168008));
#1318=CARTESIAN_POINT('',(6.51259251625456,-4.91266124656386,0.503367349824591));
#1319=CARTESIAN_POINT('',(7.53984606502739,-5.00786679807493,0.50460258696204));
#1320=CARTESIAN_POINT('',(7.62447123958665,-4.95309922189036,7.01004049673474));
#1321=CARTESIAN_POINT('',(6.58325484832823,-4.85272783333737,7.00736993473724));
#1322=CARTESIAN_POINT('',(5.53446526665656,-5.1685480626347,7.00374135864224));
#1323=CARTESIAN_POINT('',(4.72174997051726,-5.82709852464502,7.));
#1324=CARTESIAN_POINT('',(-8.44406977955724,-3.21058124729364,0.363265995441899));
#1325=CARTESIAN_POINT('',(-6.85975860942024,-3.42774162522599,0.403940608917249));
#1326=CARTESIAN_POINT('',(-5.86274919745684,-4.67741080596083,0.460102062992897));
#1327=CARTESIAN_POINT('',(-8.47869866222816,-3.1511178010393,2.60078004094589));
#1328=CARTESIAN_POINT('',(-6.88784909825324,-3.37495593090749,2.64519220074858));
#1329=CARTESIAN_POINT('',(-5.89480079488998,-4.63723676845938,2.70325388487079));
#1330=CARTESIAN_POINT('',(-8.52710928767501,-3.08588492629366,4.84318724910729));
#1331=CARTESIAN_POINT('',(-6.92134923328682,-3.31312504476608,4.88574516332941));
#1332=CARTESIAN_POINT('',(-5.92824943226647,-4.59454083893718,4.94635420045518));
#1333=CARTESIAN_POINT('',(-8.54724983758199,-3.01555856570088,7.06938113976247));
#1334=CARTESIAN_POINT('',(-6.94672014821331,-3.25744458131687,7.11930834964278));
#1335=CARTESIAN_POINT('',(-5.96631710728752,-4.54456380473288,7.18881259011815));
#1336=CARTESIAN_POINT('',(-8.44637659163197,-3.20661673849169,0.5121515583124));
#1337=CARTESIAN_POINT('',(-7.43050206896321,-3.34683333317113,0.508872195404124));
#1338=CARTESIAN_POINT('',(-6.5027721290591,-3.87499417709021,0.504503543066467));
#1339=CARTESIAN_POINT('',(-5.86331951982434,-4.67669586443735,0.5));
#1340=CARTESIAN_POINT('',(-5.96312910570149,-4.54874612049724,7.00000000000014));
#1341=CARTESIAN_POINT('',(-6.58984498058809,-3.72715978097751,7.01095107963009));
#1342=CARTESIAN_POINT('',(-7.5252741382859,-3.17222762238747,7.02176786430641));
#1343=CARTESIAN_POINT('',(-8.54689443583154,-3.0168074829744,7.02978537363561));
#1344=CARTESIAN_POINT('',(8.7972055373098,2.12803368184416,0.423914188352854));
#1345=CARTESIAN_POINT('',(7.23936988241164,2.53677460412043,0.439324345198454));
#1346=CARTESIAN_POINT('',(6.39955559263749,3.91097023981801,0.460698527523927));
#1347=CARTESIAN_POINT('',(8.81699970685732,2.10183874498916,2.63253678683252));
#1348=CARTESIAN_POINT('',(7.25034602763862,2.51093271521116,2.64998473458967));
#1349=CARTESIAN_POINT('',(6.409528757847,3.89465106036145,2.67031471976647));
#1350=CARTESIAN_POINT('',(8.8375623063927,2.07464365155555,4.84102126013987));
#1351=CARTESIAN_POINT('',(7.26163396448821,2.48404847844921,4.85910606698316));
#1352=CARTESIAN_POINT('',(6.41978438053477,3.8777306055905,4.87992023745934));
#1353=CARTESIAN_POINT('',(8.85910208214102,2.0461615808685,7.04931853119181));
#1354=CARTESIAN_POINT('',(7.2733181305118,2.45583258314727,7.06604192884676));
#1355=CARTESIAN_POINT('',(6.43040883860979,3.8600313688271,7.08950337173847));
#1356=CARTESIAN_POINT('',(8.79792902920145,2.12707624421653,0.504602586961191));
#1357=CARTESIAN_POINT('',(7.80006266292152,2.3889541081317,0.503367347879941));
#1358=CARTESIAN_POINT('',(6.93766264366146,3.03037109190841,0.50171197229679));
#1359=CARTESIAN_POINT('',(6.39973301089959,3.91067991392833,0.5));
#1360=CARTESIAN_POINT('',(6.42997867706018,3.86074788254188,7.));
#1361=CARTESIAN_POINT('',(6.96942981422391,2.96230555613052,7.00374821021281));
#1362=CARTESIAN_POINT('',(7.84411117719409,2.30894641808623,7.00736504192193));
#1363=CARTESIAN_POINT('',(8.8587190670152,2.04666804269008,7.01004049673504));
#1364=CARTESIAN_POINT('',(8.85871906701518,2.04666804269009,7.01004049673473));
#1365=CARTESIAN_POINT('',(8.85871906701518,2.04666804269009,7.01004049673473));
#1366=CARTESIAN_POINT('',(8.85871906701518,2.04666804269009,7.01004049673474));
#1367=CARTESIAN_POINT('',(8.41967119502632,2.15629255796121,7.382070351867));
#1368=CARTESIAN_POINT('',(8.34606968367919,2.17628037740789,7.28914980230715));
#1369=CARTESIAN_POINT('',(8.2724682150047,2.19626818461987,7.19622922930953));
#1370=CARTESIAN_POINT('',(7.53864313521935,2.37418834272623,8.12602636598842));
#1371=CARTESIAN_POINT('',(7.2480665374959,2.45104824269762,7.87761886681145));
#1372=CARTESIAN_POINT('',(7.15598507710129,2.67451958965584,7.56857492202407));
#1373=CARTESIAN_POINT('',(6.51870504399654,2.6244615060657,8.68238120887535));
#1374=CARTESIAN_POINT('',(6.22711801926665,2.70445252093544,8.11661520116012));
#1375=CARTESIAN_POINT('',(6.28824476387942,3.26891717467683,7.84719938065641));
#1376=CARTESIAN_POINT('',(5.96950984936348,2.75936787122373,8.84350292780408));
#1377=CARTESIAN_POINT('',(5.77116367146927,2.81817989166947,8.1183383842653));
#1378=CARTESIAN_POINT('',(5.89207364206593,3.53777391494982,7.92799948674437));
#1379=CARTESIAN_POINT('',(6.21149909734574,3.72956633169624,8.85599897348847));
#1380=CARTESIAN_POINT('',(5.89207364206561,3.5377739149496,7.92799948674424));
#1381=CARTESIAN_POINT('',(5.89207364206561,3.5377739149496,7.92799948674424));
#1382=CARTESIAN_POINT('',(6.36544055306487,3.21652919187035,7.83145510225505));
#1383=CARTESIAN_POINT('',(7.29854013653345,2.59656849706656,7.51653431025489));
#1384=CARTESIAN_POINT('',(8.32215642463076,2.18358871896707,7.18044606120495));
#1385=CARTESIAN_POINT('',(8.85871906701518,2.04666804269009,7.01004049673473));
#1386=CARTESIAN_POINT('',(4.88697479040527,3.02576516194332,8.98657113198173));
#1387=CARTESIAN_POINT('',(4.89014309919808,3.03863050758788,8.));
#1388=CARTESIAN_POINT('',(5.12607577710501,3.99666700232831,8.));
#1389=CARTESIAN_POINT('',(2.2499294735638,3.67521333635957,8.98431550279164));
#1390=CARTESIAN_POINT('',(2.25646310331113,3.68950861418131,8.00000000002687));
#1391=CARTESIAN_POINT('',(2.48218207376962,4.64777050934123,8.));
#1392=CARTESIAN_POINT('',(-0.39348777053087,4.29753207332935,8.98120276564171));
#1393=CARTESIAN_POINT('',(-0.383597105445116,4.31426794356654,7.99999999998897));
#1394=CARTESIAN_POINT('',(-0.169875465674563,5.27210332024808,8.));
#1395=CARTESIAN_POINT('',(-3.04324756846882,4.87444352429345,8.97679773333366));
#1396=CARTESIAN_POINT('',(-3.0384256202756,4.89659479569202,8.));
#1397=CARTESIAN_POINT('',(-2.83060333021366,5.85129770110718,8.));
#1398=CARTESIAN_POINT('',(5.12607577710502,3.99666700232831,9.));
#1399=CARTESIAN_POINT('',(-2.83060333021367,5.85129770110718,9.));
#1400=CARTESIAN_POINT('',(-6.99964470427371,5.75808179001557,7.02978537363142));
#1401=CARTESIAN_POINT('',(-6.99964470427361,5.75808179001555,7.02978537363142));
#1402=CARTESIAN_POINT('',(-6.99964470427351,5.75808179001552,7.02978537363142));
#1403=CARTESIAN_POINT('',(-6.41404027653444,5.63479684013203,7.21398859193867));
#1404=CARTESIAN_POINT('',(-6.48924867034215,5.64709303849028,7.30670587820023));
#1405=CARTESIAN_POINT('',(-6.56445710787181,5.65938924581564,7.39942314078029));
#1406=CARTESIAN_POINT('',(-5.20050879975165,5.56905170833006,7.58463975345844));
#1407=CARTESIAN_POINT('',(-5.38034322768324,5.40210596678144,7.88979717153162));
#1408=CARTESIAN_POINT('',(-5.67192222816344,5.45501357610054,8.14196756680052));
#1409=CARTESIAN_POINT('',(-4.17754230227223,5.7134259855121,7.85298859127535));
#1410=CARTESIAN_POINT('',(-4.36835537641325,5.18211810068868,8.11687692482559));
#1411=CARTESIAN_POINT('',(-4.65982784459645,5.2288351842836,8.68015554866748));
#1412=CARTESIAN_POINT('',(-3.70460407818377,5.7786792359777,7.93132123254588));
#1413=CARTESIAN_POINT('',(-3.91035902353661,5.08350424859608,8.11675713527087));
#1414=CARTESIAN_POINT('',(-4.10951102192611,5.10754653929436,8.83769422297899));
#1415=CARTESIAN_POINT('',(-3.7046040781838,5.77867923597769,7.93132123254581));
#1416=CARTESIAN_POINT('',(-4.26656578873808,5.70114304990955,7.83824365172676));
#1417=CARTESIAN_POINT('',(-5.36970979826078,5.56227535112956,7.53136247758811));
#1418=CARTESIAN_POINT('',(-6.46345133195694,5.6451993997027,7.19843805897934));
#1419=CARTESIAN_POINT('',(-6.99964470427387,5.7580817900156,7.02978537363142));
#1420=CARTESIAN_POINT('',(-3.70460407818381,5.7786792359777,7.9313212325459));
#1421=CARTESIAN_POINT('',(-3.90116195467546,6.08528282858267,8.86264246509182));
#1422=CARTESIAN_POINT('',(8.87691042964295,2.0420110572287,7.01008832653437));
#1423=CARTESIAN_POINT('',(8.87523574204703,2.03540409457381,7.68567670608343));
#1424=CARTESIAN_POINT('',(8.72060873775799,1.42537100824337,7.93147385464815));
#1425=CARTESIAN_POINT('',(7.85995281888172,2.29981024800057,7.00742227891076));
#1426=CARTESIAN_POINT('',(7.85606625794508,2.29560802157935,7.68454604603757));
#1427=CARTESIAN_POINT('',(7.54159406471681,1.72477832680884,7.93126230471318));
#1428=CARTESIAN_POINT('',(6.96949993637665,2.962188769458,7.00374869741009));
#1429=CARTESIAN_POINT('',(6.96662466277496,2.96202170305812,7.68298405837926));
#1430=CARTESIAN_POINT('',(6.51034156077701,2.49352152310079,7.93097046916767));
#1431=CARTESIAN_POINT('',(6.42997867706589,3.86074788254452,7.));
#1432=CARTESIAN_POINT('',(6.42997867706589,3.86074788254452,7.68138478859681));
#1433=CARTESIAN_POINT('',(5.88630607041134,3.53431089568066,7.9306722140956));
#1434=CARTESIAN_POINT('',(5.57264818678549,3.34598149820296,7.));
#1435=CARTESIAN_POINT('',(5.12607577710554,3.9966670023229,8.));
#1436=CARTESIAN_POINT('',(4.89014309919985,3.03863050758737,8.00000000000506));
#1437=CARTESIAN_POINT('',(4.88697479041093,3.02576516194193,8.98657113198174));
#1438=CARTESIAN_POINT('',(5.40146019505311,3.83403981537924,7.99999999999924));
#1439=CARTESIAN_POINT('',(5.17430744223273,2.96714322921635,8.08689758255055));
#1440=CARTESIAN_POINT('',(5.25381841010678,2.9354193806515,8.98688492552735));
#1441=CARTESIAN_POINT('',(5.65523077633882,3.68033483738155,7.98005936076127));
#1442=CARTESIAN_POINT('',(5.47186737319138,2.89263787907924,8.13467912162811));
#1443=CARTESIAN_POINT('',(5.61566089171987,2.84628865529455,8.94731434972682));
#1444=CARTESIAN_POINT('',(5.89207364206559,3.53777391494961,7.92799948674424));
#1445=CARTESIAN_POINT('',(5.77116367146909,2.81817989166952,8.11833838426531));
#1446=CARTESIAN_POINT('',(5.96950984936337,2.75936787122376,8.84350292780383));
#1447=CARTESIAN_POINT('',(5.12607577710278,3.99666700232453,8.));
#1448=CARTESIAN_POINT('',(5.38403889241962,3.84432790074631,7.99999999999941));
#1449=CARTESIAN_POINT('',(5.63924193057564,3.68995886941846,7.98357383250473));
#1450=CARTESIAN_POINT('',(5.89207364206561,3.5377739149496,7.92799948674424));
#1451=CARTESIAN_POINT('',(-3.04324756846877,4.87444352429344,8.97679773333366));
#1452=CARTESIAN_POINT('',(-3.03842562027558,4.89659479569202,7.99999999999995));
#1453=CARTESIAN_POINT('',(-2.83060333021364,5.85129770110722,8.));
#1454=CARTESIAN_POINT('',(-3.40427935246986,4.95304814722285,8.97619755358174));
#1455=CARTESIAN_POINT('',(-3.31989830898,4.95643984227869,8.08427449384259));
#1456=CARTESIAN_POINT('',(-3.1432865489788,5.8271801942565,8.));
#1457=CARTESIAN_POINT('',(-3.76068615671693,5.03066628954467,8.93755195236831));
#1458=CARTESIAN_POINT('',(-3.61430362944301,5.01933797048339,8.13115822228158));
#1459=CARTESIAN_POINT('',(-3.43369690730489,5.80153254426094,7.98097330767939));
#1460=CARTESIAN_POINT('',(-4.10951102192619,5.10754653929438,8.837694222979));
#1461=CARTESIAN_POINT('',(-3.91035902353668,5.0835042485961,8.1167571352709));
#1462=CARTESIAN_POINT('',(-3.70460407818384,5.7786792359777,7.9313212325459));
#1463=CARTESIAN_POINT('',(-3.70460407818381,5.7786792359777,7.93132123254591));
#1464=CARTESIAN_POINT('',(-3.41564728406236,5.80305517757284,7.98428145814854));
#1465=CARTESIAN_POINT('',(-3.12386764694764,5.82867799281358,8.00000000000001));
#1466=CARTESIAN_POINT('',(-2.83060333021366,5.85129770110722,8.));
#1467=CARTESIAN_POINT('',(-7.14833030157345,5.12675968785714,7.93627602950477));
#1468=CARTESIAN_POINT('',(-7.02172698613073,5.7420766337759,7.70059016577603));
#1469=CARTESIAN_POINT('',(-7.0176801402455,5.76174509855503,7.02992784813096));
#1470=CARTESIAN_POINT('',(-6.56256827331103,5.00704635804309,7.93597875235477));
#1471=CARTESIAN_POINT('',(-6.51428090354007,5.64044503462918,7.69896275092299));
#1472=CARTESIAN_POINT('',(-6.51396082022264,5.65822475979372,7.02595548819948));
#1473=CARTESIAN_POINT('',(-5.32844985824467,4.9989489522886,7.9352614625062));
#1474=CARTESIAN_POINT('',(-5.44620968817725,5.63897463155116,7.6950244530452));
#1475=CARTESIAN_POINT('',(-5.45246856300151,5.64949003759301,7.01639227712985));
#1476=CARTESIAN_POINT('',(-4.2056047594485,5.44790265170053,7.93444029523589));
#1477=CARTESIAN_POINT('',(-4.48076647521724,6.03185469624834,7.69049322994764));
#1478=CARTESIAN_POINT('',(-4.48362207215809,6.03450112388956,7.00548708078313));
#1479=CARTESIAN_POINT('',(-3.70082967648561,5.77279168193577,7.93402590756225));
#1480=CARTESIAN_POINT('',(-4.04774561733631,6.31393343466129,7.68819796760883));
#1481=CARTESIAN_POINT('',(-4.04774561733631,6.3139334346613,7.00000000000002));
#1482=CARTESIAN_POINT('',(-3.50804620169216,5.47207564337273,7.00000000000043));
#1483=CARTESIAN_POINT('',(6.82876977061012E-15,-1.23161954907007E-15,7.));
#1484=CARTESIAN_POINT('',(-8.54689443583164,-3.01680748297451,7.02978537363135));
#1485=CARTESIAN_POINT('',(-8.54689443583163,-3.01680748297451,7.02978537363135));
#1486=CARTESIAN_POINT('',(-8.54689443583163,-3.01680748297451,7.02978537363135));
#1487=CARTESIAN_POINT('',(-8.10138989208763,-3.07326549457442,7.40176700388844));
#1488=CARTESIAN_POINT('',(-8.02603672672319,-3.08752348141595,7.30846182370062));
#1489=CARTESIAN_POINT('',(-7.95068360524927,-3.10178145812636,7.21515661957526));
#1490=CARTESIAN_POINT('',(-7.19693997984499,-3.18595302901229,8.14083174582383));
#1491=CARTESIAN_POINT('',(-6.90516067848843,-3.23590748759044,7.88890031971255));
#1492=CARTESIAN_POINT('',(-6.79342911018957,-3.45427307635872,7.58407375917487));
#1493=CARTESIAN_POINT('',(-6.16716185447749,-3.31974430531735,8.68015863518131));
#1494=CARTESIAN_POINT('',(-5.8772915459563,-3.37553378477656,8.11687692396721));
#1495=CARTESIAN_POINT('',(-5.87970417791372,-3.94006499008434,7.85299012667958));
#1496=CARTESIAN_POINT('',(-5.60856098175267,-3.39398824457727,8.83769422297959));
#1497=CARTESIAN_POINT('',(-5.41319637074112,-3.4395098764541,8.11675713527089));
#1498=CARTESIAN_POINT('',(-5.45761381572383,-4.16313301815164,7.93132123254622));
#1499=CARTESIAN_POINT('',(-5.74718240650669,-4.38401939853892,8.86264246509248));
#1500=CARTESIAN_POINT('',(-5.45761381572345,-4.16313301815118,7.93132123254655));
#1501=CARTESIAN_POINT('',(-5.45761381572341,-4.1631330181507,7.93132123254571));
#1502=CARTESIAN_POINT('',(-5.95916615082364,-3.89807061147119,7.83824365172706));
#1503=CARTESIAN_POINT('',(-6.94828688599311,-3.39028018741843,7.53136247757492));
#1504=CARTESIAN_POINT('',(-8.00442942924579,-3.09412166782915,7.19843805900734));
#1505=CARTESIAN_POINT('',(-8.54689443583164,-3.01680748297451,7.02978537363134));
#1506=CARTESIAN_POINT('',(3.44999496035645,-5.5088596618097,8.00000000000001));
#1507=CARTESIAN_POINT('',(3.55595854316659,-4.52790610894512,8.00000000000001));
#1508=CARTESIAN_POINT('',(3.55738151413485,-4.51473301315202,8.98657113198212));
#1509=CARTESIAN_POINT('',(0.742600973798991,-5.21640425857489,8.00000000000001));
#1510=CARTESIAN_POINT('',(0.858240592403787,-4.23873253307253,7.99999999998005));
#1511=CARTESIAN_POINT('',(0.856989725202174,-4.22306446665023,8.98431528940113));
#1512=CARTESIAN_POINT('',(-1.96346548232969,-4.89596504243056,8.));
#1513=CARTESIAN_POINT('',(-1.83669946904071,-3.92279813863757,7.99999999998186));
#1514=CARTESIAN_POINT('',(-1.84026656774366,-3.90368811903736,8.9812016731318));
#1515=CARTESIAN_POINT('',(-4.66115874014833,-4.53029791505333,8.));
#1516=CARTESIAN_POINT('',(-4.52992018801061,-3.56209123035879,8.));
#1517=CARTESIAN_POINT('',(-4.52687515612698,-3.53962664067221,8.9767977333335));
#1518=CARTESIAN_POINT('',(-4.66115874014833,-4.53029791505333,9.));
#1519=CARTESIAN_POINT('',(3.44999496035645,-5.5088596618097,9.));
#1520=CARTESIAN_POINT('',(-8.56519508578774,-3.01406664893534,7.02992862860822));
#1521=CARTESIAN_POINT('',(-8.56227129298277,-2.9941996560432,7.70059049079001));
#1522=CARTESIAN_POINT('',(-8.47080444586764,-2.37268803647421,7.93627609063783));
#1523=CARTESIAN_POINT('',(-7.54175579691636,-3.16492637426077,7.02193771600698));
#1524=CARTESIAN_POINT('',(-7.53169445209717,-3.15140597734101,7.6973123113693));
#1525=CARTESIAN_POINT('',(-7.28044922411446,-2.5494827288811,7.93567773590983));
#1526=CARTESIAN_POINT('',(-6.58761375006202,-3.73008478829529,7.0109120915839));
#1527=CARTESIAN_POINT('',(-6.57932919017447,-3.72860965094258,7.69275404507266));
#1528=CARTESIAN_POINT('',(-6.17380463186646,-3.20916938811739,7.9348493482004));
#1529=CARTESIAN_POINT('',(-5.96312910570107,-4.54874612049747,7.00000000000002));
#1530=CARTESIAN_POINT('',(-5.96312910570106,-4.54874612049746,7.68819797350817));
#1531=CARTESIAN_POINT('',(-5.45205337027799,-4.15889144393828,7.93402591042225));
#1532=CARTESIAN_POINT('',(-5.16804522494132,-3.94224663776429,7.));
#1533=CARTESIAN_POINT('',(-4.66115874014831,-4.53029791505343,8.));
#1534=CARTESIAN_POINT('',(-4.52992018801057,-3.56209123035879,7.99999999999991));
#1535=CARTESIAN_POINT('',(-4.52687515612687,-3.53962664067223,8.9767977333335));
#1536=CARTESIAN_POINT('',(-4.94673618031436,-4.40069091253645,8.00000000000001));
#1537=CARTESIAN_POINT('',(-4.81488620794944,-3.52205784969186,8.08427449383955));
#1538=CARTESIAN_POINT('',(-4.89301842382125,-3.49001068228955,8.97619755358033));
#1539=CARTESIAN_POINT('',(-5.21086063838296,-4.27726381258839,7.98097330762396));
#1540=CARTESIAN_POINT('',(-5.11304914227602,-3.48047020668332,8.13115822227036));
#1541=CARTESIAN_POINT('',(-5.25447823632297,-3.44104957154555,8.93755195225854));
#1542=CARTESIAN_POINT('',(-5.45761381572345,-4.16313301815177,7.93132123254633));
#1543=CARTESIAN_POINT('',(-5.41319637074067,-3.43950987645416,8.11675713527097));
#1544=CARTESIAN_POINT('',(-5.60856098175203,-3.39398824457735,8.8376942229798));
#1545=CARTESIAN_POINT('',(-4.66115874014837,-4.53029791505341,8.));
#1546=CARTESIAN_POINT('',(-4.92900065864978,-4.40874003844415,8.00000000000001));
#1547=CARTESIAN_POINT('',(-5.19442031160079,-4.28486795473325,7.98428145814858));
#1548=CARTESIAN_POINT('',(-5.45761381572392,-4.16313301815155,7.93132123254624));
#1549=CARTESIAN_POINT('',(3.55738151413479,-4.51473301315201,8.98657113198212));
#1550=CARTESIAN_POINT('',(3.55595854316657,-4.52790610894511,7.99999999999995));
#1551=CARTESIAN_POINT('',(3.44999496035642,-5.50885966180975,8.));
#1552=CARTESIAN_POINT('',(3.93300183361088,-4.55530365654039,8.98688492552741));
#1553=CARTESIAN_POINT('',(3.84743576859738,-4.55791997031092,8.08689758254721));
#1554=CARTESIAN_POINT('',(3.76439343957411,-5.45022711239413,8.00000000000001));
#1555=CARTESIAN_POINT('',(4.30350704694462,-4.59530558906078,8.94731434973219));
#1556=CARTESIAN_POINT('',(4.15253297050631,-4.58967933281535,8.13467912162929));
#1557=CARTESIAN_POINT('',(4.05542998078973,-5.39258632937488,7.98005936076327));
#1558=CARTESIAN_POINT('',(4.66574496035765,-4.63465024088669,8.84350292780206));
#1559=CARTESIAN_POINT('',(4.45924562496608,-4.6220770743214,8.1183383842653));
#1560=CARTESIAN_POINT('',(4.32674818113704,-5.33962791343062,7.92799948674313));
#1561=CARTESIAN_POINT('',(4.32674818113704,-5.33962791343062,7.92799948674313));
#1562=CARTESIAN_POINT('',(4.0371137675996,-5.39616145394093,7.98357383250601));
#1563=CARTESIAN_POINT('',(3.74450403762097,-5.45393631387093,8.00000000000001));
#1564=CARTESIAN_POINT('',(3.44999496035645,-5.50885966180974,8.));
#1565=CARTESIAN_POINT('',(4.32674818113704,-5.33962791343062,7.92799948674313));
#1566=CARTESIAN_POINT('',(4.56131305449245,-5.62910377216888,8.85599897348625));
#1567=CARTESIAN_POINT('',(6.82876977061012E-15,-1.23161954907007E-15,7.));
#1568=CARTESIAN_POINT('',(4.09218330778163,-5.05015205469236,7.));
#1569=CARTESIAN_POINT('',(7.62447123958664,-4.95309922189037,7.01004049673474));
#1570=CARTESIAN_POINT('',(7.62447123958664,-4.95309922189036,7.01004049673474));
#1571=CARTESIAN_POINT('',(7.62447123958664,-4.95309922189037,7.01004049673474));
#1572=CARTESIAN_POINT('',(7.02437836484398,-4.89336377107653,7.19562031759054));
#1573=CARTESIAN_POINT('',(7.10012880702689,-4.89973365989681,7.28823700309266));
#1574=CARTESIAN_POINT('',(7.17587929322996,-4.90610355304203,7.38085366524742));
#1575=CARTESIAN_POINT('',(5.79990806066214,-4.96200266380686,7.57138222154714));
#1576=CARTESIAN_POINT('',(5.96351650378807,-4.78126013100355,7.88117596149173));
#1577=CARTESIAN_POINT('',(6.26340256585657,-4.80845001969602,8.13163382104517));
#1578=CARTESIAN_POINT('',(4.79203945638375,-5.22221680508775,7.84701527423839));
#1579=CARTESIAN_POINT('',(4.9275992906545,-4.67125885075892,8.1166115135041));
#1580=CARTESIAN_POINT('',(5.22924135517082,-4.69585468382677,8.68201408529861));
#1581=CARTESIAN_POINT('',(4.32674818113702,-5.33962791343062,7.9279994867431));
#1582=CARTESIAN_POINT('',(4.45924562496606,-4.62207707432139,8.11833838426527));
#1583=CARTESIAN_POINT('',(4.66574496035764,-4.63465024088668,8.84350292780204));
#1584=CARTESIAN_POINT('',(4.32674818113704,-5.33962791343062,7.92799948674312));
#1585=CARTESIAN_POINT('',(4.88104374834648,-5.19975756068356,7.83152402492505));
#1586=CARTESIAN_POINT('',(5.96971902305905,-4.9361570859548,7.51673862026895));
#1587=CARTESIAN_POINT('',(7.07449057096501,-4.89835215028417,7.18012044982142));
#1588=CARTESIAN_POINT('',(7.62447123958665,-4.95309922189036,7.01004049673474));
#1589=CARTESIAN_POINT('',(7.70703915991137,-4.32201967692729,7.93147382775442));
#1590=CARTESIAN_POINT('',(7.64371733751967,-4.94815098435463,7.6856765664702));
#1591=CARTESIAN_POINT('',(7.64303155258365,-4.95493208133488,7.01008800276498));
#1592=CARTESIAN_POINT('',(7.10601754444331,-4.26150759147606,7.93136877266646));
#1593=CARTESIAN_POINT('',(7.12407652194962,-4.89650416052039,7.68511522754345));
#1594=CARTESIAN_POINT('',(7.12459575945771,-4.90251513387851,7.00876378958517));
#1595=CARTESIAN_POINT('',(5.87026695195239,-4.38243142656468,7.93111478224545));
#1596=CARTESIAN_POINT('',(6.05606368725798,-5.0028503865685,7.68375676760301));
#1597=CARTESIAN_POINT('',(6.05855055922876,-5.00616925931265,7.00556474329077));
#1598=CARTESIAN_POINT('',(4.79499222897055,-4.95105726284642,7.93082174967809));
#1599=CARTESIAN_POINT('',(5.12884234638395,-5.49558112740646,7.68218690372944));
#1600=CARTESIAN_POINT('',(5.12990898262856,-5.49636363227372,7.0018789720065));
#1601=CARTESIAN_POINT('',(4.32251286092139,-5.33440111651611,7.93067221286793));
#1602=CARTESIAN_POINT('',(4.72174997051848,-5.82709852464708,7.68138478614));
#1603=CARTESIAN_POINT('',(4.72174997051848,-5.82709852464708,7.));
#1604=CARTESIAN_POINT('',(-8.44637659163197,-3.20661673849169,0.512151558312354));
#1605=CARTESIAN_POINT('',(-8.44807798786167,-3.21895049737026,3.25260651745651E-15));
#1606=CARTESIAN_POINT('',(-8.37807066098359,-2.71145349321914,3.25260651745651E-15));
#1607=CARTESIAN_POINT('',(-9.80037679062379,-3.01981107179429,0.513226026838703));
#1608=CARTESIAN_POINT('',(-9.80379202428172,-3.0330479958902,-9.54668703060719E-12));
#1609=CARTESIAN_POINT('',(-9.72939332928098,-2.52504355002156,3.25260651745651E-15));
#1610=CARTESIAN_POINT('',(-12.5124105080469,-2.62298092849362,0.518758095161084));
#1611=CARTESIAN_POINT('',(-12.5197763277767,-2.64157380609147,4.46571341211666E-12));
#1612=CARTESIAN_POINT('',(-12.4286154341506,-2.13034914516247,7.04480679144595E-15));
#1613=CARTESIAN_POINT('',(-16.5389781536144,-1.92595226775207,0.516208039413804));
#1614=CARTESIAN_POINT('',(-16.5374410654951,-1.94316113647849,-1.19677171609634E-12));
#1615=CARTESIAN_POINT('',(-16.4607578767939,-1.43238340095448,-3.51488140659348E-15));
#1616=CARTESIAN_POINT('',(-20.5853823991636,-1.30821291077965,0.5168684341993));
#1617=CARTESIAN_POINT('',(-20.5928273290614,-1.32472040827581,3.28156346096167E-13));
#1618=CARTESIAN_POINT('',(-20.5057516939252,-0.81487696146856,1.16002710350625E-15));
#1619=CARTESIAN_POINT('',(-23.95374056211,-0.720687096072611,0.521918914740346));
#1620=CARTESIAN_POINT('',(-23.9664063615164,-0.741560734528988,-3.26767221002344E-14));
#1621=CARTESIAN_POINT('',(-23.8642842810536,-0.229145326225322,7.92926605760882E-15));
#1622=CARTESIAN_POINT('',(-26.643802220154,-0.180921877340063,0.530120419801022));
#1623=CARTESIAN_POINT('',(-26.6555824781399,-0.211122506995145,1.28838538418958E-15));
#1624=CARTESIAN_POINT('',(-26.5395546082166,0.307236204332084,-6.04790737901019E-15));
#1625=CARTESIAN_POINT('',(-28.6519233405068,0.279380216676739,0.53862789560977));
#1626=CARTESIAN_POINT('',(-28.6690882292622,0.240660588353221,5.64104837441929E-15));
#1627=CARTESIAN_POINT('',(-28.5328569947753,0.763606612654343,6.09570944426935E-15));
#1628=CARTESIAN_POINT('',(-30.6484048540591,0.812436221182369,0.549710494039615));
#1629=CARTESIAN_POINT('',(-30.6714891236505,0.761916835221342,-7.70230003592424E-15));
#1630=CARTESIAN_POINT('',(-30.510762803671,1.29070459403725,-7.92658954220634E-15));
#1631=CARTESIAN_POINT('',(-32.6234446773662,1.42554124908773,0.562769955484638));
#1632=CARTESIAN_POINT('',(-32.6595453958848,1.36252308667286,1.22725681158357E-14));
#1633=CARTESIAN_POINT('',(-32.4646060498926,1.89590386708383,1.260022265473E-14));
#1634=CARTESIAN_POINT('',(-34.2513178364591,2.05435587370565,0.584643966021815));
#1635=CARTESIAN_POINT('',(-34.3050323937702,1.96865778622814,-1.65462182875881E-14));
#1636=CARTESIAN_POINT('',(-34.0583924905589,2.5088330187526,-1.7032181200857E-14));
#1637=CARTESIAN_POINT('',(-35.5081248161503,2.67089985590463,0.608082390924168));
#1638=CARTESIAN_POINT('',(-35.5771735957351,2.55511486482792,1.14587914532384E-14));
#1639=CARTESIAN_POINT('',(-35.2803715732439,3.1031209095892,1.18748490433141E-14));
#1640=CARTESIAN_POINT('',(-36.427334785514,3.19909085116798,0.62702754224635));
#1641=CARTESIAN_POINT('',(-36.5230985386404,3.06474041973424,-1.54914498577505E-14));
#1642=CARTESIAN_POINT('',(-36.1721330238239,3.61101850681667,-1.68772908217205E-14));
#1643=CARTESIAN_POINT('',(-37.3078946021484,3.82546277372836,0.658402910031571));
#1644=CARTESIAN_POINT('',(-37.4582089440958,3.66384661735119,1.0455811133373E-14));
#1645=CARTESIAN_POINT('',(-37.0091375730554,4.19620671307273,1.85545999445637E-14));
#1646=CARTESIAN_POINT('',(-37.9736720871228,4.4677945732746,0.689081192868493));
#1647=CARTESIAN_POINT('',(-38.18663523336,4.2834149014447,-3.70153565084359E-14));
#1648=CARTESIAN_POINT('',(-37.634761099158,4.78695723747767,-6.09548567269675E-14));
#1649=CARTESIAN_POINT('',(-38.4246591789285,5.0760633591651,0.719971656275252));
#1650=CARTESIAN_POINT('',(-38.7223907599035,4.88540295703031,-3.35050945311653E-14));
#1651=CARTESIAN_POINT('',(-38.048837767642,5.32532612023753,8.42962659593333E-15));
#1652=CARTESIAN_POINT('',(-38.7001624215262,5.59798311931931,0.743173524472379));
#1653=CARTESIAN_POINT('',(-39.0809642931435,5.43232586231357,1.60916113978535E-13));
#1654=CARTESIAN_POINT('',(-38.2997121741976,5.77810219914044,-1.15769735027038E-14));
#1655=CARTESIAN_POINT('',(-38.8894463071084,6.1638883761473,0.762445741009378));
#1656=CARTESIAN_POINT('',(-39.3500422214109,6.05594611642712,-6.36199369968188E-13));
#1657=CARTESIAN_POINT('',(-38.4723893319827,6.26567214859409,3.13730543799687E-14));
#1658=CARTESIAN_POINT('',(-38.9250516118205,6.61149443981195,0.777350137703489));
#1659=CARTESIAN_POINT('',(-39.4515701590241,6.60984428860435,1.48399366358733E-12));
#1660=CARTESIAN_POINT('',(-38.5023749730822,6.6128191046465,-2.16840434497101E-15));
#1661=CARTESIAN_POINT('',(-38.8819498515196,6.8559368213764,0.777350098117932));
#1662=CARTESIAN_POINT('',(-39.3923101204879,6.94592710667715,-2.16840434497101E-15));
#1663=CARTESIAN_POINT('',(-38.4722450611431,6.78369481270751,-2.16840434497101E-15));
#1664=CARTESIAN_POINT('',(-8.37807066098358,-2.71145349321915,0.500000000000003));
#1665=CARTESIAN_POINT('',(-38.4722450611431,6.78369481270751,0.5));
#1666=CARTESIAN_POINT('',(-38.8819498515196,6.8559368213764,0.777350098117932));
#1667=CARTESIAN_POINT('',(-39.3923101204879,6.94592710667715,-1.73472347597681E-15));
#1668=CARTESIAN_POINT('',(-38.4722450611431,6.78369481270751,-1.73472347597681E-15));
#1669=CARTESIAN_POINT('',(-38.8381517318358,7.10432810276778,0.777350149822892));
#1670=CARTESIAN_POINT('',(-39.3320918441239,7.28743909054057,1.87164196556797E-12));
#1671=CARTESIAN_POINT('',(-38.4416282126092,6.95733095288519,-1.73472347597681E-15));
#1672=CARTESIAN_POINT('',(-38.6486919237678,7.51458998646197,0.762162267094171));
#1673=CARTESIAN_POINT('',(-39.0430337881799,7.77404901358037,-8.35220804598059E-13));
#1674=CARTESIAN_POINT('',(-38.2922319601167,7.27523475955394,5.32678819154854E-15));
#1675=CARTESIAN_POINT('',(-38.2742691705099,7.98332085860706,0.742890099638189));
#1676=CARTESIAN_POINT('',(-38.5742722735443,8.26939882473216,2.13761407382613E-13));
#1677=CARTESIAN_POINT('',(-37.9601872805608,7.67616348730831,-2.38072608313733E-15));
#1678=CARTESIAN_POINT('',(-37.8303691436193,8.38251811316605,0.719251601940878));
#1679=CARTESIAN_POINT('',(-38.0427181260577,8.66294485583648,-5.06675121915894E-14));
#1680=CARTESIAN_POINT('',(-37.5638752604112,8.01824542732346,2.89507353401817E-15));
#1681=CARTESIAN_POINT('',(-37.1905028005355,8.80089206298036,0.688210707681777));
#1682=CARTESIAN_POINT('',(-37.3258822029841,9.04578989207412,-2.99518317538694E-14));
#1683=CARTESIAN_POINT('',(-36.9827935767994,8.38386303542234,-6.00686490999603E-14));
#1684=CARTESIAN_POINT('',(-36.3339329278582,9.1772030262182,0.657137806419936));
#1685=CARTESIAN_POINT('',(-36.4181112490345,9.37864225851241,1.5217069982951E-14));
#1686=CARTESIAN_POINT('',(-36.1822442592904,8.72544977992739,2.52410705412489E-14));
#1687=CARTESIAN_POINT('',(-34.940310255012,9.55381183255698,0.616478604654434));
#1688=CARTESIAN_POINT('',(-34.9896418752258,9.69382502670987,-3.69331338447933E-14));
#1689=CARTESIAN_POINT('',(-34.8598389768227,9.07176553298644,-4.36613893147612E-14));
#1690=CARTESIAN_POINT('',(-33.1792708293184,9.77925481733671,0.58933748163218));
#1691=CARTESIAN_POINT('',(-33.2092118079915,9.88506944454716,1.04336435741885E-14));
#1692=CARTESIAN_POINT('',(-33.1453098530271,9.28767396389644,1.30438427649982E-14));
#1693=CARTESIAN_POINT('',(-31.0992392638771,9.81744251276721,0.562067740322817));
#1694=CARTESIAN_POINT('',(-31.1127751804636,9.88784151230709,-2.56755249953769E-15));
#1695=CARTESIAN_POINT('',(-31.1120783429167,9.32082984185499,-3.02762706070141E-15));
#1696=CARTESIAN_POINT('',(-29.0430740262056,9.71631066627295,0.549613343580674));
#1697=CARTESIAN_POINT('',(-29.0467167424332,9.77161959352657,4.00181287668989E-15));
#1698=CARTESIAN_POINT('',(-29.0774784169708,9.219888291135,2.96979329875528E-15));
#1699=CARTESIAN_POINT('',(-26.9926623702806,9.53408328405501,0.538473365096085));
#1700=CARTESIAN_POINT('',(-26.995741242165,9.57614518499895,1.80053344714835E-16));
#1701=CARTESIAN_POINT('',(-27.0466660617645,9.03833269019154,4.80940123899765E-15));
#1702=CARTESIAN_POINT('',(-24.9470287805804,9.27880863212269,0.530026199717713));
#1703=CARTESIAN_POINT('',(-24.9476683633989,9.31110920136702,2.11419249026179E-14));
#1704=CARTESIAN_POINT('',(-25.0161995114631,8.78446058709858,3.81345388490621E-15));
#1705=CARTESIAN_POINT('',(-22.2388184431299,8.86575282617315,0.521871876139557));
#1706=CARTESIAN_POINT('',(-22.2435753378451,8.88964186462519,-1.00103165957529E-13));
#1707=CARTESIAN_POINT('',(-22.3229628226292,8.37326916504221,-9.80751050204228E-15));
#1708=CARTESIAN_POINT('',(-18.8775993935068,8.26629330254807,0.516832333776106));
#1709=CARTESIAN_POINT('',(-18.8788615561474,8.28429762763756,7.1935201299806E-13));
#1710=CARTESIAN_POINT('',(-18.9715752647352,7.77548793737678,4.14819474471916E-15));
#1711=CARTESIAN_POINT('',(-14.8703249774178,7.46406319481991,0.516238792489591));
#1712=CARTESIAN_POINT('',(-14.8629934024675,7.47974037476718,-2.62282997565351E-12));
#1713=CARTESIAN_POINT('',(-14.9655675669227,6.97349554903494,-9.1982978554125E-15));
#1714=CARTESIAN_POINT('',(-10.8550104219451,6.74322418143825,0.518736955791565));
#1715=CARTESIAN_POINT('',(-10.8556096025938,6.76319882466596,9.76900490629735E-12));
#1716=CARTESIAN_POINT('',(-10.9448054611807,6.25165038271523,4.02205932331351E-15));
#1717=CARTESIAN_POINT('',(-8.17471554575451,6.18923525233413,0.513224587500434));
#1718=CARTESIAN_POINT('',(-8.17339380474865,6.20283962262472,-2.09179920474883E-11));
#1719=CARTESIAN_POINT('',(-8.27723692136909,5.70002881810413,4.55364912443912E-15));
#1720=CARTESIAN_POINT('',(-6.84027023904589,5.90206501930181,0.512151558312291));
#1721=CARTESIAN_POINT('',(-6.8376506345486,5.91423687328883,4.55364912443912E-15));
#1722=CARTESIAN_POINT('',(-6.94543946417743,5.41340176744444,4.55364912443912E-15));
#1723=CARTESIAN_POINT('',(-6.94543946417742,5.41340176744444,0.5));
#1724=CARTESIAN_POINT('',(-8.37807066098358,-2.71145349321915,0.));
#1725=CARTESIAN_POINT('',(-8.44807798786166,-3.21895049737026,-1.86347248395946E-17));
#1726=CARTESIAN_POINT('',(-8.44637659163196,-3.20661673849169,0.512151558312352));
#1727=CARTESIAN_POINT('',(-7.23534917695222,-2.86908768895712,0.));
#1728=CARTESIAN_POINT('',(-7.438337346677,-3.3548581348102,-9.25314078861702E-14));
#1729=CARTESIAN_POINT('',(-7.43055209313102,-3.34682642856651,0.508872356620804));
#1730=CARTESIAN_POINT('',(-6.19172675608061,-3.46311330253481,0.));
#1731=CARTESIAN_POINT('',(-6.50922159655769,-3.87416349478536,4.05460822583975E-14));
#1732=CARTESIAN_POINT('',(-6.50279178779627,-3.87496953031925,0.504503681410893));
#1733=CARTESIAN_POINT('',(-5.47243155183604,-4.36491614014151,0.));
#1734=CARTESIAN_POINT('',(-5.86331951982415,-4.67669586443766,7.45720074466738E-27));
#1735=CARTESIAN_POINT('',(-5.86331951982411,-4.67669586443763,0.500000000000061));
#1736=CARTESIAN_POINT('',(-5.47243155183611,-4.36491614014158,0.5));
#1737=CARTESIAN_POINT('',(-3.6495143031606,5.97336131093927,0.));
#1738=CARTESIAN_POINT('',(-3.91019389624349,6.40002997600636,-7.58941520739853E-16));
#1739=CARTESIAN_POINT('',(-3.91019389624349,6.40002997600636,0.5));
#1740=CARTESIAN_POINT('',(-4.63386519257462,5.37195744689048,0.));
#1741=CARTESIAN_POINT('',(-4.79162532920439,5.86680789334621,1.45809621000893E-12));
#1742=CARTESIAN_POINT('',(-4.78530760329447,5.86536618714002,0.504503680390625));
#1743=CARTESIAN_POINT('',(-5.81772068523802,5.17069616379283,0.));
#1744=CARTESIAN_POINT('',(-5.84232362440802,5.69659706017832,-3.17765908268591E-12));
#1745=CARTESIAN_POINT('',(-5.83775490315615,5.68638701747055,0.508872363308338));
#1746=CARTESIAN_POINT('',(-6.94543946417742,5.41340176744444,0.));
#1747=CARTESIAN_POINT('',(-6.83765063454833,5.9142368732888,8.75832067460947E-16));
#1748=CARTESIAN_POINT('',(-6.84027023904564,5.90206501930176,0.512151558312317));
#1749=CARTESIAN_POINT('',(-3.6495143031606,5.97336131093927,0.5));
#1750=CARTESIAN_POINT('',(6.82876977061012E-15,-1.23161954907007E-15,0.5));
#1751=CARTESIAN_POINT('',(4.36450054196832,-5.47276301507368,0.5));
#1752=CARTESIAN_POINT('',(6.82876977061012E-15,-1.23161954907007E-15,0.5));
#1753=CARTESIAN_POINT('',(5.97308414350627,3.64996791966643,0.5));
#1754=CARTESIAN_POINT('',(4.36450054196832,-5.47276301507368,0.));
#1755=CARTESIAN_POINT('',(4.67625058068035,-5.86367465900752,1.44444745829043E-31));
#1756=CARTESIAN_POINT('',(4.67625058068035,-5.86367465900752,0.5));
#1757=CARTESIAN_POINT('',(5.27187688748742,-4.74913502983455,0.));
#1758=CARTESIAN_POINT('',(5.48527755825074,-5.22067327130844,-1.01900627568489E-13));
#1759=CARTESIAN_POINT('',(5.48282509725354,-5.22043560315483,0.501711977944108));
#1760=CARTESIAN_POINT('',(6.43035398758344,-4.40290504350107,0.));
#1761=CARTESIAN_POINT('',(6.51475741128611,-4.91626501405496,2.2189411475435E-13));
#1762=CARTESIAN_POINT('',(6.51259971378254,-4.91266191362895,0.503367358445757));
#1763=CARTESIAN_POINT('',(7.58599170205674,-4.51002204679557,0.));
#1764=CARTESIAN_POINT('',(7.53941733992357,-5.01249212251357,-8.470329472543E-19));
#1765=CARTESIAN_POINT('',(7.53984606502741,-5.00786679807493,0.504602586962052));
#1766=CARTESIAN_POINT('',(7.58599170205675,-4.51002204679557,0.5));
#1767=CARTESIAN_POINT('',(8.67101881061301,1.64347246775164,0.));
#1768=CARTESIAN_POINT('',(8.79910811351224,2.13156926008087,3.89635155736978E-17));
#1769=CARTESIAN_POINT('',(8.79792902920146,2.12707624421653,0.504602586961189));
#1770=CARTESIAN_POINT('',(7.54843677498383,1.93806722487917,0.));
#1771=CARTESIAN_POINT('',(7.80332968598961,2.39160007816091,-3.45567980291687E-13));
#1772=CARTESIAN_POINT('',(7.80006977371234,2.38895224199229,0.50336735658099));
#1773=CARTESIAN_POINT('',(6.57824436862193,2.6596378632076,0.));
#1774=CARTESIAN_POINT('',(6.94005090551856,3.0297516708123,3.96371560208589E-13));
#1775=CARTESIAN_POINT('',(6.93766506217891,3.03036713406299,0.501711979952688));
#1776=CARTESIAN_POINT('',(5.97308414350627,3.64996791966644,0.));
#1777=CARTESIAN_POINT('',(6.39973301089961,3.91067991392831,-2.16840434495964E-16));
#1778=CARTESIAN_POINT('',(6.39973301089959,3.9106799139283,0.500000000000024));
#1779=CARTESIAN_POINT('',(8.67101881061301,1.64347246775165,0.5));
#1780=CARTESIAN_POINT('',(7.58599170205675,-4.51002204679556,-9.75781955236954E-16));
#1781=CARTESIAN_POINT('',(7.53941733992356,-5.01249212251356,-9.85946350604006E-16));
#1782=CARTESIAN_POINT('',(7.53984606502739,-5.00786679807493,0.504602586962039));
#1783=CARTESIAN_POINT('',(10.3333114588167,-4.76467336119255,-9.75781955236954E-16));
#1784=CARTESIAN_POINT('',(10.2876140977326,-5.2664524218148,5.23114037717421E-12));
#1785=CARTESIAN_POINT('',(10.29005918094,-5.26279334951907,0.503840103174592));
#1786=CARTESIAN_POINT('',(15.8310860141581,-5.22502994744834,-6.34276478879436E-15));
#1787=CARTESIAN_POINT('',(15.7897226681759,-5.72599862743683,-2.45973420408441E-12));
#1788=CARTESIAN_POINT('',(15.793418884383,-5.72360526538106,0.50265200752868));
#1789=CARTESIAN_POINT('',(22.7093204255804,-5.70655845009381,4.56770237091912E-15));
#1790=CARTESIAN_POINT('',(22.6742322603775,-6.20724451552784,2.18819653156891E-13));
#1791=CARTESIAN_POINT('',(22.675782548586,-6.20546600809562,0.501860347265746));
#1792=CARTESIAN_POINT('',(28.215827598053,-6.03057039649928,3.45502954596529E-15));
#1793=CARTESIAN_POINT('',(28.1892262610493,-6.53117625101743,1.07987712973725E-13));
#1794=CARTESIAN_POINT('',(28.1895078627841,-6.52985049467567,0.501337523487026));
#1795=CARTESIAN_POINT('',(32.346555973584,-6.26038715172027,-6.4002688856984E-15));
#1796=CARTESIAN_POINT('',(32.3147341668274,-6.76078398152342,-6.06038892858676E-13));
#1797=CARTESIAN_POINT('',(32.3152777329126,-6.75953041550173,0.501273478727413));
#1798=CARTESIAN_POINT('',(35.7917666091646,-6.40590007020991,9.25681055609923E-15));
#1799=CARTESIAN_POINT('',(35.7834456458482,-6.90677362543063,1.82043190526402E-12));
#1800=CARTESIAN_POINT('',(35.7832825566519,-6.90585115158671,0.500911165094666));
#1801=CARTESIAN_POINT('',(38.5504683829491,-6.48309433993297,-4.97386436797809E-15));
#1802=CARTESIAN_POINT('',(38.5266276081232,-6.98367655070643,-3.14544468476967E-12));
#1803=CARTESIAN_POINT('',(38.5269801994725,-6.98267530437626,0.501018471554941));
#1804=CARTESIAN_POINT('',(39.9258885490817,-6.5824507527533,-2.60208521396521E-15));
#1805=CARTESIAN_POINT('',(39.8863283941874,-7.0811374869641,6.94102324715951E-12));
#1806=CARTESIAN_POINT('',(39.8865922322815,-7.08090422226646,0.500253276434946));
#1807=CARTESIAN_POINT('',(40.6131708034162,-6.63663341355362,-2.60208521396521E-15));
#1808=CARTESIAN_POINT('',(40.5738826571703,-7.13498556758004,-1.66538588831016E-15));
#1809=CARTESIAN_POINT('',(40.5738746743864,-7.13508682554132,0.499898407220206));
#1810=CARTESIAN_POINT('',(40.3771178734968,-7.11957528434348,0.500000000000332));
#1811=CARTESIAN_POINT('',(40.3771178734971,-7.11957528434354,0.455894274743615));
#1812=CARTESIAN_POINT('',(40.2898498389825,-7.10418757530573,0.404270416096328));
#1813=CARTESIAN_POINT('',(40.1396220167604,-7.07769835699445,0.344059657840614));
#1814=CARTESIAN_POINT('',(39.9306121299502,-7.04084427471492,0.291034000359851));
#1815=CARTESIAN_POINT('',(39.6836940213344,-6.99730595014013,0.242422202051799));
#1816=CARTESIAN_POINT('',(39.349488983399,-6.93837658486306,0.188664549956905));
#1817=CARTESIAN_POINT('',(38.9314899266316,-6.86467207324382,0.135764936947207));
#1818=CARTESIAN_POINT('',(38.4283858255379,-6.77596124611557,0.0861988626355411));
#1819=CARTESIAN_POINT('',(37.9247242410237,-6.68715211961959,0.0478513278467718));
#1820=CARTESIAN_POINT('',(37.2509726139007,-6.5683515294619,0.0108717466341594));
#1821=CARTESIAN_POINT('',(36.7488496270768,-6.47981369925508,-9.60509666012157E-15));
#1822=CARTESIAN_POINT('',(36.4080469793248,-6.41972099735749,4.90515881340282E-27));
#1823=CARTESIAN_POINT('',(8.79792902920145,2.12707624421653,0.504602586961188));
#1824=CARTESIAN_POINT('',(8.79910811351224,2.13156926008088,-2.49366499671666E-15));
#1825=CARTESIAN_POINT('',(8.671018810613,1.64347246775165,-2.27682456221956E-15));
#1826=CARTESIAN_POINT('',(11.4694096552781,1.42601744898725,0.503840121542092));
#1827=CARTESIAN_POINT('',(11.4683636081206,1.43029211220789,5.67669585842856E-12));
#1828=CARTESIAN_POINT('',(11.3396864996074,0.943144603804125,-2.27682456221956E-15));
#1829=CARTESIAN_POINT('',(16.7983889874574,-0.023193776147121,0.502652036202605));
#1830=CARTESIAN_POINT('',(16.7957343102208,-0.0196805574128483,-2.70286744229798E-12));
#1831=CARTESIAN_POINT('',(16.6632618487582,-0.504584279048749,-7.63308124298657E-15));
#1832=CARTESIAN_POINT('',(23.4304482508369,-1.92428240702459,0.501860370653244));
#1833=CARTESIAN_POINT('',(23.4295997080231,-1.92208089281079,3.34389462260516E-13));
#1834=CARTESIAN_POINT('',(23.2913272739268,-2.40457283418818,1.29949823961325E-14));
#1835=CARTESIAN_POINT('',(28.7226021156878,-3.50526297976126,0.501337536759375));
#1836=CARTESIAN_POINT('',(28.7227909585483,-3.50392085727142,-4.774420184652E-14));
#1837=CARTESIAN_POINT('',(28.5765709196991,-3.98343474192904,-9.5044472981064E-15));
#1838=CARTESIAN_POINT('',(32.6781186925784,-4.70053410793616,0.501273505933696));
#1839=CARTESIAN_POINT('',(32.6780366053371,-4.69917018689097,-6.8558883060817E-14));
#1840=CARTESIAN_POINT('',(32.5367936395113,-5.18027315830764,9.83098250813116E-15));
#1841=CARTESIAN_POINT('',(35.9870686810649,-5.74917162319017,0.50091113898515));
#1842=CARTESIAN_POINT('',(35.9875374384962,-5.74836059120652,2.78471664224378E-13));
#1843=CARTESIAN_POINT('',(35.8240486988129,-6.2218739747839,-1.52702841094991E-15));
#1844=CARTESIAN_POINT('',(38.5916205399106,-6.61539979929742,0.501018508146432));
#1845=CARTESIAN_POINT('',(38.5916317484091,-6.61433832917916,-4.84992391140252E-13));
#1846=CARTESIAN_POINT('',(38.4428236558703,-7.0928852232155,3.38453985204881E-15));
#1847=CARTESIAN_POINT('',(39.9028487023704,-6.98811694875742,0.500253329610519));
#1848=CARTESIAN_POINT('',(39.9026804720494,-6.98780743499939,1.08454449230057E-12));
#1849=CARTESIAN_POINT('',(39.7692940342196,-7.46995012780111,9.75781955236954E-16));
#1850=CARTESIAN_POINT('',(40.5673539834756,-7.17230506242991,0.499898385889328));
#1851=CARTESIAN_POINT('',(40.567326846881,-7.17240296460934,1.0842021724855E-16));
#1852=CARTESIAN_POINT('',(40.4337991585309,-7.65413812315588,9.75781955236954E-16));
#1853=CARTESIAN_POINT('',(-0.146178233057427,0.0257751664803145,59.7773500981125));
#1854=CARTESIAN_POINT('',(2.68990524968998E-15,1.56264343921047E-14,60.));
#1855=CARTESIAN_POINT('',(0.26352655732268,-0.0464668421891874,60.));
#1856=CARTESIAN_POINT('',(-0.170438049912051,-0.111810236678403,59.777350396323));
#1857=CARTESIAN_POINT('',(-0.0191095949880725,-0.108383172543934,59.9999999999998));
#1858=CARTESIAN_POINT('',(0.253699164121992,-0.102204285683979,60.));
#1859=CARTESIAN_POINT('',(-0.152202700647556,-0.304112404526994,59.763226531211));
#1860=CARTESIAN_POINT('',(-0.00848208651806759,-0.273205396507109,60.0000000000001));
#1861=CARTESIAN_POINT('',(0.264161468205132,-0.213240956031924,60.));
#1862=CARTESIAN_POINT('',(-0.0702046383223594,-0.610583256034993,59.7431244013852));
#1863=CARTESIAN_POINT('',(0.0615285019078109,-0.551020654874772,60.));
#1864=CARTESIAN_POINT('',(0.331035145886552,-0.42582957002268,60.));
#1865=CARTESIAN_POINT('',(0.0986624228907175,-0.935004102812576,59.7137202274456));
#1866=CARTESIAN_POINT('',(0.210581117103826,-0.857005089186695,60.));
#1867=CARTESIAN_POINT('',(0.467614343922728,-0.668937601341404,59.9999999999999));
#1868=CARTESIAN_POINT('',(0.354218450608103,-1.24855419404586,59.6825877799211));
#1869=CARTESIAN_POINT('',(0.444162247013552,-1.16150938423552,60.));
#1870=CARTESIAN_POINT('',(0.684808124403384,-0.918375165460438,59.9999999999999));
#1871=CARTESIAN_POINT('',(0.729180166404601,-1.59807603581,59.6482836187869));
#1872=CARTESIAN_POINT('',(0.79787146312926,-1.51229031670522,59.9999999999999));
#1873=CARTESIAN_POINT('',(1.01446962428206,-1.21238238408132,59.9999999999998));
#1874=CARTESIAN_POINT('',(1.22841559936145,-1.93222262296748,59.6170723391429));
#1875=CARTESIAN_POINT('',(1.27836946643371,-1.85405096234444,59.9999999999998));
#1876=CARTESIAN_POINT('',(1.46970046819825,-1.50901695775278,59.9999999999998));
#1877=CARTESIAN_POINT('',(1.84700395650257,-2.25815248047743,59.5949096413542));
#1878=CARTESIAN_POINT('',(1.88355650177683,-2.18858020279405,59.9999999999998));
#1879=CARTESIAN_POINT('',(2.0556572096875,-1.81317946680389,59.9999999999997));
#1880=CARTESIAN_POINT('',(2.47766617884389,-2.52919219296792,59.5748811363221));
#1881=CARTESIAN_POINT('',(2.50393545289265,-2.47015571041631,59.9999999999997));
#1882=CARTESIAN_POINT('',(2.65587916327262,-2.06761573493909,59.9999999999997));
#1883=CARTESIAN_POINT('',(3.32308393445657,-2.8327401077364,59.5561428405433));
#1884=CARTESIAN_POINT('',(3.34286694721976,-2.78635319049312,59.9999999999995));
#1885=CARTESIAN_POINT('',(3.47182757125343,-2.35828619026962,59.9999999999995));
#1886=CARTESIAN_POINT('',(4.38050520305332,-3.14437502748436,59.5443108853418));
#1887=CARTESIAN_POINT('',(4.3956650119564,-3.10635659535714,59.9999999999994));
#1888=CARTESIAN_POINT('',(4.50983342287164,-2.66323966415245,59.9999999999993));
#1889=CARTESIAN_POINT('',(5.6657836939711,-3.45898623988702,59.5317286350171));
#1890=CARTESIAN_POINT('',(5.67668612989576,-3.43086344058918,59.9999999999992));
#1891=CARTESIAN_POINT('',(5.77369623538771,-2.97161503686399,59.9999999999992));
#1892=CARTESIAN_POINT('',(6.95881651769848,-3.72342491695929,59.5233566177822));
#1893=CARTESIAN_POINT('',(6.96513173938462,-3.7019168181303,59.9999999999989));
#1894=CARTESIAN_POINT('',(7.05169487159365,-3.23263974686313,59.9999999999989));
#1895=CARTESIAN_POINT('',(8.24755766303738,-3.95504285659036,59.5191247959487));
#1896=CARTESIAN_POINT('',(8.25278733448724,-3.93725128999729,59.9999999999988));
#1897=CARTESIAN_POINT('',(8.33259587358673,-3.46267120281771,59.9999999999988));
#1898=CARTESIAN_POINT('',(9.96959483076491,-4.23915191438706,59.5139579416424));
#1899=CARTESIAN_POINT('',(9.97224640814224,-4.22582494669299,59.9999999999984));
#1900=CARTESIAN_POINT('',(10.0443395848687,-3.74493127101439,59.9999999999984));
#1901=CARTESIAN_POINT('',(12.0970051961841,-4.57805681089672,59.52042924489));
#1902=CARTESIAN_POINT('',(12.1002101677932,-4.55871517651844,59.9999999999982));
#1903=CARTESIAN_POINT('',(12.1854466401112,-4.08626578490978,59.9999999999982));
#1904=CARTESIAN_POINT('',(14.686051403958,-4.99871327507742,59.5111561250789));
#1905=CARTESIAN_POINT('',(14.6946494502794,-4.98898280924994,59.9999999999977));
#1906=CARTESIAN_POINT('',(14.7538032279939,-4.50333910993892,59.9999999999976));
#1907=CARTESIAN_POINT('',(17.272897153597,-5.33113112053103,59.508739686799));
#1908=CARTESIAN_POINT('',(17.2749035326782,-5.32267153360177,59.9999999999973));
#1909=CARTESIAN_POINT('',(17.3340141338394,-4.83496111175292,59.9999999999973));
#1910=CARTESIAN_POINT('',(20.7295729407959,-5.72893311048265,59.505074892957));
#1911=CARTESIAN_POINT('',(20.735728671359,-5.72458620236479,59.9999999999967));
#1912=CARTESIAN_POINT('',(20.7804859871195,-5.23149776191581,59.9999999999967));
#1913=CARTESIAN_POINT('',(25.0590441397015,-6.14098059996812,59.5027541795518));
#1914=CARTESIAN_POINT('',(25.0622339164928,-6.13846259972819,59.999999999996));
#1915=CARTESIAN_POINT('',(25.1012591364555,-5.64275463071819,59.999999999996));
#1916=CARTESIAN_POINT('',(29.3938728307034,-6.46999067376275,59.5013020237137));
#1917=CARTESIAN_POINT('',(29.3956356000835,-6.46880864212017,59.9999999999954));
#1918=CARTESIAN_POINT('',(29.4291458879351,-5.97122283860746,59.9999999999953));
#1919=CARTESIAN_POINT('',(32.8661939314366,-6.68652101262623,59.5004053228292));
#1920=CARTESIAN_POINT('',(32.8664391166435,-6.68612673803065,59.9999999999946));
#1921=CARTESIAN_POINT('',(32.8946671548096,-6.18731629088061,59.9999999999947));
#1922=CARTESIAN_POINT('',(35.0340159188728,-6.80392799759797,59.5004608418857));
#1923=CARTESIAN_POINT('',(35.0340636311895,-6.8034750578215,59.9999999999947));
#1924=CARTESIAN_POINT('',(35.0619373824608,-6.30474583030953,59.9999999999943));
#1925=CARTESIAN_POINT('',(36.7701946285402,-6.90056474581653,59.5000309846356));
#1926=CARTESIAN_POINT('',(36.7706412526095,-6.90054888888428,59.9999999999934));
#1927=CARTESIAN_POINT('',(36.7955684000086,-6.40114020623577,59.999999999994));
#1928=CARTESIAN_POINT('',(38.1010847028838,-6.93084193547385,59.4991661864938));
#1929=CARTESIAN_POINT('',(38.100843595998,-6.93166723082316,59.9999999999964));
#1930=CARTESIAN_POINT('',(38.0989488636183,-6.43045717547705,59.9999999999939));
#1931=CARTESIAN_POINT('',(39.3513392660771,-6.96874892962475,59.5006423062617));
#1932=CARTESIAN_POINT('',(39.3510709860894,-6.96810245969787,59.9999999999842));
#1933=CARTESIAN_POINT('',(39.4015441346152,-6.47046273886782,59.9999999999936));
#1934=CARTESIAN_POINT('',(40.1930049532974,-7.09373861722288,59.500095605642));
#1935=CARTESIAN_POINT('',(40.1931145914988,-7.09365742839398,60.0000000000139));
#1936=CARTESIAN_POINT('',(40.2624896684881,-6.59859024022635,59.9999999999935));
#1937=CARTESIAN_POINT('',(40.6237435445756,-7.15418447759512,59.4998719329052));
#1938=CARTESIAN_POINT('',(40.6237257426369,-7.15431133449883,59.9999999999935));
#1939=CARTESIAN_POINT('',(40.6932281378942,-6.65903614134608,59.9999999999934));
#1940=CARTESIAN_POINT('',(40.3771178735328,-7.11957528434984,59.4999999999946));
#1941=CARTESIAN_POINT('',(40.3771178735313,-7.11957528434958,59.5237664832184));
#1942=CARTESIAN_POINT('',(40.3231072679488,-7.11005175734097,59.5441426952237));
#1943=CARTESIAN_POINT('',(40.2424006556686,-7.09582100407439,59.572431785338));
#1944=CARTESIAN_POINT('',(40.1281868677876,-7.07568203170206,59.5967577800877));
#1945=CARTESIAN_POINT('',(39.9947960428144,-7.05216163028031,59.6218945800366));
#1946=CARTESIAN_POINT('',(39.8148569129564,-7.02043350680116,59.6522545459));
#1947=CARTESIAN_POINT('',(39.5901623658005,-6.9808137957195,59.6882940452092));
#1948=CARTESIAN_POINT('',(39.2304403712557,-6.91738510252688,59.7464029407156));
#1949=CARTESIAN_POINT('',(38.7814937369462,-6.83822369800059,59.8236048603569));
#1950=CARTESIAN_POINT('',(38.2412336719247,-6.74296127193501,59.8980512210923));
#1951=CARTESIAN_POINT('',(37.6996557204214,-6.64746646693916,59.9510342797915));
#1952=CARTESIAN_POINT('',(36.9740757100114,-6.51952713438657,59.9915201254161));
#1953=CARTESIAN_POINT('',(36.4334214161532,-6.42419519539214,59.9999999999941));
#1954=CARTESIAN_POINT('',(36.0659113327311,-6.35939325179956,59.9999999999942));
#1955=CARTESIAN_POINT('',(0.263526557322596,-0.0464668421892076,59.5));
#1956=CARTESIAN_POINT('',(0.263526557322684,-0.0464668421891656,60.));
#1957=CARTESIAN_POINT('',(4.87890977618477E-16,2.402863064771E-14,60.));
#1958=CARTESIAN_POINT('',(-0.146178233057427,0.0257751664803143,59.7773500981125));
#1959=CARTESIAN_POINT('',(0.273355156863447,0.00927038859602783,60.));
#1960=CARTESIAN_POINT('',(0.0191120828115664,0.108382733873713,60.0000000000002));
#1961=CARTESIAN_POINT('',(-0.121918024629366,0.163360500593915,59.7773503963232));
#1962=CARTESIAN_POINT('',(0.321163284713117,0.110032409615682,60.));
#1963=CARTESIAN_POINT('',(0.0854711947605356,0.259630139503191,59.9999999999999));
#1964=CARTESIAN_POINT('',(-0.039011186478894,0.337828571913487,59.7632265312109));
#1965=CARTESIAN_POINT('',(0.456713574381832,0.286928216620981,59.9999999999999));
#1966=CARTESIAN_POINT('',(0.246278042566532,0.496746056245392,60.));
#1967=CARTESIAN_POINT('',(0.142860992164862,0.597771980532676,59.7431244013852));
#1968=CARTESIAN_POINT('',(0.668203882644551,0.468662202817218,59.9999999999998));
#1969=CARTESIAN_POINT('',(0.490994525253774,0.733298374431298,59.9999999999998));
#1970=CARTESIAN_POINT('',(0.412502587993339,0.844871919799677,59.7137202274455));
#1971=CARTESIAN_POINT('',(0.957611946873583,0.628772193237266,59.9999999999999));
#1972=CARTESIAN_POINT('',(0.814635592020617,0.939549361956275,59.9999999999999));
#1973=CARTESIAN_POINT('',(0.759887148579997,1.05210731755058,59.6825877799211));
#1974=CARTESIAN_POINT('',(1.3679488167183,0.792297733595689,59.9999999999997));
#1975=CARTESIAN_POINT('',(1.26698767710776,1.14819993891897,59.9999999999997));
#1976=CARTESIAN_POINT('',(1.23177941640687,1.25230595328157,59.6482836187868));
#1977=CARTESIAN_POINT('',(1.89718088090293,0.91534493506223,59.9999999999997));
#1978=CARTESIAN_POINT('',(1.83539713011992,1.30500989974333,59.9999999999997));
#1979=CARTESIAN_POINT('',(1.81519213242268,1.39555246116109,59.6170723391428));
#1980=CARTESIAN_POINT('',(2.55182981192008,1.00075519163048,59.9999999999995));
#1981=CARTESIAN_POINT('',(2.51850266019232,1.41237840186403,59.9999999999995));
#1982=CARTESIAN_POINT('',(2.5079496235119,1.49025666458798,59.5949096413541));
#1983=CARTESIAN_POINT('',(3.20287628143261,1.03455907666503,59.9999999999994));
#1984=CARTESIAN_POINT('',(3.19777267812075,1.46479073079386,59.9999999999994));
#1985=CARTESIAN_POINT('',(3.19327930136746,1.52925149867996,59.5748811363219));
#1986=CARTESIAN_POINT('',(4.06903213014687,1.02862916717566,59.9999999999992));
#1987=CARTESIAN_POINT('',(4.09425632013991,1.47498769960295,59.9999999999992));
#1988=CARTESIAN_POINT('',(4.0915316291134,1.52534333229813,59.556142840543));
#1989=CARTESIAN_POINT('',(5.14873880009018,0.960172786123048,59.9999999999991));
#1990=CARTESIAN_POINT('',(5.19301050314691,1.41561439278579,59.9999999999991));
#1991=CARTESIAN_POINT('',(5.19176801219334,1.45652499292344,59.5443108853416));
#1992=CARTESIAN_POINT('',(6.44185194787012,0.817684308011453,59.9999999999989));
#1993=CARTESIAN_POINT('',(6.50776447246186,1.28241605428404,59.9999999999988));
#1994=CARTESIAN_POINT('',(6.5071380977214,1.31257169395762,59.5317286350168));
#1995=CARTESIAN_POINT('',(7.73205354441275,0.625866025115257,59.9999999999987));
#1996=CARTESIAN_POINT('',(7.81121301901804,1.09644856097385,59.9999999999986));
#1997=CARTESIAN_POINT('',(7.81263485484511,1.11881949575678,59.5233566177819));
#1998=CARTESIAN_POINT('',(9.01438215547791,0.403930942536739,59.9999999999985));
#1999=CARTESIAN_POINT('',(9.10170260964707,0.877186476412655,59.9999999999984));
#2000=CARTESIAN_POINT('',(9.10287340013265,0.895693733231239,59.5191247959484));
#2001=CARTESIAN_POINT('',(10.7194337186261,0.0837178162942014,59.9999999999982));
#2002=CARTESIAN_POINT('',(10.8161636163272,0.560267373348748,59.9999999999982));
#2003=CARTESIAN_POINT('',(10.8182300400331,0.573697519422916,59.5139579416422));
#2004=CARTESIAN_POINT('',(12.8481594981146,-0.327834401688391,59.9999999999979));
#2005=CARTESIAN_POINT('',(12.9296506226876,0.145275395779745,59.9999999999978));
#2006=CARTESIAN_POINT('',(12.9332541630789,0.164546751728086,59.5204292448897));
#2007=CARTESIAN_POINT('',(15.4042727096987,-0.81434336413095,59.9999999999974));
#2008=CARTESIAN_POINT('',(15.5147862689323,-0.337755780025087,59.9999999999974));
#2009=CARTESIAN_POINT('',(15.5100347635678,-0.325671428055041,59.5111561250787));
#2010=CARTESIAN_POINT('',(17.9422992625833,-1.38520471996381,59.999999999997));
#2011=CARTESIAN_POINT('',(18.053560255244,-0.906689819190875,59.999999999997));
#2012=CARTESIAN_POINT('',(18.054568224761,-0.898054185717663,59.5087396867988));
#2013=CARTESIAN_POINT('',(21.3165469527796,-2.19134495316133,59.9999999999965));
#2014=CARTESIAN_POINT('',(21.4431350125078,-1.71268548072539,59.9999999999964));
#2015=CARTESIAN_POINT('',(21.4388372480597,-1.70649533939432,59.5050748929567));
#2016=CARTESIAN_POINT('',(25.5174037305119,-3.2826813601138,59.9999999999959));
#2017=CARTESIAN_POINT('',(25.6502741298968,-2.8035208282454,59.9999999999959));
#2018=CARTESIAN_POINT('',(25.6481379269871,-2.80006371408551,59.5027541795518));
#2019=CARTESIAN_POINT('',(29.6966297180148,-4.45424665603579,59.9999999999952));
#2020=CARTESIAN_POINT('',(29.8353247156344,-3.97520775481331,59.9999999999952));
#2021=CARTESIAN_POINT('',(29.8340725328877,-3.97349410576518,59.5013020237137));
#2022=CARTESIAN_POINT('',(33.0270627931914,-5.43646331392918,59.9999999999946));
#2023=CARTESIAN_POINT('',(33.1711403346542,-4.95808025991215,59.9999999999944));
#2024=CARTESIAN_POINT('',(33.1710447857781,-4.95762590470439,59.5004053228292));
#2025=CARTESIAN_POINT('',(35.1037939012709,-6.06736571615225,59.9999999999944));
#2026=CARTESIAN_POINT('',(35.2481765847619,-5.58918015688407,59.999999999995));
#2027=CARTESIAN_POINT('',(35.2482866643771,-5.58873821414531,59.5004608418855));
#2028=CARTESIAN_POINT('',(36.7658429938953,-6.56972136150477,59.999999999994));
#2029=CARTESIAN_POINT('',(36.9132269666445,-6.09190512113744,59.9999999999929));
#2030=CARTESIAN_POINT('',(36.912812700693,-6.09173746606688,59.5000309846359));
#2031=CARTESIAN_POINT('',(38.0006469916509,-6.98795479481622,59.9999999999939));
#2032=CARTESIAN_POINT('',(38.1738513926531,-6.51761944098394,59.999999999998));
#2033=CARTESIAN_POINT('',(38.1737956913792,-6.51847742834602,59.4991661864929));
#2034=CARTESIAN_POINT('',(39.2383688641893,-7.39587568339063,59.9999999999937));
#2035=CARTESIAN_POINT('',(39.3611424276115,-6.91098447642347,59.9999999999784));
#2036=CARTESIAN_POINT('',(39.3616156340791,-6.91046875056109,59.5006423062654));
#2037=CARTESIAN_POINT('',(40.0912152156791,-7.56993593073151,59.9999999999936));
#2038=CARTESIAN_POINT('',(40.1953469184253,-7.08099727344303,60.0000000000265));
#2039=CARTESIAN_POINT('',(40.1952716604189,-7.08088348243123,59.5000956056345));
#2040=CARTESIAN_POINT('',(40.5166506926109,-7.66045659653713,59.9999999999935));
#2041=CARTESIAN_POINT('',(40.6207338972084,-7.17127893308585,59.9999999999935));
#2042=CARTESIAN_POINT('',(40.6207072379424,-7.17140422820378,59.4998719329053));
#2043=MECHANICAL_DESIGN_GEOMETRIC_PRESENTATION_REPRESENTATION('',(#583),
#2044);
#2044=(
GEOMETRIC_REPRESENTATION_CONTEXT(3)
GLOBAL_UNCERTAINTY_ASSIGNED_CONTEXT((#2045))
GLOBAL_UNIT_ASSIGNED_CONTEXT((#2048,#2047,#2046))
REPRESENTATION_CONTEXT('NACA0012_10_grad','TOP_LEVEL_ASSEMBLY_PART')
);
#2045=UNCERTAINTY_MEASURE_WITH_UNIT(LENGTH_MEASURE(0.005),#2048,
'DISTANCE_ACCURACY_VALUE','Maximum Tolerance applied to model');
#2046=(
NAMED_UNIT(*)
SI_UNIT($,.STERADIAN.)
SOLID_ANGLE_UNIT()
);
#2047=(
NAMED_UNIT(*)
PLANE_ANGLE_UNIT()
SI_UNIT($,.RADIAN.)
);
#2048=(
LENGTH_UNIT()
NAMED_UNIT(*)
SI_UNIT(.MILLI.,.METRE.)
);
#2049=PRODUCT_DEFINITION_SHAPE('','',#2050);
#2050=PRODUCT_DEFINITION('','',#2052,#2051);
#2051=PRODUCT_DEFINITION_CONTEXT('',#2058,'design');
#2052=PRODUCT_DEFINITION_FORMATION_WITH_SPECIFIED_SOURCE('','',#2054,
 .NOT_KNOWN.);
#2053=PRODUCT_RELATED_PRODUCT_CATEGORY('','',(#2054));
#2054=PRODUCT('NACA0012_10_grad','NACA0012_10_grad','NACA0012_10_grad',
(#2056));
#2055=PRODUCT_CATEGORY('','');
#2056=PRODUCT_CONTEXT('',#2058,'mechanical');
#2057=APPLICATION_PROTOCOL_DEFINITION('international standard',
'automotive_design',2010,#2058);
#2058=APPLICATION_CONTEXT(
'core data for automotive mechanical design processes');
ENDSEC;
END-ISO-10303-21;
