ISO-10303-21;
HEADER;
/* Generated by software containing ST-Developer
 * from STEP Tools, Inc. (www.steptools.com) 
 */
/* OPTION: strings as raw bytes, not using required /X/ escapes */

FILE_DESCRIPTION(
/* description */ ('Unknown'),
/* implementation_level */ '2;1');

FILE_NAME(
/* name */ 'NACA0012_15_grad',
/* time_stamp */ '2026-02-12T18:37:22+01:00',
/* author */ ('Unknown'),
/* organization */ ('Unknown'),
/* preprocessor_version */ 'ST-DEVELOPER v18.102',
/* originating_system */ 'Solid Edge',
/* authorisation */ 'Unknown');

FILE_SCHEMA (('AUTOMOTIVE_DESIGN {1 0 10303 214 3 1 1}'));
ENDSEC;

DATA;
#10=PROPERTY_DEFINITION_REPRESENTATION(#14,#12);
#11=PROPERTY_DEFINITION_REPRESENTATION(#15,#13);
#12=REPRESENTATION('',(#16),#2044);
#13=REPRESENTATION('',(#17),#2044);
#14=PROPERTY_DEFINITION('pmi validation property','',#2049);
#15=PROPERTY_DEFINITION('pmi validation property','',#2049);
#16=VALUE_REPRESENTATION_ITEM('number of annotations',COUNT_MEASURE(0.));
#17=VALUE_REPRESENTATION_ITEM('number of views',COUNT_MEASURE(0.));
#18=SHAPE_REPRESENTATION_RELATIONSHIP('','',#593,#19);
#19=ADVANCED_BREP_SHAPE_REPRESENTATION('',(#591),#2044);
#20=TOROIDAL_SURFACE('',#615,6.5,1.);
#21=TOROIDAL_SURFACE('',#621,6.5,1.);
#22=TOROIDAL_SURFACE('',#628,7.,0.5);
#23=TOROIDAL_SURFACE('',#630,7.,0.5);
#24=(
BOUNDED_SURFACE()
B_SPLINE_SURFACE(3,2,((#1284,#1285,#1286),(#1287,#1288,#1289),(#1290,#1291,
#1292),(#1293,#1294,#1295)),.UNSPECIFIED.,.F.,.F.,.F.)
B_SPLINE_SURFACE_WITH_KNOTS((4,4),(3,3),(0.0193937221519136,0.0261272302816774),
(0.,1.),.PIECEWISE_BEZIER_KNOTS.)
GEOMETRIC_REPRESENTATION_ITEM()
RATIONAL_B_SPLINE_SURFACE(((1.,0.92850533347171,1.),(1.,0.927908052734028,
1.),(1.,0.926689711376233,1.),(1.,0.926912426329508,1.)))
REPRESENTATION_ITEM('')
SURFACE()
);
#25=(
BOUNDED_SURFACE()
B_SPLINE_SURFACE(3,2,((#1304,#1305,#1306),(#1307,#1308,#1309),(#1310,#1311,
#1312),(#1313,#1314,#1315)),.UNSPECIFIED.,.F.,.F.,.F.)
B_SPLINE_SURFACE_WITH_KNOTS((4,4),(3,3),(0.0194326653632899,0.026062093211568),
(0.,1.),.PIECEWISE_BEZIER_KNOTS.)
GEOMETRIC_REPRESENTATION_ITEM()
RATIONAL_B_SPLINE_SURFACE(((1.,0.927623466221668,1.),(1.,0.926929627856402,
1.),(1.,0.926198464175133,1.),(1.,0.925419758641478,1.)))
REPRESENTATION_ITEM('')
SURFACE()
);
#26=(
BOUNDED_SURFACE()
B_SPLINE_SURFACE(3,2,((#1324,#1325,#1326),(#1327,#1328,#1329),(#1330,#1331,
#1332),(#1333,#1334,#1335)),.UNSPECIFIED.,.F.,.F.,.F.)
B_SPLINE_SURFACE_WITH_KNOTS((4,4),(3,3),(0.0193937221519133,0.0261272302816768),
(0.,1.),.PIECEWISE_BEZIER_KNOTS.)
GEOMETRIC_REPRESENTATION_ITEM()
RATIONAL_B_SPLINE_SURFACE(((1.,0.92850533347171,1.),(1.,0.927908052733529,
1.),(1.,0.926689711378175,1.),(1.,0.926912426329456,1.)))
REPRESENTATION_ITEM('')
SURFACE()
);
#27=(
BOUNDED_SURFACE()
B_SPLINE_SURFACE(3,2,((#1344,#1345,#1346),(#1347,#1348,#1349),(#1350,#1351,
#1352),(#1353,#1354,#1355)),.UNSPECIFIED.,.F.,.F.,.F.)
B_SPLINE_SURFACE_WITH_KNOTS((4,4),(3,3),(0.0194326653632909,0.0260620932115681),
(0.,1.),.PIECEWISE_BEZIER_KNOTS.)
GEOMETRIC_REPRESENTATION_ITEM()
RATIONAL_B_SPLINE_SURFACE(((1.,0.927623466221655,1.),(1.,0.926929627856021,
1.),(1.,0.926198464175719,1.),(1.,0.925419758641205,1.)))
REPRESENTATION_ITEM('')
SURFACE()
);
#28=(
BOUNDED_SURFACE()
B_SPLINE_SURFACE(3,2,((#1364,#1365,#1366),(#1367,#1368,#1369),(#1370,#1371,
#1372),(#1373,#1374,#1375),(#1376,#1377,#1378)),.UNSPECIFIED.,.F.,.F.,.F.)
B_SPLINE_SURFACE_WITH_KNOTS((4,1,4),(3,3),(-1.09177187005995E-5,0.00175018547443248,
0.00351128866756557),(0.,1.),.UNSPECIFIED.)
GEOMETRIC_REPRESENTATION_ITEM()
RATIONAL_B_SPLINE_SURFACE(((1.,1.,1.),(1.,0.999999999971649,1.),(1.,0.95363403300156,
1.),(1.,0.850389213164575,1.),(1.,0.798426752166078,1.)))
REPRESENTATION_ITEM('')
SURFACE()
);
#29=(
BOUNDED_SURFACE()
B_SPLINE_SURFACE(3,2,((#1386,#1387,#1388),(#1389,#1390,#1391),(#1392,#1393,
#1394),(#1395,#1396,#1397)),.UNSPECIFIED.,.F.,.F.,.F.)
B_SPLINE_SURFACE_WITH_KNOTS((4,4),(3,3),(0.0634230217122831,0.0715891546741212),
(0.,1.),.PIECEWISE_BEZIER_KNOTS.)
GEOMETRIC_REPRESENTATION_ITEM()
RATIONAL_B_SPLINE_SURFACE(((1.,0.711838769672694,1.),(1.,0.712630953699572,
1.),(1.,0.713723327140152,1.),(1.,0.715262981939631,1.)))
REPRESENTATION_ITEM('')
SURFACE()
);
#30=(
BOUNDED_SURFACE()
B_SPLINE_SURFACE(3,2,((#1400,#1401,#1402),(#1403,#1404,#1405),(#1406,#1407,
#1408),(#1409,#1410,#1411),(#1412,#1413,#1414)),.UNSPECIFIED.,.F.,.F.,.F.)
B_SPLINE_SURFACE_WITH_KNOTS((4,1,4),(3,3),(-0.001920999229002,-0.000178320933290612,
0.00156435736242077),(0.,1.),.UNSPECIFIED.)
GEOMETRIC_REPRESENTATION_ITEM()
RATIONAL_B_SPLINE_SURFACE(((1.,1.,1.),(1.,0.999999999956532,1.),(1.,0.953294380409108,
1.),(1.,0.852368474835851,1.),(1.,0.800643377629069,1.)))
REPRESENTATION_ITEM('')
SURFACE()
);
#31=(
BOUNDED_SURFACE()
B_SPLINE_SURFACE(3,2,((#1422,#1423,#1424),(#1425,#1426,#1427),(#1428,#1429,
#1430),(#1431,#1432,#1433)),.UNSPECIFIED.,.F.,.F.,.F.)
B_SPLINE_SURFACE_WITH_KNOTS((4,4),(3,3),(0.00341574422037428,0.00729622004453661),
(0.,0.751516483297346),.PIECEWISE_BEZIER_KNOTS.)
GEOMETRIC_REPRESENTATION_ITEM()
RATIONAL_B_SPLINE_SURFACE(((1.,0.782559672185919,0.891939325343558),(1.,
0.781854846449306,0.891589050188166),(1.,0.780881951618265,0.891105553530168),
(1.,0.779885918215675,0.89061055776491)))
REPRESENTATION_ITEM('')
SURFACE()
);
#32=(
BOUNDED_SURFACE()
B_SPLINE_SURFACE(3,2,((#1435,#1436,#1437),(#1438,#1439,#1440),(#1441,#1442,
#1443),(#1444,#1445,#1446)),.UNSPECIFIED.,.F.,.F.,.F.)
B_SPLINE_SURFACE_WITH_KNOTS((4,4),(3,3),(0.,0.00112704163543226),(0.,1.),
 .PIECEWISE_BEZIER_KNOTS.)
GEOMETRIC_REPRESENTATION_ITEM()
RATIONAL_B_SPLINE_SURFACE(((1.,0.711838769674493,1.),(1.,0.744056937115305,
1.),(1.,0.772867473452456,1.),(1.,0.798426752166166,1.)))
REPRESENTATION_ITEM('')
SURFACE()
);
#33=(
BOUNDED_SURFACE()
B_SPLINE_SURFACE(3,2,((#1451,#1452,#1453),(#1454,#1455,#1456),(#1457,#1458,
#1459),(#1460,#1461,#1462)),.UNSPECIFIED.,.F.,.F.,.F.)
B_SPLINE_SURFACE_WITH_KNOTS((4,4),(3,3),(0.,0.00110440567758655),(0.,1.),
 .PIECEWISE_BEZIER_KNOTS.)
GEOMETRIC_REPRESENTATION_ITEM()
RATIONAL_B_SPLINE_SURFACE(((1.,0.715262981939613,1.),(1.,0.746947048227991,
1.),(1.,0.775385534223649,1.),(1.,0.800643377629075,1.)))
REPRESENTATION_ITEM('')
SURFACE()
);
#34=(
BOUNDED_SURFACE()
B_SPLINE_SURFACE(3,2,((#1467,#1468,#1469),(#1470,#1471,#1472),(#1473,#1474,
#1475),(#1476,#1477,#1478),(#1479,#1480,#1481)),.UNSPECIFIED.,.F.,.F.,.F.)
B_SPLINE_SURFACE_WITH_KNOTS((4,1,4),(3,3),(0.00288631174693603,0.00480515267956943,
0.00672399361220284),(0.242635990776675,1.),.UNSPECIFIED.)
GEOMETRIC_REPRESENTATION_ITEM()
RATIONAL_B_SPLINE_SURFACE(((0.896213851659854,0.786127878209807,1.),(0.895705235586864,
0.785079773039255,1.),(0.894477639601221,0.782550065921788,1.),(0.893066672306846,
0.779642485537982,1.),(0.892353677706813,0.778173217525123,1.)))
REPRESENTATION_ITEM('')
SURFACE()
);
#35=(
BOUNDED_SURFACE()
B_SPLINE_SURFACE(3,2,((#1484,#1485,#1486),(#1487,#1488,#1489),(#1490,#1491,
#1492),(#1493,#1494,#1495),(#1496,#1497,#1498)),.UNSPECIFIED.,.F.,.F.,.F.)
B_SPLINE_SURFACE_WITH_KNOTS((4,1,4),(3,3),(-1.08038249360741E-5,0.00174292474757082,
0.00349665332007771),(0.,1.),.UNSPECIFIED.)
GEOMETRIC_REPRESENTATION_ITEM()
RATIONAL_B_SPLINE_SURFACE(((1.,1.,1.),(1.,0.999999999956387,1.),(1.,0.953290497577718,
1.),(1.,0.852367461908685,1.),(1.,0.800643377628885,1.)))
REPRESENTATION_ITEM('')
SURFACE()
);
#36=(
BOUNDED_SURFACE()
B_SPLINE_SURFACE(3,2,((#1506,#1507,#1508),(#1509,#1510,#1511),(#1512,#1513,
#1514),(#1515,#1516,#1517)),.UNSPECIFIED.,.F.,.F.,.F.)
B_SPLINE_SURFACE_WITH_KNOTS((4,4),(3,3),(0.0589756345119231,0.0671439613672769),
(0.,1.),.PIECEWISE_BEZIER_KNOTS.)
GEOMETRIC_REPRESENTATION_ITEM()
RATIONAL_B_SPLINE_SURFACE(((1.,0.711838769672559,1.),(1.,0.712631028634205,
1.),(1.,0.713723708996089,1.),(1.,0.715262981939686,1.)))
REPRESENTATION_ITEM('')
SURFACE()
);
#37=(
BOUNDED_SURFACE()
B_SPLINE_SURFACE(3,2,((#1520,#1521,#1522),(#1523,#1524,#1525),(#1526,#1527,
#1528),(#1529,#1530,#1531)),.UNSPECIFIED.,.F.,.F.,.F.)
B_SPLINE_SURFACE_WITH_KNOTS((4,4),(3,3),(0.00358854835315626,0.00743833488555011),
(0.,0.757364014275371),.PIECEWISE_BEZIER_KNOTS.)
GEOMETRIC_REPRESENTATION_ITEM()
RATIONAL_B_SPLINE_SURFACE(((1.,0.786128082711654,0.896213953059852),(1.,
0.78401968527516,0.895190806879246),(1.,0.78109513169696,0.893771602998743),
(1.,0.778173216045414,0.892353679230109)))
REPRESENTATION_ITEM('')
SURFACE()
);
#38=(
BOUNDED_SURFACE()
B_SPLINE_SURFACE(3,2,((#1533,#1534,#1535),(#1536,#1537,#1538),(#1539,#1540,
#1541),(#1542,#1543,#1544)),.UNSPECIFIED.,.F.,.F.,.F.)
B_SPLINE_SURFACE_WITH_KNOTS((4,4),(3,3),(0.,0.00110440567758419),(0.,1.),
 .PIECEWISE_BEZIER_KNOTS.)
GEOMETRIC_REPRESENTATION_ITEM()
RATIONAL_B_SPLINE_SURFACE(((1.,0.715262981939655,1.),(1.,0.746947048227571,
1.),(1.,0.775385534253313,1.),(1.,0.800643377628861,1.)))
REPRESENTATION_ITEM('')
SURFACE()
);
#39=(
BOUNDED_SURFACE()
B_SPLINE_SURFACE(3,2,((#1549,#1550,#1551),(#1552,#1553,#1554),(#1555,#1556,
#1557),(#1558,#1559,#1560)),.UNSPECIFIED.,.F.,.F.,.F.)
B_SPLINE_SURFACE_WITH_KNOTS((4,4),(3,3),(0.,0.00112704163546308),(0.,1.),
 .PIECEWISE_BEZIER_KNOTS.)
GEOMETRIC_REPRESENTATION_ITEM()
RATIONAL_B_SPLINE_SURFACE(((1.,0.711838769672542,1.),(1.,0.74405693711374,
1.),(1.,0.772867473451857,1.),(1.,0.798426752166699,1.)))
REPRESENTATION_ITEM('')
SURFACE()
);
#40=(
BOUNDED_SURFACE()
B_SPLINE_SURFACE(3,2,((#1569,#1570,#1571),(#1572,#1573,#1574),(#1575,#1576,
#1577),(#1578,#1579,#1580),(#1581,#1582,#1583)),.UNSPECIFIED.,.F.,.F.,.F.)
B_SPLINE_SURFACE_WITH_KNOTS((4,1,4),(3,3),(-0.00197101308726177,-0.00021566941279986,
0.00153967426166205),(0.,1.),.UNSPECIFIED.)
GEOMETRIC_REPRESENTATION_ITEM()
RATIONAL_B_SPLINE_SURFACE(((1.,1.,1.),(1.,0.999999999971775,1.),(1.,0.953015619521477,
1.),(1.,0.850507611550207,1.),(1.,0.798426752166696,1.)))
REPRESENTATION_ITEM('')
SURFACE()
);
#41=(
BOUNDED_SURFACE()
B_SPLINE_SURFACE(3,2,((#1589,#1590,#1591),(#1592,#1593,#1594),(#1595,#1596,
#1597),(#1598,#1599,#1600),(#1601,#1602,#1603)),.UNSPECIFIED.,.F.,.F.,.F.)
B_SPLINE_SURFACE_WITH_KNOTS((4,1,4),(3,3),(0.00317494609075081,0.00511319764872899,
0.00705144920670718),(0.248483518815901,1.),.UNSPECIFIED.)
GEOMETRIC_REPRESENTATION_ITEM()
RATIONAL_B_SPLINE_SURFACE(((0.891939282190395,0.782559587202107,1.),(0.891765302158844,
0.782209503557968,1.),(0.891344635122053,0.781363034869027,1.),(0.890858665508584,
0.780385163950697,1.),(0.8906105571422,0.77988591883463,1.)))
REPRESENTATION_ITEM('')
SURFACE()
);
#42=(
BOUNDED_SURFACE()
B_SPLINE_SURFACE(3,2,((#1604,#1605,#1606),(#1607,#1608,#1609),(#1610,#1611,
#1612),(#1613,#1614,#1615),(#1616,#1617,#1618),(#1619,#1620,#1621),(#1622,
#1623,#1624),(#1625,#1626,#1627),(#1628,#1629,#1630),(#1631,#1632,#1633),
(#1634,#1635,#1636),(#1637,#1638,#1639),(#1640,#1641,#1642),(#1643,#1644,
#1645),(#1646,#1647,#1648),(#1649,#1650,#1651),(#1652,#1653,#1654),(#1655,
#1656,#1657),(#1658,#1659,#1660),(#1661,#1662,#1663)),.UNSPECIFIED.,.F.,
 .F.,.F.)
B_SPLINE_SURFACE_WITH_KNOTS((4,1,1,1,1,1,1,1,1,1,1,1,1,1,1,1,1,4),(3,3),
(0.,0.00409164837919399,0.00818329675838799,0.012274945137582,0.016366593516776,
0.018412417706373,0.02045824189597,0.022504066085567,0.024549890275164,
0.026595714464761,0.0276186265595595,0.028641538654358,0.0296644507491565,
0.030687362843955,0.0311988188913542,0.0317102749387535,0.0322217309861527,
0.0327331870335519),(0.,1.),.UNSPECIFIED.)
GEOMETRIC_REPRESENTATION_ITEM()
RATIONAL_B_SPLINE_SURFACE(((1.,0.69846148189263,1.),(1.,0.697692313825233,
1.),(1.,0.693719426854821,1.),(1.,0.695551150618621,1.),(1.,0.695076795161907,
1.),(1.,0.691442161147044,1.),(1.,0.68548409439959,1.),(1.,0.679257631258966,
1.),(1.,0.671052002374205,1.),(1.,0.661277958094047,1.),(1.,0.644590228890282,
1.),(1.,0.626078732907462,1.),(1.,0.610830692063879,1.),(1.,0.584695812860437,
1.),(1.,0.557873313870746,1.),(1.,0.529344822695245,1.),(1.,0.50690963614706,
1.),(1.,0.487574240802622,1.),(1.,0.471857972607467,1.),(1.,0.471857925526393,
1.)))
REPRESENTATION_ITEM('')
SURFACE()
);
#43=(
BOUNDED_SURFACE()
B_SPLINE_SURFACE(3,2,((#1666,#1667,#1668),(#1669,#1670,#1671),(#1672,#1673,
#1674),(#1675,#1676,#1677),(#1678,#1679,#1680),(#1681,#1682,#1683),(#1684,
#1685,#1686),(#1687,#1688,#1689),(#1690,#1691,#1692),(#1693,#1694,#1695),
(#1696,#1697,#1698),(#1699,#1700,#1701),(#1702,#1703,#1704),(#1705,#1706,
#1707),(#1708,#1709,#1710),(#1711,#1712,#1713),(#1714,#1715,#1716),(#1717,
#1718,#1719),(#1720,#1721,#1722)),.UNSPECIFIED.,.F.,.F.,.F.)
B_SPLINE_SURFACE_WITH_KNOTS((4,1,1,1,1,1,1,1,1,1,1,1,1,1,1,1,4),(3,3),(0.,
0.000518358051575083,0.00103671610315017,0.00155507415472525,0.00207343220630033,
0.0031101483094505,0.00414686441260066,0.00622029661890099,0.00829372882520132,
0.0103671610315017,0.012440593237802,0.0145140254441023,0.0165874576504026,
0.0207343220630033,0.024881186475604,0.0290280508882046,0.0331749153008053),
(0.,1.),.UNSPECIFIED.)
GEOMETRIC_REPRESENTATION_ITEM()
RATIONAL_B_SPLINE_SURFACE(((1.,0.471857925526393,1.),(1.,0.471857978457819,
1.),(1.,0.487867865559736,1.),(1.,0.507191618256718,1.),(1.,0.530028490554998,
1.),(1.,0.558655166890462,1.),(1.,0.585774766555777,1.),(1.,0.619582246117921,
1.),(1.,0.640922835185703,1.),(1.,0.661834676459713,1.),(1.,0.671115844496466,
1.),(1.,0.67937370583873,1.),(1.,0.68555206550915,1.),(1.,0.691476482630378,
1.),(1.,0.695102629418605,1.),(1.,0.695529065527567,1.),(1.,0.693734625695173,
1.),(1.,0.697693344182062,1.),(1.,0.698461481892677,1.)))
REPRESENTATION_ITEM('')
SURFACE()
);
#44=(
BOUNDED_SURFACE()
B_SPLINE_SURFACE(3,2,((#1724,#1725,#1726),(#1727,#1728,#1729),(#1730,#1731,
#1732),(#1733,#1734,#1735)),.UNSPECIFIED.,.F.,.F.,.F.)
B_SPLINE_SURFACE_WITH_KNOTS((4,4),(3,3),(0.,0.00339825293564358),(0.,1.),
 .PIECEWISE_BEZIER_KNOTS.)
GEOMETRIC_REPRESENTATION_ITEM()
RATIONAL_B_SPLINE_SURFACE(((1.,0.69846148189263,1.),(1.,0.700808928058719,
1.),(1.,0.703922197520997,1.),(1.,0.707106781186504,1.)))
REPRESENTATION_ITEM('')
SURFACE()
);
#45=(
BOUNDED_SURFACE()
B_SPLINE_SURFACE(3,2,((#1737,#1738,#1739),(#1740,#1741,#1742),(#1743,#1744,
#1745),(#1746,#1747,#1748)),.UNSPECIFIED.,.F.,.F.,.F.)
B_SPLINE_SURFACE_WITH_KNOTS((4,4),(3,3),(0.,0.00339832267903537),(0.,1.),
 .PIECEWISE_BEZIER_KNOTS.)
GEOMETRIC_REPRESENTATION_ITEM()
RATIONAL_B_SPLINE_SURFACE(((1.,0.707106781186547,1.),(1.,0.703922198243635,
1.),(1.,0.700808923422668,1.),(1.,0.698461481892655,1.)))
REPRESENTATION_ITEM('')
SURFACE()
);
#46=(
BOUNDED_SURFACE()
B_SPLINE_SURFACE(3,2,((#1754,#1755,#1756),(#1757,#1758,#1759),(#1760,#1761,
#1762),(#1763,#1764,#1765)),.UNSPECIFIED.,.F.,.F.,.F.)
B_SPLINE_SURFACE_WITH_KNOTS((4,4),(3,3),(0.,0.00341820178190571),(0.,1.),
 .PIECEWISE_BEZIER_KNOTS.)
GEOMETRIC_REPRESENTATION_ITEM()
RATIONAL_B_SPLINE_SURFACE(((1.,0.707106781186547,1.),(1.,0.705896229973073,
1.),(1.,0.704722222954692,1.),(1.,0.703844736456804,1.)))
REPRESENTATION_ITEM('')
SURFACE()
);
#47=(
BOUNDED_SURFACE()
B_SPLINE_SURFACE(3,2,((#1767,#1768,#1769),(#1770,#1771,#1772),(#1773,#1774,
#1775),(#1776,#1777,#1778)),.UNSPECIFIED.,.F.,.F.,.F.)
B_SPLINE_SURFACE_WITH_KNOTS((4,4),(3,3),(0.,0.00341818765858487),(0.,1.),
 .PIECEWISE_BEZIER_KNOTS.)
GEOMETRIC_REPRESENTATION_ITEM()
RATIONAL_B_SPLINE_SURFACE(((1.,0.703844736457417,1.),(1.,0.704722224222375,
1.),(1.,0.705896228551305,1.),(1.,0.707106781186531,1.)))
REPRESENTATION_ITEM('')
SURFACE()
);
#48=(
BOUNDED_SURFACE()
B_SPLINE_SURFACE(3,2,((#1780,#1781,#1782),(#1783,#1784,#1785),(#1786,#1787,
#1788),(#1789,#1790,#1791),(#1792,#1793,#1794),(#1795,#1796,#1797),(#1798,
#1799,#1800),(#1801,#1802,#1803),(#1804,#1805,#1806),(#1807,#1808,#1809)),
 .UNSPECIFIED.,.F.,.F.,.F.)
B_SPLINE_SURFACE_WITH_KNOTS((4,1,1,1,1,1,1,4),(3,3),(0.,0.00827393711478059,
0.0165478742295612,0.0206848427869515,0.0248218113443418,0.0289587799017321,
0.0310272641804272,0.0330957484591224),(0.,1.),.UNSPECIFIED.)
GEOMETRIC_REPRESENTATION_ITEM()
RATIONAL_B_SPLINE_SURFACE(((1.,0.703844736456813,1.),(1.,0.704386392701548,
1.),(1.,0.705229221086765,1.),(1.,0.70579013883155,1.),(1.,0.706160378915703,
1.),(1.,0.706205741006966,1.),(1.,0.706462173545821,1.),(1.,0.7063862927251,
1.),(1.,0.706927709548482,1.),(1.,0.70717861448137,1.)))
REPRESENTATION_ITEM('')
SURFACE()
);
#49=(
BOUNDED_SURFACE()
B_SPLINE_SURFACE(3,2,((#1823,#1824,#1825),(#1826,#1827,#1828),(#1829,#1830,
#1831),(#1832,#1833,#1834),(#1835,#1836,#1837),(#1838,#1839,#1840),(#1841,
#1842,#1843),(#1844,#1845,#1846),(#1847,#1848,#1849),(#1850,#1851,#1852)),
 .UNSPECIFIED.,.F.,.F.,.F.)
B_SPLINE_SURFACE_WITH_KNOTS((4,1,1,1,1,1,1,4),(3,3),(0.,0.00827390333697004,
0.0165478066739401,0.0206847583424251,0.0248217100109101,0.0289586616793951,
0.0310271375136376,0.0330956133478801),(0.,1.),.UNSPECIFIED.)
GEOMETRIC_REPRESENTATION_ITEM()
RATIONAL_B_SPLINE_SURFACE(((1.,0.703844736457417,1.),(1.,0.704386379652196,
1.),(1.,0.705229200759547,1.),(1.,0.705790122265104,1.),(1.,0.706160369517924,
1.),(1.,0.706205721745597,1.),(1.,0.706462192032506,1.),(1.,0.706386266815099,
1.),(1.,0.706927671949409,1.),(1.,0.707178629563051,1.)))
REPRESENTATION_ITEM('')
SURFACE()
);
#50=(
BOUNDED_SURFACE()
B_SPLINE_SURFACE(3,2,((#1853,#1854,#1855),(#1856,#1857,#1858),(#1859,#1860,
#1861),(#1862,#1863,#1864),(#1865,#1866,#1867),(#1868,#1869,#1870),(#1871,
#1872,#1873),(#1874,#1875,#1876),(#1877,#1878,#1879),(#1880,#1881,#1882),
(#1883,#1884,#1885),(#1886,#1887,#1888),(#1889,#1890,#1891),(#1892,#1893,
#1894),(#1895,#1896,#1897),(#1898,#1899,#1900),(#1901,#1902,#1903),(#1904,
#1905,#1906),(#1907,#1908,#1909),(#1910,#1911,#1912),(#1913,#1914,#1915),
(#1916,#1917,#1918),(#1919,#1920,#1921),(#1922,#1923,#1924),(#1925,#1926,
#1927),(#1928,#1929,#1930),(#1931,#1932,#1933),(#1934,#1935,#1936),(#1937,
#1938,#1939)),.UNSPECIFIED.,.F.,.F.,.F.)
B_SPLINE_SURFACE_WITH_KNOTS((4,1,1,1,1,1,1,1,1,1,1,1,1,1,1,1,1,1,1,1,1,
1,1,1,1,1,4),(3,3),(0.,0.000165707556118273,0.000331415112236547,0.000662830224473093,
0.00099424533670964,0.00132566044894619,0.00198849067341928,0.00265132089789237,
0.00331415112236547,0.00397698134683856,0.00530264179578475,0.00662830224473093,
0.00795396269367712,0.00927962314262331,0.0106052835915695,0.0132566044894619,
0.0159079253873542,0.0185592462852466,0.021210567183139,0.0265132089789237,
0.0318158507747085,0.0344671716726009,0.0371184925704932,0.0384441530194394,
0.0397698134683856,0.0410954739173318,0.042421134366278),(0.,1.),
 .UNSPECIFIED.)
GEOMETRIC_REPRESENTATION_ITEM()
RATIONAL_B_SPLINE_SURFACE(((1.,0.881674598767881,1.),(1.,0.88167402430169,
1.),(1.,0.873652008731398,1.),(1.,0.862079261395657,1.),(1.,0.844903393186956,
1.),(1.,0.826246909854009,1.),(1.,0.805265389233822,1.),(1.,0.785605534653713,
1.),(1.,0.771340297364704,1.),(1.,0.758239713852865,1.),(1.,0.745779013932041,
1.),(1.,0.73778812483496,1.),(1.,0.729211092629988,1.),(1.,0.723436971794254,
1.),(1.,0.720505007911185,1.),(1.,0.716910917340329,1.),(1.,0.721413326174133,
1.),(1.,0.714957706400494,1.),(1.,0.713259380893346,1.),(1.,0.710688642529268,
1.),(1.,0.709051580911752,1.),(1.,0.708027068760897,1.),(1.,0.707393333746763,
1.),(1.,0.70743257311009,1.),(1.,0.707128727487465,1.),(1.,0.70651707627855,
1.),(1.,0.707560944630294,1.),(1.,0.707174399023042,1.),(1.,0.707016218280574,
1.)))
REPRESENTATION_ITEM('')
SURFACE()
);
#51=(
BOUNDED_SURFACE()
B_SPLINE_SURFACE(3,2,((#1956,#1957,#1958),(#1959,#1960,#1961),(#1962,#1963,
#1964),(#1965,#1966,#1967),(#1968,#1969,#1970),(#1971,#1972,#1973),(#1974,
#1975,#1976),(#1977,#1978,#1979),(#1980,#1981,#1982),(#1983,#1984,#1985),
(#1986,#1987,#1988),(#1989,#1990,#1991),(#1992,#1993,#1994),(#1995,#1996,
#1997),(#1998,#1999,#2000),(#2001,#2002,#2003),(#2004,#2005,#2006),(#2007,
#2008,#2009),(#2010,#2011,#2012),(#2013,#2014,#2015),(#2016,#2017,#2018),
(#2019,#2020,#2021),(#2022,#2023,#2024),(#2025,#2026,#2027),(#2028,#2029,
#2030),(#2031,#2032,#2033),(#2034,#2035,#2036),(#2037,#2038,#2039),(#2040,
#2041,#2042)),.UNSPECIFIED.,.F.,.F.,.F.)
B_SPLINE_SURFACE_WITH_KNOTS((4,1,1,1,1,1,1,1,1,1,1,1,1,1,1,1,1,1,1,1,1,
1,1,1,1,1,4),(3,3),(0.,0.000165707556118275,0.00033141511223655,0.000662830224473099,
0.000994245336709649,0.0013256604489462,0.0019884906734193,0.0026513208978924,
0.0033141511223655,0.0039769813468386,0.00530264179578479,0.00662830224473099,
0.00795396269367719,0.00927962314262339,0.0106052835915696,0.013256604489462,
0.0159079253873544,0.0185592462852468,0.0212105671831392,0.026513208978924,
0.0318158507747088,0.0344671716726012,0.0371184925704936,0.0384441530194398,
0.039769813468386,0.0410954739173321,0.0424211343662783),(0.,1.),
 .UNSPECIFIED.)
GEOMETRIC_REPRESENTATION_ITEM()
RATIONAL_B_SPLINE_SURFACE(((1.,0.881674598767881,1.),(1.,0.881674024301709,
1.),(1.,0.873652008731426,1.),(1.,0.86207926139566,1.),(1.,0.84490339318694,
1.),(1.,0.82624690985405,1.),(1.,0.805265389233898,1.),(1.,0.785605534653754,
1.),(1.,0.771340297364752,1.),(1.,0.758239713852915,1.),(1.,0.745779013932082,
1.),(1.,0.737788124835019,1.),(1.,0.729211092630049,1.),(1.,0.723436971794293,
1.),(1.,0.720505007911228,1.),(1.,0.716910917340376,1.),(1.,0.721413326174208,
1.),(1.,0.714957706400524,1.),(1.,0.71325938089341,1.),(1.,0.710688642529332,
1.),(1.,0.709051580911816,1.),(1.,0.708027068760942,1.),(1.,0.707393333746872,
1.),(1.,0.707432573109929,1.),(1.,0.707128727487696,1.),(1.,0.706517076277851,
1.),(1.,0.707560944632817,1.),(1.,0.707174399017947,1.),(1.,0.707016218280622,
1.)))
REPRESENTATION_ITEM('')
SURFACE()
);
#52=CYLINDRICAL_SURFACE('',#601,7.5);
#53=CYLINDRICAL_SURFACE('',#604,7.5);
#54=CIRCLE('',#596,7.);
#55=CIRCLE('',#597,7.);
#56=CIRCLE('',#600,6.5);
#57=CIRCLE('',#602,7.5);
#58=CIRCLE('',#603,7.5);
#59=CIRCLE('',#605,7.5);
#60=CIRCLE('',#606,7.5);
#61=CIRCLE('',#608,6.5);
#62=CIRCLE('',#609,1.);
#63=CIRCLE('',#610,1.);
#64=CIRCLE('',#611,1.);
#65=CIRCLE('',#612,1.);
#66=CIRCLE('',#613,1.);
#67=CIRCLE('',#614,1.);
#68=CIRCLE('',#616,1.);
#69=CIRCLE('',#617,1.);
#70=CIRCLE('',#618,1.);
#71=CIRCLE('',#619,1.);
#72=CIRCLE('',#620,1.);
#73=CIRCLE('',#622,1.);
#74=CIRCLE('',#623,0.5);
#75=CIRCLE('',#624,0.5);
#76=CIRCLE('',#625,0.5);
#77=CIRCLE('',#626,0.5);
#78=CIRCLE('',#627,0.5);
#79=CIRCLE('',#629,0.5);
#80=CIRCLE('',#631,0.5);
#81=CIRCLE('',#632,0.5);
#82=CIRCLE('',#633,0.5);
#83=CIRCLE('',#634,0.5);
#84=PLANE('',#595);
#85=PLANE('',#598);
#86=PLANE('',#599);
#87=PLANE('',#607);
#88=ORIENTED_EDGE('',*,*,#264,.F.);
#89=ORIENTED_EDGE('',*,*,#265,.T.);
#90=ORIENTED_EDGE('',*,*,#266,.T.);
#91=ORIENTED_EDGE('',*,*,#267,.T.);
#92=ORIENTED_EDGE('',*,*,#268,.T.);
#93=ORIENTED_EDGE('',*,*,#269,.T.);
#94=ORIENTED_EDGE('',*,*,#270,.T.);
#95=ORIENTED_EDGE('',*,*,#271,.T.);
#96=ORIENTED_EDGE('',*,*,#272,.T.);
#97=ORIENTED_EDGE('',*,*,#273,.T.);
#98=ORIENTED_EDGE('',*,*,#274,.T.);
#99=ORIENTED_EDGE('',*,*,#275,.T.);
#100=ORIENTED_EDGE('',*,*,#276,.T.);
#101=ORIENTED_EDGE('',*,*,#266,.F.);
#102=ORIENTED_EDGE('',*,*,#277,.T.);
#103=ORIENTED_EDGE('',*,*,#264,.T.);
#104=ORIENTED_EDGE('',*,*,#278,.T.);
#105=ORIENTED_EDGE('',*,*,#279,.T.);
#106=ORIENTED_EDGE('',*,*,#280,.T.);
#107=ORIENTED_EDGE('',*,*,#281,.T.);
#108=ORIENTED_EDGE('',*,*,#282,.T.);
#109=ORIENTED_EDGE('',*,*,#283,.T.);
#110=ORIENTED_EDGE('',*,*,#284,.T.);
#111=ORIENTED_EDGE('',*,*,#285,.T.);
#112=ORIENTED_EDGE('',*,*,#286,.T.);
#113=ORIENTED_EDGE('',*,*,#287,.T.);
#114=ORIENTED_EDGE('',*,*,#288,.T.);
#115=ORIENTED_EDGE('',*,*,#289,.T.);
#116=ORIENTED_EDGE('',*,*,#290,.T.);
#117=ORIENTED_EDGE('',*,*,#291,.T.);
#118=ORIENTED_EDGE('',*,*,#292,.T.);
#119=ORIENTED_EDGE('',*,*,#293,.T.);
#120=ORIENTED_EDGE('',*,*,#294,.T.);
#121=ORIENTED_EDGE('',*,*,#295,.T.);
#122=ORIENTED_EDGE('',*,*,#296,.T.);
#123=ORIENTED_EDGE('',*,*,#297,.T.);
#124=ORIENTED_EDGE('',*,*,#298,.T.);
#125=ORIENTED_EDGE('',*,*,#299,.T.);
#126=ORIENTED_EDGE('',*,*,#300,.T.);
#127=ORIENTED_EDGE('',*,*,#301,.T.);
#128=ORIENTED_EDGE('',*,*,#302,.T.);
#129=ORIENTED_EDGE('',*,*,#303,.T.);
#130=ORIENTED_EDGE('',*,*,#304,.T.);
#131=ORIENTED_EDGE('',*,*,#305,.T.);
#132=ORIENTED_EDGE('',*,*,#306,.T.);
#133=ORIENTED_EDGE('',*,*,#307,.T.);
#134=ORIENTED_EDGE('',*,*,#308,.T.);
#135=ORIENTED_EDGE('',*,*,#309,.T.);
#136=ORIENTED_EDGE('',*,*,#310,.T.);
#137=ORIENTED_EDGE('',*,*,#311,.T.);
#138=ORIENTED_EDGE('',*,*,#304,.F.);
#139=ORIENTED_EDGE('',*,*,#312,.T.);
#140=ORIENTED_EDGE('',*,*,#286,.F.);
#141=ORIENTED_EDGE('',*,*,#285,.F.);
#142=ORIENTED_EDGE('',*,*,#313,.T.);
#143=ORIENTED_EDGE('',*,*,#308,.F.);
#144=ORIENTED_EDGE('',*,*,#314,.T.);
#145=ORIENTED_EDGE('',*,*,#275,.F.);
#146=ORIENTED_EDGE('',*,*,#315,.T.);
#147=ORIENTED_EDGE('',*,*,#268,.F.);
#148=ORIENTED_EDGE('',*,*,#316,.T.);
#149=ORIENTED_EDGE('',*,*,#306,.F.);
#150=ORIENTED_EDGE('',*,*,#317,.T.);
#151=ORIENTED_EDGE('',*,*,#269,.F.);
#152=ORIENTED_EDGE('',*,*,#279,.F.);
#153=ORIENTED_EDGE('',*,*,#318,.T.);
#154=ORIENTED_EDGE('',*,*,#302,.F.);
#155=ORIENTED_EDGE('',*,*,#319,.T.);
#156=ORIENTED_EDGE('',*,*,#320,.F.);
#157=ORIENTED_EDGE('',*,*,#280,.F.);
#158=ORIENTED_EDGE('',*,*,#321,.F.);
#159=ORIENTED_EDGE('',*,*,#282,.F.);
#160=ORIENTED_EDGE('',*,*,#322,.F.);
#161=ORIENTED_EDGE('',*,*,#300,.F.);
#162=ORIENTED_EDGE('',*,*,#323,.F.);
#163=ORIENTED_EDGE('',*,*,#324,.F.);
#164=ORIENTED_EDGE('',*,*,#284,.F.);
#165=ORIENTED_EDGE('',*,*,#325,.F.);
#166=ORIENTED_EDGE('',*,*,#321,.T.);
#167=ORIENTED_EDGE('',*,*,#319,.F.);
#168=ORIENTED_EDGE('',*,*,#326,.F.);
#169=ORIENTED_EDGE('',*,*,#281,.F.);
#170=ORIENTED_EDGE('',*,*,#320,.T.);
#171=ORIENTED_EDGE('',*,*,#327,.F.);
#172=ORIENTED_EDGE('',*,*,#322,.T.);
#173=ORIENTED_EDGE('',*,*,#283,.F.);
#174=ORIENTED_EDGE('',*,*,#323,.T.);
#175=ORIENTED_EDGE('',*,*,#328,.F.);
#176=ORIENTED_EDGE('',*,*,#325,.T.);
#177=ORIENTED_EDGE('',*,*,#313,.F.);
#178=ORIENTED_EDGE('',*,*,#324,.T.);
#179=ORIENTED_EDGE('',*,*,#329,.F.);
#180=ORIENTED_EDGE('',*,*,#326,.T.);
#181=ORIENTED_EDGE('',*,*,#305,.F.);
#182=ORIENTED_EDGE('',*,*,#329,.T.);
#183=ORIENTED_EDGE('',*,*,#328,.T.);
#184=ORIENTED_EDGE('',*,*,#301,.F.);
#185=ORIENTED_EDGE('',*,*,#327,.T.);
#186=ORIENTED_EDGE('',*,*,#330,.F.);
#187=ORIENTED_EDGE('',*,*,#270,.F.);
#188=ORIENTED_EDGE('',*,*,#331,.F.);
#189=ORIENTED_EDGE('',*,*,#272,.F.);
#190=ORIENTED_EDGE('',*,*,#332,.F.);
#191=ORIENTED_EDGE('',*,*,#310,.F.);
#192=ORIENTED_EDGE('',*,*,#333,.F.);
#193=ORIENTED_EDGE('',*,*,#331,.T.);
#194=ORIENTED_EDGE('',*,*,#317,.F.);
#195=ORIENTED_EDGE('',*,*,#334,.F.);
#196=ORIENTED_EDGE('',*,*,#271,.F.);
#197=ORIENTED_EDGE('',*,*,#330,.T.);
#198=ORIENTED_EDGE('',*,*,#335,.F.);
#199=ORIENTED_EDGE('',*,*,#332,.T.);
#200=ORIENTED_EDGE('',*,*,#273,.F.);
#201=ORIENTED_EDGE('',*,*,#333,.T.);
#202=ORIENTED_EDGE('',*,*,#336,.F.);
#203=ORIENTED_EDGE('',*,*,#337,.F.);
#204=ORIENTED_EDGE('',*,*,#334,.T.);
#205=ORIENTED_EDGE('',*,*,#309,.F.);
#206=ORIENTED_EDGE('',*,*,#338,.F.);
#207=ORIENTED_EDGE('',*,*,#336,.T.);
#208=ORIENTED_EDGE('',*,*,#311,.F.);
#209=ORIENTED_EDGE('',*,*,#335,.T.);
#210=ORIENTED_EDGE('',*,*,#274,.F.);
#211=ORIENTED_EDGE('',*,*,#337,.T.);
#212=ORIENTED_EDGE('',*,*,#339,.F.);
#213=ORIENTED_EDGE('',*,*,#338,.T.);
#214=ORIENTED_EDGE('',*,*,#315,.F.);
#215=ORIENTED_EDGE('',*,*,#339,.T.);
#216=ORIENTED_EDGE('',*,*,#340,.F.);
#217=ORIENTED_EDGE('',*,*,#267,.F.);
#218=ORIENTED_EDGE('',*,*,#341,.F.);
#219=ORIENTED_EDGE('',*,*,#294,.F.);
#220=ORIENTED_EDGE('',*,*,#341,.T.);
#221=ORIENTED_EDGE('',*,*,#287,.F.);
#222=ORIENTED_EDGE('',*,*,#342,.F.);
#223=ORIENTED_EDGE('',*,*,#295,.F.);
#224=ORIENTED_EDGE('',*,*,#340,.T.);
#225=ORIENTED_EDGE('',*,*,#293,.F.);
#226=ORIENTED_EDGE('',*,*,#343,.F.);
#227=ORIENTED_EDGE('',*,*,#316,.F.);
#228=ORIENTED_EDGE('',*,*,#342,.T.);
#229=ORIENTED_EDGE('',*,*,#312,.F.);
#230=ORIENTED_EDGE('',*,*,#344,.F.);
#231=ORIENTED_EDGE('',*,*,#296,.F.);
#232=ORIENTED_EDGE('',*,*,#343,.T.);
#233=ORIENTED_EDGE('',*,*,#292,.F.);
#234=ORIENTED_EDGE('',*,*,#345,.F.);
#235=ORIENTED_EDGE('',*,*,#307,.F.);
#236=ORIENTED_EDGE('',*,*,#344,.T.);
#237=ORIENTED_EDGE('',*,*,#303,.F.);
#238=ORIENTED_EDGE('',*,*,#346,.F.);
#239=ORIENTED_EDGE('',*,*,#297,.F.);
#240=ORIENTED_EDGE('',*,*,#345,.T.);
#241=ORIENTED_EDGE('',*,*,#291,.F.);
#242=ORIENTED_EDGE('',*,*,#347,.F.);
#243=ORIENTED_EDGE('',*,*,#314,.F.);
#244=ORIENTED_EDGE('',*,*,#346,.T.);
#245=ORIENTED_EDGE('',*,*,#318,.F.);
#246=ORIENTED_EDGE('',*,*,#348,.F.);
#247=ORIENTED_EDGE('',*,*,#288,.F.);
#248=ORIENTED_EDGE('',*,*,#347,.T.);
#249=ORIENTED_EDGE('',*,*,#290,.F.);
#250=ORIENTED_EDGE('',*,*,#349,.F.);
#251=ORIENTED_EDGE('',*,*,#276,.F.);
#252=ORIENTED_EDGE('',*,*,#348,.T.);
#253=ORIENTED_EDGE('',*,*,#278,.F.);
#254=ORIENTED_EDGE('',*,*,#349,.T.);
#255=ORIENTED_EDGE('',*,*,#289,.F.);
#256=ORIENTED_EDGE('',*,*,#350,.F.);
#257=ORIENTED_EDGE('',*,*,#298,.F.);
#258=ORIENTED_EDGE('',*,*,#351,.F.);
#259=ORIENTED_EDGE('',*,*,#265,.F.);
#260=ORIENTED_EDGE('',*,*,#351,.T.);
#261=ORIENTED_EDGE('',*,*,#299,.F.);
#262=ORIENTED_EDGE('',*,*,#350,.T.);
#263=ORIENTED_EDGE('',*,*,#277,.F.);
#264=EDGE_CURVE('',#352,#353,#402,.T.);
#265=EDGE_CURVE('',#352,#354,#403,.T.);
#266=EDGE_CURVE('',#354,#355,#404,.T.);
#267=EDGE_CURVE('',#355,#356,#405,.T.);
#268=EDGE_CURVE('',#356,#357,#406,.T.);
#269=EDGE_CURVE('',#357,#358,#407,.T.);
#270=EDGE_CURVE('',#358,#359,#408,.T.);
#271=EDGE_CURVE('',#359,#360,#409,.T.);
#272=EDGE_CURVE('',#360,#361,#410,.T.);
#273=EDGE_CURVE('',#361,#362,#411,.T.);
#274=EDGE_CURVE('',#362,#363,#412,.T.);
#275=EDGE_CURVE('',#363,#364,#413,.T.);
#276=EDGE_CURVE('',#364,#353,#414,.T.);
#277=EDGE_CURVE('',#354,#352,#415,.T.);
#278=EDGE_CURVE('',#353,#365,#416,.T.);
#279=EDGE_CURVE('',#365,#366,#417,.T.);
#280=EDGE_CURVE('',#366,#367,#418,.T.);
#281=EDGE_CURVE('',#367,#368,#419,.T.);
#282=EDGE_CURVE('',#368,#369,#420,.T.);
#283=EDGE_CURVE('',#369,#370,#421,.T.);
#284=EDGE_CURVE('',#370,#371,#422,.T.);
#285=EDGE_CURVE('',#371,#372,#423,.T.);
#286=EDGE_CURVE('',#372,#373,#424,.T.);
#287=EDGE_CURVE('',#373,#355,#425,.T.);
#288=EDGE_CURVE('',#374,#375,#426,.T.);
#289=EDGE_CURVE('',#375,#376,#427,.T.);
#290=EDGE_CURVE('',#376,#377,#428,.T.);
#291=EDGE_CURVE('',#377,#378,#429,.T.);
#292=EDGE_CURVE('',#378,#379,#54,.T.);
#293=EDGE_CURVE('',#379,#380,#430,.T.);
#294=EDGE_CURVE('',#380,#381,#431,.T.);
#295=EDGE_CURVE('',#381,#382,#432,.T.);
#296=EDGE_CURVE('',#382,#383,#433,.T.);
#297=EDGE_CURVE('',#383,#374,#55,.T.);
#298=EDGE_CURVE('',#384,#385,#434,.T.);
#299=EDGE_CURVE('',#385,#384,#435,.T.);
#300=EDGE_CURVE('',#386,#387,#436,.T.);
#301=EDGE_CURVE('',#387,#386,#56,.T.);
#302=EDGE_CURVE('',#388,#389,#437,.T.);
#303=EDGE_CURVE('',#389,#390,#57,.F.);
#304=EDGE_CURVE('',#390,#391,#438,.T.);
#305=EDGE_CURVE('',#391,#388,#58,.F.);
#306=EDGE_CURVE('',#392,#393,#439,.T.);
#307=EDGE_CURVE('',#393,#394,#59,.F.);
#308=EDGE_CURVE('',#394,#395,#440,.T.);
#309=EDGE_CURVE('',#395,#392,#60,.F.);
#310=EDGE_CURVE('',#396,#397,#441,.T.);
#311=EDGE_CURVE('',#397,#396,#61,.T.);
#312=EDGE_CURVE('',#390,#373,#442,.T.);
#313=EDGE_CURVE('',#371,#391,#443,.T.);
#314=EDGE_CURVE('',#394,#364,#444,.T.);
#315=EDGE_CURVE('',#363,#395,#445,.T.);
#316=EDGE_CURVE('',#356,#393,#446,.T.);
#317=EDGE_CURVE('',#392,#358,#447,.T.);
#318=EDGE_CURVE('',#365,#389,#448,.T.);
#319=EDGE_CURVE('',#388,#366,#449,.T.);
#320=EDGE_CURVE('',#367,#398,#62,.F.);
#321=EDGE_CURVE('',#398,#366,#450,.T.);
#322=EDGE_CURVE('',#387,#368,#63,.T.);
#323=EDGE_CURVE('',#369,#386,#64,.T.);
#324=EDGE_CURVE('',#371,#399,#451,.F.);
#325=EDGE_CURVE('',#399,#370,#65,.F.);
#326=EDGE_CURVE('',#398,#388,#66,.T.);
#327=EDGE_CURVE('',#387,#398,#452,.T.);
#328=EDGE_CURVE('',#399,#386,#453,.T.);
#329=EDGE_CURVE('',#391,#399,#67,.T.);
#330=EDGE_CURVE('',#359,#400,#68,.F.);
#331=EDGE_CURVE('',#400,#358,#454,.T.);
#332=EDGE_CURVE('',#397,#360,#69,.T.);
#333=EDGE_CURVE('',#361,#396,#70,.T.);
#334=EDGE_CURVE('',#400,#392,#71,.T.);
#335=EDGE_CURVE('',#397,#400,#455,.T.);
#336=EDGE_CURVE('',#401,#396,#456,.T.);
#337=EDGE_CURVE('',#362,#401,#72,.T.);
#338=EDGE_CURVE('',#401,#395,#73,.T.);
#339=EDGE_CURVE('',#363,#401,#457,.F.);
#340=EDGE_CURVE('',#356,#380,#74,.T.);
#341=EDGE_CURVE('',#381,#355,#75,.T.);
#342=EDGE_CURVE('',#382,#373,#76,.T.);
#343=EDGE_CURVE('',#393,#379,#77,.T.);
#344=EDGE_CURVE('',#383,#390,#78,.T.);
#345=EDGE_CURVE('',#394,#378,#79,.T.);
#346=EDGE_CURVE('',#374,#389,#80,.T.);
#347=EDGE_CURVE('',#364,#377,#81,.T.);
#348=EDGE_CURVE('',#375,#365,#82,.T.);
#349=EDGE_CURVE('',#353,#376,#458,.T.);
#350=EDGE_CURVE('',#385,#352,#459,.F.);
#351=EDGE_CURVE('',#354,#384,#83,.T.);
#352=VERTEX_POINT('',#834);
#353=VERTEX_POINT('',#835);
#354=VERTEX_POINT('',#856);
#355=VERTEX_POINT('',#861);
#356=VERTEX_POINT('',#876);
#357=VERTEX_POINT('',#881);
#358=VERTEX_POINT('',#886);
#359=VERTEX_POINT('',#891);
#360=VERTEX_POINT('',#896);
#361=VERTEX_POINT('',#901);
#362=VERTEX_POINT('',#906);
#363=VERTEX_POINT('',#911);
#364=VERTEX_POINT('',#916);
#365=VERTEX_POINT('',#1067);
#366=VERTEX_POINT('',#1072);
#367=VERTEX_POINT('',#1077);
#368=VERTEX_POINT('',#1082);
#369=VERTEX_POINT('',#1087);
#370=VERTEX_POINT('',#1092);
#371=VERTEX_POINT('',#1097);
#372=VERTEX_POINT('',#1102);
#373=VERTEX_POINT('',#1107);
#374=VERTEX_POINT('',#1127);
#375=VERTEX_POINT('',#1128);
#376=VERTEX_POINT('',#1135);
#377=VERTEX_POINT('',#1142);
#378=VERTEX_POINT('',#1147);
#379=VERTEX_POINT('',#1149);
#380=VERTEX_POINT('',#1154);
#381=VERTEX_POINT('',#1170);
#382=VERTEX_POINT('',#1186);
#383=VERTEX_POINT('',#1191);
#384=VERTEX_POINT('',#1215);
#385=VERTEX_POINT('',#1216);
#386=VERTEX_POINT('',#1243);
#387=VERTEX_POINT('',#1244);
#388=VERTEX_POINT('',#1251);
#389=VERTEX_POINT('',#1252);
#390=VERTEX_POINT('',#1254);
#391=VERTEX_POINT('',#1259);
#392=VERTEX_POINT('',#1266);
#393=VERTEX_POINT('',#1267);
#394=VERTEX_POINT('',#1269);
#395=VERTEX_POINT('',#1274);
#396=VERTEX_POINT('',#1281);
#397=VERTEX_POINT('',#1282);
#398=VERTEX_POINT('',#1380);
#399=VERTEX_POINT('',#1420);
#400=VERTEX_POINT('',#1500);
#401=VERTEX_POINT('',#1565);
#402=B_SPLINE_CURVE_WITH_KNOTS('',3,(#830,#831,#832,#833),.UNSPECIFIED.,
 .F.,.F.,(4,4),(0.,1.),.PIECEWISE_BEZIER_KNOTS.);
#403=B_SPLINE_CURVE_WITH_KNOTS('',3,(#836,#837,#838,#839,#840,#841,#842,
#843,#844,#845,#846,#847,#848,#849,#850,#851,#852,#853,#854,#855),
 .UNSPECIFIED.,.F.,.F.,(4,1,1,1,1,1,1,1,1,1,1,1,1,1,1,1,1,4),(1.39857877853494E-17,
0.00131701250356983,0.00263402500713964,0.00526805001427927,0.0079020750214189,
0.0105361000285585,0.0158041500428378,0.021072200057117,0.0263402500713963,
0.0289742750785359,0.0316083000856756,0.0342423250928152,0.0368763500999548,
0.0381933626035246,0.0395103751070944,0.0408273876106643,0.0414858938624492,
0.0421444001142341),.UNSPECIFIED.);
#404=B_SPLINE_CURVE_WITH_KNOTS('',3,(#857,#858,#859,#860),.UNSPECIFIED.,
 .F.,.F.,(4,4),(0.,1.),.PIECEWISE_BEZIER_KNOTS.);
#405=B_SPLINE_CURVE_WITH_KNOTS('',3,(#862,#863,#864,#865,#866,#867,#868,
#869,#870,#871,#872,#873,#874,#875),.UNSPECIFIED.,.F.,.F.,(4,1,1,1,1,1,
1,1,1,1,1,4),(-5.99999999664005E-8,0.00105963796938995,0.00211933593877986,
0.00423873187755968,0.00635812781633951,0.00847752375511933,0.012716315632679,
0.0169551075102386,0.0211938993877983,0.0254326912653579,0.0296714831429176,
0.0339102750204772),.UNSPECIFIED.);
#406=B_SPLINE_CURVE_WITH_KNOTS('',3,(#877,#878,#879,#880),.UNSPECIFIED.,
 .F.,.F.,(4,4),(0.000512332028347811,0.00639457947295596),.UNSPECIFIED.);
#407=B_SPLINE_CURVE_WITH_KNOTS('',3,(#882,#883,#884,#885),.UNSPECIFIED.,
 .F.,.F.,(4,4),(-5.99999999990318E-8,0.000638887375741121),
 .UNSPECIFIED.);
#408=B_SPLINE_CURVE_WITH_KNOTS('',3,(#887,#888,#889,#890),.UNSPECIFIED.,
 .F.,.F.,(4,4),(-1.06984979760768E-5,0.0034867164902241),.UNSPECIFIED.);
#409=B_SPLINE_CURVE_WITH_KNOTS('',3,(#892,#893,#894,#895),.UNSPECIFIED.,
 .F.,.F.,(4,4),(0.,0.00110027476312504),.UNSPECIFIED.);
#410=B_SPLINE_CURVE_WITH_KNOTS('',3,(#897,#898,#899,#900),.UNSPECIFIED.,
 .F.,.F.,(4,4),(0.00148992563308075,0.00963286651560933),.UNSPECIFIED.);
#411=B_SPLINE_CURVE_WITH_KNOTS('',3,(#902,#903,#904,#905),.UNSPECIFIED.,
 .F.,.F.,(4,4),(0.,0.00112397427972253),.UNSPECIFIED.);
#412=B_SPLINE_CURVE_WITH_KNOTS('',3,(#907,#908,#909,#910),.UNSPECIFIED.,
 .F.,.F.,(4,4),(0.,0.0035059139997122),.UNSPECIFIED.);
#413=B_SPLINE_CURVE_WITH_KNOTS('',3,(#912,#913,#914,#915),.UNSPECIFIED.,
 .F.,.F.,(4,4),(0.000990090521486069,0.00749630959428414),.UNSPECIFIED.);
#414=B_SPLINE_CURVE_WITH_KNOTS('',3,(#917,#918,#919,#920,#921,#922,#923,
#924,#925),.UNSPECIFIED.,.F.,.F.,(4,1,1,1,1,1,4),(1.49729850927872E-17,
0.00822751068940236,0.0164550213788047,0.0205687767235059,0.024682532068207,
0.0287962874129082,0.0329100427576094),.UNSPECIFIED.);
#415=B_SPLINE_CURVE_WITH_KNOTS('',3,(#1038,#1039,#1040,#1041,#1042,#1043,
#1044,#1045,#1046,#1047,#1048,#1049,#1050,#1051,#1052,#1053,#1054,#1055,
#1056,#1057),.UNSPECIFIED.,.F.,.F.,(4,1,1,1,1,1,1,1,1,1,1,1,1,1,1,1,1,4),
(-5.99999998765518E-8,0.000669186155314761,0.0013384323106294,0.00267692462125867,
0.00401541693188795,0.00535390924251722,0.00803089386377578,0.0107078784850343,
0.0133848631062929,0.0160618477275514,0.0214158169700685,0.0267697862125856,
0.0321237554551027,0.0348007400763613,0.0374777246976198,0.0401547093188784,
0.0414932016295077,0.0428316939401369),.UNSPECIFIED.);
#416=B_SPLINE_CURVE_WITH_KNOTS('',3,(#1058,#1059,#1060,#1061,#1062,#1063,
#1064,#1065,#1066),.UNSPECIFIED.,.F.,.F.,(4,1,1,1,1,1,4),(8.14645765882006E-15,
0.00411549692567704,0.00823099385134594,0.0123464907770148,0.0164619877026837,
0.0246929815540215,0.0329239754053593),.UNSPECIFIED.);
#417=B_SPLINE_CURVE_WITH_KNOTS('',3,(#1068,#1069,#1070,#1071),
 .UNSPECIFIED.,.F.,.F.,(4,4),(0.000504658092525637,0.007010877273004),
 .UNSPECIFIED.);
#418=B_SPLINE_CURVE_WITH_KNOTS('',3,(#1073,#1074,#1075,#1076),
 .UNSPECIFIED.,.F.,.F.,(4,4),(-1.08926431744747E-5,0.00350002288443299),
 .UNSPECIFIED.);
#419=B_SPLINE_CURVE_WITH_KNOTS('',3,(#1078,#1079,#1080,#1081),
 .UNSPECIFIED.,.F.,.F.,(4,4),(0.,0.0011239742796981),.UNSPECIFIED.);
#420=B_SPLINE_CURVE_WITH_KNOTS('',3,(#1083,#1084,#1085,#1086),
 .UNSPECIFIED.,.F.,.F.,(4,4),(0.00148734673452228,0.00963044487390922),
 .UNSPECIFIED.);
#421=B_SPLINE_CURVE_WITH_KNOTS('',3,(#1088,#1089,#1090,#1091),
 .UNSPECIFIED.,.F.,.F.,(4,4),(0.,0.00110027476312702),.UNSPECIFIED.);
#422=B_SPLINE_CURVE_WITH_KNOTS('',3,(#1093,#1094,#1095,#1096),
 .UNSPECIFIED.,.F.,.F.,(4,4),(8.67361737988403E-19,0.00348155460378928),
 .UNSPECIFIED.);
#423=B_SPLINE_CURVE_WITH_KNOTS('',3,(#1098,#1099,#1100,#1101),
 .UNSPECIFIED.,.F.,.F.,(4,4),(0.000970785824931453,0.00160973320070111),
 .UNSPECIFIED.);
#424=B_SPLINE_CURVE_WITH_KNOTS('',3,(#1103,#1104,#1105,#1106),
 .UNSPECIFIED.,.F.,.F.,(4,4),(-6.0000000003033E-8,0.00588219162199951),
 .UNSPECIFIED.);
#425=B_SPLINE_CURVE_WITH_KNOTS('',3,(#1108,#1109,#1110,#1111,#1112,#1113,
#1114,#1115,#1116,#1117,#1118,#1119,#1120,#1121),.UNSPECIFIED.,.F.,.F.,
(4,1,1,1,1,1,1,1,1,1,1,4),(7.152448122691E-18,0.00417620910965079,0.00835241821930157,
0.0125286273289523,0.0167048364386031,0.0208810455482539,0.0250572546579047,
0.0271453592127301,0.0292334637675555,0.0313215683223809,0.0323656205997936,
0.0334096728772063),.UNSPECIFIED.);
#426=B_SPLINE_CURVE_WITH_KNOTS('',3,(#1123,#1124,#1125,#1126),
 .UNSPECIFIED.,.F.,.F.,(4,4),(4.33680868994201E-19,0.00348087472443164),
 .UNSPECIFIED.);
#427=B_SPLINE_CURVE_WITH_KNOTS('',3,(#1129,#1130,#1131,#1132,#1133,#1134),
 .UNSPECIFIED.,.F.,.F.,(4,1,1,4),(0.,0.0144426263235577,0.0216639394853366,
0.0288852526471155),.UNSPECIFIED.);
#428=B_SPLINE_CURVE_WITH_KNOTS('',3,(#1136,#1137,#1138,#1139,#1140,#1141),
 .UNSPECIFIED.,.F.,.F.,(4,1,1,4),(0.,0.00722131316177879,0.0144426263235576,
0.0288852526471152),.UNSPECIFIED.);
#429=B_SPLINE_CURVE_WITH_KNOTS('',3,(#1143,#1144,#1145,#1146),
 .UNSPECIFIED.,.F.,.F.,(4,4),(0.,0.00348087409920784),.UNSPECIFIED.);
#430=B_SPLINE_CURVE_WITH_KNOTS('',3,(#1150,#1151,#1152,#1153),
 .UNSPECIFIED.,.F.,.F.,(4,4),(0.,0.00345979507847942),.UNSPECIFIED.);
#431=B_SPLINE_CURVE_WITH_KNOTS('',3,(#1155,#1156,#1157,#1158,#1159,#1160,
#1161,#1162,#1163,#1164,#1165,#1166,#1167,#1168,#1169),.UNSPECIFIED.,.F.,
 .F.,(4,1,1,1,1,1,1,1,1,1,1,1,4),(0.,0.00409164837919399,0.00818329675838798,
0.012274945137582,0.016366593516776,0.02045824189597,0.022504066085567,
0.024549890275164,0.0265957144647609,0.0286415386543579,0.0306873628439549,
0.0317102749387534,0.0327331870335519),.UNSPECIFIED.);
#432=B_SPLINE_CURVE_WITH_KNOTS('',3,(#1171,#1172,#1173,#1174,#1175,#1176,
#1177,#1178,#1179,#1180,#1181,#1182,#1183,#1184,#1185),.UNSPECIFIED.,.F.,
 .F.,(4,1,1,1,1,1,1,1,1,1,1,1,4),(0.,0.00103596784363789,0.00207193568727577,
0.00414387137455155,0.00621580706182732,0.00828774274910309,0.0103596784363789,
0.0124316141236546,0.0165754854982062,0.0207193568727577,0.0248632282473093,
0.0290070996218608,0.0331509709964124),.UNSPECIFIED.);
#433=B_SPLINE_CURVE_WITH_KNOTS('',3,(#1187,#1188,#1189,#1190),
 .UNSPECIFIED.,.F.,.F.,(4,4),(8.67361737988408E-19,0.00345982485258265),
 .UNSPECIFIED.);
#434=B_SPLINE_CURVE_WITH_KNOTS('',3,(#1194,#1195,#1196,#1197,#1198,#1199,
#1200,#1201,#1202,#1203,#1204,#1205,#1206,#1207,#1208,#1209,#1210,#1211,
#1212,#1213,#1214),.UNSPECIFIED.,.F.,.F.,(4,1,1,1,1,1,1,1,1,1,1,1,1,1,1,
1,1,1,4),(0.,0.00029453282696738,0.000589065653934759,0.00117813130786952,
0.00176719696180428,0.00235626261573904,0.00353439392360856,0.00471252523147807,
0.00589065653934759,0.00706878784721711,0.00942505046295615,0.0117813130786952,
0.0141375756944342,0.0164938383101733,0.0188501009259123,0.0235626261573904,
0.0282751513888684,0.0329876766203465,0.0377002018518246),.UNSPECIFIED.);
#435=B_SPLINE_CURVE_WITH_KNOTS('',3,(#1217,#1218,#1219,#1220,#1221,#1222,
#1223,#1224,#1225,#1226,#1227,#1228,#1229,#1230,#1231,#1232,#1233,#1234,
#1235,#1236,#1237),.UNSPECIFIED.,.F.,.F.,(4,1,1,1,1,1,1,1,1,1,1,1,1,1,1,
1,1,1,4),(1.73472347597681E-18,0.00462824152148547,0.00925648304297093,
0.0138847245644564,0.0185129660859419,0.0208270868466846,0.0231412076074273,
0.0254553283681701,0.0277694491289128,0.0300835698896555,0.0312406302700269,
0.0323976906503983,0.0335547510307696,0.034711811411141,0.0352903416013267,
0.0358688717915124,0.036447401981698,0.0367366670767909,0.0370259321718837),
 .UNSPECIFIED.);
#436=B_SPLINE_CURVE_WITH_KNOTS('',3,(#1239,#1240,#1241,#1242),
 .UNSPECIFIED.,.F.,.F.,(4,4),(0.00149629340326721,0.00966634582460637),
 .UNSPECIFIED.);
#437=B_SPLINE_CURVE_WITH_KNOTS('',3,(#1247,#1248,#1249,#1250),
 .UNSPECIFIED.,.F.,.F.,(4,4),(0.0010000440842009,0.00750030630617237),
 .UNSPECIFIED.);
#438=B_SPLINE_CURVE_WITH_KNOTS('',3,(#1255,#1256,#1257,#1258),
 .UNSPECIFIED.,.F.,.F.,(4,4),(0.00050012959521018,0.00700215985194684),
 .UNSPECIFIED.);
#439=B_SPLINE_CURVE_WITH_KNOTS('',3,(#1262,#1263,#1264,#1265),
 .UNSPECIFIED.,.F.,.F.,(4,4),(0.00100040534100426,0.0075024318184093),
 .UNSPECIFIED.);
#440=B_SPLINE_CURVE_WITH_KNOTS('',3,(#1270,#1271,#1272,#1273),
 .UNSPECIFIED.,.F.,.F.,(4,4),(0.000500018639864424,0.00700028088772765),
 .UNSPECIFIED.);
#441=B_SPLINE_CURVE_WITH_KNOTS('',3,(#1277,#1278,#1279,#1280),
 .UNSPECIFIED.,.F.,.F.,(4,4),(0.00149114684882625,0.00966135769266674),
 .UNSPECIFIED.);
#442=B_SPLINE_CURVE_WITH_KNOTS('',3,(#1296,#1297,#1298,#1299),
 .UNSPECIFIED.,.F.,.F.,(4,4),(3.15724438315646E-18,0.00302115087864593),
 .UNSPECIFIED.);
#443=B_SPLINE_CURVE_WITH_KNOTS('',3,(#1300,#1301,#1302,#1303),
 .UNSPECIFIED.,.F.,.F.,(4,4),(1.4304896245382E-17,0.00309450991142216),
 .UNSPECIFIED.);
#444=B_SPLINE_CURVE_WITH_KNOTS('',3,(#1316,#1317,#1318,#1319),
 .UNSPECIFIED.,.F.,.F.,(4,4),(2.74283864732555E-18,0.00303846148068719),
 .UNSPECIFIED.);
#445=B_SPLINE_CURVE_WITH_KNOTS('',3,(#1320,#1321,#1322,#1323),
 .UNSPECIFIED.,.F.,.F.,(4,4),(7.85429459156921E-18,0.00313551356267659),
 .UNSPECIFIED.);
#446=B_SPLINE_CURVE_WITH_KNOTS('',3,(#1336,#1337,#1338,#1339),
 .UNSPECIFIED.,.F.,.F.,(4,4),(2.16840434497101E-18,0.0030210845968683),
 .UNSPECIFIED.);
#447=B_SPLINE_CURVE_WITH_KNOTS('',3,(#1340,#1341,#1342,#1343),
 .UNSPECIFIED.,.F.,.F.,(4,4),(7.79474980081332E-16,0.00309648430708794),
 .UNSPECIFIED.);
#448=B_SPLINE_CURVE_WITH_KNOTS('',3,(#1356,#1357,#1358,#1359),
 .UNSPECIFIED.,.F.,.F.,(4,4),(2.16840434497101E-19,0.00303844829404417),
 .UNSPECIFIED.);
#449=B_SPLINE_CURVE_WITH_KNOTS('',3,(#1360,#1361,#1362,#1363),
 .UNSPECIFIED.,.F.,.F.,(4,4),(4.33680868994202E-19,0.00314344201797367),
 .UNSPECIFIED.);
#450=B_SPLINE_CURVE_WITH_KNOTS('',3,(#1381,#1382,#1383,#1384,#1385),
 .UNSPECIFIED.,.F.,.F.,(4,1,4),(0.,0.00173814863799588,0.00347629727599176),
 .UNSPECIFIED.);
#451=B_SPLINE_CURVE_WITH_KNOTS('',3,(#1415,#1416,#1417,#1418,#1419),
 .UNSPECIFIED.,.F.,.F.,(4,1,4),(3.46944695195361E-18,0.00171994275227681,
0.00343988550455361),.UNSPECIFIED.);
#452=B_SPLINE_CURVE_WITH_KNOTS('',3,(#1447,#1448,#1449,#1450),
 .UNSPECIFIED.,.F.,.F.,(4,4),(8.97589649724197E-15,0.00089583462127627),
 .UNSPECIFIED.);
#453=B_SPLINE_CURVE_WITH_KNOTS('',3,(#1463,#1464,#1465,#1466),
 .UNSPECIFIED.,.F.,.F.,(4,4),(4.33680868994202E-19,0.000879697403673174),
 .UNSPECIFIED.);
#454=B_SPLINE_CURVE_WITH_KNOTS('',3,(#1501,#1502,#1503,#1504,#1505),
 .UNSPECIFIED.,.F.,.F.,(4,1,4),(3.61737941639623E-16,0.00171994275227726,
0.00343988550455416),.UNSPECIFIED.);
#455=B_SPLINE_CURVE_WITH_KNOTS('',3,(#1545,#1546,#1547,#1548),
 .UNSPECIFIED.,.F.,.F.,(4,4),(1.60114600944141E-16,0.00087969740367098),
 .UNSPECIFIED.);
#456=B_SPLINE_CURVE_WITH_KNOTS('',3,(#1561,#1562,#1563,#1564),
 .UNSPECIFIED.,.F.,.F.,(4,4),(4.33680868994201E-19,0.000895834621299047),
 .UNSPECIFIED.);
#457=B_SPLINE_CURVE_WITH_KNOTS('',3,(#1584,#1585,#1586,#1587,#1588),
 .UNSPECIFIED.,.F.,.F.,(4,1,4),(3.03576608295941E-18,0.00173482737925956,
0.00346965475851912),.UNSPECIFIED.);
#458=B_SPLINE_CURVE_WITH_KNOTS('',3,(#1810,#1811,#1812,#1813,#1814,#1815,
#1816,#1817,#1818,#1819,#1820,#1821,#1822),.UNSPECIFIED.,.F.,.F.,(4,1,1,
1,1,1,1,1,1,1,4),(0.,0.000129772527264699,0.000259545054529398,0.000519090109058797,
0.000778635163588195,0.00103818021811759,0.00155727032717639,0.00207636043623519,
0.00259545054529398,0.00311454065435278,0.00415272087247037),
 .UNSPECIFIED.);
#459=B_SPLINE_CURVE_WITH_KNOTS('',3,(#1940,#1941,#1942,#1943,#1944,#1945,
#1946,#1947,#1948,#1949,#1950,#1951,#1952,#1953,#1954),.UNSPECIFIED.,.F.,
 .F.,(4,1,1,1,1,1,1,1,1,1,1,1,4),(0.,6.99711591356144E-5,0.000139942318271229,
0.000279884636542458,0.000419826954813686,0.000559769273084915,0.000839653909627373,
0.00111953854616983,0.00167930781925475,0.00223907709233966,0.00279884636542457,
0.00335861563850949,0.00447815418467932),.UNSPECIFIED.);
#460=EDGE_LOOP('',(#88,#89,#90,#91,#92,#93,#94,#95,#96,#97,#98,#99,#100));
#461=EDGE_LOOP('',(#101,#102,#103,#104,#105,#106,#107,#108,#109,#110,#111,
#112,#113));
#462=EDGE_LOOP('',(#114,#115,#116,#117,#118,#119,#120,#121,#122,#123));
#463=EDGE_LOOP('',(#124,#125));
#464=EDGE_LOOP('',(#126,#127));
#465=EDGE_LOOP('',(#128,#129,#130,#131));
#466=EDGE_LOOP('',(#132,#133,#134,#135));
#467=EDGE_LOOP('',(#136,#137));
#468=EDGE_LOOP('',(#138,#139,#140,#141,#142));
#469=EDGE_LOOP('',(#143,#144,#145,#146));
#470=EDGE_LOOP('',(#147,#148,#149,#150,#151));
#471=EDGE_LOOP('',(#152,#153,#154,#155));
#472=EDGE_LOOP('',(#156,#157,#158));
#473=EDGE_LOOP('',(#159,#160,#161,#162));
#474=EDGE_LOOP('',(#163,#164,#165));
#475=EDGE_LOOP('',(#166,#167,#168));
#476=EDGE_LOOP('',(#169,#170,#171,#172));
#477=EDGE_LOOP('',(#173,#174,#175,#176));
#478=EDGE_LOOP('',(#177,#178,#179));
#479=EDGE_LOOP('',(#180,#181,#182,#183,#184,#185));
#480=EDGE_LOOP('',(#186,#187,#188));
#481=EDGE_LOOP('',(#189,#190,#191,#192));
#482=EDGE_LOOP('',(#193,#194,#195));
#483=EDGE_LOOP('',(#196,#197,#198,#199));
#484=EDGE_LOOP('',(#200,#201,#202,#203));
#485=EDGE_LOOP('',(#204,#205,#206,#207,#208,#209));
#486=EDGE_LOOP('',(#210,#211,#212));
#487=EDGE_LOOP('',(#213,#214,#215));
#488=EDGE_LOOP('',(#216,#217,#218,#219));
#489=EDGE_LOOP('',(#220,#221,#222,#223));
#490=EDGE_LOOP('',(#224,#225,#226,#227));
#491=EDGE_LOOP('',(#228,#229,#230,#231));
#492=EDGE_LOOP('',(#232,#233,#234,#235));
#493=EDGE_LOOP('',(#236,#237,#238,#239));
#494=EDGE_LOOP('',(#240,#241,#242,#243));
#495=EDGE_LOOP('',(#244,#245,#246,#247));
#496=EDGE_LOOP('',(#248,#249,#250,#251));
#497=EDGE_LOOP('',(#252,#253,#254,#255));
#498=EDGE_LOOP('',(#256,#257,#258,#259));
#499=EDGE_LOOP('',(#260,#261,#262,#263));
#500=FACE_BOUND('',#460,.T.);
#501=FACE_BOUND('',#461,.T.);
#502=FACE_BOUND('',#462,.T.);
#503=FACE_BOUND('',#463,.T.);
#504=FACE_BOUND('',#464,.T.);
#505=FACE_BOUND('',#465,.T.);
#506=FACE_BOUND('',#466,.T.);
#507=FACE_BOUND('',#467,.T.);
#508=FACE_BOUND('',#468,.T.);
#509=FACE_BOUND('',#469,.T.);
#510=FACE_BOUND('',#470,.T.);
#511=FACE_BOUND('',#471,.T.);
#512=FACE_BOUND('',#472,.T.);
#513=FACE_BOUND('',#473,.T.);
#514=FACE_BOUND('',#474,.T.);
#515=FACE_BOUND('',#475,.T.);
#516=FACE_BOUND('',#476,.T.);
#517=FACE_BOUND('',#477,.T.);
#518=FACE_BOUND('',#478,.T.);
#519=FACE_BOUND('',#479,.T.);
#520=FACE_BOUND('',#480,.T.);
#521=FACE_BOUND('',#481,.T.);
#522=FACE_BOUND('',#482,.T.);
#523=FACE_BOUND('',#483,.T.);
#524=FACE_BOUND('',#484,.T.);
#525=FACE_BOUND('',#485,.T.);
#526=FACE_BOUND('',#486,.T.);
#527=FACE_BOUND('',#487,.T.);
#528=FACE_BOUND('',#488,.T.);
#529=FACE_BOUND('',#489,.T.);
#530=FACE_BOUND('',#490,.T.);
#531=FACE_BOUND('',#491,.T.);
#532=FACE_BOUND('',#492,.T.);
#533=FACE_BOUND('',#493,.T.);
#534=FACE_BOUND('',#494,.T.);
#535=FACE_BOUND('',#495,.T.);
#536=FACE_BOUND('',#496,.T.);
#537=FACE_BOUND('',#497,.T.);
#538=FACE_BOUND('',#498,.T.);
#539=FACE_BOUND('',#499,.T.);
#540=B_SPLINE_SURFACE_WITH_KNOTS('',3,3,((#718,#719,#720,#721),(#722,#723,
#724,#725),(#726,#727,#728,#729),(#730,#731,#732,#733),(#734,#735,#736,
#737),(#738,#739,#740,#741),(#742,#743,#744,#745),(#746,#747,#748,#749),
(#750,#751,#752,#753),(#754,#755,#756,#757),(#758,#759,#760,#761),(#762,
#763,#764,#765),(#766,#767,#768,#769),(#770,#771,#772,#773),(#774,#775,
#776,#777),(#778,#779,#780,#781),(#782,#783,#784,#785),(#786,#787,#788,
#789),(#790,#791,#792,#793),(#794,#795,#796,#797),(#798,#799,#800,#801),
(#802,#803,#804,#805),(#806,#807,#808,#809),(#810,#811,#812,#813),(#814,
#815,#816,#817),(#818,#819,#820,#821),(#822,#823,#824,#825),(#826,#827,
#828,#829)),.UNSPECIFIED.,.F.,.F.,.F.,(4,2,2,2,2,2,2,2,2,2,2,2,2,4),(4,
4),(0.,0.03125,0.0625,0.125,0.25,0.5,0.625,0.6875,0.75,0.875,0.9375,0.96875,
0.984375,1.),(0.,0.997594401676505),.UNSPECIFIED.);
#541=B_SPLINE_SURFACE_WITH_KNOTS('',3,3,((#926,#927,#928,#929),(#930,#931,
#932,#933),(#934,#935,#936,#937),(#938,#939,#940,#941),(#942,#943,#944,
#945),(#946,#947,#948,#949),(#950,#951,#952,#953),(#954,#955,#956,#957),
(#958,#959,#960,#961),(#962,#963,#964,#965),(#966,#967,#968,#969),(#970,
#971,#972,#973),(#974,#975,#976,#977),(#978,#979,#980,#981),(#982,#983,
#984,#985),(#986,#987,#988,#989),(#990,#991,#992,#993),(#994,#995,#996,
#997),(#998,#999,#1000,#1001),(#1002,#1003,#1004,#1005),(#1006,#1007,#1008,
#1009),(#1010,#1011,#1012,#1013),(#1014,#1015,#1016,#1017),(#1018,#1019,
#1020,#1021),(#1022,#1023,#1024,#1025),(#1026,#1027,#1028,#1029),(#1030,
#1031,#1032,#1033),(#1034,#1035,#1036,#1037)),.UNSPECIFIED.,.F.,.F.,.F.,
(4,2,2,2,2,2,2,2,2,2,2,2,2,4),(4,4),(0.,0.015625,0.03125,0.0625,0.125,0.25,
0.3125,0.375,0.5,0.75,0.875,0.9375,0.96875,1.),(0.,0.997594401676505),
 .UNSPECIFIED.);
#542=ADVANCED_FACE('',(#500),#540,.T.);
#543=ADVANCED_FACE('',(#501),#541,.T.);
#544=ADVANCED_FACE('',(#502),#84,.T.);
#545=ADVANCED_FACE('',(#503),#85,.F.);
#546=ADVANCED_FACE('',(#504),#86,.T.);
#547=ADVANCED_FACE('',(#505),#52,.T.);
#548=ADVANCED_FACE('',(#506),#53,.T.);
#549=ADVANCED_FACE('',(#507),#87,.T.);
#550=ADVANCED_FACE('',(#508),#24,.F.);
#551=ADVANCED_FACE('',(#509),#25,.F.);
#552=ADVANCED_FACE('',(#510),#26,.F.);
#553=ADVANCED_FACE('',(#511),#27,.F.);
#554=ADVANCED_FACE('',(#512),#28,.F.);
#555=ADVANCED_FACE('',(#513),#29,.F.);
#556=ADVANCED_FACE('',(#514),#30,.F.);
#557=ADVANCED_FACE('',(#515),#31,.T.);
#558=ADVANCED_FACE('',(#516),#32,.F.);
#559=ADVANCED_FACE('',(#517),#33,.F.);
#560=ADVANCED_FACE('',(#518),#34,.T.);
#561=ADVANCED_FACE('',(#519),#20,.T.);
#562=ADVANCED_FACE('',(#520),#35,.F.);
#563=ADVANCED_FACE('',(#521),#36,.F.);
#564=ADVANCED_FACE('',(#522),#37,.T.);
#565=ADVANCED_FACE('',(#523),#38,.F.);
#566=ADVANCED_FACE('',(#524),#39,.F.);
#567=ADVANCED_FACE('',(#525),#21,.T.);
#568=ADVANCED_FACE('',(#526),#40,.F.);
#569=ADVANCED_FACE('',(#527),#41,.T.);
#570=ADVANCED_FACE('',(#528),#42,.T.);
#571=ADVANCED_FACE('',(#529),#43,.T.);
#572=ADVANCED_FACE('',(#530),#44,.T.);
#573=ADVANCED_FACE('',(#531),#45,.T.);
#574=ADVANCED_FACE('',(#532),#22,.T.);
#575=ADVANCED_FACE('',(#533),#23,.T.);
#576=ADVANCED_FACE('',(#534),#46,.T.);
#577=ADVANCED_FACE('',(#535),#47,.T.);
#578=ADVANCED_FACE('',(#536),#48,.T.);
#579=ADVANCED_FACE('',(#537),#49,.T.);
#580=ADVANCED_FACE('',(#538),#50,.T.);
#581=ADVANCED_FACE('',(#539),#51,.T.);
#582=CLOSED_SHELL('',(#542,#543,#544,#545,#546,#547,#548,#549,#550,#551,
#552,#553,#554,#555,#556,#557,#558,#559,#560,#561,#562,#563,#564,#565,#566,
#567,#568,#569,#570,#571,#572,#573,#574,#575,#576,#577,#578,#579,#580,#581));
#583=STYLED_ITEM('',(#584),#591);
#584=PRESENTATION_STYLE_ASSIGNMENT((#585));
#585=SURFACE_STYLE_USAGE(.BOTH.,#586);
#586=SURFACE_SIDE_STYLE('',(#587));
#587=SURFACE_STYLE_FILL_AREA(#588);
#588=FILL_AREA_STYLE('',(#589));
#589=FILL_AREA_STYLE_COLOUR('',#590);
#590=COLOUR_RGB('',0.800000011920929,0.,0.);
#591=MANIFOLD_SOLID_BREP('',#582);
#592=SHAPE_DEFINITION_REPRESENTATION(#2049,#593);
#593=SHAPE_REPRESENTATION('NACA0012_15_grad',(#594),#2044);
#594=AXIS2_PLACEMENT_3D('',#717,#635,#636);
#595=AXIS2_PLACEMENT_3D('',#1122,#637,#638);
#596=AXIS2_PLACEMENT_3D('',#1148,#639,#640);
#597=AXIS2_PLACEMENT_3D('',#1192,#641,#642);
#598=AXIS2_PLACEMENT_3D('',#1193,#643,#644);
#599=AXIS2_PLACEMENT_3D('',#1238,#645,#646);
#600=AXIS2_PLACEMENT_3D('',#1245,#647,#648);
#601=AXIS2_PLACEMENT_3D('',#1246,#649,#650);
#602=AXIS2_PLACEMENT_3D('',#1253,#651,#652);
#603=AXIS2_PLACEMENT_3D('',#1260,#653,#654);
#604=AXIS2_PLACEMENT_3D('',#1261,#655,#656);
#605=AXIS2_PLACEMENT_3D('',#1268,#657,#658);
#606=AXIS2_PLACEMENT_3D('',#1275,#659,#660);
#607=AXIS2_PLACEMENT_3D('',#1276,#661,#662);
#608=AXIS2_PLACEMENT_3D('',#1283,#663,#664);
#609=AXIS2_PLACEMENT_3D('',#1379,#665,#666);
#610=AXIS2_PLACEMENT_3D('',#1398,#667,#668);
#611=AXIS2_PLACEMENT_3D('',#1399,#669,#670);
#612=AXIS2_PLACEMENT_3D('',#1421,#671,#672);
#613=AXIS2_PLACEMENT_3D('',#1434,#673,#674);
#614=AXIS2_PLACEMENT_3D('',#1482,#675,#676);
#615=AXIS2_PLACEMENT_3D('',#1483,#677,#678);
#616=AXIS2_PLACEMENT_3D('',#1499,#679,#680);
#617=AXIS2_PLACEMENT_3D('',#1518,#681,#682);
#618=AXIS2_PLACEMENT_3D('',#1519,#683,#684);
#619=AXIS2_PLACEMENT_3D('',#1532,#685,#686);
#620=AXIS2_PLACEMENT_3D('',#1566,#687,#688);
#621=AXIS2_PLACEMENT_3D('',#1567,#689,#690);
#622=AXIS2_PLACEMENT_3D('',#1568,#691,#692);
#623=AXIS2_PLACEMENT_3D('',#1664,#693,#694);
#624=AXIS2_PLACEMENT_3D('',#1665,#695,#696);
#625=AXIS2_PLACEMENT_3D('',#1723,#697,#698);
#626=AXIS2_PLACEMENT_3D('',#1736,#699,#700);
#627=AXIS2_PLACEMENT_3D('',#1749,#701,#702);
#628=AXIS2_PLACEMENT_3D('',#1750,#703,#704);
#629=AXIS2_PLACEMENT_3D('',#1751,#705,#706);
#630=AXIS2_PLACEMENT_3D('',#1752,#707,#708);
#631=AXIS2_PLACEMENT_3D('',#1753,#709,#710);
#632=AXIS2_PLACEMENT_3D('',#1766,#711,#712);
#633=AXIS2_PLACEMENT_3D('',#1779,#713,#714);
#634=AXIS2_PLACEMENT_3D('',#1955,#715,#716);
#635=DIRECTION('',(0.,0.,1.));
#636=DIRECTION('',(1.,0.,0.));
#637=DIRECTION('',(0.,0.,-1.));
#638=DIRECTION('',(-0.965925826289068,0.258819045102521,0.));
#639=DIRECTION('',(0.,0.,-1.));
#640=DIRECTION('',(-0.965925826289068,0.258819045102521,0.));
#641=DIRECTION('',(0.,0.,-1.));
#642=DIRECTION('',(-0.965925826289068,0.258819045102521,0.));
#643=DIRECTION('',(-1.71020574436016E-13,-2.56169982304598E-14,-1.));
#644=DIRECTION('',(-0.965925826289068,0.258819045102521,1.58563022654139E-13));
#645=DIRECTION('',(0.,0.,1.));
#646=DIRECTION('',(0.965925826289068,-0.258819045102521,0.));
#647=DIRECTION('',(0.,0.,1.));
#648=DIRECTION('',(0.965925826289068,-0.258819045102521,0.));
#649=DIRECTION('',(0.,0.,-1.));
#650=DIRECTION('',(-0.965925826289068,0.258819045102521,0.));
#651=DIRECTION('',(0.,0.,-1.));
#652=DIRECTION('',(-0.965925826289068,0.258819045102521,0.));
#653=DIRECTION('',(0.,0.,1.));
#654=DIRECTION('',(0.965925826289068,-0.258819045102521,0.));
#655=DIRECTION('',(0.,0.,-1.));
#656=DIRECTION('',(-0.965925826289068,0.258819045102521,0.));
#657=DIRECTION('',(0.,0.,-1.));
#658=DIRECTION('',(-0.965925826289068,0.258819045102521,0.));
#659=DIRECTION('',(0.,0.,1.));
#660=DIRECTION('',(0.965925826289068,-0.258819045102521,0.));
#661=DIRECTION('',(0.,0.,1.));
#662=DIRECTION('',(0.965925826289068,-0.258819045102521,0.));
#663=DIRECTION('',(0.,0.,1.));
#664=DIRECTION('',(0.965925826289068,-0.258819045102521,0.));
#665=DIRECTION('',(-0.910399226567567,0.309943741699789,0.274058616442379));
#666=DIRECTION('',(0.265259928656393,-0.0710761836678176,0.961553610759392));
#667=DIRECTION('',(-0.946453584634478,0.322839917192016,0.));
#668=DIRECTION('',(-0.322839917192016,-0.946453584634478,0.));
#669=DIRECTION('',(0.95486084219072,-0.297053483485429,6.93339723775877E-15));
#670=DIRECTION('',(0.297053483485429,0.954860842190721,0.));
#671=DIRECTION('',(0.919496754370304,-0.288600917262845,0.266899286731009));
#672=DIRECTION('',(0.258019587812328,-0.0691361401857244,-0.963662848939076));
#673=DIRECTION('',(-0.438086267174185,0.898932935492625,0.));
#674=DIRECTION('',(-0.898932935492625,-0.438086267174185,0.));
#675=DIRECTION('',(0.885692171659458,0.464272955341094,3.52679989449888E-15));
#676=DIRECTION('',(-0.464272955341094,0.885692171659458,0.));
#677=DIRECTION('',(0.,0.,1.));
#678=DIRECTION('',(0.965925826289068,-0.258819045102521,0.));
#679=DIRECTION('',(0.940608006613656,-0.209812651279899,0.266899286730379));
#680=DIRECTION('',(0.25801958781172,-0.0691361401855615,-0.96366284893925));
#681=DIRECTION('',(0.975460488158824,-0.220174558114575,0.));
#682=DIRECTION('',(0.220174558114575,0.975460488158825,0.));
#683=DIRECTION('',(-0.981072806392477,0.193639222672449,6.92335827467184E-15));
#684=DIRECTION('',(-0.193639222672449,-0.981072806392477,0.));
#685=DIRECTION('',(0.534895442919608,-0.844918259445159,0.));
#686=DIRECTION('',(0.844918259445159,0.534895442919608,0.));
#687=DIRECTION('',(-0.943400728642833,0.186780459226245,0.274058616444375));
#688=DIRECTION('',(0.265259928658348,-0.0710761836683417,0.961553610758814));
#689=DIRECTION('',(0.,0.,1.));
#690=DIRECTION('',(0.965925826289068,-0.258819045102521,0.));
#691=DIRECTION('',(0.828860304167835,0.55945562484866,0.));
#692=DIRECTION('',(-0.55945562484866,0.828860304167835,0.));
#693=DIRECTION('',(0.974939453387971,-0.222470362582446,6.49533023831285E-17));
#694=DIRECTION('',(0.222470362582446,0.974939453387971,0.));
#695=DIRECTION('',(0.25881904510252,0.965925826289069,0.));
#696=DIRECTION('',(-0.965925826289069,0.25881904510252,0.));
#697=DIRECTION('',(0.95555751507692,-0.294804741108452,0.));
#698=DIRECTION('',(0.294804741108452,0.95555751507692,0.));
#699=DIRECTION('',(0.553050354269732,-0.833147829404916,4.05587980263565E-15));
#700=DIRECTION('',(0.833147829404916,0.553050354269732,0.));
#701=DIRECTION('',(0.895529571072038,0.445002008237639,0.));
#702=DIRECTION('',(-0.445002008237639,0.895529571072038,0.));
#703=DIRECTION('',(0.,0.,-1.));
#704=DIRECTION('',(-0.965925826289068,0.258819045102521,0.));
#705=DIRECTION('',(0.833189826569543,0.552987082038103,-2.60135628124095E-15));
#706=DIRECTION('',(-0.552987082038103,0.833189826569543,0.));
#707=DIRECTION('',(0.,0.,-1.));
#708=DIRECTION('',(-0.965925826289068,0.258819045102521,0.));
#709=DIRECTION('',(0.445070014965017,-0.895495774294351,0.));
#710=DIRECTION('',(0.895495774294351,0.445070014965017,0.));
#711=DIRECTION('',(0.983898575172535,-0.178727708465859,-1.35464928717584E-14));
#712=DIRECTION('',(0.178727708465859,0.983898575172535,0.));
#713=DIRECTION('',(0.941445015079733,-0.337166551694444,0.));
#714=DIRECTION('',(0.337166551694444,0.941445015079733,0.));
#715=DIRECTION('',(0.258819045102489,0.965925826289077,-1.13241579640256E-13));
#716=DIRECTION('',(2.9309077508392E-14,1.09382966384293E-13,1.));
#717=CARTESIAN_POINT('',(0.,0.,0.));
#718=CARTESIAN_POINT('',(39.6029588778518,-10.6115808492034,60.));
#719=CARTESIAN_POINT('',(39.6029588791376,-10.6115808495479,40.0481119664699));
#720=CARTESIAN_POINT('',(39.6029588776977,-10.6115808491621,20.0962239329398));
#721=CARTESIAN_POINT('',(39.6029588778507,-10.611580849203,0.144335899409711));
#722=CARTESIAN_POINT('',(39.1765682396313,-10.5130022740519,60.));
#723=CARTESIAN_POINT('',(39.0365559735217,-10.4898492643117,40.0481119664762));
#724=CARTESIAN_POINT('',(38.8949064753942,-10.4752881658326,20.0962239329345));
#725=CARTESIAN_POINT('',(38.7516197405099,-10.4693189773444,0.144335899409673));
#726=CARTESIAN_POINT('',(38.7499483253597,-10.4169455530902,60.));
#727=CARTESIAN_POINT('',(38.4696353130575,-10.3729146003966,40.0481119664751));
#728=CARTESIAN_POINT('',(38.18583945675,-10.3474854389937,20.0962239329494));
#729=CARTESIAN_POINT('',(37.898560757454,-10.3406580691545,0.14433589940978));
#730=CARTESIAN_POINT('',(37.886563563339,-10.283389284572,60.));
#731=CARTESIAN_POINT('',(37.3246650825367,-10.2042138801075,40.0481119664596));
#732=CARTESIAN_POINT('',(36.7578381024899,-10.1516054487186,20.0962239329167));
#733=CARTESIAN_POINT('',(36.1860826217897,-10.1255639900281,0.144335899409544));
#734=CARTESIAN_POINT('',(37.4512457926652,-10.2379155838631,60.));
#735=CARTESIAN_POINT('',(36.7482810578629,-10.143077331718,40.0481119664297));
#736=CARTESIAN_POINT('',(36.0405434910581,-10.0739201616407,20.0962239329785));
#737=CARTESIAN_POINT('',(35.3280330987389,-10.0304440753599,0.144335899409991));
#738=CARTESIAN_POINT('',(36.1460004342852,-10.0965039031362,60.));
#739=CARTESIAN_POINT('',(35.0206246744661,-9.94906704824549,40.0481119664713));
#740=CARTESIAN_POINT('',(33.8914862425568,-9.82076930386345,20.0962239329204));
#741=CARTESIAN_POINT('',(32.7585851374788,-9.71161066969534,0.144335899409571));
#742=CARTESIAN_POINT('',(35.2809931971248,-9.97046712549354,60.));
#743=CARTESIAN_POINT('',(33.8748086187012,-9.78221573814512,40.0481119664913));
#744=CARTESIAN_POINT('',(32.4646838912047,-9.61317590941377,20.0962239328398));
#745=CARTESIAN_POINT('',(31.0506190096296,-9.4633476379499,0.144335899408989));
#746=CARTESIAN_POINT('',(32.684218128848,-9.60089532388434,60.));
#747=CARTESIAN_POINT('',(30.4351308097929,-9.29354836893117,40.0481119665034));
#748=CARTESIAN_POINT('',(28.1816609705777,-9.00619281376054,20.096223932911));
#749=CARTESIAN_POINT('',(25.9238086096056,-8.73882865790212,0.144335899409502));
#750=CARTESIAN_POINT('',(30.9536167010377,-9.34840597944947,60.));
#751=CARTESIAN_POINT('',(28.1432596563898,-8.95697454331039,40.048111966331));
#752=CARTESIAN_POINT('',(25.3286890678252,-8.5834209197534,20.0962239329879));
#753=CARTESIAN_POINT('',(22.5099049391798,-8.22774510976996,0.14433589941006));
#754=CARTESIAN_POINT('',(25.7711111225369,-8.53299834354966,60.));
#755=CARTESIAN_POINT('',(21.2792415765542,-7.87478300218121,40.0481119665729));
#756=CARTESIAN_POINT('',(16.7829646645274,-7.23225700493013,20.0962239329782));
#757=CARTESIAN_POINT('',(12.2822803856212,-6.60542035161073,0.144335899409987));
#758=CARTESIAN_POINT('',(22.3245057594447,-7.93394689437688,60.));
#759=CARTESIAN_POINT('',(16.714366470858,-7.07993988679567,40.0481119664634));
#760=CARTESIAN_POINT('',(11.0997042124644,-6.24021407736275,20.0962239329325));
#761=CARTESIAN_POINT('',(5.48051898425017,-5.41476946611846,0.144335899409658));
#762=CARTESIAN_POINT('',(17.1804395178606,-6.90329757775857,60.));
#763=CARTESIAN_POINT('',(9.90133209517985,-5.71272965437137,40.0481119663991));
#764=CARTESIAN_POINT('',(2.61757974308679,-4.53430497042513,20.0962239328075));
#765=CARTESIAN_POINT('',(-4.67081753889966,-3.36802352577475,0.144335899408757));
#766=CARTESIAN_POINT('',(15.4703763005884,-6.53602255165891,60.));
#767=CARTESIAN_POINT('',(7.63641635531983,-5.22568881574668,40.0481119664474));
#768=CARTESIAN_POINT('',(-0.202258788519516,-3.92690063673911,20.0962239327985));
#769=CARTESIAN_POINT('',(-8.04564913180536,-2.63965801447984,0.144335899408692));
#770=CARTESIAN_POINT('',(12.9181518396459,-5.93003419119186,60.));
#771=CARTESIAN_POINT('',(4.25639011240179,-4.42115408459517,40.0481119664434));
#772=CARTESIAN_POINT('',(-4.40989869536477,-2.92192064567895,20.0962239327951));
#773=CARTESIAN_POINT('',(-13.0807145844177,-1.43233387415007,0.144335899408667));
#774=CARTESIAN_POINT('',(12.0728946949145,-5.70596090445351,60.));
#775=CARTESIAN_POINT('',(3.13703668893027,-4.12352763290528,40.0481119663515));
#776=CARTESIAN_POINT('',(-5.80322884067847,-2.54990490089306,20.0962239327238));
#777=CARTESIAN_POINT('',(-14.7479018945404,-0.985092708306651,0.144335899408154));
#778=CARTESIAN_POINT('',(10.3787114370539,-5.27253834565153,60.));
#779=CARTESIAN_POINT('',(0.892770429891547,-3.55054731779601,40.048111966425));
#780=CARTESIAN_POINT('',(-8.59802041984767,-1.83839225845853,20.0962239330543));
#781=CARTESIAN_POINT('',(-18.0936611112024,-0.136073167862593,0.144335899410538));
#782=CARTESIAN_POINT('',(9.52831100824253,-5.06888562131922,60.));
#783=CARTESIAN_POINT('',(-0.233505206064733,-3.28039125824241,40.0481119664413));
#784=CARTESIAN_POINT('',(-10.0001590939842,-1.50131034494901,20.0962239326971));
#785=CARTESIAN_POINT('',(-19.7716506567685,0.268357118846476,0.14433589940796));
#786=CARTESIAN_POINT('',(6.98930666599928,-4.40988414844134,60.));
#787=CARTESIAN_POINT('',(-3.59624130484718,-2.40660220799492,40.0481119663804));
#788=CARTESIAN_POINT('',(-14.1866518378933,-0.411766588318894,20.0962239326998));
#789=CARTESIAN_POINT('',(-24.7819249339166,1.57462271094079,0.14433589940798));
#790=CARTESIAN_POINT('',(5.29833786394697,-3.94499315765047,60.0000000000001));
#791=CARTESIAN_POINT('',(-5.83570840537085,-1.78968992138184,40.0481119663264));
#792=CARTESIAN_POINT('',(-16.9745321780747,0.358335807028296,20.0962239327998));
#793=CARTESIAN_POINT('',(-28.1181334541528,2.4990840275234,0.144335899408703));
#794=CARTESIAN_POINT('',(2.86183354546677,-2.97265263198659,60.));
#795=CARTESIAN_POINT('',(-9.06190011339215,-0.499272667518109,40.0481119664712));
#796=CARTESIAN_POINT('',(-20.9896661052635,1.96938859153068,20.096223932737));
#797=CARTESIAN_POINT('',(-32.9214644311092,4.43333114544515,0.144335899408247));
#798=CARTESIAN_POINT('',(2.06099994946387,-2.60411384992529,60.0000000000001));
#799=CARTESIAN_POINT('',(-10.1222070196609,-0.010146194280805,40.0481119666452));
#800=CARTESIAN_POINT('',(-22.3091213678401,2.58010131543999,20.0962239330285));
#801=CARTESIAN_POINT('',(-34.4997430954549,5.16662867945974,0.144335899410348));
#802=CARTESIAN_POINT('',(0.983904945926481,-1.85539464763649,60.));
#803=CARTESIAN_POINT('',(-11.547655289759,0.983260390854745,40.0481119663321));
#804=CARTESIAN_POINT('',(-24.081872841922,3.81993469202847,20.0962239329323));
#805=CARTESIAN_POINT('',(-36.6187477099682,6.65462825575925,0.144335899409659));
#806=CARTESIAN_POINT('',(0.644295413242283,-1.57177113023072,60.));
#807=CARTESIAN_POINT('',(-11.9969910988088,1.35957290501907,40.0481119664121));
#808=CARTESIAN_POINT('',(-24.6404967942123,4.28959372711071,20.0962239327302));
#809=CARTESIAN_POINT('',(-37.2862216736472,7.2182913362004,0.144335899408199));
#810=CARTESIAN_POINT('',(0.244626561307571,-1.04836738343913,60.));
#811=CARTESIAN_POINT('',(-12.5253521043451,2.05358376995634,40.0481119663634));
#812=CARTESIAN_POINT('',(-25.2966070643423,5.1549941949076,20.0962239330661));
#813=CARTESIAN_POINT('',(-38.0691383176626,8.25586389113854,0.144335899410624));
#814=CARTESIAN_POINT('',(0.133522138999239,-0.860195847393416,60.));
#815=CARTESIAN_POINT('',(-12.6721025976997,2.30297696325259,40.0481119663452));
#816=CARTESIAN_POINT('',(-25.4786157538457,5.46577923988653,20.0962239330175));
#817=CARTESIAN_POINT('',(-38.2860173285539,8.62821098226817,0.144335899410274));
#818=CARTESIAN_POINT('',(-0.0143386258048731,-0.444287641368656,60.));
#819=CARTESIAN_POINT('',(-12.8673818096413,2.85421836435914,40.0481119666188));
#820=CARTESIAN_POINT('',(-25.7207774533092,6.1527468999367,20.0962239327469));
#821=CARTESIAN_POINT('',(-38.5745255582952,9.4512979657632,0.144335899408316));
#822=CARTESIAN_POINT('',(-0.0560994092081555,-0.209365845439461,60.));
#823=CARTESIAN_POINT('',(-12.9223296169613,3.16532647685358,40.0481119664699));
#824=CARTESIAN_POINT('',(-25.7885608897934,6.54001482318229,20.096223932761));
#825=CARTESIAN_POINT('',(-38.6547932284799,9.91469919375253,0.144335899408421));
#826=CARTESIAN_POINT('',(6.69544152338925E-15,-1.82209936626003E-15,60.));
#827=CARTESIAN_POINT('',(-12.8480292898764,3.44261907255378,40.0481119664699));
#828=CARTESIAN_POINT('',(-25.6960585794937,6.88523814503816,20.0962239327611));
#829=CARTESIAN_POINT('',(-38.5440878696272,10.3278572176608,0.144335899408421));
#830=CARTESIAN_POINT('',(39.6029588778518,-10.6115808492034,60.));
#831=CARTESIAN_POINT('',(39.6029588791407,-10.6115808495487,40.));
#832=CARTESIAN_POINT('',(39.6029588776907,-10.6115808491602,20.));
#833=CARTESIAN_POINT('',(39.6029588778518,-10.6115808492034,0.));
#834=CARTESIAN_POINT('',(39.6029588778835,-10.6115808492118,59.4999999999946));
#835=CARTESIAN_POINT('',(39.6029588778481,-10.6115808492024,0.500000000000332));
#836=CARTESIAN_POINT('',(39.6029588778835,-10.6115808492118,59.4999999999946));
#837=CARTESIAN_POINT('',(39.1740368778225,-10.5126493660897,59.5002263593093));
#838=CARTESIAN_POINT('',(38.3149163733194,-10.3230387153641,59.5002827990734));
#839=CARTESIAN_POINT('',(36.5643993747849,-10.1524675360225,59.4989125429243));
#840=CARTESIAN_POINT('',(34.3908250217734,-9.8450838598986,59.5007338036729));
#841=CARTESIAN_POINT('',(31.7834194198405,-9.47037355546657,59.5003853194391));
#842=CARTESIAN_POINT('',(28.3113659648476,-8.94240464286288,59.5015216683635));
#843=CARTESIAN_POINT('',(23.9794352612805,-8.22528833315911,59.5028700961999));
#844=CARTESIAN_POINT('',(18.8015920009525,-7.25328941711527,59.5061417548359));
#845=CARTESIAN_POINT('',(14.5081670616275,-6.35482773242478,59.5108703723857));
#846=CARTESIAN_POINT('',(11.1108799307049,-5.47060431742423,59.518815160168));
#847=CARTESIAN_POINT('',(8.55526299905406,-4.84341711435206,59.5153294885984));
#848=CARTESIAN_POINT('',(6.00951052347707,-4.16369849973069,59.525710910191));
#849=CARTESIAN_POINT('',(3.92396606101154,-3.47007366677592,59.5433501893887));
#850=CARTESIAN_POINT('',(2.31417440209281,-2.78789108476008,59.5711414484894));
#851=CARTESIAN_POINT('',(1.15777375239674,-2.13770523168195,59.6084132224403));
#852=CARTESIAN_POINT('',(0.294796558994923,-1.42312085232183,59.6684698312473));
#853=CARTESIAN_POINT('',(-0.143417454520702,-0.64178575407713,59.7403196376499));
#854=CARTESIAN_POINT('',(-0.200179387624163,-0.173607373660692,59.7773500981125));
#855=CARTESIAN_POINT('',(-0.143375526969187,0.0384173566657802,59.7773500981125));
#856=CARTESIAN_POINT('',(-0.143375526969194,0.038417356665782,59.7773500981125));
#857=CARTESIAN_POINT('',(6.69544152338925E-15,-1.82209936626003E-15,60.));
#858=CARTESIAN_POINT('',(-12.8790110171876,3.45092060136694,40.));
#859=CARTESIAN_POINT('',(-25.7580220341149,6.90184120266415,19.9999999998204));
#860=CARTESIAN_POINT('',(-38.6370330515627,10.3527618041008,0.));
#861=CARTESIAN_POINT('',(-38.1364580276549,10.2186331306935,0.77735009811793));
#862=CARTESIAN_POINT('',(-38.1364580276549,10.2186331306935,0.777350098117931));
#863=CARTESIAN_POINT('',(-38.2278797617925,9.87743615510044,0.777352590108728));
#864=CARTESIAN_POINT('',(-38.1695569694319,9.15780241837256,0.750154399294243));
#865=CARTESIAN_POINT('',(-37.6053085737202,7.86498705096981,0.697076459120596));
#866=CARTESIAN_POINT('',(-36.38351699311,6.58967618024041,0.633408777059293));
#867=CARTESIAN_POINT('',(-34.6492816400549,5.41417346899776,0.597009409027772));
#868=CARTESIAN_POINT('',(-32.1751530663318,4.13233908757742,0.557656061991781));
#869=CARTESIAN_POINT('',(-28.9137289975759,2.87641518929763,0.540444541932243));
#870=CARTESIAN_POINT('',(-24.9199590012399,1.63551098627975,0.523304755471885));
#871=CARTESIAN_POINT('',(-20.8771887900783,0.556008735935203,0.517475539445089));
#872=CARTESIAN_POINT('',(-16.8127816540252,-0.43496987296133,0.51577281018381));
#873=CARTESIAN_POINT('',(-12.7672714651091,-1.50336127434513,0.51904433703424));
#874=CARTESIAN_POINT('',(-10.0535459342545,-2.14793770693053,0.513248013977116));
#875=CARTESIAN_POINT('',(-8.69371064222031,-2.45826436832755,0.512151558312354));
#876=CARTESIAN_POINT('',(-8.69371064222031,-2.45826436832754,0.512151558312887));
#877=CARTESIAN_POINT('',(-8.69371064222031,-2.45826436832754,0.512151558312887));
#878=CARTESIAN_POINT('',(-8.71943696264251,-2.40352549615929,2.4719689245655));
#879=CARTESIAN_POINT('',(-8.74615276662849,-2.34465647339873,4.43166035546242));
#880=CARTESIAN_POINT('',(-8.77408122561951,-2.28037454798811,6.39115647881188));
#881=CARTESIAN_POINT('',(-8.77408122561951,-2.28037454798811,6.39115647881188));
#882=CARTESIAN_POINT('',(-8.77408122561951,-2.28037454798811,6.39115647881188));
#883=CARTESIAN_POINT('',(-8.77492451363126,-2.27391566085086,6.60403930880344));
#884=CARTESIAN_POINT('',(-8.7759990426793,-2.26726022979779,6.81691683280532));
#885=CARTESIAN_POINT('',(-8.77730301903065,-2.26041668696198,7.02978537363135));
#886=CARTESIAN_POINT('',(-8.77730301903066,-2.26041668696197,7.02978537363135));
#887=CARTESIAN_POINT('',(-8.77730301903066,-2.26041668696197,7.02978537363134));
#888=CARTESIAN_POINT('',(-7.89986067892504,-2.45048682522121,7.7734718475072));
#889=CARTESIAN_POINT('',(-6.98746833374101,-2.64597240214626,8.52135274039559));
#890=CARTESIAN_POINT('',(-5.8830242802794,-2.89225479652335,8.83769422297955));
#891=CARTESIAN_POINT('',(-5.88302428027939,-2.89225479652335,8.83769422297956));
#892=CARTESIAN_POINT('',(-5.88302428027939,-2.89225479652335,8.83769422297956));
#893=CARTESIAN_POINT('',(-5.53457704860671,-2.96995580660305,8.93749856664138));
#894=CARTESIAN_POINT('',(-5.17872841971619,-3.05024051841201,8.97619728633577));
#895=CARTESIAN_POINT('',(-4.81814781837413,-3.13161412610379,8.9767977333335));
#896=CARTESIAN_POINT('',(-4.81814781837412,-3.13161412610379,8.9767977333335));
#897=CARTESIAN_POINT('',(-4.81814781837413,-3.13161412610379,8.9767977333335));
#898=CARTESIAN_POINT('',(-2.17039061776474,-3.72914365182849,8.9812068386929));
#899=CARTESIAN_POINT('',(0.487346683584703,-4.28201804826837,8.98431671365922));
#900=CARTESIAN_POINT('',(3.15035969440208,-4.80759931910302,8.98657113198211));
#901=CARTESIAN_POINT('',(3.15035969440208,-4.80759931910302,8.98657113198211));
#902=CARTESIAN_POINT('',(3.15035969440208,-4.80759931910302,8.98657113198211));
#903=CARTESIAN_POINT('',(3.52098125815042,-4.88074644669208,8.98688488788222));
#904=CARTESIAN_POINT('',(3.88658578848379,-4.95288692437308,8.94732536178655));
#905=CARTESIAN_POINT('',(4.24405400803649,-5.02366046497206,8.84350292780206));
#906=CARTESIAN_POINT('',(4.24405400803649,-5.02366046497206,8.84350292780206));
#907=CARTESIAN_POINT('',(4.24405400803649,-5.02366046497206,8.84350292780206));
#908=CARTESIAN_POINT('',(5.3600064565309,-5.24460291971358,8.5193876832116));
#909=CARTESIAN_POINT('',(6.27756189032343,-5.42681759071542,7.75219199365611));
#910=CARTESIAN_POINT('',(7.16376678304252,-5.59876763791386,7.01004049673474));
#911=CARTESIAN_POINT('',(7.16376678304251,-5.59876763791386,7.01004049673474));
#912=CARTESIAN_POINT('',(7.1637667830425,-5.59876763791386,7.01004049673474));
#913=CARTESIAN_POINT('',(7.13279417093792,-5.61516775328687,4.84158394895804));
#914=CARTESIAN_POINT('',(7.10320036565607,-5.63084121529378,2.67310234802609));
#915=CARTESIAN_POINT('',(7.07469032404066,-5.6459512369924,0.504602586962039));
#916=CARTESIAN_POINT('',(7.07469032404066,-5.6459512369924,0.504602586962039));
#917=CARTESIAN_POINT('',(7.07469032404064,-5.6459512369924,0.504602586962039));
#918=CARTESIAN_POINT('',(9.7730357968382,-6.1361197205284,0.503845485795909));
#919=CARTESIAN_POINT('',(15.1783633004623,-7.0687774689968,0.50266505650597));
#920=CARTESIAN_POINT('',(21.9493053287679,-8.1428472848768,0.501864445013321));
#921=CARTESIAN_POINT('',(27.3755355105267,-8.94179148763228,0.501358816374806));
#922=CARTESIAN_POINT('',(31.4471756765179,-9.52934079495389,0.501243332821906));
#923=CARTESIAN_POINT('',(35.5270327279126,-10.0559644009209,0.50100331885364));
#924=CARTESIAN_POINT('',(38.2499665433817,-10.3849816433535,0.500706138749077));
#925=CARTESIAN_POINT('',(39.6029588778481,-10.6115808492024,0.500000000000332));
#926=CARTESIAN_POINT('',(6.69544152338925E-15,-1.82209936626003E-15,60.));
#927=CARTESIAN_POINT('',(-12.8480292898764,3.44261907255378,40.0481119664699));
#928=CARTESIAN_POINT('',(-25.6960585794937,6.88523814503816,20.0962239327611));
#929=CARTESIAN_POINT('',(-38.5440878696272,10.3278572176608,0.144335899408421));
#930=CARTESIAN_POINT('',(0.0560994092081622,0.209365845439459,60.));
#931=CARTESIAN_POINT('',(-12.7737289627914,3.71991166825397,40.0481119664699));
#932=CARTESIAN_POINT('',(-25.603556269194,7.23046146689404,20.096223932761));
#933=CARTESIAN_POINT('',(-38.4333825107745,10.7410152415691,0.144335899408421));
#934=CARTESIAN_POINT('',(0.209726206481897,0.391933696915185,60.));
#935=CARTESIAN_POINT('',(-12.5705887095228,3.9618652933376,40.0481119666187));
#936=CARTESIAN_POINT('',(-25.3512201296198,7.53195360825471,20.0962239327469));
#937=CARTESIAN_POINT('',(-38.1321680552974,11.1021986420605,0.144335899408316));
#938=CARTESIAN_POINT('',(0.545731488037701,0.678190386572965,60.));
#939=CARTESIAN_POINT('',(-12.1258512505969,4.34161474434273,40.0481119663453));
#940=CARTESIAN_POINT('',(-24.7980181159222,8.00580420368207,20.0962239329411));
#941=CARTESIAN_POINT('',(-37.4707691073921,11.6707587644206,0.144335899409723));
#942=CARTESIAN_POINT('',(0.736036508252362,0.785599505903526,60.));
#943=CARTESIAN_POINT('',(-11.8740649986858,4.48422033859091,40.0481119663635));
#944=CARTESIAN_POINT('',(-24.4850014443907,8.18394760293338,20.0962239328373));
#945=CARTESIAN_POINT('',(-37.0967728288463,11.8847812989181,0.144335899408973));
#946=CARTESIAN_POINT('',(1.34386176052499,1.03904602109363,60.));
#947=CARTESIAN_POINT('',(-11.0694855130537,4.82107087536087,40.048111966412));
#948=CARTESIAN_POINT('',(-23.4840930495572,8.60535125757961,20.0962239329574));
#949=CARTESIAN_POINT('',(-35.8999608486191,12.3918871677574,0.144335899409839));
#950=CARTESIAN_POINT('',(1.77978400189975,1.11486642593564,60.));
#951=CARTESIAN_POINT('',(-10.4921930305044,4.92229916786427,40.048111966332));
#952=CARTESIAN_POINT('',(-22.7654809981669,8.73277593695243,20.0962239331589));
#953=CARTESIAN_POINT('',(-35.0400798994878,12.5462967327555,0.144335899411295));
#954=CARTESIAN_POINT('',(3.08693523839677,1.22472877365026,60.));
#955=CARTESIAN_POINT('',(-8.76101532425118,5.06989037182938,40.0481119666452));
#956=CARTESIAN_POINT('',(-20.6103164983797,8.92012740041138,20.0962239330284));
#957=CARTESIAN_POINT('',(-32.4609682844306,12.7754398593941,0.144335899410348));
#958=CARTESIAN_POINT('',(3.96474686777004,1.14347592319366,60.));
#959=CARTESIAN_POINT('',(-7.59819937099558,4.96333287018196,40.0481119664713));
#960=CARTESIAN_POINT('',(-19.1622783598767,8.78929250244293,20.0962239327369));
#961=CARTESIAN_POINT('',(-30.727490099849,12.6213548202104,0.144335899408247));
#962=CARTESIAN_POINT('',(6.56099176683626,0.767295360307621,60.));
#963=CARTESIAN_POINT('',(-4.15902676743873,4.46777113949911,40.0481119663262));
#964=CARTESIAN_POINT('',(-14.8795439874381,8.17693817719417,20.0962239330147));
#965=CARTESIAN_POINT('',(-25.6005598920617,11.8947964730502,0.144335899410254));
#966=CARTESIAN_POINT('',(8.25785920181598,0.324418367296869,60.));
#967=CARTESIAN_POINT('',(-1.91113522413909,3.88229930135091,40.0481119663804));
#968=CARTESIAN_POINT('',(-12.0801175921014,7.44992624486047,20.0962239326998));
#969=CARTESIAN_POINT('',(-22.2490879029212,11.0272991979077,0.14433589940798));
#970=CARTESIAN_POINT('',(10.7862021989566,-0.374371787181151,60.));
#971=CARTESIAN_POINT('',(1.43797418875324,2.95765476702269,40.0481119664413));
#972=CARTESIAN_POINT('',(-7.90973664480183,6.30025244468233,20.0962239326971));
#973=CARTESIAN_POINT('',(-17.2569303029361,9.65342124617682,0.14433589940796));
#974=CARTESIAN_POINT('',(11.6244969358625,-0.623203568765144,60.));
#975=CARTESIAN_POINT('',(2.54843553093166,2.62847895960426,40.0481119664251));
#976=CARTESIAN_POINT('',(-6.52690797648533,5.89110460783725,20.0962239329894));
#977=CARTESIAN_POINT('',(-15.6015335858356,9.16467337574337,0.14433589941007));
#978=CARTESIAN_POINT('',(13.3084139552371,-1.09494025119969,60.));
#979=CARTESIAN_POINT('',(4.77851728167009,2.00256133883795,40.0481119663515));
#980=CARTESIAN_POINT('',(-3.75079114942185,5.10989684171384,20.0962239326614));
#981=CARTESIAN_POINT('',(-12.2795113390383,8.22706625774631,0.144335899407704));
#982=CARTESIAN_POINT('',(14.1524647586739,-1.32351566494046,60.));
#983=CARTESIAN_POINT('',(5.89671900805442,1.70063669510385,40.0481119664434));
#984=CARTESIAN_POINT('',(-2.35812397546229,4.73540685468259,20.0962239327951));
#985=CARTESIAN_POINT('',(-10.6120641926843,7.78079481392381,0.144335899408667));
#986=CARTESIAN_POINT('',(16.6657501582437,-2.07482658084959,60.0000000000001));
#987=CARTESIAN_POINT('',(9.22617496545527,0.70737108904894,40.0481119664473));
#988=CARTESIAN_POINT('',(1.78828906951216,3.50192510377814,20.0962239327418));
#989=CARTESIAN_POINT('',(-5.64790753083874,6.30883546374517,0.144335899408282));
#990=CARTESIAN_POINT('',(18.3303458595287,-2.61178868670782,60.));
#991=CARTESIAN_POINT('',(11.4311699529176,-0.00329704195161967,40.0481119663991));
#992=CARTESIAN_POINT('',(4.53404303901555,2.61803342138667,20.0962239328612));
#993=CARTESIAN_POINT('',(-2.36103488224262,5.25220270331465,0.144335899409145));
#994=CARTESIAN_POINT('',(23.3005625617996,-4.29125331691533,60.));
#995=CARTESIAN_POINT('',(18.0150359153237,-2.22577543619722,40.0481119664634));
#996=CARTESIAN_POINT('',(12.7327328611687,-0.145668190182792,20.0962239329325));
#997=CARTESIAN_POINT('',(7.45365339934271,1.94906842116981,0.144335899409658));
#998=CARTESIAN_POINT('',(26.5849360876435,-5.49576222530392,60.));
#999=CARTESIAN_POINT('',(22.3657552796526,-3.81985865909828,40.0481119665729));
#1000=CARTESIAN_POINT('',(18.1506022539848,-2.12816403961549,20.0962239326929));
#1001=CARTESIAN_POINT('',(13.9394770061655,-0.420678365643272,0.144335899407927));
#1002=CARTESIAN_POINT('',(31.4808213918297,-7.38085128742527,60.));
#1003=CARTESIAN_POINT('',(28.8512650793905,-6.31466233263756,40.0481119663308));
#1004=CARTESIAN_POINT('',(26.2269986381145,-5.23088396628153,20.0962239328503));
#1005=CARTESIAN_POINT('',(23.6080220689943,-4.12951618866771,0.144335899409068));
#1006=CARTESIAN_POINT('',(33.1058108643564,-8.02748981486492,60.));
#1007=CARTESIAN_POINT('',(31.0043706332487,-7.16911642610262,40.0481119665034));
#1008=CARTESIAN_POINT('',(28.909130727922,-6.29123871711457,20.0962239329478));
#1009=CARTESIAN_POINT('',(26.8200911477129,-5.3938566877395,0.144335899409768));
#1010=CARTESIAN_POINT('',(35.5394699422028,-9.00581878028737,60.));
#1011=CARTESIAN_POINT('',(34.2275526812039,-8.46575697481699,40.0481119664917));
#1012=CARTESIAN_POINT('',(32.9218289287238,-7.90708739658271,20.0962239329557));
#1013=CARTESIAN_POINT('',(31.6222986845347,-7.32981004550372,0.144335899409825));
#1014=CARTESIAN_POINT('',(36.3516065728625,-9.3291713476179,60.));
#1015=CARTESIAN_POINT('',(35.3032841486105,-8.89416752949781,40.0481119664711));
#1016=CARTESIAN_POINT('',(34.2612727103164,-8.4407074195117,20.0962239329018));
#1017=CARTESIAN_POINT('',(33.225572255942,-7.96879101711985,0.144335899409437));
#1018=CARTESIAN_POINT('',(37.5526880517547,-9.85932791890654,60.));
#1019=CARTESIAN_POINT('',(36.8964836073788,-9.58997788711359,40.0481119664301));
#1020=CARTESIAN_POINT('',(36.2489863089934,-9.29600096950901,20.0962239330246));
#1021=CARTESIAN_POINT('',(35.6101961669161,-8.97739716886626,0.144335899410324));
#1022=CARTESIAN_POINT('',(37.9524211502315,-10.0376054242255,60.));
#1023=CARTESIAN_POINT('',(37.4262150892765,-9.8252240954455,40.0481119664596));
#1024=CARTESIAN_POINT('',(36.9090243093112,-9.58737084345809,20.0962239329167));
#1025=CARTESIAN_POINT('',(36.4008488089266,-9.32404566788561,0.144335899409544));
#1026=CARTESIAN_POINT('',(38.7669124216409,-10.3536346838644,60.));
#1027=CARTESIAN_POINT('',(38.502138755629,-10.2516101012988,40.0481119664747));
#1028=CARTESIAN_POINT('',(38.2436497551592,-10.1317344732596,20.0962239329311));
#1029=CARTESIAN_POINT('',(37.9914454174096,-9.99400779899316,0.144335899409648));
#1030=CARTESIAN_POINT('',(39.1844044656413,-10.4837570804431,60.));
#1031=CARTESIAN_POINT('',(39.0515737814789,-10.4338020419974,40.0481119664761));
#1032=CARTESIAN_POINT('',(38.9216211687483,-10.3755875742095,20.0962239329323));
#1033=CARTESIAN_POINT('',(38.7945466217507,-10.3091136755528,0.144335899409656));
#1034=CARTESIAN_POINT('',(39.6029588778518,-10.6115808492034,60.));
#1035=CARTESIAN_POINT('',(39.6029588791376,-10.6115808495479,40.0481119664699));
#1036=CARTESIAN_POINT('',(39.602958877377,-10.6115808490761,20.0962239329398));
#1037=CARTESIAN_POINT('',(39.6029588778484,-10.6115808492024,0.144335899409711));
#1038=CARTESIAN_POINT('',(-0.143375526969187,0.0384173566657802,59.7773500981125));
#1039=CARTESIAN_POINT('',(-0.0856300626542974,0.253896040484687,59.7773500981125));
#1040=CARTESIAN_POINT('',(0.196241888297224,0.625911925643825,59.7403228004551));
#1041=CARTESIAN_POINT('',(0.967016931858099,1.08593269705777,59.6684766473427));
#1042=CARTESIAN_POINT('',(2.07127359197227,1.27209950394567,59.6084184554445));
#1043=CARTESIAN_POINT('',(3.39786730212352,1.25739348792921,59.5711476787469));
#1044=CARTESIAN_POINT('',(5.13294524913285,1.04319818143952,59.5433526079807));
#1045=CARTESIAN_POINT('',(7.28578348927235,0.601237979041398,59.5257139876093));
#1046=CARTESIAN_POINT('',(9.83018069536798,-0.0829402489700746,59.5153325584244));
#1047=CARTESIAN_POINT('',(12.3568520862867,-0.817551492979421,59.5188122858269));
#1048=CARTESIAN_POINT('',(15.7408997747669,-1.75034840611518,59.5108746335608));
#1049=CARTESIAN_POINT('',(19.9081691774805,-3.11888262517877,59.506141728227));
#1050=CARTESIAN_POINT('',(24.8777663388698,-4.86579573399079,59.5028711883277));
#1051=CARTESIAN_POINT('',(28.9884882064793,-6.41092134561122,59.5015220629746));
#1052=CARTESIAN_POINT('',(32.25978500615,-7.68986390152969,59.5003854759074));
#1053=CARTESIAN_POINT('',(34.7054007395343,-8.6691419007778,59.5007335393926));
#1054=CARTESIAN_POINT('',(36.7416137137196,-9.48974291503223,59.498913021512));
#1055=CARTESIAN_POINT('',(38.3426099002699,-10.2172119554463,59.500281972375));
#1056=CARTESIAN_POINT('',(39.1818158255562,-10.4827297280253,59.5002264775983));
#1057=CARTESIAN_POINT('',(39.6029588778834,-10.6115808492118,59.4999999999947));
#1058=CARTESIAN_POINT('',(39.6029588778402,-10.6115808492002,0.500000000001103));
#1059=CARTESIAN_POINT('',(38.3179097991675,-10.1313164771899,0.500706151794611));
#1060=CARTESIAN_POINT('',(35.7944743675013,-9.05443507843035,0.501003283004341));
#1061=CARTESIAN_POINT('',(31.9980452835853,-7.47066967408062,0.501243402839332));
#1062=CARTESIAN_POINT('',(28.1785157637121,-5.94383270396161,0.501358837406967));
#1063=CARTESIAN_POINT('',(23.0801408182224,-3.9227648164977,0.501864438560802));
#1064=CARTESIAN_POINT('',(16.6786177986282,-1.46720711263253,0.502665163537695));
#1065=CARTESIAN_POINT('',(11.5317308960044,0.427527056386179,0.50384549348784));
#1066=CARTESIAN_POINT('',(8.94983716302353,1.35219203774418,0.504602586961188));
#1067=CARTESIAN_POINT('',(8.94983716302354,1.35219203774418,0.504602586961194));
#1068=CARTESIAN_POINT('',(8.94983716302354,1.35219203774417,0.504602586961194));
#1069=CARTESIAN_POINT('',(8.96697257247718,1.32485135429727,2.67310234802556));
#1070=CARTESIAN_POINT('',(8.98476482864417,1.2964808353939,4.84158394895778));
#1071=CARTESIAN_POINT('',(9.00338783986332,1.26679161280313,7.01004049673474));
#1072=CARTESIAN_POINT('',(9.00338783986332,1.26679161280313,7.01004049673474));
#1073=CARTESIAN_POINT('',(9.00338783986333,1.26679161280313,7.01004049673474));
#1074=CARTESIAN_POINT('',(8.14871933412741,1.56140064026864,7.75325074362267));
#1075=CARTESIAN_POINT('',(7.2636739926043,1.86213630643866,8.51954696166863));
#1076=CARTESIAN_POINT('',(6.18728881847282,2.22859057863707,8.84350292780382));
#1077=CARTESIAN_POINT('',(6.18728881847279,2.22859057863708,8.84350292780382));
#1078=CARTESIAN_POINT('',(6.18728881847279,2.22859057863708,8.84350292780382));
#1079=CARTESIAN_POINT('',(5.84232548900233,2.3460330043359,8.94732536178521));
#1080=CARTESIAN_POINT('',(5.48963243916205,2.46635978318662,8.98688488788069));
#1081=CARTESIAN_POINT('',(5.13209118597891,2.5883232943518,8.98657113198173));
#1082=CARTESIAN_POINT('',(5.13209118597891,2.5883232943518,8.98657113198173));
#1083=CARTESIAN_POINT('',(5.13209118597891,2.5883232943518,8.98657113198173));
#1084=CARTESIAN_POINT('',(2.56306363257897,3.46466306746404,8.98431671365902));
#1085=CARTESIAN_POINT('',(-0.0150415851993533,4.31472844572545,8.98120683869326));
#1086=CARTESIAN_POINT('',(-2.60683134684794,5.12113129724368,8.97679773333366));
#1087=CARTESIAN_POINT('',(-2.60683134684794,5.12113129724368,8.97679773333366));
#1088=CARTESIAN_POINT('',(-2.60683134684794,5.12113129724368,8.97679773333366));
#1089=CARTESIAN_POINT('',(-2.95979011156854,5.23094998645635,8.97619728633589));
#1090=CARTESIAN_POINT('',(-3.30810641999468,5.33934570093977,8.9374985666413));
#1091=CARTESIAN_POINT('',(-3.648721079542,5.44627826814756,8.83769422297901));
#1092=CARTESIAN_POINT('',(-3.64872107954199,5.44627826814756,8.83769422297902));
#1093=CARTESIAN_POINT('',(-3.64872107954198,5.44627826814755,8.83769422297899));
#1094=CARTESIAN_POINT('',(-4.72835397525111,5.78521822256306,8.5213483184948));
#1095=CARTESIAN_POINT('',(-5.62011359926757,6.07335726531399,7.77009931323262));
#1096=CARTESIAN_POINT('',(-6.47115904771161,6.34622978356245,7.02978537363142));
#1097=CARTESIAN_POINT('',(-6.47115904771208,6.34622978356259,7.02978537363141));
#1098=CARTESIAN_POINT('',(-6.47115904771206,6.34622978356258,7.02978537363141));
#1099=CARTESIAN_POINT('',(-6.46660799964759,6.35150447733481,6.81691683279588));
#1100=CARTESIAN_POINT('',(-6.46234971465447,6.35673098517207,6.60403930878464));
#1101=CARTESIAN_POINT('',(-6.45838996225812,6.36190290151144,6.39115647878341));
#1102=CARTESIAN_POINT('',(-6.45838996225812,6.36190290151144,6.39115647878341));
#1103=CARTESIAN_POINT('',(-6.45838996225812,6.36190290151144,6.39115647878341));
#1104=CARTESIAN_POINT('',(-6.40206220477039,6.4036084821017,4.43165896385566));
#1105=CARTESIAN_POINT('',(-6.34949116826488,6.44123261963946,2.47196892454141));
#1106=CARTESIAN_POINT('',(-6.29984208515006,6.47577471329997,0.512151558312284));
#1107=CARTESIAN_POINT('',(-6.29984208515006,6.47577471329997,0.512151558312284));
#1108=CARTESIAN_POINT('',(-6.29984208515007,6.47577471329997,0.512151558312292));
#1109=CARTESIAN_POINT('',(-7.63066405038778,6.88632667216627,0.513246374187999));
#1110=CARTESIAN_POINT('',(-10.2988258222749,7.68384041472707,0.519021735040469));
#1111=CARTESIAN_POINT('',(-14.3287970925543,8.77908782110437,0.515805061307582));
#1112=CARTESIAN_POINT('',(-18.3379875864986,9.9513143694323,0.517435768163089));
#1113=CARTESIAN_POINT('',(-22.369642113552,11.0360922280945,0.523228467803699));
#1114=CARTESIAN_POINT('',(-26.4515547404362,11.9605277911337,0.540342306343998));
#1115=CARTESIAN_POINT('',(-29.8802743061093,12.5017449081967,0.55724016737835));
#1116=CARTESIAN_POINT('',(-32.6569885038514,12.6364127357587,0.596116250537554));
#1117=CARTESIAN_POINT('',(-34.7650096491902,12.4925137619976,0.63231123067897));
#1118=CARTESIAN_POINT('',(-36.4786709834119,12.0008203047995,0.696023395694863));
#1119=CARTESIAN_POINT('',(-37.6277575705348,11.1649460194659,0.749845630402508));
#1120=CARTESIAN_POINT('',(-38.0463829087897,10.554791726684,0.777352553318857));
#1121=CARTESIAN_POINT('',(-38.1364580276549,10.2186331306935,0.777350098117931));
#1122=CARTESIAN_POINT('',(-38.6370330515627,10.3527618041008,0.));
#1123=CARTESIAN_POINT('',(6.26847042006048,3.11549010475512,0.));
#1124=CARTESIAN_POINT('',(6.78501487504306,2.07618536366076,0.));
#1125=CARTESIAN_POINT('',(7.68862637683426,1.27280267053947,0.));
#1126=CARTESIAN_POINT('',(8.7812610297987,0.881489474016056,0.));
#1127=CARTESIAN_POINT('',(6.26847042006047,3.11549010475511,0.));
#1128=CARTESIAN_POINT('',(8.7812610297987,0.881489474016054,0.));
#1129=CARTESIAN_POINT('',(8.7812610297987,0.881489474016054,0.));
#1130=CARTESIAN_POINT('',(13.3151376616109,-0.742260745349319,0.));
#1131=CARTESIAN_POINT('',(20.0790166924777,-3.27306710736054,1.020135680475E-15));
#1132=CARTESIAN_POINT('',(29.0310589296662,-6.8187460119378,7.08181146300759E-15));
#1133=CARTESIAN_POINT('',(33.4974191031736,-8.61648098087114,0.));
#1134=CARTESIAN_POINT('',(35.7099878169212,-9.56846239727038,0.));
#1135=CARTESIAN_POINT('',(35.7099878169212,-9.56846239727038,0.));
#1136=CARTESIAN_POINT('',(35.7099878169212,-9.56846239727038,0.));
#1137=CARTESIAN_POINT('',(33.3178563949966,-9.28661813093524,0.));
#1138=CARTESIAN_POINT('',(28.5510075378223,-8.61032219654371,5.70684598062825E-15));
#1139=CARTESIAN_POINT('',(19.0254720923785,-7.204949082968,-7.71754819141955E-15));
#1140=CARTESIAN_POINT('',(11.9023778425169,-6.01475216909904,0.));
#1141=CARTESIAN_POINT('',(7.16405039206012,-5.15402279256495,0.));
#1142=CARTESIAN_POINT('',(7.16405039206012,-5.15402279256495,0.));
#1143=CARTESIAN_POINT('',(7.16405039206012,-5.15402279256495,0.));
#1144=CARTESIAN_POINT('',(6.02214609015891,-4.94659293717531,0.));
#1145=CARTESIAN_POINT('',(4.83790140903702,-5.19053747263644,0.));
#1146=CARTESIAN_POINT('',(3.87090957426675,-5.83232878598688,0.));
#1147=CARTESIAN_POINT('',(3.87090957426673,-5.8323287859868,0.));
#1148=CARTESIAN_POINT('',(6.69544152338925E-15,-1.82209936626003E-15,0.));
#1149=CARTESIAN_POINT('',(-5.83203480583432,-3.87135247988809,0.));
#1150=CARTESIAN_POINT('',(-5.83203480583432,-3.87135247988809,0.));
#1151=CARTESIAN_POINT('',(-6.46999557740928,-2.91029056576096,0.));
#1152=CARTESIAN_POINT('',(-7.45787395295932,-2.22756770230766,0.));
#1153=CARTESIAN_POINT('',(-8.5825083158371,-1.97093862281687,0.));
#1154=CARTESIAN_POINT('',(-8.5825083158371,-1.97093862281687,0.));
#1155=CARTESIAN_POINT('',(-8.5825083158371,-1.97093862281687,0.));
#1156=CARTESIAN_POINT('',(-9.91244209632215,-1.66746249481017,0.));
#1157=CARTESIAN_POINT('',(-12.5669826943664,-1.03901146823669,8.65918258080098E-15));
#1158=CARTESIAN_POINT('',(-16.5229961000366,0.00769636896896483,-4.28628689315131E-15));
#1159=CARTESIAN_POINT('',(-20.4986088429409,0.975493906328519,3.28179456387382E-15));
#1160=CARTESIAN_POINT('',(-24.4528832914716,2.02659617139657,9.16928190025564E-16));
#1161=CARTESIAN_POINT('',(-27.7165877177781,3.01481747981006,7.37199133151691E-15));
#1162=CARTESIAN_POINT('',(-30.2819987724421,3.94507717776676,-7.59827830331384E-15));
#1163=CARTESIAN_POINT('',(-32.1762933884892,4.71790339078567,1.50543058276027E-14));
#1164=CARTESIAN_POINT('',(-34.0153046278637,5.61852698992868,-1.35876667976187E-14));
#1165=CARTESIAN_POINT('',(-35.7406194557048,6.71126864165205,2.36838500790807E-14));
#1166=CARTESIAN_POINT('',(-37.0230445058387,7.87516329856239,-7.99388355063559E-14));
#1167=CARTESIAN_POINT('',(-37.6846399046442,9.07273680588022,9.0488731973639E-15));
#1168=CARTESIAN_POINT('',(-37.8244248754462,9.77575897225111,0.));
#1169=CARTESIAN_POINT('',(-37.7346085936221,10.1109578993655,0.));
#1170=CARTESIAN_POINT('',(-37.7346085936221,10.1109578993655,0.));
#1171=CARTESIAN_POINT('',(-37.7346085936221,10.1109578993655,0.));
#1172=CARTESIAN_POINT('',(-37.6434072105575,10.4513260946833,0.));
#1173=CARTESIAN_POINT('',(-37.1668905786709,10.9899786440148,1.15366126760071E-14));
#1174=CARTESIAN_POINT('',(-35.9784756962676,11.7011232344947,-5.24788929521048E-14));
#1175=CARTESIAN_POINT('',(-34.2764933349078,12.0618154601848,1.54594547193117E-15));
#1176=CARTESIAN_POINT('',(-32.2163990501746,12.1412125325767,-5.34996638597769E-15));
#1177=CARTESIAN_POINT('',(-30.1865315136582,11.9975812256084,-2.26380424672468E-15));
#1178=CARTESIAN_POINT('',(-28.1708087322428,11.720182410909,-3.80941312488004E-15));
#1179=CARTESIAN_POINT('',(-25.4953206283032,11.2439292161152,8.99256875282855E-15));
#1180=CARTESIAN_POINT('',(-22.1748832665805,10.4674728598264,1.53977393934533E-15));
#1181=CARTESIAN_POINT('',(-18.2292326012995,9.40138373117732,4.17445823881518E-15));
#1182=CARTESIAN_POINT('',(-14.3057609392749,8.25273126634137,-9.13030864572781E-15));
#1183=CARTESIAN_POINT('',(-10.3601612643434,7.18227663572118,-1.79288830469064E-16));
#1184=CARTESIAN_POINT('',(-7.74948112910641,6.39991129992872,0.));
#1185=CARTESIAN_POINT('',(-6.44720091829763,5.99813707457792,0.));
#1186=CARTESIAN_POINT('',(-6.44720091829762,5.99813707457792,0.));
#1187=CARTESIAN_POINT('',(-6.44720091829762,5.99813707457792,0.));
#1188=CARTESIAN_POINT('',(-5.34492663727915,5.6580678700361,0.));
#1189=CARTESIAN_POINT('',(-4.14803499224159,5.75538347889717,0.));
#1190=CARTESIAN_POINT('',(-3.11501405766355,6.26870699750422,0.));
#1191=CARTESIAN_POINT('',(-3.11501405766355,6.26870699750423,0.));
#1192=CARTESIAN_POINT('',(6.69544152338925E-15,-1.82209936626003E-15,0.));
#1193=CARTESIAN_POINT('',(6.69544152338925E-15,-1.82209936626003E-15,60.));
#1194=CARTESIAN_POINT('',(0.258473907067091,-0.0692578746631037,60.));
#1195=CARTESIAN_POINT('',(0.232437357407002,-0.166427600848347,60.));
#1196=CARTESIAN_POINT('',(0.264210417620257,-0.365898177736129,59.9999999999999));
#1197=CARTESIAN_POINT('',(0.40926538462842,-0.732940589671658,60.));
#1198=CARTESIAN_POINT('',(0.718086087735551,-1.12209730496324,59.9999999999998));
#1199=CARTESIAN_POINT('',(1.15649980864177,-1.50224095679698,59.9999999999998));
#1200=CARTESIAN_POINT('',(1.80044874432621,-1.94210533208938,59.9999999999997));
#1201=CARTESIAN_POINT('',(2.65651040801386,-2.3960896227126,59.9999999999997));
#1202=CARTESIAN_POINT('',(3.72034928562039,-2.84006384145684,59.9999999999994));
#1203=CARTESIAN_POINT('',(4.8048812543128,-3.23635414023371,59.9999999999993));
#1204=CARTESIAN_POINT('',(6.27544058243272,-3.7072982141914,59.999999999999));
#1205=CARTESIAN_POINT('',(8.13579846543189,-4.21971713598089,59.9999999999987));
#1206=CARTESIAN_POINT('',(10.3807821270816,-4.77095904848364,59.9999999999983));
#1207=CARTESIAN_POINT('',(12.61829986984,-5.35718202350578,59.999999999998));
#1208=CARTESIAN_POINT('',(14.8668999969208,-5.89434793472772,59.9999999999976));
#1209=CARTESIAN_POINT('',(17.8790314489945,-6.54966306770204,59.9999999999971));
#1210=CARTESIAN_POINT('',(21.6613894190479,-7.29339525781652,59.9999999999965));
#1211=CARTESIAN_POINT('',(26.2208389449674,-8.09680875944124,59.9999999999958));
#1212=CARTESIAN_POINT('',(30.7920978713847,-8.82433220953107,59.9999999999949));
#1213=CARTESIAN_POINT('',(33.8462401229973,-9.26528282197922,59.9999999999945));
#1214=CARTESIAN_POINT('',(35.3744120092287,-9.47854513059862,59.9999999999942));
#1215=CARTESIAN_POINT('',(0.258473907067091,-0.0692578746631037,60.));
#1216=CARTESIAN_POINT('',(35.3744120092287,-9.47854513059862,59.9999999999942));
#1217=CARTESIAN_POINT('',(35.3744120092287,-9.47854513059863,59.9999999999942));
#1218=CARTESIAN_POINT('',(33.9443544406192,-8.8991535163436,59.9999999999944));
#1219=CARTESIAN_POINT('',(31.0789513459696,-7.75397415860656,59.9999999999949));
#1220=CARTESIAN_POINT('',(26.7570415536533,-6.0986508612625,59.9999999999956));
#1221=CARTESIAN_POINT('',(22.4067028393613,-4.51467253303056,59.9999999999963));
#1222=CARTESIAN_POINT('',(18.7590869797753,-3.26752588944705,59.9999999999969));
#1223=CARTESIAN_POINT('',(15.8227623566468,-2.32894374987186,59.9999999999974));
#1224=CARTESIAN_POINT('',(13.6067710232845,-1.66980557332888,59.9999999999977));
#1225=CARTESIAN_POINT('',(11.3758416190029,-1.05871964715287,59.9999999999981));
#1226=CARTESIAN_POINT('',(9.15594084130418,-0.413592090924741,59.9999999999984));
#1227=CARTESIAN_POINT('',(7.28855985086163,0.072840906048891,59.9999999999987));
#1228=CARTESIAN_POINT('',(5.77950062080798,0.400290335163645,59.999999999999));
#1229=CARTESIAN_POINT('',(4.64208933812509,0.599371775405714,59.9999999999991));
#1230=CARTESIAN_POINT('',(3.49875616662339,0.746810286319492,59.9999999999994));
#1231=CARTESIAN_POINT('',(2.53036568926866,0.781690120919696,59.9999999999995));
#1232=CARTESIAN_POINT('',(1.75273162966804,0.722735930197849,59.9999999999997));
#1233=CARTESIAN_POINT('',(1.1829643139971,0.612732554502618,59.9999999999997));
#1234=CARTESIAN_POINT('',(0.720922582796748,0.430123635367505,59.9999999999999));
#1235=CARTESIAN_POINT('',(0.411768270119431,0.184778805662777,59.9999999999999));
#1236=CARTESIAN_POINT('',(0.28451125723424,0.0279148390551014,59.9999999999999));
#1237=CARTESIAN_POINT('',(0.258473907067108,-0.0692578746631199,60.));
#1238=CARTESIAN_POINT('',(6.69544152338925E-15,-1.82209936626003E-15,8.));
#1239=CARTESIAN_POINT('',(-2.30985783278194,6.07573508246813,8.00000000000001));
#1240=CARTESIAN_POINT('',(0.290595124138195,5.26674431086958,8.00000000000001));
#1241=CARTESIAN_POINT('',(2.87731006232016,4.41392066963343,8.));
#1242=CARTESIAN_POINT('',(5.45490199228046,3.53469153602027,8.));
#1243=CARTESIAN_POINT('',(-2.30985783278193,6.07573508246813,8.));
#1244=CARTESIAN_POINT('',(5.45490199228047,3.53469153602027,8.));
#1245=CARTESIAN_POINT('',(6.69544152338925E-15,-1.82209936626003E-15,8.));
#1246=CARTESIAN_POINT('',(6.69544152338925E-15,-1.82209936626003E-15,8.));
#1247=CARTESIAN_POINT('',(6.7419970161947,3.28564700380637,7.));
#1248=CARTESIAN_POINT('',(6.7331391674727,3.30382290328203,4.83334025507098));
#1249=CARTESIAN_POINT('',(6.7245684428914,3.32122435961856,2.6666728787188));
#1250=CARTESIAN_POINT('',(6.71621830720764,3.33802511223762,0.500000000000003));
#1251=CARTESIAN_POINT('',(6.74199701619471,3.28564700380637,7.));
#1252=CARTESIAN_POINT('',(6.71621830720765,3.33802511223762,0.500000000000001));
#1253=CARTESIAN_POINT('',(6.69544152338925E-15,-1.82209936626003E-15,0.5));
#1254=CARTESIAN_POINT('',(-3.33751506178237,6.71647178304025,0.500000000000341));
#1255=CARTESIAN_POINT('',(-3.33751506178237,6.71647178304024,0.500000000000341));
#1256=CARTESIAN_POINT('',(-3.38201554594511,6.69435882835996,2.66677459696119));
#1257=CARTESIAN_POINT('',(-3.42891936938527,6.67054046518182,4.83348713510464));
#1258=CARTESIAN_POINT('',(-3.48204716505823,6.64269128744592,7.00000000000136));
#1259=CARTESIAN_POINT('',(-3.48204716505823,6.64269128744592,7.00000000000136));
#1260=CARTESIAN_POINT('',(6.69544152338925E-15,-1.82209936626003E-15,7.));
#1261=CARTESIAN_POINT('',(6.69544152338925E-15,-1.82209936626003E-15,8.));
#1262=CARTESIAN_POINT('',(-6.33688694583911,-4.01171582189638,7.));
#1263=CARTESIAN_POINT('',(-6.30480151400732,-4.0623978151265,4.83348713510361));
#1264=CARTESIAN_POINT('',(-6.2760907929625,-4.10647703443556,2.6667745969605));
#1265=CARTESIAN_POINT('',(-6.24860872053686,-4.147877657023,0.5));
#1266=CARTESIAN_POINT('',(-6.33688694583912,-4.01171582189638,7.));
#1267=CARTESIAN_POINT('',(-6.24860872053686,-4.147877657023,0.5));
#1268=CARTESIAN_POINT('',(6.69544152338925E-15,-1.82209936626003E-15,0.5));
#1269=CARTESIAN_POINT('',(4.14740311528578,-6.24892369927157,0.500000000000001));
#1270=CARTESIAN_POINT('',(4.14740311528578,-6.24892369927157,0.500000000000001));
#1271=CARTESIAN_POINT('',(4.1630349212254,-6.23854888854071,2.66667287871878));
#1272=CARTESIAN_POINT('',(4.17915811461093,-6.22776414758037,4.83334025507097));
#1273=CARTESIAN_POINT('',(4.19591718636494,-6.21645228125878,7.));
#1274=CARTESIAN_POINT('',(4.19591718636494,-6.21645228125878,7.));
#1275=CARTESIAN_POINT('',(6.69544152338925E-15,-1.82209936626003E-15,7.));
#1276=CARTESIAN_POINT('',(6.69544152338925E-15,-1.82209936626003E-15,8.));
#1277=CARTESIAN_POINT('',(2.95673793243259,-5.78858366087183,8.));
#1278=CARTESIAN_POINT('',(0.284863273698697,-5.26122246135197,8.));
#1279=CARTESIAN_POINT('',(-2.38170939572437,-4.70643193051724,8.));
#1280=CARTESIAN_POINT('',(-5.03826310355425,-4.10681201168989,8.));
#1281=CARTESIAN_POINT('',(2.9567379324326,-5.78858366087183,8.));
#1282=CARTESIAN_POINT('',(-5.03826310355425,-4.10681201168989,8.));
#1283=CARTESIAN_POINT('',(6.69544152338925E-15,-1.82209936626003E-15,8.));
#1284=CARTESIAN_POINT('',(-3.33669602683564,6.71687871146258,0.460102062993095));
#1285=CARTESIAN_POINT('',(-4.76842643755999,6.00564818636599,0.403940608917739));
#1286=CARTESIAN_POINT('',(-6.29607592958502,6.47839287758975,0.3632659954426));
#1287=CARTESIAN_POINT('',(-3.38272292108447,6.69401425882544,2.70325388488613));
#1288=CARTESIAN_POINT('',(-4.81619326472276,5.96967965412538,2.64519220076272));
#1289=CARTESIAN_POINT('',(-6.3525906939071,6.43913549140826,2.60078004095777));
#1290=CARTESIAN_POINT('',(-3.43108176111825,6.66945461041229,4.94635420049442));
#1291=CARTESIAN_POINT('',(-4.8726855595998,5.92779960936325,4.88574516336409));
#1292=CARTESIAN_POINT('',(-6.42403422487954,6.4004736434369,4.84318724914933));
#1293=CARTESIAN_POINT('',(-3.4867039987385,6.64024812979009,7.18881259011852));
#1294=CARTESIAN_POINT('',(-4.91921099801652,5.88805818372531,7.11930834964299));
#1295=CARTESIAN_POINT('',(-6.47200896633321,6.34524807938209,7.06938113976256));
#1296=CARTESIAN_POINT('',(-3.33751506178236,6.71647178304024,0.500000000000012));
#1297=CARTESIAN_POINT('',(-4.25586920180116,6.26012790587144,0.504503540552148));
#1298=CARTESIAN_POINT('',(-5.31989170296902,6.17352781335461,0.50887220444572));
#1299=CARTESIAN_POINT('',(-6.29984208515006,6.47577471329997,0.512151558312288));
#1300=CARTESIAN_POINT('',(-6.47115904771206,6.34622978356259,7.02978537363142));
#1301=CARTESIAN_POINT('',(-5.47910858796442,6.055196562733,7.02176410743954));
#1302=CARTESIAN_POINT('',(-4.39769284360745,6.1627169365054,7.01095623452529));
#1303=CARTESIAN_POINT('',(-3.48204716505819,6.64269128744594,7.));
#1304=CARTESIAN_POINT('',(4.14711962271041,-6.24911184368869,0.460698527523915));
#1305=CARTESIAN_POINT('',(5.48901002404728,-5.35858849347354,0.439324345194427));
#1306=CARTESIAN_POINT('',(7.07362998707936,-5.64651320928448,0.42391418834593));
#1307=CARTESIAN_POINT('',(4.16305516323426,-6.2385364860286,2.67031471980609));
#1308=CARTESIAN_POINT('',(5.50987904407411,-5.33980650772978,2.64998473462524));
#1309=CARTESIAN_POINT('',(7.10264005572,-5.63113791154743,2.63253678686579));
#1310=CARTESIAN_POINT('',(4.17950080715384,-6.22753555952043,4.87992023752314));
#1311=CARTESIAN_POINT('',(5.53147115858928,-5.32021160287117,4.85910606704514));
#1312=CARTESIAN_POINT('',(7.13276924296979,-5.61518091668011,4.84102126020174));
#1313=CARTESIAN_POINT('',(4.1966098569077,-6.21598469342591,7.08950337173936));
#1314=CARTESIAN_POINT('',(5.55398516186299,-5.29957725916646,7.06604192884767));
#1315=CARTESIAN_POINT('',(7.16432795264828,-5.59847049680781,7.0493185311927));
#1316=CARTESIAN_POINT('',(4.14740311528579,-6.24892369927158,0.5));
#1317=CARTESIAN_POINT('',(5.00696644549226,-5.67843255470866,0.501711970168008));
#1318=CARTESIAN_POINT('',(6.05964349571287,-5.46157692531471,0.503367349824591));
#1319=CARTESIAN_POINT('',(7.07469032404064,-5.6459512369924,0.50460258696204));
#1320=CARTESIAN_POINT('',(7.16376678304252,-5.59876763791386,7.01004049673474));
#1321=CARTESIAN_POINT('',(6.13526047742461,-5.4080302048561,7.00736993473724));
#1322=CARTESIAN_POINT('',(5.06293631009029,-5.63124060785562,7.00374135864224));
#1323=CARTESIAN_POINT('',(4.19591718636493,-6.21645228125877,7.));
#1324=CARTESIAN_POINT('',(-8.69175813797124,-2.46241484289635,0.363265995442006));
#1325=CARTESIAN_POINT('',(-7.13240252418728,-2.81683067680485,0.403940608917355));
#1326=CARTESIAN_POINT('',(-6.24810287967758,-4.14863958484763,0.460102062993003));
#1327=CARTESIAN_POINT('',(-8.72107266646024,-2.40015956701891,2.60078004093782));
#1328=CARTESIAN_POINT('',(-7.15578554382591,-2.76179760056294,2.6451922007438));
#1329=CARTESIAN_POINT('',(-6.27653111302873,-4.10582494090647,2.70325388486575));
#1330=CARTESIAN_POINT('',(-8.76361365523169,-2.33095565903333,4.84318724910704));
#1331=CARTESIAN_POINT('',(-7.18376928396853,-2.69728227047965,4.88574516333128));
#1332=CARTESIAN_POINT('',(-6.30613127279713,-4.06037624144338,4.94635420046203));
#1333=CARTESIAN_POINT('',(-8.77754821805743,-2.25914154689211,7.06938113976247));
#1334=CARTESIAN_POINT('',(-7.20419078272121,-2.63960246705791,7.11930834964278));
#1335=CARTESIAN_POINT('',(-6.33969830327953,-4.00727156846084,7.18881259011815));
#1336=CARTESIAN_POINT('',(-8.69371064222031,-2.45826436832755,0.5121515583124));
#1337=CARTESIAN_POINT('',(-7.69392251026604,-2.6864866950933,0.508872195404124));
#1338=CARTESIAN_POINT('',(-6.81575511351459,-3.29349471952675,0.504503543066467));
#1339=CARTESIAN_POINT('',(-6.24860872053678,-4.14787765702294,0.5));
#1340=CARTESIAN_POINT('',(-6.33688694583887,-4.01171582189716,7.00000000000015));
#1341=CARTESIAN_POINT('',(-6.88961200995865,-3.13863397887551,7.01095107963009));
#1342=CARTESIAN_POINT('',(-7.77311605284116,-2.50428548166053,7.02176786430641));
#1343=CARTESIAN_POINT('',(-8.77730301903054,-2.26041668696187,7.02978537363561));
#1344=CARTESIAN_POINT('',(8.94919987042454,1.35320888850576,0.423914188352854));
#1345=CARTESIAN_POINT('',(7.43291636918907,1.89616875175194,0.439324345198454));
#1346=CARTESIAN_POINT('',(6.71606686764419,3.33832979637006,0.460698527523927));
#1347=CARTESIAN_POINT('',(8.96663567793324,1.32538845576998,2.63253678683343));
#1348=CARTESIAN_POINT('',(7.44159847776532,1.86946856493283,2.64998473459156));
#1349=CARTESIAN_POINT('',(6.72457977172275,3.32120349773665,2.67031471976881));
#1350=CARTESIAN_POINT('',(8.98474982206215,1.29650469922042,4.84102126013984));
#1351=CARTESIAN_POINT('',(7.45050034506192,1.84170282229982,4.85910606698356));
#1352=CARTESIAN_POINT('',(6.73332165388639,3.30345359395228,4.87992023745934));
#1353=CARTESIAN_POINT('',(9.00372525644475,1.2662536962539,7.04931853119181));
#1354=CARTESIAN_POINT('',(7.45968087199853,1.81257595482751,7.06604192884676));
#1355=CARTESIAN_POINT('',(6.74236309256476,3.28489572559323,7.08950337173847));
#1356=CARTESIAN_POINT('',(8.94983716302354,1.35219203774417,0.504602586961191));
#1357=CARTESIAN_POINT('',(7.97859213927009,1.7000431616401,0.503367347879941));
#1358=CARTESIAN_POINT('',(7.17537698608102,2.41418247436865,0.50171197229679));
#1359=CARTESIAN_POINT('',(6.71621830720766,3.33802511223763,0.5));
#1360=CARTESIAN_POINT('',(6.74199701619472,3.28564700380637,7.));
#1361=CARTESIAN_POINT('',(7.20109097064247,2.34360725715859,7.00374821021281));
#1362=CARTESIAN_POINT('',(8.01549990599581,1.61650084403187,7.00736504192193));
#1363=CARTESIAN_POINT('',(9.00338783986334,1.26679161280312,7.01004049673504));
#1364=CARTESIAN_POINT('',(9.00338783986333,1.26679161280313,7.01004049673473));
#1365=CARTESIAN_POINT('',(9.00338783986333,1.26679161280313,7.01004049673473));
#1366=CARTESIAN_POINT('',(9.00338783986332,1.26679161280313,7.01004049673474));
#1367=CARTESIAN_POINT('',(8.57556508362977,1.41426451708263,7.38207035186702));
#1368=CARTESIAN_POINT('',(8.50398570150216,1.44059107122946,7.28914980230715));
#1369=CARTESIAN_POINT('',(8.43240636082128,1.46691760947163,7.19622922931056));
#1370=CARTESIAN_POINT('',(7.71688047054409,1.70811779753562,8.12602636598816));
#1371=CARTESIAN_POINT('',(7.43410838617373,1.81001064158308,7.87761886681038));
#1372=CARTESIAN_POINT('',(7.36185413476243,2.04065704067247,7.56857492202349));
#1373=CARTESIAN_POINT('',(6.72263629512926,2.04633205782534,8.68238120887587));
#1374=CARTESIAN_POINT('',(6.43913052337387,2.15143216644971,8.11661520116247));
#1375=CARTESIAN_POINT('',(6.54922099842016,2.7084213149368,7.84719938065655));
#1376=CARTESIAN_POINT('',(6.18728881847288,2.22859057863705,8.84350292780408));
#1377=CARTESIAN_POINT('',(5.99482321299235,2.30446581004469,8.1183383842653));
#1378=CARTESIAN_POINT('',(6.17798983622294,3.01078356252213,7.92799948674437));
#1379=CARTESIAN_POINT('',(6.51291559174313,3.1740063884117,8.85599897348847));
#1380=CARTESIAN_POINT('',(6.17798983622261,3.01078356252194,7.92799948674424));
#1381=CARTESIAN_POINT('',(6.17798983622261,3.01078356252194,7.92799948674424));
#1382=CARTESIAN_POINT('',(6.62155712076839,2.64950462788014,7.83145510225505));
#1383=CARTESIAN_POINT('',(7.49707284378143,1.95057808343659,7.51653431025489));
#1384=CARTESIAN_POINT('',(8.48080040356431,1.44995578019706,7.18044606120495));
#1385=CARTESIAN_POINT('',(9.00338783986332,1.26679161280313,7.01004049673473));
#1386=CARTESIAN_POINT('',(5.13209118597891,2.58832329435179,8.98657113198173));
#1387=CARTESIAN_POINT('',(5.13636872715558,2.60086354716592,8.));
#1388=CARTESIAN_POINT('',(5.45490199227152,3.53469153602332,8.));
#1389=CARTESIAN_POINT('',(2.56168376068368,3.46513376565553,8.98431550277972));
#1390=CARTESIAN_POINT('',(2.5694384435416,3.47880520228074,8.00000000000742));
#1391=CARTESIAN_POINT('',(2.87781651240596,4.41374791710275,8.));
#1392=CARTESIAN_POINT('',(-0.0174358309352973,4.31547338523311,8.98120276564153));
#1393=CARTESIAN_POINT('',(-0.00612417559154236,4.33128354216036,7.99999999997587));
#1394=CARTESIAN_POINT('',(0.290265042484347,5.26684699781258,8.));
#1395=CARTESIAN_POINT('',(-2.60683134684793,5.12113129724368,8.97679773333366));
#1396=CARTESIAN_POINT('',(-2.60009713711182,5.14277801589066,8.));
#1397=CARTESIAN_POINT('',(-2.30985783278203,6.07573508246815,8.));
#1398=CARTESIAN_POINT('',(5.45490199227152,3.53469153602333,9.));
#1399=CARTESIAN_POINT('',(-2.30985783278203,6.07573508246816,9.));
#1400=CARTESIAN_POINT('',(-6.47115904771287,6.34622978356282,7.02978537363142));
#1401=CARTESIAN_POINT('',(-6.47115904771276,6.34622978356279,7.02978537363142));
#1402=CARTESIAN_POINT('',(-6.47115904771266,6.34622978356276,7.02978537363142));
#1403=CARTESIAN_POINT('',(-5.89852801298878,6.17237518127613,7.21398859193722));
#1404=CARTESIAN_POINT('',(-5.97237853185219,6.19117943230879,7.30670587819923));
#1405=CARTESIAN_POINT('',(-6.04622909348936,6.20998369608892,7.39942314078034));
#1406=CARTESIAN_POINT('',(-4.6953444556536,6.001113992346,7.58463975345981));
#1407=CARTESIAN_POINT('',(-4.88904483939761,5.85047713288335,7.88979717153177));
#1408=CARTESIAN_POINT('',(-5.17490309176152,5.92859619713234,8.14196756680076));
#1409=CARTESIAN_POINT('',(-3.66368760718205,6.05578147692186,7.85298859127406));
#1410=CARTESIAN_POINT('',(-3.90008111329572,5.54312583421358,8.11687692482629));
#1411=CARTESIAN_POINT('',(-4.18637277862201,5.61506864465279,8.68015554866695));
#1412=CARTESIAN_POINT('',(-3.18686186030363,6.07956713687395,7.93132123254589));
#1413=CARTESIAN_POINT('',(-3.45242233833512,5.40497022528462,8.11675713527088));
#1414=CARTESIAN_POINT('',(-3.64872107954195,5.44627826814754,8.83769422297899));
#1415=CARTESIAN_POINT('',(-3.18686186030365,6.07956713687395,7.93132123254581));
#1416=CARTESIAN_POINT('',(-3.75344286077499,6.05130418968171,7.83824365172676));
#1417=CARTESIAN_POINT('',(-4.864492191724,6.00911025992847,7.53136247758812));
#1418=CARTESIAN_POINT('',(-5.94684440162981,6.18704461320458,7.19843805897933));
#1419=CARTESIAN_POINT('',(-6.47115904771302,6.34622978356287,7.02978537363142));
#1420=CARTESIAN_POINT('',(-3.18686186030367,6.07956713687396,7.9313212325459));
#1421=CARTESIAN_POINT('',(-3.35594951089023,6.40213515796144,8.86264246509182));
#1422=CARTESIAN_POINT('',(9.02110409583732,1.26056686685599,7.01008832653437));
#1423=CARTESIAN_POINT('',(9.01885994619582,1.25413100432999,7.68567670608343));
#1424=CARTESIAN_POINT('',(8.81165345760149,0.659895909474719,7.93147385464815));
#1425=CARTESIAN_POINT('',(8.03048499575485,1.60601874978738,7.00742227891076));
#1426=CARTESIAN_POINT('',(8.02624697619358,1.60217125021154,7.68454604603757));
#1427=CARTESIAN_POINT('',(7.66322035857473,1.06092179234171,7.93126230471318));
#1428=CARTESIAN_POINT('',(7.20115064733368,2.34348480333888,7.00374869740896));
#1429=CARTESIAN_POINT('',(7.19827175423449,2.343568969286,7.68298405837883));
#1430=CARTESIAN_POINT('',(6.70289246603427,1.91661926662313,7.93097046916762));
#1431=CARTESIAN_POINT('',(6.74199701620063,3.2856470038085,7.));
#1432=CARTESIAN_POINT('',(6.74199701620063,3.2856470038085,7.68138478859682));
#1433=CARTESIAN_POINT('',(6.17194238990322,3.00783639807821,7.93067221409561));
#1434=CARTESIAN_POINT('',(5.84306408070208,2.84756073663218,7.));
#1435=CARTESIAN_POINT('',(5.45490199227157,3.53469153601789,8.));
#1436=CARTESIAN_POINT('',(5.1363687271573,2.60086354716527,8.00000000000506));
#1437=CARTESIAN_POINT('',(5.13209118598442,2.58832329434992,8.98657113198174));
#1438=CARTESIAN_POINT('',(5.71506459609568,3.34868186113423,7.99999999999924));
#1439=CARTESIAN_POINT('',(5.41322121222557,2.50488174509443,8.08689758255164));
#1440=CARTESIAN_POINT('',(5.4896647012767,2.4663487778883,8.98688492552867));
#1441=CARTESIAN_POINT('',(5.95447323218619,3.17344421348056,7.98005936076123));
#1442=CARTESIAN_POINT('',(5.70315526868579,2.40472585351048,8.13467912162733));
#1443=CARTESIAN_POINT('',(5.8423620084386,2.34602057160641,8.94731434972682));
#1444=CARTESIAN_POINT('',(6.17798983622259,3.01078356252195,7.92799948674424));
#1445=CARTESIAN_POINT('',(5.99482321299217,2.30446581004476,8.11833838426531));
#1446=CARTESIAN_POINT('',(6.18728881847277,2.22859057863709,8.84350292780383));
#1447=CARTESIAN_POINT('',(5.45490199226897,3.53469153601975,8.));
#1448=CARTESIAN_POINT('',(5.69860625250327,3.36044916379854,7.99999999999941));
#1449=CARTESIAN_POINT('',(5.93938401846859,3.18442514289823,7.98357383250472));
#1450=CARTESIAN_POINT('',(6.17798983622261,3.01078356252195,7.92799948674424));
#1451=CARTESIAN_POINT('',(-2.60683134684788,5.12113129724367,8.97679773333366));
#1452=CARTESIAN_POINT('',(-2.6000971371118,5.14277801589066,7.99999999999995));
#1453=CARTESIAN_POINT('',(-2.309857832782,6.0757350824682,8.));
#1454=CARTESIAN_POINT('',(-2.95963845161808,5.23090279914177,8.97619755358046));
#1455=CARTESIAN_POINT('',(-2.87528289777246,5.22692729525356,8.08427449384028));
#1456=CARTESIAN_POINT('',(-2.62345317672082,6.07896148818839,8.));
#1457=CARTESIAN_POINT('',(-3.30792415352782,5.33928848074289,8.93755195236704));
#1458=CARTESIAN_POINT('',(-3.16308598402572,5.31524519146317,8.13115822227932));
#1459=CARTESIAN_POINT('',(-2.91499377594219,6.07872236572563,7.98097330767936));
#1460=CARTESIAN_POINT('',(-3.64872107954203,5.44627826814757,8.837694222979));
#1461=CARTESIAN_POINT('',(-3.45242233833519,5.40497022528465,8.1167571352709));
#1462=CARTESIAN_POINT('',(-3.18686186030369,6.07956713687396,7.9313212325459));
#1463=CARTESIAN_POINT('',(-3.18686186030367,6.07956713687396,7.9313212325459));
#1464=CARTESIAN_POINT('',(-2.89688013072739,6.07866607663839,7.98428145814854));
#1465=CARTESIAN_POINT('',(-2.60397762772898,6.07876111834003,8.00000000000001));
#1466=CARTESIAN_POINT('',(-2.30985783278202,6.0757350824682,8.));
#1467=CARTESIAN_POINT('',(-6.67430219815212,5.73026885627294,7.93627602950479));
#1468=CARTESIAN_POINT('',(-6.49455224110046,6.33221012945155,7.70059016577607));
#1469=CARTESIAN_POINT('',(-6.48880657502906,6.35145104392521,7.02992784813096));
#1470=CARTESIAN_POINT('',(-6.10120287543035,5.55995854717386,7.93597875235568));
#1471=CARTESIAN_POINT('',(-5.99789492156556,6.1867384289902,7.69896275092476));
#1472=CARTESIAN_POINT('',(-5.99602645110946,6.20442259983343,7.0259554881984));
#1473=CARTESIAN_POINT('',(-4.87248638893383,5.44433144738208,7.9352614625059));
#1474=CARTESIAN_POINT('',(-4.93401619370766,6.09218508115211,7.69502445304459));
#1475=CARTESIAN_POINT('',(-4.93933477360161,6.10320596978947,7.01639227713026));
#1476=CARTESIAN_POINT('',(-3.71478516161248,5.79371434387367,7.93444029523569));
#1477=CARTESIAN_POINT('',(-3.93800502980812,6.39942619830019,7.69049322994727));
#1478=CARTESIAN_POINT('',(-3.94061910896854,6.4023114371453,7.00548708078341));
#1479=CARTESIAN_POINT('',(-3.18361495548891,6.07337302596917,7.93402590756227));
#1480=CARTESIAN_POINT('',(-3.48204716505735,6.6426912874463,7.68819796760888));
#1481=CARTESIAN_POINT('',(-3.48204716505735,6.64269128744631,7.00000000000002));
#1482=CARTESIAN_POINT('',(-3.0177742097171,5.75699911578648,7.00000000000043));
#1483=CARTESIAN_POINT('',(6.69544152338925E-15,-1.82209936626003E-15,7.));
#1484=CARTESIAN_POINT('',(-8.77730301903065,-2.26041668696198,7.02978537363135));
#1485=CARTESIAN_POINT('',(-8.77730301903065,-2.26041668696198,7.02978537363135));
#1486=CARTESIAN_POINT('',(-8.77730301903065,-2.26041668696198,7.02978537363135));
#1487=CARTESIAN_POINT('',(-8.338414394508,-2.3554881381911,7.4017670038877));
#1488=CARTESIAN_POINT('',(-8.26459063612109,-2.3762593301824,7.30846182370037));
#1489=CARTESIAN_POINT('',(-8.19076692057807,-2.39703050825767,7.21515661957529));
#1490=CARTESIAN_POINT('',(-7.44722755301016,-2.54657486641728,8.14083174582648));
#1491=CARTESIAN_POINT('',(-7.16091237792742,-2.62176947492649,7.88890031971366));
#1492=CARTESIAN_POINT('',(-7.06863779705643,-2.84904216452825,7.58407375917466));
#1493=CARTESIAN_POINT('',(-6.43302872236787,-2.76960810390518,8.68015863517674));
#1494=CARTESIAN_POINT('',(-6.14912383140444,-2.85044914959383,8.11687692396476));
#1495=CARTESIAN_POINT('',(-6.20072941907023,-3.41262186849477,7.85299012667997));
#1496=CARTESIAN_POINT('',(-5.88302428027919,-2.8922547965234,8.8376942229796));
#1497=CARTESIAN_POINT('',(-5.69237056223205,-2.9546303526269,8.11675713527089));
#1498=CARTESIAN_POINT('',(-5.79968689781064,-3.67162865439406,7.93132123254623));
#1499=CARTESIAN_POINT('',(-6.10740510922792,-3.86643692981047,8.86264246509248));
#1500=CARTESIAN_POINT('',(-5.79968689781023,-3.67162865439364,7.93132123254655));
#1501=CARTESIAN_POINT('',(-5.79968689781015,-3.67162865439316,7.93132123254571));
#1502=CARTESIAN_POINT('',(-6.2762289639239,-3.36386172390311,7.83824365172706));
#1503=CARTESIAN_POINT('',(-7.21732894450387,-2.77179604337919,7.53136247757492));
#1504=CARTESIAN_POINT('',(-8.24364063077546,-2.38471560856506,7.19843805900734));
#1505=CARTESIAN_POINT('',(-8.77730301903066,-2.26041668696197,7.02978537363135));
#1506=CARTESIAN_POINT('',(2.9567379324327,-5.78858366087185,8.));
#1507=CARTESIAN_POINT('',(3.14779402731984,-4.82059826719791,7.99999999999999));
#1508=CARTESIAN_POINT('',(3.15035969440209,-4.80759931910302,8.98657113198211));
#1509=CARTESIAN_POINT('',(0.285135565281898,-5.26127620494672,8.));
#1510=CARTESIAN_POINT('',(0.485544845644415,-4.29740347239287,8.00000000002845));
#1511=CARTESIAN_POINT('',(0.485664300316138,-4.28168600740584,8.98431528942929));
#1512=CARTESIAN_POINT('',(-2.38270537310792,-4.70620712484227,8.));
#1513=CARTESIAN_POINT('',(-2.17160465845841,-3.74779180096534,7.99999999998186));
#1514=CARTESIAN_POINT('',(-2.17349263532448,-3.72844360762499,8.98120167313188));
#1515=CARTESIAN_POINT('',(-5.03826310355441,-4.10681201168985,8.));
#1516=CARTESIAN_POINT('',(-4.82313918099177,-3.15372783922885,8.));
#1517=CARTESIAN_POINT('',(-4.81814781837413,-3.13161412610379,8.9767977333335));
#1518=CARTESIAN_POINT('',(-5.03826310355441,-4.10681201168985,9.));
#1519=CARTESIAN_POINT('',(2.9567379324327,-5.78858366087185,9.));
#1520=CARTESIAN_POINT('',(-8.79529515006212,-2.25609127588412,7.02992862860822));
#1521=CARTESIAN_POINT('',(-8.79065096064982,-2.23655470823151,7.70059049079001));
#1522=CARTESIAN_POINT('',(-8.64536386567272,-1.62537998901156,7.93627609063783));
#1523=CARTESIAN_POINT('',(-7.78889864808572,-2.49557554578651,7.02193771600681));
#1524=CARTESIAN_POINT('',(-7.77769720948355,-2.4829835020425,7.69731231136925));
#1525=CARTESIAN_POINT('',(-7.47494697764881,-1.90524821772821,7.93567773590982));
#1526=CARTESIAN_POINT('',(-6.88764420112543,-3.14174232020832,7.01091209158223));
#1527=CARTESIAN_POINT('',(-6.87926259981726,-3.1409948431814,7.69275404507207));
#1528=CARTESIAN_POINT('',(-6.43000898296779,-2.65887500146533,7.93484934820032));
#1529=CARTESIAN_POINT('',(-6.33688694583845,-4.01171582189742,7.00000000000002));
#1530=CARTESIAN_POINT('',(-6.33688694583844,-4.01171582189741,7.68819797350817));
#1531=CARTESIAN_POINT('',(-5.79377793398748,-3.66788784540399,7.93402591042225));
#1532=CARTESIAN_POINT('',(-5.49196868639371,-3.47682037897755,7.));
#1533=CARTESIAN_POINT('',(-5.0382631035544,-4.10681201168995,8.));
#1534=CARTESIAN_POINT('',(-4.82313918099173,-3.15372783922886,7.99999999999991));
#1535=CARTESIAN_POINT('',(-4.81814781837402,-3.13161412610381,8.9767977333335));
#1536=CARTESIAN_POINT('',(-5.31145784077351,-3.95280848903782,8.00000000000001));
#1537=CARTESIAN_POINT('',(-5.10353168016515,-3.08901037253663,8.08427449383913));
#1538=CARTESIAN_POINT('',(-5.17857348468956,-3.05027548297398,8.97619755357999));
#1539=CARTESIAN_POINT('',(-5.56381984496795,-3.80683110314545,7.9809733076237));
#1540=CARTESIAN_POINT('',(-5.39693541259788,-3.02159437106309,8.1311582222717));
#1541=CARTESIAN_POINT('',(-5.5343905915081,-2.96999738560521,8.93755195225951));
#1542=CARTESIAN_POINT('',(-5.79968689781028,-3.67162865439422,7.93132123254633));
#1543=CARTESIAN_POINT('',(-5.6923705622316,-2.954630352627,8.11675713527098));
#1544=CARTESIAN_POINT('',(-5.88302428027856,-2.89225479652354,8.8376942229798));
#1545=CARTESIAN_POINT('',(-5.03826310355445,-4.10681201168992,8.));
#1546=CARTESIAN_POINT('',(-5.29449133566958,-3.96237273815454,8.00000000000001));
#1547=CARTESIAN_POINT('',(-5.54810482324719,-3.8158391781274,7.98428145814858));
#1548=CARTESIAN_POINT('',(-5.79968689781072,-3.67162865439397,7.93132123254624));
#1549=CARTESIAN_POINT('',(3.15035969440203,-4.80759931910301,8.98657113198212));
#1550=CARTESIAN_POINT('',(3.14779402731981,-4.82059826719791,7.99999999999995));
#1551=CARTESIAN_POINT('',(2.95673793243266,-5.7885836608719,8.));
#1552=CARTESIAN_POINT('',(3.52101470060139,-4.88075304687974,8.98688492552741));
#1553=CARTESIAN_POINT('',(3.43554621352894,-4.87590183083685,8.08689758254704));
#1554=CARTESIAN_POINT('',(3.27505019391141,-5.75757585898419,8.00000000000001));
#1555=CARTESIAN_POINT('',(3.88662363159881,-4.9528944170298,8.9473143497322));
#1556=CARTESIAN_POINT('',(3.73671441764369,-4.93413131262048,8.1346791216305));
#1557=CARTESIAN_POINT('',(3.57000297847798,-5.72551992246147,7.98005936076338));
#1558=CARTESIAN_POINT('',(4.24405400803649,-5.02366046497206,8.84350292780206));
#1559=CARTESIAN_POINT('',(4.03943628863062,-4.99313754014855,8.1183383842653));
#1560=CARTESIAN_POINT('',(3.84490436123565,-5.69640996855135,7.92799948674313));
#1561=CARTESIAN_POINT('',(3.84490436123565,-5.69640996855135,7.92799948674313));
#1562=CARTESIAN_POINT('',(3.55144487137141,-5.72748507943493,7.98357383250601));
#1563=CARTESIAN_POINT('',(3.2549131989273,-5.75953747022872,8.00000000000001));
#1564=CARTESIAN_POINT('',(2.95673793243269,-5.78858366087189,8.));
#1565=CARTESIAN_POINT('',(3.84490436123565,-5.69640996855135,7.92799948674313));
#1566=CARTESIAN_POINT('',(4.05334716095502,-6.00522796001176,8.85599897348625));
#1567=CARTESIAN_POINT('',(6.69544152338925E-15,-1.82209936626003E-15,7.));
#1568=CARTESIAN_POINT('',(3.63646156151628,-5.38759197709094,7.));
#1569=CARTESIAN_POINT('',(7.16376678304251,-5.59876763791386,7.01004049673474));
#1570=CARTESIAN_POINT('',(7.16376678304251,-5.59876763791386,7.01004049673474));
#1571=CARTESIAN_POINT('',(7.16376678304251,-5.59876763791386,7.01004049673474));
#1572=CARTESIAN_POINT('',(6.5711637304456,-5.48695795830929,7.19562031759031));
#1573=CARTESIAN_POINT('',(6.64607074693516,-5.49990569382862,7.28823700309774));
#1574=CARTESIAN_POINT('',(6.72097780689817,-5.51285343749815,7.38085366525708));
#1575=CARTESIAN_POINT('',(5.34537063177051,-5.44861604049592,7.5713822215476));
#1576=CARTESIAN_POINT('',(5.52410924506872,-5.28282070298014,7.88117596149025));
#1577=CARTESIAN_POINT('',(5.82048439519037,-5.33604391841546,8.13163382104032));
#1578=CARTESIAN_POINT('',(4.31865811506036,-5.61999845161262,7.84701527423768));
#1579=CARTESIAN_POINT('',(4.50172125296539,-5.08295187667992,8.11661151350158));
#1580=CARTESIAN_POINT('',(4.80007181025798,-5.13374395335395,8.68201408529862));
#1581=CARTESIAN_POINT('',(3.84490436123563,-5.69640996855134,7.9279994867431));
#1582=CARTESIAN_POINT('',(4.0394362886306,-4.99313754014854,8.11833838426527));
#1583=CARTESIAN_POINT('',(4.24405400803647,-5.02366046497206,8.84350292780204));
#1584=CARTESIAN_POINT('',(3.84490436123565,-5.69640996855135,7.92799948674312));
#1585=CARTESIAN_POINT('',(4.40928117094749,-5.60538190658639,7.83152402492505));
#1586=CARTESIAN_POINT('',(5.51678800272335,-5.43766881342572,7.51673862026895));
#1587=CARTESIAN_POINT('',(6.62065047859779,-5.49629492177315,7.18012044982142));
#1588=CARTESIAN_POINT('',(7.16376678304252,-5.59876763791386,7.01004049673474));
#1589=CARTESIAN_POINT('',(7.30102271397658,-4.97728580957053,7.93147382775442));
#1590=CARTESIAN_POINT('',(7.18337091108006,-5.59551563787621,7.68567656647019));
#1591=CARTESIAN_POINT('',(7.18209672421881,-5.60221116063972,7.01008800276498));
#1592=CARTESIAN_POINT('',(6.70756214296008,-4.86462150557003,7.93136877266645));
#1593=CARTESIAN_POINT('',(6.67020880298835,-5.4987756645558,7.68511522754346));
#1594=CARTESIAN_POINT('',(6.67020217379291,-5.50480901887648,7.00876378958517));
#1595=CARTESIAN_POINT('',(5.46597474789711,-4.87738242822236,7.93111478224541));
#1596=CARTESIAN_POINT('',(5.59699139525622,-5.51163375923806,7.6837567676033));
#1597=CARTESIAN_POINT('',(5.59917954510921,-5.51515674784096,7.00556474329234));
#1598=CARTESIAN_POINT('',(4.34523276275904,-5.35012810437455,7.93082174967817));
#1599=CARTESIAN_POINT('',(4.63035409782504,-5.92167684618663,7.68218690372884));
#1600=CARTESIAN_POINT('',(4.63134847540549,-5.92254933686443,7.00187897200337));
#1601=CARTESIAN_POINT('',(3.84114070305937,-5.69083392869794,7.93067221286793));
#1602=CARTESIAN_POINT('',(4.19591718636597,-6.21645228126093,7.68138478613999));
#1603=CARTESIAN_POINT('',(4.19591718636597,-6.21645228126093,7.));
#1604=CARTESIAN_POINT('',(-8.69371064222032,-2.45826436832755,0.512151558312354));
#1605=CARTESIAN_POINT('',(-8.69648052203963,-2.47040290707782,3.25260651745651E-15));
#1606=CARTESIAN_POINT('',(-8.5825083158371,-1.97093862281687,3.25260651745651E-15));
#1607=CARTESIAN_POINT('',(-10.0262772750131,-2.15416066057277,0.513226026838979));
#1608=CARTESIAN_POINT('',(-10.0308331866264,-2.16704955695234,-7.76995470312798E-12));
#1609=CARTESIAN_POINT('',(-9.9124420963285,-1.6674624948909,3.25260651745651E-15));
#1610=CARTESIAN_POINT('',(-12.6934048595123,-1.52247126276577,0.518758095160956));
#1611=CARTESIAN_POINT('',(-12.702363126133,-1.54035141536008,3.63632430764103E-12));
#1612=CARTESIAN_POINT('',(-12.566992962191,-1.03901731400383,6.83376435502928E-15));
#1613=CARTESIAN_POINT('',(-16.6439001488749,-0.477156512647615,0.516208039413838));
#1614=CARTESIAN_POINT('',(-16.6438687615746,-0.494433862490264,-9.74857142800238E-13));
#1615=CARTESIAN_POINT('',(-16.5229601626408,0.00771682927508141,-3.42675418262643E-15));
#1616=CARTESIAN_POINT('',(-20.6210670721499,0.490899527050024,0.516868434199291));
#1617=CARTESIAN_POINT('',(-20.6299223950474,0.475103713960715,2.67011111363475E-13));
#1618=CARTESIAN_POINT('',(-20.4987423246996,0.975417910871214,1.01856064405473E-15));
#1619=CARTESIAN_POINT('',(-23.9254013665859,1.3697613861847,0.521918914740347));
#1620=CARTESIAN_POINT('',(-23.9398382262651,1.3500710753793,-2.40601040168612E-14));
#1621=CARTESIAN_POINT('',(-23.793444805644,1.85163606257829,8.30380382589942E-15));
#1622=CARTESIAN_POINT('',(-26.5581828893214,2.14192695714425,0.530120419801021));
#1623=CARTESIAN_POINT('',(-26.5725504781781,2.11286796713736,1.6437090770394E-15));
#1624=CARTESIAN_POINT('',(-26.4117861908342,2.61914167188861,-6.36852141829731E-15));
#1625=CARTESIAN_POINT('',(-28.5185445316505,2.77549675049592,0.53862789560977));
#1626=CARTESIAN_POINT('',(-28.5390187407875,2.7384204806766,3.44452657192636E-15));
#1627=CARTESIAN_POINT('',(-28.3577281581123,3.24750320304641,6.52689448153037E-15));
#1628=CARTESIAN_POINT('',(-30.4609699382908,3.48052914516602,0.549710494039615));
#1629=CARTESIAN_POINT('',(-30.4883694198736,3.43221392738282,-7.06961537421461E-15));
#1630=CARTESIAN_POINT('',(-30.2821678221907,3.94498126733413,-8.02967304498072E-15));
#1631=CARTESIAN_POINT('',(-32.3750585146999,4.26343718609526,0.562769955484637));
#1632=CARTESIAN_POINT('',(-32.4165142538373,4.20380521175029,1.13007882351243E-14));
#1633=CARTESIAN_POINT('',(-32.1758295128263,4.71816623376905,1.19308503250752E-14));
#1634=CARTESIAN_POINT('',(-33.941932319295,5.0317374755019,0.584643966021817));
#1635=CARTESIAN_POINT('',(-34.0029115569648,4.95104702725901,-7.83644414031489E-15));
#1636=CARTESIAN_POINT('',(-33.7101308194433,5.46767064598477,-8.32138620305847E-15));
#1637=CARTESIAN_POINT('',(-35.1402214202828,5.75547326751431,0.608082390924166));
#1638=CARTESIAN_POINT('',(-35.2190987753113,5.64614687095563,4.16143658831339E-15));
#1639=CARTESIAN_POINT('',(-34.8756643002612,6.16619958654982,4.78606945859459E-15));
#1640=CARTESIAN_POINT('',(-36.0098986396912,6.36176876419638,0.627027542246358));
#1641=CARTESIAN_POINT('',(-36.1170073944653,6.23627593774778,4.07099373048614E-15));
#1642=CARTESIAN_POINT('',(-35.7197661369655,6.74988661166038,1.51275573705812E-15));
#1643=CARTESIAN_POINT('',(-36.832515750228,7.06250299733723,0.658402910031585));
#1644=CARTESIAN_POINT('',(-36.9963438768723,6.9146025973465,1.91869731471727E-14));
#1645=CARTESIAN_POINT('',(-36.5025831184252,7.40579775328999,2.8194185802651E-14));
#1646=CARTESIAN_POINT('',(-37.4397768457886,7.76041686166813,0.689081192868444));
#1647=CARTESIAN_POINT('',(-37.6679993502052,7.59529977134315,-8.38429260260877E-14));
#1648=CARTESIAN_POINT('',(-37.0743386573972,8.04882697669487,-1.05721048570741E-13));
#1649=CARTESIAN_POINT('',(-37.8360336777286,8.40567711614371,0.719971656275311));
#1650=CARTESIAN_POINT('',(-38.1492494491107,8.24169125148083,-6.43570081337502E-15));
#1651=CARTESIAN_POINT('',(-37.4399176992949,8.62123636291421,2.95097193841273E-14));
#1652=CARTESIAN_POINT('',(-38.0650002429614,8.94962250377425,0.743173524472234));
#1653=CARTESIAN_POINT('',(-38.4587910297672,8.81778469260342,1.16781056452303E-13));
#1654=CARTESIAN_POINT('',(-37.6503754175384,9.0941546373793,-2.85614457602203E-14));
#1655=CARTESIAN_POINT('',(-38.204241953226,9.52987149789552,0.76244574100989));
#1656=CARTESIAN_POINT('',(-38.672492948831,9.4624835700861,-5.18605064653487E-13));
#1657=CARTESIAN_POINT('',(-37.7799009655155,9.59491904191801,4.70058280542578E-14));
#1658=CARTESIAN_POINT('',(-38.2007003300742,9.97887749210757,0.77735013770239));
#1659=CARTESIAN_POINT('',(-38.7253591354123,10.0231227352628,1.25803058672805E-12));
#1660=CARTESIAN_POINT('',(-37.77951665141,9.94335841981335,-2.16840434497101E-15));
#1661=CARTESIAN_POINT('',(-38.1364580276549,10.2186331306935,0.777350098117926));
#1662=CARTESIAN_POINT('',(-38.6370330515623,10.3527618041007,-2.38524477946811E-15));
#1663=CARTESIAN_POINT('',(-37.7346085936221,10.1109578993655,-2.16840434497101E-15));
#1664=CARTESIAN_POINT('',(-8.5825083158371,-1.97093862281687,0.500000000000003));
#1665=CARTESIAN_POINT('',(-37.7346085936221,10.1109578993655,0.5));
#1666=CARTESIAN_POINT('',(-38.1364580276549,10.2186331306935,0.777350098117926));
#1667=CARTESIAN_POINT('',(-38.6370330515623,10.3527618041007,-1.73472347597681E-15));
#1668=CARTESIAN_POINT('',(-37.7346085936221,10.1109578993655,-1.73472347597681E-15));
#1669=CARTESIAN_POINT('',(-38.071177846419,10.4622619506094,0.777350149823563));
#1670=CARTESIAN_POINT('',(-38.5472791933136,10.6877258631535,2.04368674608444E-12));
#1671=CARTESIAN_POINT('',(-37.6889748646794,10.2812648674276,-1.73472347597681E-15));
#1672=CARTESIAN_POINT('',(-37.846682310924,10.8544501536912,0.762162267093858));
#1673=CARTESIAN_POINT('',(-38.216910241265,11.1472910189656,-9.05028451495018E-13));
#1674=CARTESIAN_POINT('',(-37.5124399676332,10.5849382127925,9.43221045139131E-15));
#1675=CARTESIAN_POINT('',(-37.4328317619737,11.2887642701884,0.742890099638285));
#1676=CARTESIAN_POINT('',(-37.7067599250063,11.5999006165554,2.39927287394775E-13));
#1677=CARTESIAN_POINT('',(-37.1467155772761,10.9554016850188,4.71749902262599E-15));
#1678=CARTESIAN_POINT('',(-36.9558285754784,11.6477540221245,0.719251601940851));
#1679=CARTESIAN_POINT('',(-37.142928704885,11.9456210896618,-4.79275122614239E-14));
#1680=CARTESIAN_POINT('',(-36.7220972384498,11.2616410314997,1.07290716675829E-14));
#1681=CARTESIAN_POINT('',(-36.2819334246687,12.0087679063582,0.688210707681808));
#1682=CARTESIAN_POINT('',(-36.3954534154268,12.2645329176489,-8.08414165731479E-15));
#1683=CARTESIAN_POINT('',(-36.1113610718822,11.5752227484843,-4.10672193401523E-14));
#1684=CARTESIAN_POINT('',(-35.3958253974573,12.3089919093012,0.657137806419912));
#1685=CARTESIAN_POINT('',(-35.4621268087983,12.5170012286057,-1.05094087542192E-14));
#1686=CARTESIAN_POINT('',(-35.2840868397886,11.8457371819251,4.56783530174409E-16));
#1687=CARTESIAN_POINT('',(-33.9746822593858,12.5627053862686,0.61647860465446));
#1688=CARTESIAN_POINT('',(-34.0116232039601,12.7064853219473,-1.16086754867204E-14));
#1689=CARTESIAN_POINT('',(-33.9365303019828,12.0754798843812,-1.82910834896081E-14));
#1690=CARTESIAN_POINT('',(-32.2006954695935,12.633805793274,0.589337481632172));
#1691=CARTESIAN_POINT('',(-32.2213001613752,12.7418272921164,4.96824289238641E-16));
#1692=CARTESIAN_POINT('',(-32.2097078194722,12.1411356592802,6.21072091768786E-15));
#1693=CARTESIAN_POINT('',(-30.1252507752784,12.4905614769695,0.562067740322819));
#1694=CARTESIAN_POINT('',(-30.1325995065221,12.561872319926,-1.37115556935337E-15));
#1695=CARTESIAN_POINT('',(-30.1813236439373,11.9969575666715,-1.65143929968418E-15));
#1696=CARTESIAN_POINT('',(-28.0857240883061,12.2106078591826,0.549613343580673));
#1697=CARTESIAN_POINT('',(-28.0845324522633,12.2660238029082,6.21359237043624E-15));
#1698=CARTESIAN_POINT('',(-28.1632636207991,11.7190730612869,2.34660019152278E-15));
#1699=CARTESIAN_POINT('',(-26.0589970306143,11.8503687563593,0.538473365096085));
#1700=CARTESIAN_POINT('',(-26.0583982502434,11.8925389404372,5.54176276776404E-16));
#1701=CARTESIAN_POINT('',(-26.1560027329736,11.3612113750191,5.27546460341913E-15));
#1702=CARTESIAN_POINT('',(-24.0433963462103,11.4177767866472,0.530026199717713));
#1703=CARTESIAN_POINT('',(-24.0412183151196,11.4500101857894,2.00710347452257E-14));
#1704=CARTESIAN_POINT('',(-24.1553891326188,10.9313385116087,5.17447874841802E-15));
#1705=CARTESIAN_POINT('',(-21.3814917522887,10.7702566992669,0.521871876139558));
#1706=CARTESIAN_POINT('',(-21.3841484786932,10.7944694234073,-8.68407717442684E-14));
#1707=CARTESIAN_POINT('',(-21.508238716297,10.2869807530448,-1.03351469059422E-14));
#1708=CARTESIAN_POINT('',(-18.0853094959577,9.88012875730347,0.516832333776104));
#1709=CARTESIAN_POINT('',(-18.0849976753642,9.89817457522338,5.89756375714661E-13));
#1710=CARTESIAN_POINT('',(-18.22170426677,9.39938159158211,3.7181013209874E-15));
#1711=CARTESIAN_POINT('',(-14.1632029297454,8.7316943992074,0.516238792489597));
#1712=CARTESIAN_POINT('',(-14.1545328973846,8.7466729338898,-2.14389258903398E-12));
#1713=CARTESIAN_POINT('',(-14.300838879979,8.25129445005056,-9.53286437451715E-15));
#1714=CARTESIAN_POINT('',(-10.2259931180231,7.66364067345039,0.518736955791543));
#1715=CARTESIAN_POINT('',(-10.2248491137513,7.68359152916956,7.97684748915409E-12));
#1716=CARTESIAN_POINT('',(-10.358289939568,7.18176361478135,4.4893762164813E-15));
#1717=CARTESIAN_POINT('',(-7.60418088963603,6.8781567487602,0.513224587500481));
#1718=CARTESIAN_POINT('',(-7.60167847924523,6.89159415298759,-1.70735673149033E-11));
#1719=CARTESIAN_POINT('',(-7.74894929059575,6.39974721934711,4.55364912443912E-15));
#1720=CARTESIAN_POINT('',(-6.29984208515006,6.47577471329996,0.512151558312291));
#1721=CARTESIAN_POINT('',(-6.2961716020639,6.48767193613211,4.55364912443912E-15));
#1722=CARTESIAN_POINT('',(-6.44720091829763,5.99813707457792,4.55364912443912E-15));
#1723=CARTESIAN_POINT('',(-6.44720091829762,5.99813707457792,0.5));
#1724=CARTESIAN_POINT('',(-8.5825083158371,-1.97093862281687,0.));
#1725=CARTESIAN_POINT('',(-8.69648052203962,-2.47040290707782,-2.5410988417629E-17));
#1726=CARTESIAN_POINT('',(-8.69371064222031,-2.45826436832755,0.512151558312352));
#1727=CARTESIAN_POINT('',(-7.45787395746536,-2.22756771254558,0.));
#1728=CARTESIAN_POINT('',(-7.70242737993018,-2.69379807049415,-7.69570963858682E-14));
#1729=CARTESIAN_POINT('',(-7.69397174230061,-2.68647545686935,0.50887235662092));
#1730=CARTESIAN_POINT('',(-6.46999557854577,-2.91029056656296,0.));
#1731=CARTESIAN_POINT('',(-6.82210764011209,-3.29210509009335,2.91595909606649E-13));
#1732=CARTESIAN_POINT('',(-6.81577254933583,-3.29346845317367,0.504503681410893));
#1733=CARTESIAN_POINT('',(-5.83203480583432,-3.87135247988807,0.));
#1734=CARTESIAN_POINT('',(-6.24860872053663,-4.14787765702328,-2.16840434489619E-16));
#1735=CARTESIAN_POINT('',(-6.24860872053658,-4.14787765702324,0.500000000000061));
#1736=CARTESIAN_POINT('',(-5.83203480583439,-3.87135247988813,0.5));
#1737=CARTESIAN_POINT('',(-3.11501405766354,6.26870699750422,0.));
#1738=CARTESIAN_POINT('',(-3.33751506178236,6.71647178304024,-7.58941520739853E-16));
#1739=CARTESIAN_POINT('',(-3.33751506178236,6.71647178304024,0.5));
#1740=CARTESIAN_POINT('',(-4.14803499522138,5.75538348961678,0.));
#1741=CARTESIAN_POINT('',(-4.26206574868757,6.26210058260875,3.21692394760448E-12));
#1742=CARTESIAN_POINT('',(-4.25589771661242,6.26011373643686,0.504503680390687));
#1743=CARTESIAN_POINT('',(-5.34492663693673,5.65806787123521,0.));
#1744=CARTESIAN_POINT('',(-5.32360067126212,6.18411184337698,4.96675252327977E-13));
#1745=CARTESIAN_POINT('',(-5.31993919922674,6.1735424626658,0.5088723633085));
#1746=CARTESIAN_POINT('',(-6.44720091829762,5.99813707457792,0.));
#1747=CARTESIAN_POINT('',(-6.29617160206363,6.48767193613206,2.71050543121376E-17));
#1748=CARTESIAN_POINT('',(-6.29984208514981,6.47577471329989,0.512151558312317));
#1749=CARTESIAN_POINT('',(-3.11501405766355,6.26870699750423,0.5));
#1750=CARTESIAN_POINT('',(6.69544152338925E-15,-1.82209936626003E-15,0.5));
#1751=CARTESIAN_POINT('',(3.87090957426673,-5.8323287859868,0.5));
#1752=CARTESIAN_POINT('',(6.69544152338925E-15,-1.82209936626003E-15,0.5));
#1753=CARTESIAN_POINT('',(6.26847042006047,3.11549010475511,0.5));
#1754=CARTESIAN_POINT('',(3.87090957426673,-5.8323287859868,0.));
#1755=CARTESIAN_POINT('',(4.14740311528579,-6.24892369927158,9.62964972193618E-32));
#1756=CARTESIAN_POINT('',(4.14740311528579,-6.24892369927158,0.5));
#1757=CARTESIAN_POINT('',(4.83790141337552,-5.19053748305522,0.));
#1758=CARTESIAN_POINT('',(5.00939276448848,-5.6788804731227,-1.01899185074695E-13));
#1759=CARTESIAN_POINT('',(5.00697034998725,-5.67842996330006,0.501711977944108));
#1760=CARTESIAN_POINT('',(6.02214608996828,-4.9465929384562,0.));
#1761=CARTESIAN_POINT('',(6.06148606362935,-5.46535566241456,-1.52210272521114E-14));
#1762=CARTESIAN_POINT('',(6.05965060770894,-5.46157821714648,0.503367358446007));
#1763=CARTESIAN_POINT('',(7.16405039206012,-5.15402279256495,0.));
#1764=CARTESIAN_POINT('',(7.07386010677838,-5.65052159482027,-2.5410988417629E-18));
#1765=CARTESIAN_POINT('',(7.07469032404066,-5.6459512369924,0.504602586962052));
#1766=CARTESIAN_POINT('',(7.16405039206013,-5.15402279256495,0.5));
#1767=CARTESIAN_POINT('',(8.7812610297987,0.881489474016053,0.));
#1768=CARTESIAN_POINT('',(8.95140335269738,1.35656519235781,3.81164826264435E-17));
#1769=CARTESIAN_POINT('',(8.94983716302354,1.35219203774417,0.504602586961189));
#1770=CARTESIAN_POINT('',(7.68862638260474,1.27280268026515,0.));
#1771=CARTESIAN_POINT('',(7.98207734181254,1.70239432313513,-2.19893475865389E-13));
#1772=CARTESIAN_POINT('',(7.97859906036158,1.70004068285417,0.503367356580953));
#1773=CARTESIAN_POINT('',(6.78501487618462,2.07618536425015,0.));
#1774=CARTESIAN_POINT('',(7.17770217378026,2.41335725961736,-1.74620834999803E-12));
#1775=CARTESIAN_POINT('',(7.17537905044799,2.414178320793,0.501711979952688));
#1776=CARTESIAN_POINT('',(6.26847042006047,3.11549010475512,0.));
#1777=CARTESIAN_POINT('',(6.71621830720768,3.33802511223761,1.1339875512552E-27));
#1778=CARTESIAN_POINT('',(6.71621830720766,3.3380251122376,0.500000000000024));
#1779=CARTESIAN_POINT('',(8.7812610297987,0.881489474016054,0.5));
#1780=CARTESIAN_POINT('',(7.16405039206013,-5.15402279256495,-9.75781955236954E-16));
#1781=CARTESIAN_POINT('',(7.07386010677837,-5.65052159482026,-9.8679338355126E-16));
#1782=CARTESIAN_POINT('',(7.07469032404065,-5.6459512369924,0.504602586962039));
#1783=CARTESIAN_POINT('',(9.87872144327541,-5.64714977579122,-9.75781955236954E-16));
#1784=CARTESIAN_POINT('',(9.78946504770778,-6.1430366281507,5.38293076296027E-12));
#1785=CARTESIAN_POINT('',(9.79221973580145,-6.1396045827762,0.503840103174641));
#1786=CARTESIAN_POINT('',(15.3154525863824,-6.58491719108646,-6.33481949043111E-15));
#1787=CARTESIAN_POINT('',(15.2305843430299,-7.08037448085905,-2.52175629773147E-12));
#1788=CARTESIAN_POINT('',(15.2344750892641,-7.07831237273561,0.502652007528657));
#1789=CARTESIAN_POINT('',(22.1255452649797,-7.66409096131989,4.54585280042018E-15));
#1790=CARTESIAN_POINT('',(22.0469529549209,-8.15981363001375,1.9988001615507E-13));
#1791=CARTESIAN_POINT('',(22.0486523509519,-8.15817700685982,0.501860347265749));
#1792=CARTESIAN_POINT('',(27.5828590133523,-8.46679366700987,3.49276971319074E-15));
#1793=CARTESIAN_POINT('',(27.5127282273936,-8.96317610582996,1.5445051751616E-13));
#1794=CARTESIAN_POINT('',(27.5131243048267,-8.96187993759959,0.501337523487026));
#1795=CARTESIAN_POINT('',(31.6778388703152,-9.05575259975174,-6.54427741853235E-15));
#1796=CARTESIAN_POINT('',(31.6025256977687,-9.55147181533995,-7.94482525137444E-13));
#1797=CARTESIAN_POINT('',(31.6031764509006,-9.55027039442146,0.501273478727414));
#1798=CARTESIAN_POINT('',(35.0972571528036,-9.50098168952146,9.13928635114279E-15));
#1799=CARTESIAN_POINT('',(35.0453138465398,-9.99922404990868,2.37771224355941E-12));
#1800=CARTESIAN_POINT('',(35.0452317768361,-9.99829087219608,0.500911165094666));
#1801=CARTESIAN_POINT('',(37.8387333095421,-9.81831891385545,-5.38404039598101E-15));
#1802=CARTESIAN_POINT('',(37.7713546416734,-10.3149183977494,-4.11162596602371E-12));
#1803=CARTESIAN_POINT('',(37.7717931556781,-10.3139516918246,0.501018471554941));
#1804=CARTESIAN_POINT('',(39.2002601047527,-10.0371730116992,-2.81892564846231E-15));
#1805=CARTESIAN_POINT('',(39.1173870754753,-10.5305141976453,9.07141176690156E-12));
#1806=CARTESIAN_POINT('',(39.117670239937,-10.530304815596,0.500253276434946));
#1807=CARTESIAN_POINT('',(39.8802047125555,-10.1510500864699,-2.81892564846231E-15));
#1808=CARTESIAN_POINT('',(39.7976318174335,-10.6440816725264,-2.74982628881208E-15));
#1809=CARTESIAN_POINT('',(39.7976150398136,-10.6441818494251,0.499898407220206));
#1810=CARTESIAN_POINT('',(39.6029588778481,-10.6115808492024,0.500000000000332));
#1811=CARTESIAN_POINT('',(39.6029588778484,-10.6115808492024,0.45589427474362));
#1812=CARTESIAN_POINT('',(39.5173640517625,-10.5886457846769,0.404270416096327));
#1813=CARTESIAN_POINT('',(39.3700165792556,-10.5491641484115,0.344059657840608));
#1814=CARTESIAN_POINT('',(39.1650140830809,-10.4942338951151,0.291034000359862));
#1815=CARTESIAN_POINT('',(38.9228301874314,-10.4293409158556,0.242422202051794));
#1816=CARTESIAN_POINT('',(38.595032933165,-10.3415079062934,0.188664549956907));
#1817=CARTESIAN_POINT('',(38.1850482604599,-10.2316528443325,0.135764936947211));
#1818=CARTESIAN_POINT('',(37.6915902803903,-10.0994311770738,0.086198862635544));
#1819=CARTESIAN_POINT('',(37.1975855056473,-9.96706299662455,0.0478513278467706));
#1820=CARTESIAN_POINT('',(36.5367518605507,-9.78999315508995,0.0108717466341625));
#1821=CARTESIAN_POINT('',(36.0442561836397,-9.65802933619005,-9.60509666012157E-15));
#1822=CARTESIAN_POINT('',(35.7099878169211,-9.56846239727047,4.90515881340282E-27));
#1823=CARTESIAN_POINT('',(8.94983716302354,1.35219203774417,0.504602586961188));
#1824=CARTESIAN_POINT('',(8.95140335269738,1.35656519235781,-2.27682456221956E-15));
#1825=CARTESIAN_POINT('',(8.78126102979869,0.881489474016057,-2.27682456221956E-15));
#1826=CARTESIAN_POINT('',(11.5500506987956,0.420966104674557,0.503840121541501));
#1827=CARTESIAN_POINT('',(11.5493811936024,0.425315670523918,3.58457995348484E-12));
#1828=CARTESIAN_POINT('',(11.3787360374391,-0.0487631455722203,-2.27682456221956E-15));
#1829=CARTESIAN_POINT('',(16.7324445749875,-1.48718158598771,0.502652036202886));
#1830=CARTESIAN_POINT('',(16.7301061967861,-1.48345036574101,-1.72075852945665E-12));
#1831=CARTESIAN_POINT('',(16.555875689007,-1.95496314654803,-7.65665229479755E-15));
#1832=CARTESIAN_POINT('',(23.1735760589577,-3.95905805172189,0.501860370653209));
#1833=CARTESIAN_POINT('',(23.1729226197135,-3.95679095955625,2.45680024484616E-13));
#1834=CARTESIAN_POINT('',(22.9931244104534,-4.42539563673257,1.30598027886127E-14));
#1835=CARTESIAN_POINT('',(28.30780014452,-5.99526411689366,0.501337536759381));
#1836=CARTESIAN_POINT('',(28.3081052424578,-5.99394356032425,-8.59393564986222E-14));
#1837=CARTESIAN_POINT('',(28.1206492262274,-6.45888883379149,-9.61640979420857E-15));
#1838=CARTESIAN_POINT('',(32.1440900436704,-7.53073286277281,0.501273505933694));
#1839=CARTESIAN_POINT('',(32.1441271423495,-7.52936697748576,1.59602580075124E-13));
#1840=CARTESIAN_POINT('',(31.9614907618366,-7.99632907125195,9.60768651871391E-15));
#1841=CARTESIAN_POINT('',(35.3490536969407,-8.863773989652,0.50091113898515));
#1842=CARTESIAN_POINT('',(35.3495913567005,-8.86300689878942,-4.1250357979765E-13));
#1843=CARTESIAN_POINT('',(35.1454553303888,-9.32046943844813,-1.26872345061958E-15));
#1844=CARTESIAN_POINT('',(37.8681976895412,-9.9537075578068,0.501018508146431));
#1845=CARTESIAN_POINT('',(37.8683013686065,-9.95265110379095,7.13601378506279E-13));
#1846=CARTESIAN_POINT('',(37.6783514257911,-10.416407502585,3.28951077308333E-15));
#1847=CARTESIAN_POINT('',(39.1419517929947,-10.4392874704045,0.50025332961052));
#1848=CARTESIAN_POINT('',(39.1418111787413,-10.4389644721956,-1.56785242149267E-12));
#1849=CARTESIAN_POINT('',(38.966910812086,-10.907647072428,1.0842021724855E-15));
#1850=CARTESIAN_POINT('',(39.7878753790206,-10.6806901440262,0.499898385889328));
#1851=CARTESIAN_POINT('',(39.7878398129518,-10.6807853085483,2.71050543121376E-15));
#1852=CARTESIAN_POINT('',(39.6128342522181,-11.1490496145212,1.0842021724855E-15));
#1853=CARTESIAN_POINT('',(-0.143375526969192,0.0384173566657817,59.7773500981125));
#1854=CARTESIAN_POINT('',(4.03016786843471E-15,1.53392141674171E-14,60.));
#1855=CARTESIAN_POINT('',(0.258473907067088,-0.0692578746631258,60.));
#1856=CARTESIAN_POINT('',(-0.179534385899977,-0.0965301101388606,59.777350396323));
#1857=CARTESIAN_POINT('',(-0.0284830931142099,-0.106305230905844,59.9999999999998));
#1858=CARTESIAN_POINT('',(0.243826071777858,-0.123926706604157,60.));
#1859=CARTESIAN_POINT('',(-0.178128665915667,-0.289689825590587,59.763226531211));
#1860=CARTESIAN_POINT('',(-0.0322612288733002,-0.271426504939901,60.0000000000001));
#1861=CARTESIAN_POINT('',(0.2445710801589,-0.235452698781745,60.));
#1862=CARTESIAN_POINT('',(-0.123153325667198,-0.602141065008337,59.7431244013852));
#1863=CARTESIAN_POINT('',(0.0132697529371739,-0.554286417209214,60.));
#1864=CARTESIAN_POINT('',(0.292661964754966,-0.453060773962599,60.));
#1865=CARTESIAN_POINT('',(0.016796005531895,-0.940045126664258,59.7137202274457));
#1866=CARTESIAN_POINT('',(0.135086877290509,-0.872097279755264,60.));
#1867=CARTESIAN_POINT('',(0.407533176670754,-0.707147367274614,60.));
#1868=CARTESIAN_POINT('',(0.244051874319292,-1.27467524054637,59.6825877799211));
#1869=CARTESIAN_POINT('',(0.34123986247599,-1.19580078089816,60.));
#1870=CARTESIAN_POINT('',(0.602160553074088,-0.974565431412811,59.9999999999999));
#1871=CARTESIAN_POINT('',(0.587123911857666,-1.65554711302126,59.6482836187869));
#1872=CARTESIAN_POINT('',(0.663030535525535,-1.57607467546343,59.9999999999999));
#1873=CARTESIAN_POINT('',(0.904943173906136,-1.29618575668089,59.9999999999999));
#1874=CARTESIAN_POINT('',(1.05533680927851,-2.03193340649828,59.6170723391429));
#1875=CARTESIAN_POINT('',(1.1119136959485,-1.95841297903237,59.9999999999998));
#1876=CARTESIAN_POINT('',(1.33258832043029,-1.63136752856623,59.9999999999998));
#1877=CARTESIAN_POINT('',(1.64316459214886,-2.41053653022118,59.5949096413543));
#1878=CARTESIAN_POINT('',(1.68564166748898,-2.34441476029154,59.9999999999998));
#1879=CARTESIAN_POINT('',(1.88980581022066,-1.98544210246375,59.9999999999997));
#1880=CARTESIAN_POINT('',(2.24780428687581,-2.73551068918756,59.5748811363221));
#1881=CARTESIAN_POINT('',(2.2791189668919,-2.67898837636684,59.9999999999997));
#1882=CARTESIAN_POINT('',(2.46556815612916,-2.29122295396044,59.9999999999996));
#1883=CARTESIAN_POINT('',(3.06354902871865,-3.11158652491921,59.5561428405433));
#1884=CARTESIAN_POINT('',(3.08729964737174,-3.06710032707179,59.9999999999996));
#1885=CARTESIAN_POINT('',(3.25307803464693,-2.65190190999397,59.9999999999995));
#1886=CARTESIAN_POINT('',(4.08978571724744,-3.5141959157741,59.5443108853418));
#1887=CARTESIAN_POINT('',(4.10820136319092,-3.47764341966407,59.9999999999994));
#1888=CARTESIAN_POINT('',(4.26055551409745,-3.0461631148149,59.9999999999993));
#1889=CARTESIAN_POINT('',(5.3427531615774,-3.93962933904338,59.5317286350171));
#1890=CARTESIAN_POINT('',(5.35606517390277,-3.91256376538814,59.9999999999992));
#1891=CARTESIAN_POINT('',(5.49273226238753,-3.46351792828819,59.9999999999992));
#1892=CARTESIAN_POINT('',(6.60781825572176,-4.31575698326222,59.5233566177822));
#1893=CARTESIAN_POINT('',(6.61598400041129,-4.29488113707942,59.9999999999989));
#1894=CARTESIAN_POINT('',(6.74311792546888,-3.83493428082928,59.9999999999989));
#1895=CARTESIAN_POINT('',(7.87146851835883,-4.65881473843711,59.5191247959487));
#1896=CARTESIAN_POINT('',(7.87822892653101,-4.64154667002587,59.9999999999988));
#1897=CARTESIAN_POINT('',(7.99909615003576,-4.17572827586049,59.9999999999988));
#1898=CARTESIAN_POINT('',(9.56219107881233,-5.09192810388639,59.5139579416424));
#1899=CARTESIAN_POINT('',(9.56599408790516,-5.0788829495237,59.9999999999984));
#1900=CARTESIAN_POINT('',(9.67972557381508,-4.60610255383146,59.9999999999984));
#1901=CARTESIAN_POINT('',(11.6519684975322,-5.61495939547381,59.5204292448899));
#1902=CARTESIAN_POINT('',(11.6568470077669,-5.59597069353481,59.9999999999982));
#1903=CARTESIAN_POINT('',(11.7829358072105,-5.13274796255167,59.9999999999981));
#1904=CARTESIAN_POINT('',(14.1944999762538,-6.2596653800552,59.511156125079));
#1905=CARTESIAN_POINT('',(14.2039133703897,-6.25072131070124,59.9999999999977));
#1906=CARTESIAN_POINT('',(14.3051686874451,-5.77208122371897,59.9999999999977));
#1907=CARTESIAN_POINT('',(16.7425298726023,-6.81627673793057,59.508739686799));
#1908=CARTESIAN_POINT('',(16.7452659183875,-6.80802420974269,59.9999999999973));
#1909=CARTESIAN_POINT('',(16.8466583499273,-6.32732150164121,59.9999999999973));
#1910=CARTESIAN_POINT('',(20.1513812369312,-7.51383411688189,59.505074892957));
#1911=CARTESIAN_POINT('',(20.1578924010866,-7.51004025733116,59.9999999999968));
#1912=CARTESIAN_POINT('',(20.2454548910157,-7.02272902436406,59.9999999999968));
#1913=CARTESIAN_POINT('',(24.4284651858285,-8.30165191931454,59.5027541795518));
#1914=CARTESIAN_POINT('',(24.4318622827372,-8.29942150819117,59.999999999996));
#1915=CARTESIAN_POINT('',(24.5139427961809,-7.80900112969332,59.999999999996));
#1916=CARTESIAN_POINT('',(28.7181234275876,-9.00721522469566,59.5013020237137));
#1917=CARTESIAN_POINT('',(28.7199825099437,-9.00619132651496,59.9999999999953));
#1918=CARTESIAN_POINT('',(28.7967327413188,-8.51341960123726,59.9999999999952));
#1919=CARTESIAN_POINT('',(32.1583594356989,-9.52555432484023,59.5004053228292));
#1920=CARTESIAN_POINT('',(32.1586380511973,-9.52518291987734,59.9999999999946));
#1921=CARTESIAN_POINT('',(32.2302328681676,-9.03073083270638,59.9999999999947));
#1922=CARTESIAN_POINT('',(34.3076995130107,-9.83145267624771,59.5004608418857));
#1923=CARTESIAN_POINT('',(34.3077865200703,-9.83100561844625,59.9999999999947));
#1924=CARTESIAN_POINT('',(34.3790213195565,-9.33660356371063,59.9999999999943));
#1925=CARTESIAN_POINT('',(36.0288490909533,-10.0790396374476,59.5000309846356));
#1926=CARTESIAN_POINT('',(36.0292953975058,-10.0790627667083,59.9999999999935));
#1927=CARTESIAN_POINT('',(36.0976540242543,-9.583727028919,59.9999999999941));
#1928=CARTESIAN_POINT('',(37.3520358958048,-10.2251963262023,59.4991661864938));
#1929=CARTESIAN_POINT('',(37.3517237771749,-10.2259974672039,59.9999999999962));
#1930=CARTESIAN_POINT('',(37.3935195894694,-9.72652953062988,59.9999999999938));
#1931=CARTESIAN_POINT('',(38.5942290506909,-10.3719259378745,59.5006423062617));
#1932=CARTESIAN_POINT('',(38.5940181351546,-10.3712585458193,59.9999999999851));
#1933=CARTESIAN_POINT('',(38.6876713776041,-9.87991151911763,59.9999999999937));
#1934=CARTESIAN_POINT('',(39.4217983768112,-10.5697960000917,59.500095605642));
#1935=CARTESIAN_POINT('',(39.4219146738821,-10.5697246758096,60.0000000000122));
#1936=CARTESIAN_POINT('',(39.5341737062484,-10.0825878041198,59.9999999999935));
#1937=CARTESIAN_POINT('',(39.8456296738463,-10.6675531875684,59.4998719329052));
#1938=CARTESIAN_POINT('',(39.8456008833417,-10.6676780102021,59.9999999999935));
#1939=CARTESIAN_POINT('',(39.9580048783255,-10.1803450215684,59.9999999999934));
#1940=CARTESIAN_POINT('',(39.6029588778835,-10.6115808492118,59.4999999999946));
#1941=CARTESIAN_POINT('',(39.602958877882,-10.6115808492114,59.5237664832184));
#1942=CARTESIAN_POINT('',(39.54998382903,-10.5973862276525,59.5441426952238));
#1943=CARTESIAN_POINT('',(39.4708246216463,-10.5761755819606,59.5724317853379));
#1944=CARTESIAN_POINT('',(39.3588006788056,-10.5461588569435,59.5967577800877));
#1945=CARTESIAN_POINT('',(39.2279673842488,-10.5111021813239,59.6218945800366));
#1946=CARTESIAN_POINT('',(39.0514782652729,-10.4638120644214,59.6522545459));
#1947=CARTESIAN_POINT('',(38.8310918340528,-10.4047596981532,59.6882940452092));
#1948=CARTESIAN_POINT('',(38.478266865167,-10.3102205326706,59.7464029407156));
#1949=CARTESIAN_POINT('',(38.0379279793502,-10.1922320838207,59.8236048603569));
#1950=CARTESIAN_POINT('',(37.5080264344848,-10.050245392803,59.8980512210923));
#1951=CARTESIAN_POINT('',(36.9768322712517,-9.90791234575171,59.9510342797915));
#1952=CARTESIAN_POINT('',(36.2651639593951,-9.71722139625558,59.991520125416));
#1953=CARTESIAN_POINT('',(35.7348757443037,-9.57513109751938,59.9999999999941));
#1954=CARTESIAN_POINT('',(35.3744120092287,-9.4785451305985,59.9999999999942));
#1955=CARTESIAN_POINT('',(0.258473907067002,-0.0692578746631387,59.5));
#1956=CARTESIAN_POINT('',(0.258473907067094,-0.0692578746631045,60.));
#1957=CARTESIAN_POINT('',(2.49366499671666E-15,2.39066579033054E-14,60.));
#1958=CARTESIAN_POINT('',(-0.143375526969192,0.0384173566657815,59.7773500981125));
#1959=CARTESIAN_POINT('',(0.273122925567121,-0.0145893597614669,60.));
#1960=CARTESIAN_POINT('',(0.0284855332380826,0.106304577076903,59.9999999999994));
#1961=CARTESIAN_POINT('',(-0.107216283972937,0.173364720560223,59.7773503963229));
#1962=CARTESIAN_POINT('',(0.329531117839289,0.0816224784548615,59.9999999999999));
#1963=CARTESIAN_POINT('',(0.10777420870815,0.251192862974949,60.0000000000002));
#1964=CARTESIAN_POINT('',(-0.00941903702992766,0.339943081137128,59.7632265312111));
#1965=CARTESIAN_POINT('',(0.479983083180584,0.24603115733261,60.));
#1966=CARTESIAN_POINT('',(0.288635151750201,0.473391241807366,59.9999999999998));
#1967=CARTESIAN_POINT('',(0.19441662391576,0.583046121792677,59.7431244013851));
#1968=CARTESIAN_POINT('',(0.706507767519099,0.408640995943714,59.9999999999999));
#1969=CARTESIAN_POINT('',(0.5530373073291,0.687714960194191,60.));
#1970=CARTESIAN_POINT('',(0.484568330804892,0.805704957629123,59.7137202274455));
#1971=CARTESIAN_POINT('',(1.00876905182544,0.542918144716698,59.9999999999998));
#1972=CARTESIAN_POINT('',(0.893422780137156,0.864973922885109,59.9999999999998));
#1973=CARTESIAN_POINT('',(0.848692743274815,0.981875202728545,59.682587779921));
#1974=CARTESIAN_POINT('',(1.43179665592445,0.670058206356249,59.9999999999997));
#1975=CARTESIAN_POINT('',(1.36223862498161,1.0334054394499,59.9999999999997));
#1976=CARTESIAN_POINT('',(1.33623777934863,1.1401839011096,59.6482836187868));
#1977=CARTESIAN_POINT('',(1.96973910256219,0.746511562432382,59.9999999999997));
#1978=CARTESIAN_POINT('',(1.94215199702345,1.14007854296902,59.9999999999996));
#1979=CARTESIAN_POINT('',(1.92991518963314,1.23203754418657,59.6170723391428));
#1980=CARTESIAN_POINT('',(2.62934089110237,0.774540393366566,59.9999999999995));
#1981=CARTESIAN_POINT('',(2.63201588586876,1.18750190567522,59.9999999999995));
#1982=CARTESIAN_POINT('',(2.62829054451056,1.26600357584755,59.5949096413541));
#1983=CARTESIAN_POINT('',(3.28085613495005,0.751473205799277,59.9999999999994));
#1984=CARTESIAN_POINT('',(3.31326911175876,1.18051250693099,59.9999999999994));
#1985=CARTESIAN_POINT('',(3.3144109597638,1.24511960572243,59.5748811363219));
#1986=CARTESIAN_POINT('',(4.14319917349437,0.670075405075888,59.9999999999992));
#1987=CARTESIAN_POINT('',(4.20723008725455,1.11253697551391,59.9999999999992));
#1988=CARTESIAN_POINT('',(4.20890454706908,1.16293846229408,59.556142840543));
#1989=CARTESIAN_POINT('',(5.21283086684973,0.507776884452215,59.9999999999992));
#1990=CARTESIAN_POINT('',(5.29662845421723,0.957626865137434,59.9999999999991));
#1991=CARTESIAN_POINT('',(5.2989562850581,0.998490078312206,59.5443108853416));
#1992=CARTESIAN_POINT('',(6.48860463955804,0.253128381166759,59.9999999999989));
#1993=CARTESIAN_POINT('',(6.59477038761896,0.710347027801255,59.9999999999988));
#1994=CARTESIAN_POINT('',(6.59677463359729,0.740442508317392,59.5317286350168));
#1995=CARTESIAN_POINT('',(7.75717856458493,-0.0504084536923817,59.9999999999987));
#1996=CARTESIAN_POINT('',(7.87705078392728,0.41148417073977,59.9999999999986));
#1997=CARTESIAN_POINT('',(7.88041696467673,0.433646056204318,59.5233566177819));
#1998=CARTESIAN_POINT('',(9.01528461117548,-0.38326130882161,59.9999999999985));
#1999=CARTESIAN_POINT('',(9.14351972221815,0.0805828658279962,59.9999999999984));
#2000=CARTESIAN_POINT('',(9.14629907120671,0.0989176558325029,59.5191247959484));
#2001=CARTESIAN_POINT('',(10.6859395255015,-0.850860962853047,59.9999999999982));
#2002=CARTESIAN_POINT('',(10.8238353673395,-0.384555386817404,59.9999999999982));
#2003=CARTESIAN_POINT('',(10.8270644420356,-0.371356447196619,59.5139579416421));
#2004=CARTESIAN_POINT('',(12.7706957214814,-1.4463777768126,59.9999999999978));
#2005=CARTESIAN_POINT('',(12.8931109835222,-0.982170724449128,59.9999999999977));
#2006=CARTESIAN_POINT('',(12.8983804206958,-0.96328677106764,59.5204292448896));
#2007=CARTESIAN_POINT('',(15.2746801006088,-2.15381537127472,59.9999999999975));
#2008=CARTESIAN_POINT('',(15.4263104672616,-1.68867323815078,59.9999999999975));
#2009=CARTESIAN_POINT('',(15.4226302634811,-1.67622074980915,59.5111561250787));
#2010=CARTESIAN_POINT('',(17.7532948507349,-2.94370801663081,59.999999999997));
#2011=CARTESIAN_POINT('',(17.9058377833206,-2.47671104397711,59.999999999997));
#2012=CARTESIAN_POINT('',(17.9075945622587,-2.46819612202834,59.5087396867988));
#2013=CARTESIAN_POINT('',(21.0444427589737,-4.04086570651425,59.9999999999965));
#2014=CARTESIAN_POINT('',(21.21226703476,-3.57506055425076,59.9999999999964));
#2015=CARTESIAN_POINT('',(21.2085251309685,-3.5685193934237,59.5050748929567));
#2016=CARTESIAN_POINT('',(25.1341977732579,-5.49417804159459,59.9999999999959));
#2017=CARTESIAN_POINT('',(25.3083241527091,-5.02842127856016,59.9999999999958));
#2018=CARTESIAN_POINT('',(25.3064973860485,-5.02479113741201,59.5027541795518));
#2019=CARTESIAN_POINT('',(29.195411900592,-7.0255287229115,59.9999999999952));
#2020=CARTESIAN_POINT('',(29.3753301131133,-6.56040077486671,59.9999999999953));
#2021=CARTESIAN_POINT('',(29.3742320496559,-6.5585845118534,59.5013020237137));
#2022=CARTESIAN_POINT('',(32.4275658500747,-8.29427411822068,59.9999999999946));
#2023=CARTESIAN_POINT('',(32.6127889633851,-7.83026864129156,59.9999999999943));
#2024=CARTESIAN_POINT('',(32.6127333777665,-7.82980768740914,59.5004053228291));
#2025=CARTESIAN_POINT('',(34.4414076018381,-9.10377478854049,59.9999999999944));
#2026=CARTESIAN_POINT('',(34.6269174832167,-8.63999264971269,59.9999999999953));
#2027=CARTESIAN_POINT('',(34.6270656617943,-8.6395619827704,59.5004608418858));
#2028=CARTESIAN_POINT('',(36.0533489164856,-9.74907594214782,59.999999999994));
#2029=CARTESIAN_POINT('',(36.2418164780489,-9.28592329644627,59.9999999999924));
#2030=CARTESIAN_POINT('',(36.2414184006054,-9.28572017369684,59.5000309846354));
#2031=CARTESIAN_POINT('',(37.2470026667067,-10.2733381305497,59.9999999999939));
#2032=CARTESIAN_POINT('',(37.4605403997731,-9.81988830295229,60.));
#2033=CARTESIAN_POINT('',(37.4604101319371,-9.82073817072819,59.4991661864945));
#2034=CARTESIAN_POINT('',(38.4444619858288,-10.7875813261039,59.9999999999937));
#2035=CARTESIAN_POINT('',(38.6090294120736,-10.3152356976843,59.9999999999707));
#2036=CARTESIAN_POINT('',(38.6095457663093,-10.3147631769749,59.5006423062591));
#2037=CARTESIAN_POINT('',(39.2788926492972,-11.0353096788688,59.9999999999935));
#2038=CARTESIAN_POINT('',(39.42524191131,-10.5573072566785,60.0000000000431));
#2039=CARTESIAN_POINT('',(39.4251768572369,-10.5571873395084,59.5000956056481));
#2040=CARTESIAN_POINT('',(39.6948198199569,-11.1625650311941,59.9999999999935));
#2041=CARTESIAN_POINT('',(39.8411415991309,-10.6843202854433,59.9999999999934));
#2042=CARTESIAN_POINT('',(39.8411041211225,-10.6844427802674,59.4998719329053));
#2043=MECHANICAL_DESIGN_GEOMETRIC_PRESENTATION_REPRESENTATION('',(#583),
#2044);
#2044=(
GEOMETRIC_REPRESENTATION_CONTEXT(3)
GLOBAL_UNCERTAINTY_ASSIGNED_CONTEXT((#2045))
GLOBAL_UNIT_ASSIGNED_CONTEXT((#2048,#2047,#2046))
REPRESENTATION_CONTEXT('NACA0012_15_grad','TOP_LEVEL_ASSEMBLY_PART')
);
#2045=UNCERTAINTY_MEASURE_WITH_UNIT(LENGTH_MEASURE(0.005),#2048,
'DISTANCE_ACCURACY_VALUE','Maximum Tolerance applied to model');
#2046=(
NAMED_UNIT(*)
SI_UNIT($,.STERADIAN.)
SOLID_ANGLE_UNIT()
);
#2047=(
NAMED_UNIT(*)
PLANE_ANGLE_UNIT()
SI_UNIT($,.RADIAN.)
);
#2048=(
LENGTH_UNIT()
NAMED_UNIT(*)
SI_UNIT(.MILLI.,.METRE.)
);
#2049=PRODUCT_DEFINITION_SHAPE('','',#2050);
#2050=PRODUCT_DEFINITION('','',#2052,#2051);
#2051=PRODUCT_DEFINITION_CONTEXT('',#2058,'design');
#2052=PRODUCT_DEFINITION_FORMATION_WITH_SPECIFIED_SOURCE('','',#2054,
 .NOT_KNOWN.);
#2053=PRODUCT_RELATED_PRODUCT_CATEGORY('','',(#2054));
#2054=PRODUCT('NACA0012_15_grad','NACA0012_15_grad','NACA0012_15_grad',
(#2056));
#2055=PRODUCT_CATEGORY('','');
#2056=PRODUCT_CONTEXT('',#2058,'mechanical');
#2057=APPLICATION_PROTOCOL_DEFINITION('international standard',
'automotive_design',2010,#2058);
#2058=APPLICATION_CONTEXT(
'core data for automotive mechanical design processes');
ENDSEC;
END-ISO-10303-21;
